ISO-10303-21;
HEADER;
FILE_DESCRIPTION(('Open CASCADE Model'),'2;1');
FILE_NAME('Open CASCADE Shape Model','2000-01-01T00:00:00',('Author'),(
    'Open CASCADE'),'Open CASCADE STEP processor 8.0','build123d',
  'Unknown');
FILE_SCHEMA(('AUTOMOTIVE_DESIGN { 1 0 10303 214 1 1 1 1 }'));
ENDSEC;
DATA;
#1 = APPLICATION_PROTOCOL_DEFINITION('international standard',
  'automotive_design',2000,#2);
#2 = APPLICATION_CONTEXT(
  'core data for automotive mechanical design processes');
#3 = SHAPE_DEFINITION_REPRESENTATION(#4,#10);
#4 = PRODUCT_DEFINITION_SHAPE('','',#5);
#5 = PRODUCT_DEFINITION('design','',#6,#9);
#6 = PRODUCT_DEFINITION_FORMATION('','',#7);
#7 = PRODUCT('COMPOUND','COMPOUND','',(#8));
#8 = PRODUCT_CONTEXT('',#2,'mechanical');
#9 = PRODUCT_DEFINITION_CONTEXT('part definition',#2,'design');
#10 = ADVANCED_BREP_SHAPE_REPRESENTATION('',(#11,#15),#2231);
#11 = AXIS2_PLACEMENT_3D('',#12,#13,#14);
#12 = CARTESIAN_POINT('',(0.,0.,0.));
#13 = DIRECTION('',(0.,0.,1.));
#14 = DIRECTION('',(1.,0.,-0.));
#15 = MANIFOLD_SOLID_BREP('',#16);
#16 = CLOSED_SHELL('',(#17,#137,#215,#326,#922,#1336,#1394,#1421,#1471,
    #1498,#1598,#1647,#1696,#1723,#1750,#1777,#1839,#1866,#1893,#1951,
    #1978,#2005,#2032,#2059,#2086,#2113,#2120,#2147,#2154,#2204));
#17 = ADVANCED_FACE('',(#18),#32,.F.);
#18 = FACE_BOUND('',#19,.F.);
#19 = EDGE_LOOP('',(#20,#55,#83,#111));
#20 = ORIENTED_EDGE('',*,*,#21,.T.);
#21 = EDGE_CURVE('',#22,#24,#26,.T.);
#22 = VERTEX_POINT('',#23);
#23 = CARTESIAN_POINT('',(-53.6,-61.5,-3.));
#24 = VERTEX_POINT('',#25);
#25 = CARTESIAN_POINT('',(-53.6,-47.5,-3.));
#26 = SURFACE_CURVE('',#27,(#31,#43),.PCURVE_S1.);
#27 = LINE('',#28,#29);
#28 = CARTESIAN_POINT('',(-53.6,-61.5,-3.));
#29 = VECTOR('',#30,1.);
#30 = DIRECTION('',(0.,1.,0.));
#31 = PCURVE('',#32,#37);
#32 = PLANE('',#33);
#33 = AXIS2_PLACEMENT_3D('',#34,#35,#36);
#34 = CARTESIAN_POINT('',(-53.6,-61.5,-3.));
#35 = DIRECTION('',(1.,0.,0.));
#36 = DIRECTION('',(0.,0.,1.));
#37 = DEFINITIONAL_REPRESENTATION('',(#38),#42);
#38 = LINE('',#39,#40);
#39 = CARTESIAN_POINT('',(0.,0.));
#40 = VECTOR('',#41,1.);
#41 = DIRECTION('',(0.,-1.));
#42 = ( GEOMETRIC_REPRESENTATION_CONTEXT(2) 
PARAMETRIC_REPRESENTATION_CONTEXT() REPRESENTATION_CONTEXT('2D SPACE',''
  ) );
#43 = PCURVE('',#44,#49);
#44 = CYLINDRICAL_SURFACE('',#45,2.);
#45 = AXIS2_PLACEMENT_3D('',#46,#47,#48);
#46 = CARTESIAN_POINT('',(-51.6,-61.5,-3.));
#47 = DIRECTION('',(-0.,-1.,0.));
#48 = DIRECTION('',(-1.,0.,0.));
#49 = DEFINITIONAL_REPRESENTATION('',(#50),#54);
#50 = LINE('',#51,#52);
#51 = CARTESIAN_POINT('',(-6.28318530718,0.));
#52 = VECTOR('',#53,1.);
#53 = DIRECTION('',(-0.,-1.));
#54 = ( GEOMETRIC_REPRESENTATION_CONTEXT(2) 
PARAMETRIC_REPRESENTATION_CONTEXT() REPRESENTATION_CONTEXT('2D SPACE',''
  ) );
#55 = ORIENTED_EDGE('',*,*,#56,.T.);
#56 = EDGE_CURVE('',#24,#57,#59,.T.);
#57 = VERTEX_POINT('',#58);
#58 = CARTESIAN_POINT('',(-53.6,-47.5,0.));
#59 = SURFACE_CURVE('',#60,(#64,#71),.PCURVE_S1.);
#60 = LINE('',#61,#62);
#61 = CARTESIAN_POINT('',(-53.6,-47.5,-5.));
#62 = VECTOR('',#63,1.);
#63 = DIRECTION('',(0.,0.,1.));
#64 = PCURVE('',#32,#65);
#65 = DEFINITIONAL_REPRESENTATION('',(#66),#70);
#66 = LINE('',#67,#68);
#67 = CARTESIAN_POINT('',(-2.,-14.));
#68 = VECTOR('',#69,1.);
#69 = DIRECTION('',(1.,0.));
#70 = ( GEOMETRIC_REPRESENTATION_CONTEXT(2) 
PARAMETRIC_REPRESENTATION_CONTEXT() REPRESENTATION_CONTEXT('2D SPACE',''
  ) );
#71 = PCURVE('',#72,#77);
#72 = PLANE('',#73);
#73 = AXIS2_PLACEMENT_3D('',#74,#75,#76);
#74 = CARTESIAN_POINT('',(-2.386852859215E-14,-47.5,-69.15985193524));
#75 = DIRECTION('',(0.,1.,-0.));
#76 = DIRECTION('',(-1.,0.,0.));
#77 = DEFINITIONAL_REPRESENTATION('',(#78),#82);
#78 = LINE('',#79,#80);
#79 = CARTESIAN_POINT('',(53.6,64.15985193524));
#80 = VECTOR('',#81,1.);
#81 = DIRECTION('',(0.,1.));
#82 = ( GEOMETRIC_REPRESENTATION_CONTEXT(2) 
PARAMETRIC_REPRESENTATION_CONTEXT() REPRESENTATION_CONTEXT('2D SPACE',''
  ) );
#83 = ORIENTED_EDGE('',*,*,#84,.F.);
#84 = EDGE_CURVE('',#85,#57,#87,.T.);
#85 = VERTEX_POINT('',#86);
#86 = CARTESIAN_POINT('',(-53.6,-61.5,0.));
#87 = SURFACE_CURVE('',#88,(#92,#99),.PCURVE_S1.);
#88 = LINE('',#89,#90);
#89 = CARTESIAN_POINT('',(-53.6,-61.5,0.));
#90 = VECTOR('',#91,1.);
#91 = DIRECTION('',(0.,1.,0.));
#92 = PCURVE('',#32,#93);
#93 = DEFINITIONAL_REPRESENTATION('',(#94),#98);
#94 = LINE('',#95,#96);
#95 = CARTESIAN_POINT('',(3.,0.));
#96 = VECTOR('',#97,1.);
#97 = DIRECTION('',(0.,-1.));
#98 = ( GEOMETRIC_REPRESENTATION_CONTEXT(2) 
PARAMETRIC_REPRESENTATION_CONTEXT() REPRESENTATION_CONTEXT('2D SPACE',''
  ) );
#99 = PCURVE('',#100,#105);
#100 = PLANE('',#101);
#101 = AXIS2_PLACEMENT_3D('',#102,#103,#104);
#102 = CARTESIAN_POINT('',(-53.6,-61.5,0.));
#103 = DIRECTION('',(0.,0.,-1.));
#104 = DIRECTION('',(1.,0.,0.));
#105 = DEFINITIONAL_REPRESENTATION('',(#106),#110);
#106 = LINE('',#107,#108);
#107 = CARTESIAN_POINT('',(1.42108547152E-14,0.));
#108 = VECTOR('',#109,1.);
#109 = DIRECTION('',(0.,-1.));
#110 = ( GEOMETRIC_REPRESENTATION_CONTEXT(2) 
PARAMETRIC_REPRESENTATION_CONTEXT() REPRESENTATION_CONTEXT('2D SPACE',''
  ) );
#111 = ORIENTED_EDGE('',*,*,#112,.F.);
#112 = EDGE_CURVE('',#22,#85,#113,.T.);
#113 = SURFACE_CURVE('',#114,(#118,#125),.PCURVE_S1.);
#114 = LINE('',#115,#116);
#115 = CARTESIAN_POINT('',(-53.6,-61.5,-5.));
#116 = VECTOR('',#117,1.);
#117 = DIRECTION('',(0.,0.,1.));
#118 = PCURVE('',#32,#119);
#119 = DEFINITIONAL_REPRESENTATION('',(#120),#124);
#120 = LINE('',#121,#122);
#121 = CARTESIAN_POINT('',(-2.,0.));
#122 = VECTOR('',#123,1.);
#123 = DIRECTION('',(1.,0.));
#124 = ( GEOMETRIC_REPRESENTATION_CONTEXT(2) 
PARAMETRIC_REPRESENTATION_CONTEXT() REPRESENTATION_CONTEXT('2D SPACE',''
  ) );
#125 = PCURVE('',#126,#131);
#126 = PLANE('',#127);
#127 = AXIS2_PLACEMENT_3D('',#128,#129,#130);
#128 = CARTESIAN_POINT('',(-2.386852859215E-14,-61.5,-69.15985193524));
#129 = DIRECTION('',(0.,1.,-0.));
#130 = DIRECTION('',(-1.,0.,0.));
#131 = DEFINITIONAL_REPRESENTATION('',(#132),#136);
#132 = LINE('',#133,#134);
#133 = CARTESIAN_POINT('',(53.6,64.15985193524));
#134 = VECTOR('',#135,1.);
#135 = DIRECTION('',(0.,1.));
#136 = ( GEOMETRIC_REPRESENTATION_CONTEXT(2) 
PARAMETRIC_REPRESENTATION_CONTEXT() REPRESENTATION_CONTEXT('2D SPACE',''
  ) );
#137 = ADVANCED_FACE('',(#138),#44,.T.);
#138 = FACE_BOUND('',#139,.F.);
#139 = EDGE_LOOP('',(#140,#170,#192,#193));
#140 = ORIENTED_EDGE('',*,*,#141,.T.);
#141 = EDGE_CURVE('',#142,#144,#146,.T.);
#142 = VERTEX_POINT('',#143);
#143 = CARTESIAN_POINT('',(-51.6,-61.5,-5.));
#144 = VERTEX_POINT('',#145);
#145 = CARTESIAN_POINT('',(-51.6,-47.5,-5.));
#146 = SURFACE_CURVE('',#147,(#151,#158),.PCURVE_S1.);
#147 = LINE('',#148,#149);
#148 = CARTESIAN_POINT('',(-51.6,-61.5,-5.));
#149 = VECTOR('',#150,1.);
#150 = DIRECTION('',(0.,1.,0.));
#151 = PCURVE('',#44,#152);
#152 = DEFINITIONAL_REPRESENTATION('',(#153),#157);
#153 = LINE('',#154,#155);
#154 = CARTESIAN_POINT('',(-4.712388980385,0.));
#155 = VECTOR('',#156,1.);
#156 = DIRECTION('',(-0.,-1.));
#157 = ( GEOMETRIC_REPRESENTATION_CONTEXT(2) 
PARAMETRIC_REPRESENTATION_CONTEXT() REPRESENTATION_CONTEXT('2D SPACE',''
  ) );
#158 = PCURVE('',#159,#164);
#159 = PLANE('',#160);
#160 = AXIS2_PLACEMENT_3D('',#161,#162,#163);
#161 = CARTESIAN_POINT('',(-40.6,-61.5,-5.));
#162 = DIRECTION('',(0.,-0.,1.));
#163 = DIRECTION('',(-1.,0.,0.));
#164 = DEFINITIONAL_REPRESENTATION('',(#165),#169);
#165 = LINE('',#166,#167);
#166 = CARTESIAN_POINT('',(11.,0.));
#167 = VECTOR('',#168,1.);
#168 = DIRECTION('',(0.,-1.));
#169 = ( GEOMETRIC_REPRESENTATION_CONTEXT(2) 
PARAMETRIC_REPRESENTATION_CONTEXT() REPRESENTATION_CONTEXT('2D SPACE',''
  ) );
#170 = ORIENTED_EDGE('',*,*,#171,.T.);
#171 = EDGE_CURVE('',#144,#24,#172,.T.);
#172 = SURFACE_CURVE('',#173,(#178,#185),.PCURVE_S1.);
#173 = CIRCLE('',#174,2.);
#174 = AXIS2_PLACEMENT_3D('',#175,#176,#177);
#175 = CARTESIAN_POINT('',(-51.6,-47.5,-3.));
#176 = DIRECTION('',(0.,1.,-0.));
#177 = DIRECTION('',(-1.,0.,0.));
#178 = PCURVE('',#44,#179);
#179 = DEFINITIONAL_REPRESENTATION('',(#180),#184);
#180 = LINE('',#181,#182);
#181 = CARTESIAN_POINT('',(-0.,-14.));
#182 = VECTOR('',#183,1.);
#183 = DIRECTION('',(-1.,0.));
#184 = ( GEOMETRIC_REPRESENTATION_CONTEXT(2) 
PARAMETRIC_REPRESENTATION_CONTEXT() REPRESENTATION_CONTEXT('2D SPACE',''
  ) );
#185 = PCURVE('',#72,#186);
#186 = DEFINITIONAL_REPRESENTATION('',(#187),#191);
#187 = CIRCLE('',#188,2.);
#188 = AXIS2_PLACEMENT_2D('',#189,#190);
#189 = CARTESIAN_POINT('',(51.6,66.15985193524));
#190 = DIRECTION('',(1.,0.));
#191 = ( GEOMETRIC_REPRESENTATION_CONTEXT(2) 
PARAMETRIC_REPRESENTATION_CONTEXT() REPRESENTATION_CONTEXT('2D SPACE',''
  ) );
#192 = ORIENTED_EDGE('',*,*,#21,.F.);
#193 = ORIENTED_EDGE('',*,*,#194,.F.);
#194 = EDGE_CURVE('',#142,#22,#195,.T.);
#195 = SURFACE_CURVE('',#196,(#201,#208),.PCURVE_S1.);
#196 = CIRCLE('',#197,2.);
#197 = AXIS2_PLACEMENT_3D('',#198,#199,#200);
#198 = CARTESIAN_POINT('',(-51.6,-61.5,-3.));
#199 = DIRECTION('',(0.,1.,-0.));
#200 = DIRECTION('',(-1.,0.,0.));
#201 = PCURVE('',#44,#202);
#202 = DEFINITIONAL_REPRESENTATION('',(#203),#207);
#203 = LINE('',#204,#205);
#204 = CARTESIAN_POINT('',(-0.,0.));
#205 = VECTOR('',#206,1.);
#206 = DIRECTION('',(-1.,0.));
#207 = ( GEOMETRIC_REPRESENTATION_CONTEXT(2) 
PARAMETRIC_REPRESENTATION_CONTEXT() REPRESENTATION_CONTEXT('2D SPACE',''
  ) );
#208 = PCURVE('',#126,#209);
#209 = DEFINITIONAL_REPRESENTATION('',(#210),#214);
#210 = CIRCLE('',#211,2.);
#211 = AXIS2_PLACEMENT_2D('',#212,#213);
#212 = CARTESIAN_POINT('',(51.6,66.15985193524));
#213 = DIRECTION('',(1.,0.));
#214 = ( GEOMETRIC_REPRESENTATION_CONTEXT(2) 
PARAMETRIC_REPRESENTATION_CONTEXT() REPRESENTATION_CONTEXT('2D SPACE',''
  ) );
#215 = ADVANCED_FACE('',(#216,#291),#100,.F.);
#216 = FACE_BOUND('',#217,.F.);
#217 = EDGE_LOOP('',(#218,#219,#242,#270));
#218 = ORIENTED_EDGE('',*,*,#84,.T.);
#219 = ORIENTED_EDGE('',*,*,#220,.T.);
#220 = EDGE_CURVE('',#57,#221,#223,.T.);
#221 = VERTEX_POINT('',#222);
#222 = CARTESIAN_POINT('',(-30.6,-47.5,0.));
#223 = SURFACE_CURVE('',#224,(#228,#235),.PCURVE_S1.);
#224 = LINE('',#225,#226);
#225 = CARTESIAN_POINT('',(-53.6,-47.5,0.));
#226 = VECTOR('',#227,1.);
#227 = DIRECTION('',(1.,0.,0.));
#228 = PCURVE('',#100,#229);
#229 = DEFINITIONAL_REPRESENTATION('',(#230),#234);
#230 = LINE('',#231,#232);
#231 = CARTESIAN_POINT('',(0.,-14.));
#232 = VECTOR('',#233,1.);
#233 = DIRECTION('',(1.,0.));
#234 = ( GEOMETRIC_REPRESENTATION_CONTEXT(2) 
PARAMETRIC_REPRESENTATION_CONTEXT() REPRESENTATION_CONTEXT('2D SPACE',''
  ) );
#235 = PCURVE('',#72,#236);
#236 = DEFINITIONAL_REPRESENTATION('',(#237),#241);
#237 = LINE('',#238,#239);
#238 = CARTESIAN_POINT('',(53.6,69.15985193524));
#239 = VECTOR('',#240,1.);
#240 = DIRECTION('',(-1.,0.));
#241 = ( GEOMETRIC_REPRESENTATION_CONTEXT(2) 
PARAMETRIC_REPRESENTATION_CONTEXT() REPRESENTATION_CONTEXT('2D SPACE',''
  ) );
#242 = ORIENTED_EDGE('',*,*,#243,.F.);
#243 = EDGE_CURVE('',#244,#221,#246,.T.);
#244 = VERTEX_POINT('',#245);
#245 = CARTESIAN_POINT('',(-30.6,-61.5,0.));
#246 = SURFACE_CURVE('',#247,(#251,#258),.PCURVE_S1.);
#247 = LINE('',#248,#249);
#248 = CARTESIAN_POINT('',(-30.6,-61.5,0.));
#249 = VECTOR('',#250,1.);
#250 = DIRECTION('',(0.,1.,0.));
#251 = PCURVE('',#100,#252);
#252 = DEFINITIONAL_REPRESENTATION('',(#253),#257);
#253 = LINE('',#254,#255);
#254 = CARTESIAN_POINT('',(23.,0.));
#255 = VECTOR('',#256,1.);
#256 = DIRECTION('',(0.,-1.));
#257 = ( GEOMETRIC_REPRESENTATION_CONTEXT(2) 
PARAMETRIC_REPRESENTATION_CONTEXT() REPRESENTATION_CONTEXT('2D SPACE',''
  ) );
#258 = PCURVE('',#259,#264);
#259 = PLANE('',#260);
#260 = AXIS2_PLACEMENT_3D('',#261,#262,#263);
#261 = CARTESIAN_POINT('',(-30.6,-61.5,-124.));
#262 = DIRECTION('',(1.,0.,0.));
#263 = DIRECTION('',(0.,0.,1.));
#264 = DEFINITIONAL_REPRESENTATION('',(#265),#269);
#265 = LINE('',#266,#267);
#266 = CARTESIAN_POINT('',(124.,0.));
#267 = VECTOR('',#268,1.);
#268 = DIRECTION('',(0.,-1.));
#269 = ( GEOMETRIC_REPRESENTATION_CONTEXT(2) 
PARAMETRIC_REPRESENTATION_CONTEXT() REPRESENTATION_CONTEXT('2D SPACE',''
  ) );
#270 = ORIENTED_EDGE('',*,*,#271,.F.);
#271 = EDGE_CURVE('',#85,#244,#272,.T.);
#272 = SURFACE_CURVE('',#273,(#277,#284),.PCURVE_S1.);
#273 = LINE('',#274,#275);
#274 = CARTESIAN_POINT('',(-53.6,-61.5,0.));
#275 = VECTOR('',#276,1.);
#276 = DIRECTION('',(1.,0.,0.));
#277 = PCURVE('',#100,#278);
#278 = DEFINITIONAL_REPRESENTATION('',(#279),#283);
#279 = LINE('',#280,#281);
#280 = CARTESIAN_POINT('',(0.,0.));
#281 = VECTOR('',#282,1.);
#282 = DIRECTION('',(1.,0.));
#283 = ( GEOMETRIC_REPRESENTATION_CONTEXT(2) 
PARAMETRIC_REPRESENTATION_CONTEXT() REPRESENTATION_CONTEXT('2D SPACE',''
  ) );
#284 = PCURVE('',#126,#285);
#285 = DEFINITIONAL_REPRESENTATION('',(#286),#290);
#286 = LINE('',#287,#288);
#287 = CARTESIAN_POINT('',(53.6,69.15985193524));
#288 = VECTOR('',#289,1.);
#289 = DIRECTION('',(-1.,0.));
#290 = ( GEOMETRIC_REPRESENTATION_CONTEXT(2) 
PARAMETRIC_REPRESENTATION_CONTEXT() REPRESENTATION_CONTEXT('2D SPACE',''
  ) );
#291 = FACE_BOUND('',#292,.F.);
#292 = EDGE_LOOP('',(#293));
#293 = ORIENTED_EDGE('',*,*,#294,.T.);
#294 = EDGE_CURVE('',#295,#295,#297,.T.);
#295 = VERTEX_POINT('',#296);
#296 = CARTESIAN_POINT('',(-43.35,-54.5,0.));
#297 = SURFACE_CURVE('',#298,(#303,#314),.PCURVE_S1.);
#298 = CIRCLE('',#299,2.25);
#299 = AXIS2_PLACEMENT_3D('',#300,#301,#302);
#300 = CARTESIAN_POINT('',(-45.6,-54.5,0.));
#301 = DIRECTION('',(0.,0.,1.));
#302 = DIRECTION('',(1.,0.,-0.));
#303 = PCURVE('',#100,#304);
#304 = DEFINITIONAL_REPRESENTATION('',(#305),#313);
#305 = ( BOUNDED_CURVE() B_SPLINE_CURVE(2,(#306,#307,#308,#309,#310,#311
,#312),.UNSPECIFIED.,.T.,.F.) B_SPLINE_CURVE_WITH_KNOTS((1,2,2,2,2,1),(
    -2.094395102393,0.,2.094395102393,4.188790204786,6.28318530718,
8.377580409573),.UNSPECIFIED.) CURVE() GEOMETRIC_REPRESENTATION_ITEM() 
RATIONAL_B_SPLINE_CURVE((1.,0.5,1.,0.5,1.,0.5,1.)) REPRESENTATION_ITEM(
  '') );
#306 = CARTESIAN_POINT('',(10.25,-7.));
#307 = CARTESIAN_POINT('',(10.25,-10.89711431703));
#308 = CARTESIAN_POINT('',(6.875,-8.948557158515));
#309 = CARTESIAN_POINT('',(3.5,-7.));
#310 = CARTESIAN_POINT('',(6.875,-5.051442841485));
#311 = CARTESIAN_POINT('',(10.25,-3.10288568297));
#312 = CARTESIAN_POINT('',(10.25,-7.));
#313 = ( GEOMETRIC_REPRESENTATION_CONTEXT(2) 
PARAMETRIC_REPRESENTATION_CONTEXT() REPRESENTATION_CONTEXT('2D SPACE',''
  ) );
#314 = PCURVE('',#315,#320);
#315 = CYLINDRICAL_SURFACE('',#316,2.25);
#316 = AXIS2_PLACEMENT_3D('',#317,#318,#319);
#317 = CARTESIAN_POINT('',(-45.6,-54.5,-6.));
#318 = DIRECTION('',(0.,0.,1.));
#319 = DIRECTION('',(1.,0.,-0.));
#320 = DEFINITIONAL_REPRESENTATION('',(#321),#325);
#321 = LINE('',#322,#323);
#322 = CARTESIAN_POINT('',(0.,6.));
#323 = VECTOR('',#324,1.);
#324 = DIRECTION('',(1.,0.));
#325 = ( GEOMETRIC_REPRESENTATION_CONTEXT(2) 
PARAMETRIC_REPRESENTATION_CONTEXT() REPRESENTATION_CONTEXT('2D SPACE',''
  ) );
#326 = ADVANCED_FACE('',(#327),#126,.F.);
#327 = FACE_BOUND('',#328,.F.);
#328 = EDGE_LOOP('',(#329,#330,#331,#354,#387,#415,#443,#471,#499,#522,
    #551,#579,#607,#635,#668,#696,#725,#753,#782,#810,#839,#867,#900,
    #921));
#329 = ORIENTED_EDGE('',*,*,#112,.T.);
#330 = ORIENTED_EDGE('',*,*,#271,.T.);
#331 = ORIENTED_EDGE('',*,*,#332,.F.);
#332 = EDGE_CURVE('',#333,#244,#335,.T.);
#333 = VERTEX_POINT('',#334);
#334 = CARTESIAN_POINT('',(-30.6,-61.5,-124.));
#335 = SURFACE_CURVE('',#336,(#340,#347),.PCURVE_S1.);
#336 = LINE('',#337,#338);
#337 = CARTESIAN_POINT('',(-30.6,-61.5,-62.75));
#338 = VECTOR('',#339,1.);
#339 = DIRECTION('',(0.,0.,1.));
#340 = PCURVE('',#126,#341);
#341 = DEFINITIONAL_REPRESENTATION('',(#342),#346);
#342 = LINE('',#343,#344);
#343 = CARTESIAN_POINT('',(30.6,6.40985193524));
#344 = VECTOR('',#345,1.);
#345 = DIRECTION('',(0.,1.));
#346 = ( GEOMETRIC_REPRESENTATION_CONTEXT(2) 
PARAMETRIC_REPRESENTATION_CONTEXT() REPRESENTATION_CONTEXT('2D SPACE',''
  ) );
#347 = PCURVE('',#259,#348);
#348 = DEFINITIONAL_REPRESENTATION('',(#349),#353);
#349 = LINE('',#350,#351);
#350 = CARTESIAN_POINT('',(61.25,0.));
#351 = VECTOR('',#352,1.);
#352 = DIRECTION('',(1.,0.));
#353 = ( GEOMETRIC_REPRESENTATION_CONTEXT(2) 
PARAMETRIC_REPRESENTATION_CONTEXT() REPRESENTATION_CONTEXT('2D SPACE',''
  ) );
#354 = ORIENTED_EDGE('',*,*,#355,.T.);
#355 = EDGE_CURVE('',#333,#356,#358,.T.);
#356 = VERTEX_POINT('',#357);
#357 = CARTESIAN_POINT('',(-28.1,-61.5,-126.5));
#358 = SURFACE_CURVE('',#359,(#364,#375),.PCURVE_S1.);
#359 = CIRCLE('',#360,2.5);
#360 = AXIS2_PLACEMENT_3D('',#361,#362,#363);
#361 = CARTESIAN_POINT('',(-28.1,-61.5,-124.));
#362 = DIRECTION('',(0.,-1.,0.));
#363 = DIRECTION('',(1.,0.,0.));
#364 = PCURVE('',#126,#365);
#365 = DEFINITIONAL_REPRESENTATION('',(#366),#374);
#366 = ( BOUNDED_CURVE() B_SPLINE_CURVE(2,(#367,#368,#369,#370,#371,#372
,#373),.UNSPECIFIED.,.T.,.F.) B_SPLINE_CURVE_WITH_KNOTS((1,2,2,2,2,1),(
    -2.094395102393,0.,2.094395102393,4.188790204786,6.28318530718,
8.377580409573),.UNSPECIFIED.) CURVE() GEOMETRIC_REPRESENTATION_ITEM() 
RATIONAL_B_SPLINE_CURVE((1.,0.5,1.,0.5,1.,0.5,1.)) REPRESENTATION_ITEM(
  '') );
#367 = CARTESIAN_POINT('',(25.6,-54.84014806476));
#368 = CARTESIAN_POINT('',(25.6,-50.51002104583));
#369 = CARTESIAN_POINT('',(29.35,-52.67508455529));
#370 = CARTESIAN_POINT('',(33.1,-54.84014806476));
#371 = CARTESIAN_POINT('',(29.35,-57.00521157422));
#372 = CARTESIAN_POINT('',(25.6,-59.17027508368));
#373 = CARTESIAN_POINT('',(25.6,-54.84014806476));
#374 = ( GEOMETRIC_REPRESENTATION_CONTEXT(2) 
PARAMETRIC_REPRESENTATION_CONTEXT() REPRESENTATION_CONTEXT('2D SPACE',''
  ) );
#375 = PCURVE('',#376,#381);
#376 = CYLINDRICAL_SURFACE('',#377,2.5);
#377 = AXIS2_PLACEMENT_3D('',#378,#379,#380);
#378 = CARTESIAN_POINT('',(-28.1,-61.5,-124.));
#379 = DIRECTION('',(0.,-1.,0.));
#380 = DIRECTION('',(1.,0.,0.));
#381 = DEFINITIONAL_REPRESENTATION('',(#382),#386);
#382 = LINE('',#383,#384);
#383 = CARTESIAN_POINT('',(0.,0.));
#384 = VECTOR('',#385,1.);
#385 = DIRECTION('',(1.,0.));
#386 = ( GEOMETRIC_REPRESENTATION_CONTEXT(2) 
PARAMETRIC_REPRESENTATION_CONTEXT() REPRESENTATION_CONTEXT('2D SPACE',''
  ) );
#387 = ORIENTED_EDGE('',*,*,#388,.T.);
#388 = EDGE_CURVE('',#356,#389,#391,.T.);
#389 = VERTEX_POINT('',#390);
#390 = CARTESIAN_POINT('',(-27.6,-61.5,-126.5));
#391 = SURFACE_CURVE('',#392,(#396,#403),.PCURVE_S1.);
#392 = LINE('',#393,#394);
#393 = CARTESIAN_POINT('',(-5.684341886081E-14,-61.5,-126.5));
#394 = VECTOR('',#395,1.);
#395 = DIRECTION('',(1.,0.,0.));
#396 = PCURVE('',#126,#397);
#397 = DEFINITIONAL_REPRESENTATION('',(#398),#402);
#398 = LINE('',#399,#400);
#399 = CARTESIAN_POINT('',(3.297489026865E-14,-57.34014806476));
#400 = VECTOR('',#401,1.);
#401 = DIRECTION('',(-1.,0.));
#402 = ( GEOMETRIC_REPRESENTATION_CONTEXT(2) 
PARAMETRIC_REPRESENTATION_CONTEXT() REPRESENTATION_CONTEXT('2D SPACE',''
  ) );
#403 = PCURVE('',#404,#409);
#404 = PLANE('',#405);
#405 = AXIS2_PLACEMENT_3D('',#406,#407,#408);
#406 = CARTESIAN_POINT('',(-28.1,-61.5,-126.5));
#407 = DIRECTION('',(0.,0.,-1.));
#408 = DIRECTION('',(1.,0.,0.));
#409 = DEFINITIONAL_REPRESENTATION('',(#410),#414);
#410 = LINE('',#411,#412);
#411 = CARTESIAN_POINT('',(28.1,0.));
#412 = VECTOR('',#413,1.);
#413 = DIRECTION('',(1.,0.));
#414 = ( GEOMETRIC_REPRESENTATION_CONTEXT(2) 
PARAMETRIC_REPRESENTATION_CONTEXT() REPRESENTATION_CONTEXT('2D SPACE',''
  ) );
#415 = ORIENTED_EDGE('',*,*,#416,.T.);
#416 = EDGE_CURVE('',#389,#417,#419,.T.);
#417 = VERTEX_POINT('',#418);
#418 = CARTESIAN_POINT('',(-27.6,-61.5,-124.));
#419 = SURFACE_CURVE('',#420,(#424,#431),.PCURVE_S1.);
#420 = LINE('',#421,#422);
#421 = CARTESIAN_POINT('',(-27.6,-61.5,-126.5));
#422 = VECTOR('',#423,1.);
#423 = DIRECTION('',(0.,0.,1.));
#424 = PCURVE('',#126,#425);
#425 = DEFINITIONAL_REPRESENTATION('',(#426),#430);
#426 = LINE('',#427,#428);
#427 = CARTESIAN_POINT('',(27.6,-57.34014806476));
#428 = VECTOR('',#429,1.);
#429 = DIRECTION('',(0.,1.));
#430 = ( GEOMETRIC_REPRESENTATION_CONTEXT(2) 
PARAMETRIC_REPRESENTATION_CONTEXT() REPRESENTATION_CONTEXT('2D SPACE',''
  ) );
#431 = PCURVE('',#432,#437);
#432 = PLANE('',#433);
#433 = AXIS2_PLACEMENT_3D('',#434,#435,#436);
#434 = CARTESIAN_POINT('',(-27.6,-61.5,-126.5));
#435 = DIRECTION('',(1.,0.,-0.));
#436 = DIRECTION('',(0.,0.,1.));
#437 = DEFINITIONAL_REPRESENTATION('',(#438),#442);
#438 = LINE('',#439,#440);
#439 = CARTESIAN_POINT('',(0.,0.));
#440 = VECTOR('',#441,1.);
#441 = DIRECTION('',(1.,0.));
#442 = ( GEOMETRIC_REPRESENTATION_CONTEXT(2) 
PARAMETRIC_REPRESENTATION_CONTEXT() REPRESENTATION_CONTEXT('2D SPACE',''
  ) );
#443 = ORIENTED_EDGE('',*,*,#444,.T.);
#444 = EDGE_CURVE('',#417,#445,#447,.T.);
#445 = VERTEX_POINT('',#446);
#446 = CARTESIAN_POINT('',(27.6,-61.5,-124.));
#447 = SURFACE_CURVE('',#448,(#452,#459),.PCURVE_S1.);
#448 = LINE('',#449,#450);
#449 = CARTESIAN_POINT('',(-27.6,-61.5,-124.));
#450 = VECTOR('',#451,1.);
#451 = DIRECTION('',(1.,0.,-0.));
#452 = PCURVE('',#126,#453);
#453 = DEFINITIONAL_REPRESENTATION('',(#454),#458);
#454 = LINE('',#455,#456);
#455 = CARTESIAN_POINT('',(27.6,-54.84014806476));
#456 = VECTOR('',#457,1.);
#457 = DIRECTION('',(-1.,0.));
#458 = ( GEOMETRIC_REPRESENTATION_CONTEXT(2) 
PARAMETRIC_REPRESENTATION_CONTEXT() REPRESENTATION_CONTEXT('2D SPACE',''
  ) );
#459 = PCURVE('',#460,#465);
#460 = PLANE('',#461);
#461 = AXIS2_PLACEMENT_3D('',#462,#463,#464);
#462 = CARTESIAN_POINT('',(-27.6,-61.5,-124.));
#463 = DIRECTION('',(0.,0.,1.));
#464 = DIRECTION('',(1.,0.,-0.));
#465 = DEFINITIONAL_REPRESENTATION('',(#466),#470);
#466 = LINE('',#467,#468);
#467 = CARTESIAN_POINT('',(0.,0.));
#468 = VECTOR('',#469,1.);
#469 = DIRECTION('',(1.,0.));
#470 = ( GEOMETRIC_REPRESENTATION_CONTEXT(2) 
PARAMETRIC_REPRESENTATION_CONTEXT() REPRESENTATION_CONTEXT('2D SPACE',''
  ) );
#471 = ORIENTED_EDGE('',*,*,#472,.F.);
#472 = EDGE_CURVE('',#473,#445,#475,.T.);
#473 = VERTEX_POINT('',#474);
#474 = CARTESIAN_POINT('',(27.6,-61.5,-126.5));
#475 = SURFACE_CURVE('',#476,(#480,#487),.PCURVE_S1.);
#476 = LINE('',#477,#478);
#477 = CARTESIAN_POINT('',(27.6,-61.5,-126.5));
#478 = VECTOR('',#479,1.);
#479 = DIRECTION('',(0.,0.,1.));
#480 = PCURVE('',#126,#481);
#481 = DEFINITIONAL_REPRESENTATION('',(#482),#486);
#482 = LINE('',#483,#484);
#483 = CARTESIAN_POINT('',(-27.6,-57.34014806476));
#484 = VECTOR('',#485,1.);
#485 = DIRECTION('',(0.,1.));
#486 = ( GEOMETRIC_REPRESENTATION_CONTEXT(2) 
PARAMETRIC_REPRESENTATION_CONTEXT() REPRESENTATION_CONTEXT('2D SPACE',''
  ) );
#487 = PCURVE('',#488,#493);
#488 = PLANE('',#489);
#489 = AXIS2_PLACEMENT_3D('',#490,#491,#492);
#490 = CARTESIAN_POINT('',(27.6,-61.5,-126.5));
#491 = DIRECTION('',(1.,0.,-0.));
#492 = DIRECTION('',(0.,0.,1.));
#493 = DEFINITIONAL_REPRESENTATION('',(#494),#498);
#494 = LINE('',#495,#496);
#495 = CARTESIAN_POINT('',(0.,0.));
#496 = VECTOR('',#497,1.);
#497 = DIRECTION('',(1.,0.));
#498 = ( GEOMETRIC_REPRESENTATION_CONTEXT(2) 
PARAMETRIC_REPRESENTATION_CONTEXT() REPRESENTATION_CONTEXT('2D SPACE',''
  ) );
#499 = ORIENTED_EDGE('',*,*,#500,.T.);
#500 = EDGE_CURVE('',#473,#501,#503,.T.);
#501 = VERTEX_POINT('',#502);
#502 = CARTESIAN_POINT('',(28.1,-61.5,-126.5));
#503 = SURFACE_CURVE('',#504,(#508,#515),.PCURVE_S1.);
#504 = LINE('',#505,#506);
#505 = CARTESIAN_POINT('',(-5.684341886081E-14,-61.5,-126.5));
#506 = VECTOR('',#507,1.);
#507 = DIRECTION('',(1.,0.,0.));
#508 = PCURVE('',#126,#509);
#509 = DEFINITIONAL_REPRESENTATION('',(#510),#514);
#510 = LINE('',#511,#512);
#511 = CARTESIAN_POINT('',(3.297489026865E-14,-57.34014806476));
#512 = VECTOR('',#513,1.);
#513 = DIRECTION('',(-1.,0.));
#514 = ( GEOMETRIC_REPRESENTATION_CONTEXT(2) 
PARAMETRIC_REPRESENTATION_CONTEXT() REPRESENTATION_CONTEXT('2D SPACE',''
  ) );
#515 = PCURVE('',#404,#516);
#516 = DEFINITIONAL_REPRESENTATION('',(#517),#521);
#517 = LINE('',#518,#519);
#518 = CARTESIAN_POINT('',(28.1,0.));
#519 = VECTOR('',#520,1.);
#520 = DIRECTION('',(1.,0.));
#521 = ( GEOMETRIC_REPRESENTATION_CONTEXT(2) 
PARAMETRIC_REPRESENTATION_CONTEXT() REPRESENTATION_CONTEXT('2D SPACE',''
  ) );
#522 = ORIENTED_EDGE('',*,*,#523,.F.);
#523 = EDGE_CURVE('',#524,#501,#526,.T.);
#524 = VERTEX_POINT('',#525);
#525 = CARTESIAN_POINT('',(30.6,-61.5,-124.));
#526 = SURFACE_CURVE('',#527,(#532,#539),.PCURVE_S1.);
#527 = CIRCLE('',#528,2.5);
#528 = AXIS2_PLACEMENT_3D('',#529,#530,#531);
#529 = CARTESIAN_POINT('',(28.1,-61.5,-124.));
#530 = DIRECTION('',(0.,1.,-0.));
#531 = DIRECTION('',(-1.,0.,0.));
#532 = PCURVE('',#126,#533);
#533 = DEFINITIONAL_REPRESENTATION('',(#534),#538);
#534 = CIRCLE('',#535,2.5);
#535 = AXIS2_PLACEMENT_2D('',#536,#537);
#536 = CARTESIAN_POINT('',(-28.1,-54.84014806476));
#537 = DIRECTION('',(1.,0.));
#538 = ( GEOMETRIC_REPRESENTATION_CONTEXT(2) 
PARAMETRIC_REPRESENTATION_CONTEXT() REPRESENTATION_CONTEXT('2D SPACE',''
  ) );
#539 = PCURVE('',#540,#545);
#540 = CYLINDRICAL_SURFACE('',#541,2.5);
#541 = AXIS2_PLACEMENT_3D('',#542,#543,#544);
#542 = CARTESIAN_POINT('',(28.1,-61.5,-124.));
#543 = DIRECTION('',(-0.,-1.,0.));
#544 = DIRECTION('',(-1.,0.,0.));
#545 = DEFINITIONAL_REPRESENTATION('',(#546),#550);
#546 = LINE('',#547,#548);
#547 = CARTESIAN_POINT('',(-0.,0.));
#548 = VECTOR('',#549,1.);
#549 = DIRECTION('',(-1.,0.));
#550 = ( GEOMETRIC_REPRESENTATION_CONTEXT(2) 
PARAMETRIC_REPRESENTATION_CONTEXT() REPRESENTATION_CONTEXT('2D SPACE',''
  ) );
#551 = ORIENTED_EDGE('',*,*,#552,.T.);
#552 = EDGE_CURVE('',#524,#553,#555,.T.);
#553 = VERTEX_POINT('',#554);
#554 = CARTESIAN_POINT('',(30.6,-61.5,0.));
#555 = SURFACE_CURVE('',#556,(#560,#567),.PCURVE_S1.);
#556 = LINE('',#557,#558);
#557 = CARTESIAN_POINT('',(30.6,-61.5,-62.75));
#558 = VECTOR('',#559,1.);
#559 = DIRECTION('',(0.,0.,1.));
#560 = PCURVE('',#126,#561);
#561 = DEFINITIONAL_REPRESENTATION('',(#562),#566);
#562 = LINE('',#563,#564);
#563 = CARTESIAN_POINT('',(-30.6,6.40985193524));
#564 = VECTOR('',#565,1.);
#565 = DIRECTION('',(0.,1.));
#566 = ( GEOMETRIC_REPRESENTATION_CONTEXT(2) 
PARAMETRIC_REPRESENTATION_CONTEXT() REPRESENTATION_CONTEXT('2D SPACE',''
  ) );
#567 = PCURVE('',#568,#573);
#568 = PLANE('',#569);
#569 = AXIS2_PLACEMENT_3D('',#570,#571,#572);
#570 = CARTESIAN_POINT('',(30.6,-61.5,-124.));
#571 = DIRECTION('',(1.,0.,0.));
#572 = DIRECTION('',(0.,0.,1.));
#573 = DEFINITIONAL_REPRESENTATION('',(#574),#578);
#574 = LINE('',#575,#576);
#575 = CARTESIAN_POINT('',(61.25,0.));
#576 = VECTOR('',#577,1.);
#577 = DIRECTION('',(1.,0.));
#578 = ( GEOMETRIC_REPRESENTATION_CONTEXT(2) 
PARAMETRIC_REPRESENTATION_CONTEXT() REPRESENTATION_CONTEXT('2D SPACE',''
  ) );
#579 = ORIENTED_EDGE('',*,*,#580,.T.);
#580 = EDGE_CURVE('',#553,#581,#583,.T.);
#581 = VERTEX_POINT('',#582);
#582 = CARTESIAN_POINT('',(53.6,-61.5,0.));
#583 = SURFACE_CURVE('',#584,(#588,#595),.PCURVE_S1.);
#584 = LINE('',#585,#586);
#585 = CARTESIAN_POINT('',(-53.6,-61.5,0.));
#586 = VECTOR('',#587,1.);
#587 = DIRECTION('',(1.,0.,0.));
#588 = PCURVE('',#126,#589);
#589 = DEFINITIONAL_REPRESENTATION('',(#590),#594);
#590 = LINE('',#591,#592);
#591 = CARTESIAN_POINT('',(53.6,69.15985193524));
#592 = VECTOR('',#593,1.);
#593 = DIRECTION('',(-1.,0.));
#594 = ( GEOMETRIC_REPRESENTATION_CONTEXT(2) 
PARAMETRIC_REPRESENTATION_CONTEXT() REPRESENTATION_CONTEXT('2D SPACE',''
  ) );
#595 = PCURVE('',#596,#601);
#596 = PLANE('',#597);
#597 = AXIS2_PLACEMENT_3D('',#598,#599,#600);
#598 = CARTESIAN_POINT('',(30.6,-61.5,0.));
#599 = DIRECTION('',(0.,0.,-1.));
#600 = DIRECTION('',(1.,0.,0.));
#601 = DEFINITIONAL_REPRESENTATION('',(#602),#606);
#602 = LINE('',#603,#604);
#603 = CARTESIAN_POINT('',(-84.2,0.));
#604 = VECTOR('',#605,1.);
#605 = DIRECTION('',(1.,0.));
#606 = ( GEOMETRIC_REPRESENTATION_CONTEXT(2) 
PARAMETRIC_REPRESENTATION_CONTEXT() REPRESENTATION_CONTEXT('2D SPACE',''
  ) );
#607 = ORIENTED_EDGE('',*,*,#608,.T.);
#608 = EDGE_CURVE('',#581,#609,#611,.T.);
#609 = VERTEX_POINT('',#610);
#610 = CARTESIAN_POINT('',(53.6,-61.5,-3.));
#611 = SURFACE_CURVE('',#612,(#616,#623),.PCURVE_S1.);
#612 = LINE('',#613,#614);
#613 = CARTESIAN_POINT('',(53.6,-61.5,0.));
#614 = VECTOR('',#615,1.);
#615 = DIRECTION('',(0.,0.,-1.));
#616 = PCURVE('',#126,#617);
#617 = DEFINITIONAL_REPRESENTATION('',(#618),#622);
#618 = LINE('',#619,#620);
#619 = CARTESIAN_POINT('',(-53.6,69.15985193524));
#620 = VECTOR('',#621,1.);
#621 = DIRECTION('',(0.,-1.));
#622 = ( GEOMETRIC_REPRESENTATION_CONTEXT(2) 
PARAMETRIC_REPRESENTATION_CONTEXT() REPRESENTATION_CONTEXT('2D SPACE',''
  ) );
#623 = PCURVE('',#624,#629);
#624 = PLANE('',#625);
#625 = AXIS2_PLACEMENT_3D('',#626,#627,#628);
#626 = CARTESIAN_POINT('',(53.6,-61.5,0.));
#627 = DIRECTION('',(-1.,0.,0.));
#628 = DIRECTION('',(0.,0.,-1.));
#629 = DEFINITIONAL_REPRESENTATION('',(#630),#634);
#630 = LINE('',#631,#632);
#631 = CARTESIAN_POINT('',(0.,-0.));
#632 = VECTOR('',#633,1.);
#633 = DIRECTION('',(1.,0.));
#634 = ( GEOMETRIC_REPRESENTATION_CONTEXT(2) 
PARAMETRIC_REPRESENTATION_CONTEXT() REPRESENTATION_CONTEXT('2D SPACE',''
  ) );
#635 = ORIENTED_EDGE('',*,*,#636,.F.);
#636 = EDGE_CURVE('',#637,#609,#639,.T.);
#637 = VERTEX_POINT('',#638);
#638 = CARTESIAN_POINT('',(51.6,-61.5,-5.));
#639 = SURFACE_CURVE('',#640,(#645,#656),.PCURVE_S1.);
#640 = CIRCLE('',#641,2.);
#641 = AXIS2_PLACEMENT_3D('',#642,#643,#644);
#642 = CARTESIAN_POINT('',(51.6,-61.5,-3.));
#643 = DIRECTION('',(0.,-1.,0.));
#644 = DIRECTION('',(1.,0.,0.));
#645 = PCURVE('',#126,#646);
#646 = DEFINITIONAL_REPRESENTATION('',(#647),#655);
#647 = ( BOUNDED_CURVE() B_SPLINE_CURVE(2,(#648,#649,#650,#651,#652,#653
,#654),.UNSPECIFIED.,.T.,.F.) B_SPLINE_CURVE_WITH_KNOTS((1,2,2,2,2,1),(
    -2.094395102393,0.,2.094395102393,4.188790204786,6.28318530718,
8.377580409573),.UNSPECIFIED.) CURVE() GEOMETRIC_REPRESENTATION_ITEM() 
RATIONAL_B_SPLINE_CURVE((1.,0.5,1.,0.5,1.,0.5,1.)) REPRESENTATION_ITEM(
  '') );
#648 = CARTESIAN_POINT('',(-53.6,66.15985193524));
#649 = CARTESIAN_POINT('',(-53.6,69.623953550377));
#650 = CARTESIAN_POINT('',(-50.6,67.891902742809));
#651 = CARTESIAN_POINT('',(-47.6,66.15985193524));
#652 = CARTESIAN_POINT('',(-50.6,64.427801127671));
#653 = CARTESIAN_POINT('',(-53.6,62.695750320102));
#654 = CARTESIAN_POINT('',(-53.6,66.15985193524));
#655 = ( GEOMETRIC_REPRESENTATION_CONTEXT(2) 
PARAMETRIC_REPRESENTATION_CONTEXT() REPRESENTATION_CONTEXT('2D SPACE',''
  ) );
#656 = PCURVE('',#657,#662);
#657 = CYLINDRICAL_SURFACE('',#658,2.);
#658 = AXIS2_PLACEMENT_3D('',#659,#660,#661);
#659 = CARTESIAN_POINT('',(51.6,-61.5,-3.));
#660 = DIRECTION('',(0.,-1.,0.));
#661 = DIRECTION('',(1.,0.,0.));
#662 = DEFINITIONAL_REPRESENTATION('',(#663),#667);
#663 = LINE('',#664,#665);
#664 = CARTESIAN_POINT('',(0.,0.));
#665 = VECTOR('',#666,1.);
#666 = DIRECTION('',(1.,0.));
#667 = ( GEOMETRIC_REPRESENTATION_CONTEXT(2) 
PARAMETRIC_REPRESENTATION_CONTEXT() REPRESENTATION_CONTEXT('2D SPACE',''
  ) );
#668 = ORIENTED_EDGE('',*,*,#669,.T.);
#669 = EDGE_CURVE('',#637,#670,#672,.T.);
#670 = VERTEX_POINT('',#671);
#671 = CARTESIAN_POINT('',(40.6,-61.5,-5.));
#672 = SURFACE_CURVE('',#673,(#677,#684),.PCURVE_S1.);
#673 = LINE('',#674,#675);
#674 = CARTESIAN_POINT('',(53.6,-61.5,-5.));
#675 = VECTOR('',#676,1.);
#676 = DIRECTION('',(-1.,0.,0.));
#677 = PCURVE('',#126,#678);
#678 = DEFINITIONAL_REPRESENTATION('',(#679),#683);
#679 = LINE('',#680,#681);
#680 = CARTESIAN_POINT('',(-53.6,64.15985193524));
#681 = VECTOR('',#682,1.);
#682 = DIRECTION('',(1.,0.));
#683 = ( GEOMETRIC_REPRESENTATION_CONTEXT(2) 
PARAMETRIC_REPRESENTATION_CONTEXT() REPRESENTATION_CONTEXT('2D SPACE',''
  ) );
#684 = PCURVE('',#685,#690);
#685 = PLANE('',#686);
#686 = AXIS2_PLACEMENT_3D('',#687,#688,#689);
#687 = CARTESIAN_POINT('',(51.6,-61.5,-5.));
#688 = DIRECTION('',(0.,-0.,1.));
#689 = DIRECTION('',(-1.,0.,0.));
#690 = DEFINITIONAL_REPRESENTATION('',(#691),#695);
#691 = LINE('',#692,#693);
#692 = CARTESIAN_POINT('',(-2.,0.));
#693 = VECTOR('',#694,1.);
#694 = DIRECTION('',(1.,0.));
#695 = ( GEOMETRIC_REPRESENTATION_CONTEXT(2) 
PARAMETRIC_REPRESENTATION_CONTEXT() REPRESENTATION_CONTEXT('2D SPACE',''
  ) );
#696 = ORIENTED_EDGE('',*,*,#697,.F.);
#697 = EDGE_CURVE('',#698,#670,#700,.T.);
#698 = VERTEX_POINT('',#699);
#699 = CARTESIAN_POINT('',(35.6,-61.5,-10.));
#700 = SURFACE_CURVE('',#701,(#706,#713),.PCURVE_S1.);
#701 = CIRCLE('',#702,5.);
#702 = AXIS2_PLACEMENT_3D('',#703,#704,#705);
#703 = CARTESIAN_POINT('',(40.6,-61.5,-10.));
#704 = DIRECTION('',(0.,1.,-0.));
#705 = DIRECTION('',(-1.,0.,0.));
#706 = PCURVE('',#126,#707);
#707 = DEFINITIONAL_REPRESENTATION('',(#708),#712);
#708 = CIRCLE('',#709,5.);
#709 = AXIS2_PLACEMENT_2D('',#710,#711);
#710 = CARTESIAN_POINT('',(-40.6,59.15985193524));
#711 = DIRECTION('',(1.,0.));
#712 = ( GEOMETRIC_REPRESENTATION_CONTEXT(2) 
PARAMETRIC_REPRESENTATION_CONTEXT() REPRESENTATION_CONTEXT('2D SPACE',''
  ) );
#713 = PCURVE('',#714,#719);
#714 = CYLINDRICAL_SURFACE('',#715,5.);
#715 = AXIS2_PLACEMENT_3D('',#716,#717,#718);
#716 = CARTESIAN_POINT('',(40.6,-61.5,-10.));
#717 = DIRECTION('',(-0.,-1.,0.));
#718 = DIRECTION('',(-1.,0.,0.));
#719 = DEFINITIONAL_REPRESENTATION('',(#720),#724);
#720 = LINE('',#721,#722);
#721 = CARTESIAN_POINT('',(-0.,0.));
#722 = VECTOR('',#723,1.);
#723 = DIRECTION('',(-1.,0.));
#724 = ( GEOMETRIC_REPRESENTATION_CONTEXT(2) 
PARAMETRIC_REPRESENTATION_CONTEXT() REPRESENTATION_CONTEXT('2D SPACE',''
  ) );
#725 = ORIENTED_EDGE('',*,*,#726,.T.);
#726 = EDGE_CURVE('',#698,#727,#729,.T.);
#727 = VERTEX_POINT('',#728);
#728 = CARTESIAN_POINT('',(35.6,-61.5,-125.5));
#729 = SURFACE_CURVE('',#730,(#734,#741),.PCURVE_S1.);
#730 = LINE('',#731,#732);
#731 = CARTESIAN_POINT('',(35.6,-61.5,-5.));
#732 = VECTOR('',#733,1.);
#733 = DIRECTION('',(0.,0.,-1.));
#734 = PCURVE('',#126,#735);
#735 = DEFINITIONAL_REPRESENTATION('',(#736),#740);
#736 = LINE('',#737,#738);
#737 = CARTESIAN_POINT('',(-35.6,64.15985193524));
#738 = VECTOR('',#739,1.);
#739 = DIRECTION('',(0.,-1.));
#740 = ( GEOMETRIC_REPRESENTATION_CONTEXT(2) 
PARAMETRIC_REPRESENTATION_CONTEXT() REPRESENTATION_CONTEXT('2D SPACE',''
  ) );
#741 = PCURVE('',#742,#747);
#742 = PLANE('',#743);
#743 = AXIS2_PLACEMENT_3D('',#744,#745,#746);
#744 = CARTESIAN_POINT('',(35.6,-61.5,-10.));
#745 = DIRECTION('',(-1.,0.,0.));
#746 = DIRECTION('',(0.,0.,-1.));
#747 = DEFINITIONAL_REPRESENTATION('',(#748),#752);
#748 = LINE('',#749,#750);
#749 = CARTESIAN_POINT('',(-5.,-0.));
#750 = VECTOR('',#751,1.);
#751 = DIRECTION('',(1.,0.));
#752 = ( GEOMETRIC_REPRESENTATION_CONTEXT(2) 
PARAMETRIC_REPRESENTATION_CONTEXT() REPRESENTATION_CONTEXT('2D SPACE',''
  ) );
#753 = ORIENTED_EDGE('',*,*,#754,.T.);
#754 = EDGE_CURVE('',#727,#755,#757,.T.);
#755 = VERTEX_POINT('',#756);
#756 = CARTESIAN_POINT('',(29.6,-61.5,-131.5));
#757 = SURFACE_CURVE('',#758,(#763,#770),.PCURVE_S1.);
#758 = CIRCLE('',#759,6.);
#759 = AXIS2_PLACEMENT_3D('',#760,#761,#762);
#760 = CARTESIAN_POINT('',(29.6,-61.5,-125.5));
#761 = DIRECTION('',(0.,1.,-0.));
#762 = DIRECTION('',(-1.,0.,0.));
#763 = PCURVE('',#126,#764);
#764 = DEFINITIONAL_REPRESENTATION('',(#765),#769);
#765 = CIRCLE('',#766,6.);
#766 = AXIS2_PLACEMENT_2D('',#767,#768);
#767 = CARTESIAN_POINT('',(-29.6,-56.34014806476));
#768 = DIRECTION('',(1.,0.));
#769 = ( GEOMETRIC_REPRESENTATION_CONTEXT(2) 
PARAMETRIC_REPRESENTATION_CONTEXT() REPRESENTATION_CONTEXT('2D SPACE',''
  ) );
#770 = PCURVE('',#771,#776);
#771 = CYLINDRICAL_SURFACE('',#772,6.);
#772 = AXIS2_PLACEMENT_3D('',#773,#774,#775);
#773 = CARTESIAN_POINT('',(29.6,-61.5,-125.5));
#774 = DIRECTION('',(-0.,-1.,0.));
#775 = DIRECTION('',(-1.,0.,0.));
#776 = DEFINITIONAL_REPRESENTATION('',(#777),#781);
#777 = LINE('',#778,#779);
#778 = CARTESIAN_POINT('',(-0.,0.));
#779 = VECTOR('',#780,1.);
#780 = DIRECTION('',(-1.,0.));
#781 = ( GEOMETRIC_REPRESENTATION_CONTEXT(2) 
PARAMETRIC_REPRESENTATION_CONTEXT() REPRESENTATION_CONTEXT('2D SPACE',''
  ) );
#782 = ORIENTED_EDGE('',*,*,#783,.T.);
#783 = EDGE_CURVE('',#755,#784,#786,.T.);
#784 = VERTEX_POINT('',#785);
#785 = CARTESIAN_POINT('',(-29.6,-61.5,-131.5));
#786 = SURFACE_CURVE('',#787,(#791,#798),.PCURVE_S1.);
#787 = LINE('',#788,#789);
#788 = CARTESIAN_POINT('',(35.6,-61.5,-131.5));
#789 = VECTOR('',#790,1.);
#790 = DIRECTION('',(-1.,0.,0.));
#791 = PCURVE('',#126,#792);
#792 = DEFINITIONAL_REPRESENTATION('',(#793),#797);
#793 = LINE('',#794,#795);
#794 = CARTESIAN_POINT('',(-35.6,-62.34014806476));
#795 = VECTOR('',#796,1.);
#796 = DIRECTION('',(1.,0.));
#797 = ( GEOMETRIC_REPRESENTATION_CONTEXT(2) 
PARAMETRIC_REPRESENTATION_CONTEXT() REPRESENTATION_CONTEXT('2D SPACE',''
  ) );
#798 = PCURVE('',#799,#804);
#799 = PLANE('',#800);
#800 = AXIS2_PLACEMENT_3D('',#801,#802,#803);
#801 = CARTESIAN_POINT('',(29.6,-61.5,-131.5));
#802 = DIRECTION('',(0.,-0.,1.));
#803 = DIRECTION('',(-1.,0.,0.));
#804 = DEFINITIONAL_REPRESENTATION('',(#805),#809);
#805 = LINE('',#806,#807);
#806 = CARTESIAN_POINT('',(-6.,0.));
#807 = VECTOR('',#808,1.);
#808 = DIRECTION('',(1.,0.));
#809 = ( GEOMETRIC_REPRESENTATION_CONTEXT(2) 
PARAMETRIC_REPRESENTATION_CONTEXT() REPRESENTATION_CONTEXT('2D SPACE',''
  ) );
#810 = ORIENTED_EDGE('',*,*,#811,.T.);
#811 = EDGE_CURVE('',#784,#812,#814,.T.);
#812 = VERTEX_POINT('',#813);
#813 = CARTESIAN_POINT('',(-35.6,-61.5,-125.5));
#814 = SURFACE_CURVE('',#815,(#820,#827),.PCURVE_S1.);
#815 = CIRCLE('',#816,6.);
#816 = AXIS2_PLACEMENT_3D('',#817,#818,#819);
#817 = CARTESIAN_POINT('',(-29.6,-61.5,-125.5));
#818 = DIRECTION('',(0.,1.,-0.));
#819 = DIRECTION('',(-1.,0.,0.));
#820 = PCURVE('',#126,#821);
#821 = DEFINITIONAL_REPRESENTATION('',(#822),#826);
#822 = CIRCLE('',#823,6.);
#823 = AXIS2_PLACEMENT_2D('',#824,#825);
#824 = CARTESIAN_POINT('',(29.6,-56.34014806476));
#825 = DIRECTION('',(1.,0.));
#826 = ( GEOMETRIC_REPRESENTATION_CONTEXT(2) 
PARAMETRIC_REPRESENTATION_CONTEXT() REPRESENTATION_CONTEXT('2D SPACE',''
  ) );
#827 = PCURVE('',#828,#833);
#828 = CYLINDRICAL_SURFACE('',#829,6.);
#829 = AXIS2_PLACEMENT_3D('',#830,#831,#832);
#830 = CARTESIAN_POINT('',(-29.6,-61.5,-125.5));
#831 = DIRECTION('',(-0.,-1.,0.));
#832 = DIRECTION('',(-1.,0.,0.));
#833 = DEFINITIONAL_REPRESENTATION('',(#834),#838);
#834 = LINE('',#835,#836);
#835 = CARTESIAN_POINT('',(-0.,0.));
#836 = VECTOR('',#837,1.);
#837 = DIRECTION('',(-1.,0.));
#838 = ( GEOMETRIC_REPRESENTATION_CONTEXT(2) 
PARAMETRIC_REPRESENTATION_CONTEXT() REPRESENTATION_CONTEXT('2D SPACE',''
  ) );
#839 = ORIENTED_EDGE('',*,*,#840,.T.);
#840 = EDGE_CURVE('',#812,#841,#843,.T.);
#841 = VERTEX_POINT('',#842);
#842 = CARTESIAN_POINT('',(-35.6,-61.5,-10.));
#843 = SURFACE_CURVE('',#844,(#848,#855),.PCURVE_S1.);
#844 = LINE('',#845,#846);
#845 = CARTESIAN_POINT('',(-35.6,-61.5,-131.5));
#846 = VECTOR('',#847,1.);
#847 = DIRECTION('',(0.,0.,1.));
#848 = PCURVE('',#126,#849);
#849 = DEFINITIONAL_REPRESENTATION('',(#850),#854);
#850 = LINE('',#851,#852);
#851 = CARTESIAN_POINT('',(35.6,-62.34014806476));
#852 = VECTOR('',#853,1.);
#853 = DIRECTION('',(0.,1.));
#854 = ( GEOMETRIC_REPRESENTATION_CONTEXT(2) 
PARAMETRIC_REPRESENTATION_CONTEXT() REPRESENTATION_CONTEXT('2D SPACE',''
  ) );
#855 = PCURVE('',#856,#861);
#856 = PLANE('',#857);
#857 = AXIS2_PLACEMENT_3D('',#858,#859,#860);
#858 = CARTESIAN_POINT('',(-35.6,-61.5,-125.5));
#859 = DIRECTION('',(1.,0.,0.));
#860 = DIRECTION('',(0.,0.,1.));
#861 = DEFINITIONAL_REPRESENTATION('',(#862),#866);
#862 = LINE('',#863,#864);
#863 = CARTESIAN_POINT('',(-6.,0.));
#864 = VECTOR('',#865,1.);
#865 = DIRECTION('',(1.,0.));
#866 = ( GEOMETRIC_REPRESENTATION_CONTEXT(2) 
PARAMETRIC_REPRESENTATION_CONTEXT() REPRESENTATION_CONTEXT('2D SPACE',''
  ) );
#867 = ORIENTED_EDGE('',*,*,#868,.T.);
#868 = EDGE_CURVE('',#841,#869,#871,.T.);
#869 = VERTEX_POINT('',#870);
#870 = CARTESIAN_POINT('',(-40.6,-61.5,-5.));
#871 = SURFACE_CURVE('',#872,(#877,#888),.PCURVE_S1.);
#872 = CIRCLE('',#873,5.);
#873 = AXIS2_PLACEMENT_3D('',#874,#875,#876);
#874 = CARTESIAN_POINT('',(-40.6,-61.5,-10.));
#875 = DIRECTION('',(0.,-1.,0.));
#876 = DIRECTION('',(1.,0.,0.));
#877 = PCURVE('',#126,#878);
#878 = DEFINITIONAL_REPRESENTATION('',(#879),#887);
#879 = ( BOUNDED_CURVE() B_SPLINE_CURVE(2,(#880,#881,#882,#883,#884,#885
,#886),.UNSPECIFIED.,.T.,.F.) B_SPLINE_CURVE_WITH_KNOTS((1,2,2,2,2,1),(
    -2.094395102393,0.,2.094395102393,4.188790204786,6.28318530718,
8.377580409573),.UNSPECIFIED.) CURVE() GEOMETRIC_REPRESENTATION_ITEM() 
RATIONAL_B_SPLINE_CURVE((1.,0.5,1.,0.5,1.,0.5,1.)) REPRESENTATION_ITEM(
  '') );
#880 = CARTESIAN_POINT('',(35.6,59.15985193524));
#881 = CARTESIAN_POINT('',(35.6,67.820105973084));
#882 = CARTESIAN_POINT('',(43.1,63.489978954162));
#883 = CARTESIAN_POINT('',(50.6,59.15985193524));
#884 = CARTESIAN_POINT('',(43.1,54.829724916317));
#885 = CARTESIAN_POINT('',(35.6,50.499597897395));
#886 = CARTESIAN_POINT('',(35.6,59.15985193524));
#887 = ( GEOMETRIC_REPRESENTATION_CONTEXT(2) 
PARAMETRIC_REPRESENTATION_CONTEXT() REPRESENTATION_CONTEXT('2D SPACE',''
  ) );
#888 = PCURVE('',#889,#894);
#889 = CYLINDRICAL_SURFACE('',#890,5.);
#890 = AXIS2_PLACEMENT_3D('',#891,#892,#893);
#891 = CARTESIAN_POINT('',(-40.6,-61.5,-10.));
#892 = DIRECTION('',(0.,-1.,0.));
#893 = DIRECTION('',(1.,0.,0.));
#894 = DEFINITIONAL_REPRESENTATION('',(#895),#899);
#895 = LINE('',#896,#897);
#896 = CARTESIAN_POINT('',(0.,0.));
#897 = VECTOR('',#898,1.);
#898 = DIRECTION('',(1.,0.));
#899 = ( GEOMETRIC_REPRESENTATION_CONTEXT(2) 
PARAMETRIC_REPRESENTATION_CONTEXT() REPRESENTATION_CONTEXT('2D SPACE',''
  ) );
#900 = ORIENTED_EDGE('',*,*,#901,.T.);
#901 = EDGE_CURVE('',#869,#142,#902,.T.);
#902 = SURFACE_CURVE('',#903,(#907,#914),.PCURVE_S1.);
#903 = LINE('',#904,#905);
#904 = CARTESIAN_POINT('',(-35.6,-61.5,-5.));
#905 = VECTOR('',#906,1.);
#906 = DIRECTION('',(-1.,0.,0.));
#907 = PCURVE('',#126,#908);
#908 = DEFINITIONAL_REPRESENTATION('',(#909),#913);
#909 = LINE('',#910,#911);
#910 = CARTESIAN_POINT('',(35.6,64.15985193524));
#911 = VECTOR('',#912,1.);
#912 = DIRECTION('',(1.,0.));
#913 = ( GEOMETRIC_REPRESENTATION_CONTEXT(2) 
PARAMETRIC_REPRESENTATION_CONTEXT() REPRESENTATION_CONTEXT('2D SPACE',''
  ) );
#914 = PCURVE('',#159,#915);
#915 = DEFINITIONAL_REPRESENTATION('',(#916),#920);
#916 = LINE('',#917,#918);
#917 = CARTESIAN_POINT('',(-5.,0.));
#918 = VECTOR('',#919,1.);
#919 = DIRECTION('',(1.,0.));
#920 = ( GEOMETRIC_REPRESENTATION_CONTEXT(2) 
PARAMETRIC_REPRESENTATION_CONTEXT() REPRESENTATION_CONTEXT('2D SPACE',''
  ) );
#921 = ORIENTED_EDGE('',*,*,#194,.T.);
#922 = ADVANCED_FACE('',(#923),#72,.T.);
#923 = FACE_BOUND('',#924,.T.);
#924 = EDGE_LOOP('',(#925,#926,#927,#950,#978,#1001,#1025,#1048,#1071,
    #1094,#1122,#1145,#1169,#1192,#1216,#1239,#1263,#1286,#1314,#1335));
#925 = ORIENTED_EDGE('',*,*,#56,.T.);
#926 = ORIENTED_EDGE('',*,*,#220,.T.);
#927 = ORIENTED_EDGE('',*,*,#928,.F.);
#928 = EDGE_CURVE('',#929,#221,#931,.T.);
#929 = VERTEX_POINT('',#930);
#930 = CARTESIAN_POINT('',(-30.6,-47.5,-124.));
#931 = SURFACE_CURVE('',#932,(#936,#943),.PCURVE_S1.);
#932 = LINE('',#933,#934);
#933 = CARTESIAN_POINT('',(-30.6,-47.5,-62.75));
#934 = VECTOR('',#935,1.);
#935 = DIRECTION('',(0.,0.,1.));
#936 = PCURVE('',#72,#937);
#937 = DEFINITIONAL_REPRESENTATION('',(#938),#942);
#938 = LINE('',#939,#940);
#939 = CARTESIAN_POINT('',(30.6,6.40985193524));
#940 = VECTOR('',#941,1.);
#941 = DIRECTION('',(0.,1.));
#942 = ( GEOMETRIC_REPRESENTATION_CONTEXT(2) 
PARAMETRIC_REPRESENTATION_CONTEXT() REPRESENTATION_CONTEXT('2D SPACE',''
  ) );
#943 = PCURVE('',#259,#944);
#944 = DEFINITIONAL_REPRESENTATION('',(#945),#949);
#945 = LINE('',#946,#947);
#946 = CARTESIAN_POINT('',(61.25,-14.));
#947 = VECTOR('',#948,1.);
#948 = DIRECTION('',(1.,0.));
#949 = ( GEOMETRIC_REPRESENTATION_CONTEXT(2) 
PARAMETRIC_REPRESENTATION_CONTEXT() REPRESENTATION_CONTEXT('2D SPACE',''
  ) );
#950 = ORIENTED_EDGE('',*,*,#951,.T.);
#951 = EDGE_CURVE('',#929,#952,#954,.T.);
#952 = VERTEX_POINT('',#953);
#953 = CARTESIAN_POINT('',(-28.1,-47.5,-126.5));
#954 = SURFACE_CURVE('',#955,(#960,#971),.PCURVE_S1.);
#955 = CIRCLE('',#956,2.5);
#956 = AXIS2_PLACEMENT_3D('',#957,#958,#959);
#957 = CARTESIAN_POINT('',(-28.1,-47.5,-124.));
#958 = DIRECTION('',(0.,-1.,0.));
#959 = DIRECTION('',(1.,0.,0.));
#960 = PCURVE('',#72,#961);
#961 = DEFINITIONAL_REPRESENTATION('',(#962),#970);
#962 = ( BOUNDED_CURVE() B_SPLINE_CURVE(2,(#963,#964,#965,#966,#967,#968
,#969),.UNSPECIFIED.,.T.,.F.) B_SPLINE_CURVE_WITH_KNOTS((1,2,2,2,2,1),(
    -2.094395102393,0.,2.094395102393,4.188790204786,6.28318530718,
8.377580409573),.UNSPECIFIED.) CURVE() GEOMETRIC_REPRESENTATION_ITEM() 
RATIONAL_B_SPLINE_CURVE((1.,0.5,1.,0.5,1.,0.5,1.)) REPRESENTATION_ITEM(
  '') );
#963 = CARTESIAN_POINT('',(25.6,-54.84014806476));
#964 = CARTESIAN_POINT('',(25.6,-50.51002104583));
#965 = CARTESIAN_POINT('',(29.35,-52.67508455529));
#966 = CARTESIAN_POINT('',(33.1,-54.84014806476));
#967 = CARTESIAN_POINT('',(29.35,-57.00521157422));
#968 = CARTESIAN_POINT('',(25.6,-59.17027508368));
#969 = CARTESIAN_POINT('',(25.6,-54.84014806476));
#970 = ( GEOMETRIC_REPRESENTATION_CONTEXT(2) 
PARAMETRIC_REPRESENTATION_CONTEXT() REPRESENTATION_CONTEXT('2D SPACE',''
  ) );
#971 = PCURVE('',#376,#972);
#972 = DEFINITIONAL_REPRESENTATION('',(#973),#977);
#973 = LINE('',#974,#975);
#974 = CARTESIAN_POINT('',(0.,-14.));
#975 = VECTOR('',#976,1.);
#976 = DIRECTION('',(1.,0.));
#977 = ( GEOMETRIC_REPRESENTATION_CONTEXT(2) 
PARAMETRIC_REPRESENTATION_CONTEXT() REPRESENTATION_CONTEXT('2D SPACE',''
  ) );
#978 = ORIENTED_EDGE('',*,*,#979,.T.);
#979 = EDGE_CURVE('',#952,#980,#982,.T.);
#980 = VERTEX_POINT('',#981);
#981 = CARTESIAN_POINT('',(28.1,-47.5,-126.5));
#982 = SURFACE_CURVE('',#983,(#987,#994),.PCURVE_S1.);
#983 = LINE('',#984,#985);
#984 = CARTESIAN_POINT('',(-5.684341886081E-14,-47.5,-126.5));
#985 = VECTOR('',#986,1.);
#986 = DIRECTION('',(1.,0.,0.));
#987 = PCURVE('',#72,#988);
#988 = DEFINITIONAL_REPRESENTATION('',(#989),#993);
#989 = LINE('',#990,#991);
#990 = CARTESIAN_POINT('',(3.297489026865E-14,-57.34014806476));
#991 = VECTOR('',#992,1.);
#992 = DIRECTION('',(-1.,0.));
#993 = ( GEOMETRIC_REPRESENTATION_CONTEXT(2) 
PARAMETRIC_REPRESENTATION_CONTEXT() REPRESENTATION_CONTEXT('2D SPACE',''
  ) );
#994 = PCURVE('',#404,#995);
#995 = DEFINITIONAL_REPRESENTATION('',(#996),#1000);
#996 = LINE('',#997,#998);
#997 = CARTESIAN_POINT('',(28.1,-14.));
#998 = VECTOR('',#999,1.);
#999 = DIRECTION('',(1.,0.));
#1000 = ( GEOMETRIC_REPRESENTATION_CONTEXT(2) 
PARAMETRIC_REPRESENTATION_CONTEXT() REPRESENTATION_CONTEXT('2D SPACE',''
  ) );
#1001 = ORIENTED_EDGE('',*,*,#1002,.F.);
#1002 = EDGE_CURVE('',#1003,#980,#1005,.T.);
#1003 = VERTEX_POINT('',#1004);
#1004 = CARTESIAN_POINT('',(30.6,-47.5,-124.));
#1005 = SURFACE_CURVE('',#1006,(#1011,#1018),.PCURVE_S1.);
#1006 = CIRCLE('',#1007,2.5);
#1007 = AXIS2_PLACEMENT_3D('',#1008,#1009,#1010);
#1008 = CARTESIAN_POINT('',(28.1,-47.5,-124.));
#1009 = DIRECTION('',(0.,1.,-0.));
#1010 = DIRECTION('',(-1.,0.,0.));
#1011 = PCURVE('',#72,#1012);
#1012 = DEFINITIONAL_REPRESENTATION('',(#1013),#1017);
#1013 = CIRCLE('',#1014,2.5);
#1014 = AXIS2_PLACEMENT_2D('',#1015,#1016);
#1015 = CARTESIAN_POINT('',(-28.1,-54.84014806476));
#1016 = DIRECTION('',(1.,0.));
#1017 = ( GEOMETRIC_REPRESENTATION_CONTEXT(2) 
PARAMETRIC_REPRESENTATION_CONTEXT() REPRESENTATION_CONTEXT('2D SPACE',''
  ) );
#1018 = PCURVE('',#540,#1019);
#1019 = DEFINITIONAL_REPRESENTATION('',(#1020),#1024);
#1020 = LINE('',#1021,#1022);
#1021 = CARTESIAN_POINT('',(-0.,-14.));
#1022 = VECTOR('',#1023,1.);
#1023 = DIRECTION('',(-1.,0.));
#1024 = ( GEOMETRIC_REPRESENTATION_CONTEXT(2) 
PARAMETRIC_REPRESENTATION_CONTEXT() REPRESENTATION_CONTEXT('2D SPACE',''
  ) );
#1025 = ORIENTED_EDGE('',*,*,#1026,.T.);
#1026 = EDGE_CURVE('',#1003,#1027,#1029,.T.);
#1027 = VERTEX_POINT('',#1028);
#1028 = CARTESIAN_POINT('',(30.6,-47.5,0.));
#1029 = SURFACE_CURVE('',#1030,(#1034,#1041),.PCURVE_S1.);
#1030 = LINE('',#1031,#1032);
#1031 = CARTESIAN_POINT('',(30.6,-47.5,-62.75));
#1032 = VECTOR('',#1033,1.);
#1033 = DIRECTION('',(0.,0.,1.));
#1034 = PCURVE('',#72,#1035);
#1035 = DEFINITIONAL_REPRESENTATION('',(#1036),#1040);
#1036 = LINE('',#1037,#1038);
#1037 = CARTESIAN_POINT('',(-30.6,6.40985193524));
#1038 = VECTOR('',#1039,1.);
#1039 = DIRECTION('',(0.,1.));
#1040 = ( GEOMETRIC_REPRESENTATION_CONTEXT(2) 
PARAMETRIC_REPRESENTATION_CONTEXT() REPRESENTATION_CONTEXT('2D SPACE',''
  ) );
#1041 = PCURVE('',#568,#1042);
#1042 = DEFINITIONAL_REPRESENTATION('',(#1043),#1047);
#1043 = LINE('',#1044,#1045);
#1044 = CARTESIAN_POINT('',(61.25,-14.));
#1045 = VECTOR('',#1046,1.);
#1046 = DIRECTION('',(1.,0.));
#1047 = ( GEOMETRIC_REPRESENTATION_CONTEXT(2) 
PARAMETRIC_REPRESENTATION_CONTEXT() REPRESENTATION_CONTEXT('2D SPACE',''
  ) );
#1048 = ORIENTED_EDGE('',*,*,#1049,.T.);
#1049 = EDGE_CURVE('',#1027,#1050,#1052,.T.);
#1050 = VERTEX_POINT('',#1051);
#1051 = CARTESIAN_POINT('',(53.6,-47.5,0.));
#1052 = SURFACE_CURVE('',#1053,(#1057,#1064),.PCURVE_S1.);
#1053 = LINE('',#1054,#1055);
#1054 = CARTESIAN_POINT('',(-53.6,-47.5,0.));
#1055 = VECTOR('',#1056,1.);
#1056 = DIRECTION('',(1.,0.,0.));
#1057 = PCURVE('',#72,#1058);
#1058 = DEFINITIONAL_REPRESENTATION('',(#1059),#1063);
#1059 = LINE('',#1060,#1061);
#1060 = CARTESIAN_POINT('',(53.6,69.15985193524));
#1061 = VECTOR('',#1062,1.);
#1062 = DIRECTION('',(-1.,0.));
#1063 = ( GEOMETRIC_REPRESENTATION_CONTEXT(2) 
PARAMETRIC_REPRESENTATION_CONTEXT() REPRESENTATION_CONTEXT('2D SPACE',''
  ) );
#1064 = PCURVE('',#596,#1065);
#1065 = DEFINITIONAL_REPRESENTATION('',(#1066),#1070);
#1066 = LINE('',#1067,#1068);
#1067 = CARTESIAN_POINT('',(-84.2,-14.));
#1068 = VECTOR('',#1069,1.);
#1069 = DIRECTION('',(1.,0.));
#1070 = ( GEOMETRIC_REPRESENTATION_CONTEXT(2) 
PARAMETRIC_REPRESENTATION_CONTEXT() REPRESENTATION_CONTEXT('2D SPACE',''
  ) );
#1071 = ORIENTED_EDGE('',*,*,#1072,.T.);
#1072 = EDGE_CURVE('',#1050,#1073,#1075,.T.);
#1073 = VERTEX_POINT('',#1074);
#1074 = CARTESIAN_POINT('',(53.6,-47.5,-3.));
#1075 = SURFACE_CURVE('',#1076,(#1080,#1087),.PCURVE_S1.);
#1076 = LINE('',#1077,#1078);
#1077 = CARTESIAN_POINT('',(53.6,-47.5,0.));
#1078 = VECTOR('',#1079,1.);
#1079 = DIRECTION('',(0.,0.,-1.));
#1080 = PCURVE('',#72,#1081);
#1081 = DEFINITIONAL_REPRESENTATION('',(#1082),#1086);
#1082 = LINE('',#1083,#1084);
#1083 = CARTESIAN_POINT('',(-53.6,69.15985193524));
#1084 = VECTOR('',#1085,1.);
#1085 = DIRECTION('',(0.,-1.));
#1086 = ( GEOMETRIC_REPRESENTATION_CONTEXT(2) 
PARAMETRIC_REPRESENTATION_CONTEXT() REPRESENTATION_CONTEXT('2D SPACE',''
  ) );
#1087 = PCURVE('',#624,#1088);
#1088 = DEFINITIONAL_REPRESENTATION('',(#1089),#1093);
#1089 = LINE('',#1090,#1091);
#1090 = CARTESIAN_POINT('',(0.,-14.));
#1091 = VECTOR('',#1092,1.);
#1092 = DIRECTION('',(1.,0.));
#1093 = ( GEOMETRIC_REPRESENTATION_CONTEXT(2) 
PARAMETRIC_REPRESENTATION_CONTEXT() REPRESENTATION_CONTEXT('2D SPACE',''
  ) );
#1094 = ORIENTED_EDGE('',*,*,#1095,.F.);
#1095 = EDGE_CURVE('',#1096,#1073,#1098,.T.);
#1096 = VERTEX_POINT('',#1097);
#1097 = CARTESIAN_POINT('',(51.6,-47.5,-5.));
#1098 = SURFACE_CURVE('',#1099,(#1104,#1115),.PCURVE_S1.);
#1099 = CIRCLE('',#1100,2.);
#1100 = AXIS2_PLACEMENT_3D('',#1101,#1102,#1103);
#1101 = CARTESIAN_POINT('',(51.6,-47.5,-3.));
#1102 = DIRECTION('',(0.,-1.,0.));
#1103 = DIRECTION('',(1.,0.,0.));
#1104 = PCURVE('',#72,#1105);
#1105 = DEFINITIONAL_REPRESENTATION('',(#1106),#1114);
#1106 = ( BOUNDED_CURVE() B_SPLINE_CURVE(2,(#1107,#1108,#1109,#1110,
#1111,#1112,#1113),.UNSPECIFIED.,.T.,.F.) B_SPLINE_CURVE_WITH_KNOTS((1,2
    ,2,2,2,1),(-2.094395102393,0.,2.094395102393,4.188790204786,
6.28318530718,8.377580409573),.UNSPECIFIED.) CURVE() 
GEOMETRIC_REPRESENTATION_ITEM() RATIONAL_B_SPLINE_CURVE((1.,0.5,1.,0.5,
1.,0.5,1.)) REPRESENTATION_ITEM('') );
#1107 = CARTESIAN_POINT('',(-53.6,66.15985193524));
#1108 = CARTESIAN_POINT('',(-53.6,69.623953550377));
#1109 = CARTESIAN_POINT('',(-50.6,67.891902742809));
#1110 = CARTESIAN_POINT('',(-47.6,66.15985193524));
#1111 = CARTESIAN_POINT('',(-50.6,64.427801127671));
#1112 = CARTESIAN_POINT('',(-53.6,62.695750320102));
#1113 = CARTESIAN_POINT('',(-53.6,66.15985193524));
#1114 = ( GEOMETRIC_REPRESENTATION_CONTEXT(2) 
PARAMETRIC_REPRESENTATION_CONTEXT() REPRESENTATION_CONTEXT('2D SPACE',''
  ) );
#1115 = PCURVE('',#657,#1116);
#1116 = DEFINITIONAL_REPRESENTATION('',(#1117),#1121);
#1117 = LINE('',#1118,#1119);
#1118 = CARTESIAN_POINT('',(0.,-14.));
#1119 = VECTOR('',#1120,1.);
#1120 = DIRECTION('',(1.,0.));
#1121 = ( GEOMETRIC_REPRESENTATION_CONTEXT(2) 
PARAMETRIC_REPRESENTATION_CONTEXT() REPRESENTATION_CONTEXT('2D SPACE',''
  ) );
#1122 = ORIENTED_EDGE('',*,*,#1123,.T.);
#1123 = EDGE_CURVE('',#1096,#1124,#1126,.T.);
#1124 = VERTEX_POINT('',#1125);
#1125 = CARTESIAN_POINT('',(40.6,-47.5,-5.));
#1126 = SURFACE_CURVE('',#1127,(#1131,#1138),.PCURVE_S1.);
#1127 = LINE('',#1128,#1129);
#1128 = CARTESIAN_POINT('',(53.6,-47.5,-5.));
#1129 = VECTOR('',#1130,1.);
#1130 = DIRECTION('',(-1.,0.,0.));
#1131 = PCURVE('',#72,#1132);
#1132 = DEFINITIONAL_REPRESENTATION('',(#1133),#1137);
#1133 = LINE('',#1134,#1135);
#1134 = CARTESIAN_POINT('',(-53.6,64.15985193524));
#1135 = VECTOR('',#1136,1.);
#1136 = DIRECTION('',(1.,0.));
#1137 = ( GEOMETRIC_REPRESENTATION_CONTEXT(2) 
PARAMETRIC_REPRESENTATION_CONTEXT() REPRESENTATION_CONTEXT('2D SPACE',''
  ) );
#1138 = PCURVE('',#685,#1139);
#1139 = DEFINITIONAL_REPRESENTATION('',(#1140),#1144);
#1140 = LINE('',#1141,#1142);
#1141 = CARTESIAN_POINT('',(-2.,-14.));
#1142 = VECTOR('',#1143,1.);
#1143 = DIRECTION('',(1.,0.));
#1144 = ( GEOMETRIC_REPRESENTATION_CONTEXT(2) 
PARAMETRIC_REPRESENTATION_CONTEXT() REPRESENTATION_CONTEXT('2D SPACE',''
  ) );
#1145 = ORIENTED_EDGE('',*,*,#1146,.F.);
#1146 = EDGE_CURVE('',#1147,#1124,#1149,.T.);
#1147 = VERTEX_POINT('',#1148);
#1148 = CARTESIAN_POINT('',(35.6,-47.5,-10.));
#1149 = SURFACE_CURVE('',#1150,(#1155,#1162),.PCURVE_S1.);
#1150 = CIRCLE('',#1151,5.);
#1151 = AXIS2_PLACEMENT_3D('',#1152,#1153,#1154);
#1152 = CARTESIAN_POINT('',(40.6,-47.5,-10.));
#1153 = DIRECTION('',(0.,1.,-0.));
#1154 = DIRECTION('',(-1.,0.,0.));
#1155 = PCURVE('',#72,#1156);
#1156 = DEFINITIONAL_REPRESENTATION('',(#1157),#1161);
#1157 = CIRCLE('',#1158,5.);
#1158 = AXIS2_PLACEMENT_2D('',#1159,#1160);
#1159 = CARTESIAN_POINT('',(-40.6,59.15985193524));
#1160 = DIRECTION('',(1.,0.));
#1161 = ( GEOMETRIC_REPRESENTATION_CONTEXT(2) 
PARAMETRIC_REPRESENTATION_CONTEXT() REPRESENTATION_CONTEXT('2D SPACE',''
  ) );
#1162 = PCURVE('',#714,#1163);
#1163 = DEFINITIONAL_REPRESENTATION('',(#1164),#1168);
#1164 = LINE('',#1165,#1166);
#1165 = CARTESIAN_POINT('',(-0.,-14.));
#1166 = VECTOR('',#1167,1.);
#1167 = DIRECTION('',(-1.,0.));
#1168 = ( GEOMETRIC_REPRESENTATION_CONTEXT(2) 
PARAMETRIC_REPRESENTATION_CONTEXT() REPRESENTATION_CONTEXT('2D SPACE',''
  ) );
#1169 = ORIENTED_EDGE('',*,*,#1170,.T.);
#1170 = EDGE_CURVE('',#1147,#1171,#1173,.T.);
#1171 = VERTEX_POINT('',#1172);
#1172 = CARTESIAN_POINT('',(35.6,-47.5,-125.5));
#1173 = SURFACE_CURVE('',#1174,(#1178,#1185),.PCURVE_S1.);
#1174 = LINE('',#1175,#1176);
#1175 = CARTESIAN_POINT('',(35.6,-47.5,-5.));
#1176 = VECTOR('',#1177,1.);
#1177 = DIRECTION('',(0.,0.,-1.));
#1178 = PCURVE('',#72,#1179);
#1179 = DEFINITIONAL_REPRESENTATION('',(#1180),#1184);
#1180 = LINE('',#1181,#1182);
#1181 = CARTESIAN_POINT('',(-35.6,64.15985193524));
#1182 = VECTOR('',#1183,1.);
#1183 = DIRECTION('',(0.,-1.));
#1184 = ( GEOMETRIC_REPRESENTATION_CONTEXT(2) 
PARAMETRIC_REPRESENTATION_CONTEXT() REPRESENTATION_CONTEXT('2D SPACE',''
  ) );
#1185 = PCURVE('',#742,#1186);
#1186 = DEFINITIONAL_REPRESENTATION('',(#1187),#1191);
#1187 = LINE('',#1188,#1189);
#1188 = CARTESIAN_POINT('',(-5.,-14.));
#1189 = VECTOR('',#1190,1.);
#1190 = DIRECTION('',(1.,0.));
#1191 = ( GEOMETRIC_REPRESENTATION_CONTEXT(2) 
PARAMETRIC_REPRESENTATION_CONTEXT() REPRESENTATION_CONTEXT('2D SPACE',''
  ) );
#1192 = ORIENTED_EDGE('',*,*,#1193,.T.);
#1193 = EDGE_CURVE('',#1171,#1194,#1196,.T.);
#1194 = VERTEX_POINT('',#1195);
#1195 = CARTESIAN_POINT('',(29.6,-47.5,-131.5));
#1196 = SURFACE_CURVE('',#1197,(#1202,#1209),.PCURVE_S1.);
#1197 = CIRCLE('',#1198,6.);
#1198 = AXIS2_PLACEMENT_3D('',#1199,#1200,#1201);
#1199 = CARTESIAN_POINT('',(29.6,-47.5,-125.5));
#1200 = DIRECTION('',(0.,1.,-0.));
#1201 = DIRECTION('',(-1.,0.,0.));
#1202 = PCURVE('',#72,#1203);
#1203 = DEFINITIONAL_REPRESENTATION('',(#1204),#1208);
#1204 = CIRCLE('',#1205,6.);
#1205 = AXIS2_PLACEMENT_2D('',#1206,#1207);
#1206 = CARTESIAN_POINT('',(-29.6,-56.34014806476));
#1207 = DIRECTION('',(1.,0.));
#1208 = ( GEOMETRIC_REPRESENTATION_CONTEXT(2) 
PARAMETRIC_REPRESENTATION_CONTEXT() REPRESENTATION_CONTEXT('2D SPACE',''
  ) );
#1209 = PCURVE('',#771,#1210);
#1210 = DEFINITIONAL_REPRESENTATION('',(#1211),#1215);
#1211 = LINE('',#1212,#1213);
#1212 = CARTESIAN_POINT('',(-0.,-14.));
#1213 = VECTOR('',#1214,1.);
#1214 = DIRECTION('',(-1.,0.));
#1215 = ( GEOMETRIC_REPRESENTATION_CONTEXT(2) 
PARAMETRIC_REPRESENTATION_CONTEXT() REPRESENTATION_CONTEXT('2D SPACE',''
  ) );
#1216 = ORIENTED_EDGE('',*,*,#1217,.T.);
#1217 = EDGE_CURVE('',#1194,#1218,#1220,.T.);
#1218 = VERTEX_POINT('',#1219);
#1219 = CARTESIAN_POINT('',(-29.6,-47.5,-131.5));
#1220 = SURFACE_CURVE('',#1221,(#1225,#1232),.PCURVE_S1.);
#1221 = LINE('',#1222,#1223);
#1222 = CARTESIAN_POINT('',(35.6,-47.5,-131.5));
#1223 = VECTOR('',#1224,1.);
#1224 = DIRECTION('',(-1.,0.,0.));
#1225 = PCURVE('',#72,#1226);
#1226 = DEFINITIONAL_REPRESENTATION('',(#1227),#1231);
#1227 = LINE('',#1228,#1229);
#1228 = CARTESIAN_POINT('',(-35.6,-62.34014806476));
#1229 = VECTOR('',#1230,1.);
#1230 = DIRECTION('',(1.,0.));
#1231 = ( GEOMETRIC_REPRESENTATION_CONTEXT(2) 
PARAMETRIC_REPRESENTATION_CONTEXT() REPRESENTATION_CONTEXT('2D SPACE',''
  ) );
#1232 = PCURVE('',#799,#1233);
#1233 = DEFINITIONAL_REPRESENTATION('',(#1234),#1238);
#1234 = LINE('',#1235,#1236);
#1235 = CARTESIAN_POINT('',(-6.,-14.));
#1236 = VECTOR('',#1237,1.);
#1237 = DIRECTION('',(1.,0.));
#1238 = ( GEOMETRIC_REPRESENTATION_CONTEXT(2) 
PARAMETRIC_REPRESENTATION_CONTEXT() REPRESENTATION_CONTEXT('2D SPACE',''
  ) );
#1239 = ORIENTED_EDGE('',*,*,#1240,.T.);
#1240 = EDGE_CURVE('',#1218,#1241,#1243,.T.);
#1241 = VERTEX_POINT('',#1242);
#1242 = CARTESIAN_POINT('',(-35.6,-47.5,-125.5));
#1243 = SURFACE_CURVE('',#1244,(#1249,#1256),.PCURVE_S1.);
#1244 = CIRCLE('',#1245,6.);
#1245 = AXIS2_PLACEMENT_3D('',#1246,#1247,#1248);
#1246 = CARTESIAN_POINT('',(-29.6,-47.5,-125.5));
#1247 = DIRECTION('',(0.,1.,-0.));
#1248 = DIRECTION('',(-1.,0.,0.));
#1249 = PCURVE('',#72,#1250);
#1250 = DEFINITIONAL_REPRESENTATION('',(#1251),#1255);
#1251 = CIRCLE('',#1252,6.);
#1252 = AXIS2_PLACEMENT_2D('',#1253,#1254);
#1253 = CARTESIAN_POINT('',(29.6,-56.34014806476));
#1254 = DIRECTION('',(1.,0.));
#1255 = ( GEOMETRIC_REPRESENTATION_CONTEXT(2) 
PARAMETRIC_REPRESENTATION_CONTEXT() REPRESENTATION_CONTEXT('2D SPACE',''
  ) );
#1256 = PCURVE('',#828,#1257);
#1257 = DEFINITIONAL_REPRESENTATION('',(#1258),#1262);
#1258 = LINE('',#1259,#1260);
#1259 = CARTESIAN_POINT('',(-0.,-14.));
#1260 = VECTOR('',#1261,1.);
#1261 = DIRECTION('',(-1.,0.));
#1262 = ( GEOMETRIC_REPRESENTATION_CONTEXT(2) 
PARAMETRIC_REPRESENTATION_CONTEXT() REPRESENTATION_CONTEXT('2D SPACE',''
  ) );
#1263 = ORIENTED_EDGE('',*,*,#1264,.T.);
#1264 = EDGE_CURVE('',#1241,#1265,#1267,.T.);
#1265 = VERTEX_POINT('',#1266);
#1266 = CARTESIAN_POINT('',(-35.6,-47.5,-10.));
#1267 = SURFACE_CURVE('',#1268,(#1272,#1279),.PCURVE_S1.);
#1268 = LINE('',#1269,#1270);
#1269 = CARTESIAN_POINT('',(-35.6,-47.5,-131.5));
#1270 = VECTOR('',#1271,1.);
#1271 = DIRECTION('',(0.,0.,1.));
#1272 = PCURVE('',#72,#1273);
#1273 = DEFINITIONAL_REPRESENTATION('',(#1274),#1278);
#1274 = LINE('',#1275,#1276);
#1275 = CARTESIAN_POINT('',(35.6,-62.34014806476));
#1276 = VECTOR('',#1277,1.);
#1277 = DIRECTION('',(0.,1.));
#1278 = ( GEOMETRIC_REPRESENTATION_CONTEXT(2) 
PARAMETRIC_REPRESENTATION_CONTEXT() REPRESENTATION_CONTEXT('2D SPACE',''
  ) );
#1279 = PCURVE('',#856,#1280);
#1280 = DEFINITIONAL_REPRESENTATION('',(#1281),#1285);
#1281 = LINE('',#1282,#1283);
#1282 = CARTESIAN_POINT('',(-6.,-14.));
#1283 = VECTOR('',#1284,1.);
#1284 = DIRECTION('',(1.,0.));
#1285 = ( GEOMETRIC_REPRESENTATION_CONTEXT(2) 
PARAMETRIC_REPRESENTATION_CONTEXT() REPRESENTATION_CONTEXT('2D SPACE',''
  ) );
#1286 = ORIENTED_EDGE('',*,*,#1287,.T.);
#1287 = EDGE_CURVE('',#1265,#1288,#1290,.T.);
#1288 = VERTEX_POINT('',#1289);
#1289 = CARTESIAN_POINT('',(-40.6,-47.5,-5.));
#1290 = SURFACE_CURVE('',#1291,(#1296,#1307),.PCURVE_S1.);
#1291 = CIRCLE('',#1292,5.);
#1292 = AXIS2_PLACEMENT_3D('',#1293,#1294,#1295);
#1293 = CARTESIAN_POINT('',(-40.6,-47.5,-10.));
#1294 = DIRECTION('',(0.,-1.,0.));
#1295 = DIRECTION('',(1.,0.,0.));
#1296 = PCURVE('',#72,#1297);
#1297 = DEFINITIONAL_REPRESENTATION('',(#1298),#1306);
#1298 = ( BOUNDED_CURVE() B_SPLINE_CURVE(2,(#1299,#1300,#1301,#1302,
#1303,#1304,#1305),.UNSPECIFIED.,.T.,.F.) B_SPLINE_CURVE_WITH_KNOTS((1,2
    ,2,2,2,1),(-2.094395102393,0.,2.094395102393,4.188790204786,
6.28318530718,8.377580409573),.UNSPECIFIED.) CURVE() 
GEOMETRIC_REPRESENTATION_ITEM() RATIONAL_B_SPLINE_CURVE((1.,0.5,1.,0.5,
1.,0.5,1.)) REPRESENTATION_ITEM('') );
#1299 = CARTESIAN_POINT('',(35.6,59.15985193524));
#1300 = CARTESIAN_POINT('',(35.6,67.820105973084));
#1301 = CARTESIAN_POINT('',(43.1,63.489978954162));
#1302 = CARTESIAN_POINT('',(50.6,59.15985193524));
#1303 = CARTESIAN_POINT('',(43.1,54.829724916317));
#1304 = CARTESIAN_POINT('',(35.6,50.499597897395));
#1305 = CARTESIAN_POINT('',(35.6,59.15985193524));
#1306 = ( GEOMETRIC_REPRESENTATION_CONTEXT(2) 
PARAMETRIC_REPRESENTATION_CONTEXT() REPRESENTATION_CONTEXT('2D SPACE',''
  ) );
#1307 = PCURVE('',#889,#1308);
#1308 = DEFINITIONAL_REPRESENTATION('',(#1309),#1313);
#1309 = LINE('',#1310,#1311);
#1310 = CARTESIAN_POINT('',(0.,-14.));
#1311 = VECTOR('',#1312,1.);
#1312 = DIRECTION('',(1.,0.));
#1313 = ( GEOMETRIC_REPRESENTATION_CONTEXT(2) 
PARAMETRIC_REPRESENTATION_CONTEXT() REPRESENTATION_CONTEXT('2D SPACE',''
  ) );
#1314 = ORIENTED_EDGE('',*,*,#1315,.T.);
#1315 = EDGE_CURVE('',#1288,#144,#1316,.T.);
#1316 = SURFACE_CURVE('',#1317,(#1321,#1328),.PCURVE_S1.);
#1317 = LINE('',#1318,#1319);
#1318 = CARTESIAN_POINT('',(-35.6,-47.5,-5.));
#1319 = VECTOR('',#1320,1.);
#1320 = DIRECTION('',(-1.,0.,0.));
#1321 = PCURVE('',#72,#1322);
#1322 = DEFINITIONAL_REPRESENTATION('',(#1323),#1327);
#1323 = LINE('',#1324,#1325);
#1324 = CARTESIAN_POINT('',(35.6,64.15985193524));
#1325 = VECTOR('',#1326,1.);
#1326 = DIRECTION('',(1.,0.));
#1327 = ( GEOMETRIC_REPRESENTATION_CONTEXT(2) 
PARAMETRIC_REPRESENTATION_CONTEXT() REPRESENTATION_CONTEXT('2D SPACE',''
  ) );
#1328 = PCURVE('',#159,#1329);
#1329 = DEFINITIONAL_REPRESENTATION('',(#1330),#1334);
#1330 = LINE('',#1331,#1332);
#1331 = CARTESIAN_POINT('',(-5.,-14.));
#1332 = VECTOR('',#1333,1.);
#1333 = DIRECTION('',(1.,0.));
#1334 = ( GEOMETRIC_REPRESENTATION_CONTEXT(2) 
PARAMETRIC_REPRESENTATION_CONTEXT() REPRESENTATION_CONTEXT('2D SPACE',''
  ) );
#1335 = ORIENTED_EDGE('',*,*,#171,.T.);
#1336 = ADVANCED_FACE('',(#1337,#1363),#159,.F.);
#1337 = FACE_BOUND('',#1338,.F.);
#1338 = EDGE_LOOP('',(#1339,#1360,#1361,#1362));
#1339 = ORIENTED_EDGE('',*,*,#1340,.T.);
#1340 = EDGE_CURVE('',#869,#1288,#1341,.T.);
#1341 = SURFACE_CURVE('',#1342,(#1346,#1353),.PCURVE_S1.);
#1342 = LINE('',#1343,#1344);
#1343 = CARTESIAN_POINT('',(-40.6,-61.5,-5.));
#1344 = VECTOR('',#1345,1.);
#1345 = DIRECTION('',(0.,1.,0.));
#1346 = PCURVE('',#159,#1347);
#1347 = DEFINITIONAL_REPRESENTATION('',(#1348),#1352);
#1348 = LINE('',#1349,#1350);
#1349 = CARTESIAN_POINT('',(0.,0.));
#1350 = VECTOR('',#1351,1.);
#1351 = DIRECTION('',(0.,-1.));
#1352 = ( GEOMETRIC_REPRESENTATION_CONTEXT(2) 
PARAMETRIC_REPRESENTATION_CONTEXT() REPRESENTATION_CONTEXT('2D SPACE',''
  ) );
#1353 = PCURVE('',#889,#1354);
#1354 = DEFINITIONAL_REPRESENTATION('',(#1355),#1359);
#1355 = LINE('',#1356,#1357);
#1356 = CARTESIAN_POINT('',(1.570796326795,0.));
#1357 = VECTOR('',#1358,1.);
#1358 = DIRECTION('',(0.,-1.));
#1359 = ( GEOMETRIC_REPRESENTATION_CONTEXT(2) 
PARAMETRIC_REPRESENTATION_CONTEXT() REPRESENTATION_CONTEXT('2D SPACE',''
  ) );
#1360 = ORIENTED_EDGE('',*,*,#1315,.T.);
#1361 = ORIENTED_EDGE('',*,*,#141,.F.);
#1362 = ORIENTED_EDGE('',*,*,#901,.F.);
#1363 = FACE_BOUND('',#1364,.F.);
#1364 = EDGE_LOOP('',(#1365));
#1365 = ORIENTED_EDGE('',*,*,#1366,.F.);
#1366 = EDGE_CURVE('',#1367,#1367,#1369,.T.);
#1367 = VERTEX_POINT('',#1368);
#1368 = CARTESIAN_POINT('',(-41.1,-54.5,-5.));
#1369 = SURFACE_CURVE('',#1370,(#1375,#1382),.PCURVE_S1.);
#1370 = CIRCLE('',#1371,4.5);
#1371 = AXIS2_PLACEMENT_3D('',#1372,#1373,#1374);
#1372 = CARTESIAN_POINT('',(-45.6,-54.5,-5.));
#1373 = DIRECTION('',(0.,0.,1.));
#1374 = DIRECTION('',(1.,0.,-0.));
#1375 = PCURVE('',#159,#1376);
#1376 = DEFINITIONAL_REPRESENTATION('',(#1377),#1381);
#1377 = CIRCLE('',#1378,4.5);
#1378 = AXIS2_PLACEMENT_2D('',#1379,#1380);
#1379 = CARTESIAN_POINT('',(5.,-7.));
#1380 = DIRECTION('',(-1.,-0.));
#1381 = ( GEOMETRIC_REPRESENTATION_CONTEXT(2) 
PARAMETRIC_REPRESENTATION_CONTEXT() REPRESENTATION_CONTEXT('2D SPACE',''
  ) );
#1382 = PCURVE('',#1383,#1388);
#1383 = CONICAL_SURFACE('',#1384,4.6,0.785398163397);
#1384 = AXIS2_PLACEMENT_3D('',#1385,#1386,#1387);
#1385 = CARTESIAN_POINT('',(-45.6,-54.5,-5.1));
#1386 = DIRECTION('',(-0.,-0.,-1.));
#1387 = DIRECTION('',(1.,0.,-0.));
#1388 = DEFINITIONAL_REPRESENTATION('',(#1389),#1393);
#1389 = LINE('',#1390,#1391);
#1390 = CARTESIAN_POINT('',(-0.,-1.E-01));
#1391 = VECTOR('',#1392,1.);
#1392 = DIRECTION('',(-1.,-0.));
#1393 = ( GEOMETRIC_REPRESENTATION_CONTEXT(2) 
PARAMETRIC_REPRESENTATION_CONTEXT() REPRESENTATION_CONTEXT('2D SPACE',''
  ) );
#1394 = ADVANCED_FACE('',(#1395),#259,.T.);
#1395 = FACE_BOUND('',#1396,.T.);
#1396 = EDGE_LOOP('',(#1397,#1418,#1419,#1420));
#1397 = ORIENTED_EDGE('',*,*,#1398,.T.);
#1398 = EDGE_CURVE('',#333,#929,#1399,.T.);
#1399 = SURFACE_CURVE('',#1400,(#1404,#1411),.PCURVE_S1.);
#1400 = LINE('',#1401,#1402);
#1401 = CARTESIAN_POINT('',(-30.6,-61.5,-124.));
#1402 = VECTOR('',#1403,1.);
#1403 = DIRECTION('',(0.,1.,0.));
#1404 = PCURVE('',#259,#1405);
#1405 = DEFINITIONAL_REPRESENTATION('',(#1406),#1410);
#1406 = LINE('',#1407,#1408);
#1407 = CARTESIAN_POINT('',(0.,0.));
#1408 = VECTOR('',#1409,1.);
#1409 = DIRECTION('',(0.,-1.));
#1410 = ( GEOMETRIC_REPRESENTATION_CONTEXT(2) 
PARAMETRIC_REPRESENTATION_CONTEXT() REPRESENTATION_CONTEXT('2D SPACE',''
  ) );
#1411 = PCURVE('',#376,#1412);
#1412 = DEFINITIONAL_REPRESENTATION('',(#1413),#1417);
#1413 = LINE('',#1414,#1415);
#1414 = CARTESIAN_POINT('',(3.14159265359,0.));
#1415 = VECTOR('',#1416,1.);
#1416 = DIRECTION('',(0.,-1.));
#1417 = ( GEOMETRIC_REPRESENTATION_CONTEXT(2) 
PARAMETRIC_REPRESENTATION_CONTEXT() REPRESENTATION_CONTEXT('2D SPACE',''
  ) );
#1418 = ORIENTED_EDGE('',*,*,#928,.T.);
#1419 = ORIENTED_EDGE('',*,*,#243,.F.);
#1420 = ORIENTED_EDGE('',*,*,#332,.F.);
#1421 = ADVANCED_FACE('',(#1422),#315,.F.);
#1422 = FACE_BOUND('',#1423,.F.);
#1423 = EDGE_LOOP('',(#1424,#1448,#1469,#1470));
#1424 = ORIENTED_EDGE('',*,*,#1425,.T.);
#1425 = EDGE_CURVE('',#1426,#1426,#1428,.T.);
#1426 = VERTEX_POINT('',#1427);
#1427 = CARTESIAN_POINT('',(-43.35,-54.5,-2.75));
#1428 = SURFACE_CURVE('',#1429,(#1434,#1441),.PCURVE_S1.);
#1429 = CIRCLE('',#1430,2.25);
#1430 = AXIS2_PLACEMENT_3D('',#1431,#1432,#1433);
#1431 = CARTESIAN_POINT('',(-45.6,-54.5,-2.75));
#1432 = DIRECTION('',(0.,0.,1.));
#1433 = DIRECTION('',(1.,0.,-0.));
#1434 = PCURVE('',#315,#1435);
#1435 = DEFINITIONAL_REPRESENTATION('',(#1436),#1440);
#1436 = LINE('',#1437,#1438);
#1437 = CARTESIAN_POINT('',(0.,3.25));
#1438 = VECTOR('',#1439,1.);
#1439 = DIRECTION('',(1.,0.));
#1440 = ( GEOMETRIC_REPRESENTATION_CONTEXT(2) 
PARAMETRIC_REPRESENTATION_CONTEXT() REPRESENTATION_CONTEXT('2D SPACE',''
  ) );
#1441 = PCURVE('',#1383,#1442);
#1442 = DEFINITIONAL_REPRESENTATION('',(#1443),#1447);
#1443 = LINE('',#1444,#1445);
#1444 = CARTESIAN_POINT('',(-0.,-2.35));
#1445 = VECTOR('',#1446,1.);
#1446 = DIRECTION('',(-1.,-0.));
#1447 = ( GEOMETRIC_REPRESENTATION_CONTEXT(2) 
PARAMETRIC_REPRESENTATION_CONTEXT() REPRESENTATION_CONTEXT('2D SPACE',''
  ) );
#1448 = ORIENTED_EDGE('',*,*,#1449,.T.);
#1449 = EDGE_CURVE('',#1426,#295,#1450,.T.);
#1450 = SEAM_CURVE('',#1451,(#1455,#1462),.PCURVE_S1.);
#1451 = LINE('',#1452,#1453);
#1452 = CARTESIAN_POINT('',(-43.35,-54.5,-6.));
#1453 = VECTOR('',#1454,1.);
#1454 = DIRECTION('',(0.,0.,1.));
#1455 = PCURVE('',#315,#1456);
#1456 = DEFINITIONAL_REPRESENTATION('',(#1457),#1461);
#1457 = LINE('',#1458,#1459);
#1458 = CARTESIAN_POINT('',(0.,-0.));
#1459 = VECTOR('',#1460,1.);
#1460 = DIRECTION('',(0.,1.));
#1461 = ( GEOMETRIC_REPRESENTATION_CONTEXT(2) 
PARAMETRIC_REPRESENTATION_CONTEXT() REPRESENTATION_CONTEXT('2D SPACE',''
  ) );
#1462 = PCURVE('',#315,#1463);
#1463 = DEFINITIONAL_REPRESENTATION('',(#1464),#1468);
#1464 = LINE('',#1465,#1466);
#1465 = CARTESIAN_POINT('',(6.28318530718,-0.));
#1466 = VECTOR('',#1467,1.);
#1467 = DIRECTION('',(0.,1.));
#1468 = ( GEOMETRIC_REPRESENTATION_CONTEXT(2) 
PARAMETRIC_REPRESENTATION_CONTEXT() REPRESENTATION_CONTEXT('2D SPACE',''
  ) );
#1469 = ORIENTED_EDGE('',*,*,#294,.F.);
#1470 = ORIENTED_EDGE('',*,*,#1449,.F.);
#1471 = ADVANCED_FACE('',(#1472),#376,.F.);
#1472 = FACE_BOUND('',#1473,.F.);
#1473 = EDGE_LOOP('',(#1474,#1475,#1476,#1497));
#1474 = ORIENTED_EDGE('',*,*,#1398,.T.);
#1475 = ORIENTED_EDGE('',*,*,#951,.T.);
#1476 = ORIENTED_EDGE('',*,*,#1477,.F.);
#1477 = EDGE_CURVE('',#356,#952,#1478,.T.);
#1478 = SURFACE_CURVE('',#1479,(#1483,#1490),.PCURVE_S1.);
#1479 = LINE('',#1480,#1481);
#1480 = CARTESIAN_POINT('',(-28.1,-61.5,-126.5));
#1481 = VECTOR('',#1482,1.);
#1482 = DIRECTION('',(0.,1.,0.));
#1483 = PCURVE('',#376,#1484);
#1484 = DEFINITIONAL_REPRESENTATION('',(#1485),#1489);
#1485 = LINE('',#1486,#1487);
#1486 = CARTESIAN_POINT('',(4.712388980385,0.));
#1487 = VECTOR('',#1488,1.);
#1488 = DIRECTION('',(0.,-1.));
#1489 = ( GEOMETRIC_REPRESENTATION_CONTEXT(2) 
PARAMETRIC_REPRESENTATION_CONTEXT() REPRESENTATION_CONTEXT('2D SPACE',''
  ) );
#1490 = PCURVE('',#404,#1491);
#1491 = DEFINITIONAL_REPRESENTATION('',(#1492),#1496);
#1492 = LINE('',#1493,#1494);
#1493 = CARTESIAN_POINT('',(6.394884621841E-14,0.));
#1494 = VECTOR('',#1495,1.);
#1495 = DIRECTION('',(0.,-1.));
#1496 = ( GEOMETRIC_REPRESENTATION_CONTEXT(2) 
PARAMETRIC_REPRESENTATION_CONTEXT() REPRESENTATION_CONTEXT('2D SPACE',''
  ) );
#1497 = ORIENTED_EDGE('',*,*,#355,.F.);
#1498 = ADVANCED_FACE('',(#1499),#404,.F.);
#1499 = FACE_BOUND('',#1500,.F.);
#1500 = EDGE_LOOP('',(#1501,#1502,#1503,#1504,#1525,#1526,#1549,#1577));
#1501 = ORIENTED_EDGE('',*,*,#388,.F.);
#1502 = ORIENTED_EDGE('',*,*,#1477,.T.);
#1503 = ORIENTED_EDGE('',*,*,#979,.T.);
#1504 = ORIENTED_EDGE('',*,*,#1505,.F.);
#1505 = EDGE_CURVE('',#501,#980,#1506,.T.);
#1506 = SURFACE_CURVE('',#1507,(#1511,#1518),.PCURVE_S1.);
#1507 = LINE('',#1508,#1509);
#1508 = CARTESIAN_POINT('',(28.1,-61.5,-126.5));
#1509 = VECTOR('',#1510,1.);
#1510 = DIRECTION('',(0.,1.,0.));
#1511 = PCURVE('',#404,#1512);
#1512 = DEFINITIONAL_REPRESENTATION('',(#1513),#1517);
#1513 = LINE('',#1514,#1515);
#1514 = CARTESIAN_POINT('',(56.2,0.));
#1515 = VECTOR('',#1516,1.);
#1516 = DIRECTION('',(0.,-1.));
#1517 = ( GEOMETRIC_REPRESENTATION_CONTEXT(2) 
PARAMETRIC_REPRESENTATION_CONTEXT() REPRESENTATION_CONTEXT('2D SPACE',''
  ) );
#1518 = PCURVE('',#540,#1519);
#1519 = DEFINITIONAL_REPRESENTATION('',(#1520),#1524);
#1520 = LINE('',#1521,#1522);
#1521 = CARTESIAN_POINT('',(-4.712388980385,0.));
#1522 = VECTOR('',#1523,1.);
#1523 = DIRECTION('',(-0.,-1.));
#1524 = ( GEOMETRIC_REPRESENTATION_CONTEXT(2) 
PARAMETRIC_REPRESENTATION_CONTEXT() REPRESENTATION_CONTEXT('2D SPACE',''
  ) );
#1525 = ORIENTED_EDGE('',*,*,#500,.F.);
#1526 = ORIENTED_EDGE('',*,*,#1527,.T.);
#1527 = EDGE_CURVE('',#473,#1528,#1530,.T.);
#1528 = VERTEX_POINT('',#1529);
#1529 = CARTESIAN_POINT('',(27.6,-59.,-126.5));
#1530 = SURFACE_CURVE('',#1531,(#1535,#1542),.PCURVE_S1.);
#1531 = LINE('',#1532,#1533);
#1532 = CARTESIAN_POINT('',(27.6,-61.5,-126.5));
#1533 = VECTOR('',#1534,1.);
#1534 = DIRECTION('',(-0.,1.,0.));
#1535 = PCURVE('',#404,#1536);
#1536 = DEFINITIONAL_REPRESENTATION('',(#1537),#1541);
#1537 = LINE('',#1538,#1539);
#1538 = CARTESIAN_POINT('',(55.7,0.));
#1539 = VECTOR('',#1540,1.);
#1540 = DIRECTION('',(0.,-1.));
#1541 = ( GEOMETRIC_REPRESENTATION_CONTEXT(2) 
PARAMETRIC_REPRESENTATION_CONTEXT() REPRESENTATION_CONTEXT('2D SPACE',''
  ) );
#1542 = PCURVE('',#488,#1543);
#1543 = DEFINITIONAL_REPRESENTATION('',(#1544),#1548);
#1544 = LINE('',#1545,#1546);
#1545 = CARTESIAN_POINT('',(0.,0.));
#1546 = VECTOR('',#1547,1.);
#1547 = DIRECTION('',(0.,-1.));
#1548 = ( GEOMETRIC_REPRESENTATION_CONTEXT(2) 
PARAMETRIC_REPRESENTATION_CONTEXT() REPRESENTATION_CONTEXT('2D SPACE',''
  ) );
#1549 = ORIENTED_EDGE('',*,*,#1550,.F.);
#1550 = EDGE_CURVE('',#1551,#1528,#1553,.T.);
#1551 = VERTEX_POINT('',#1552);
#1552 = CARTESIAN_POINT('',(-27.6,-59.,-126.5));
#1553 = SURFACE_CURVE('',#1554,(#1558,#1565),.PCURVE_S1.);
#1554 = LINE('',#1555,#1556);
#1555 = CARTESIAN_POINT('',(-27.6,-59.,-126.5));
#1556 = VECTOR('',#1557,1.);
#1557 = DIRECTION('',(1.,0.,-0.));
#1558 = PCURVE('',#404,#1559);
#1559 = DEFINITIONAL_REPRESENTATION('',(#1560),#1564);
#1560 = LINE('',#1561,#1562);
#1561 = CARTESIAN_POINT('',(0.5,-2.5));
#1562 = VECTOR('',#1563,1.);
#1563 = DIRECTION('',(1.,0.));
#1564 = ( GEOMETRIC_REPRESENTATION_CONTEXT(2) 
PARAMETRIC_REPRESENTATION_CONTEXT() REPRESENTATION_CONTEXT('2D SPACE',''
  ) );
#1565 = PCURVE('',#1566,#1571);
#1566 = PLANE('',#1567);
#1567 = AXIS2_PLACEMENT_3D('',#1568,#1569,#1570);
#1568 = CARTESIAN_POINT('',(-27.6,-59.,-126.5));
#1569 = DIRECTION('',(-0.,1.,0.));
#1570 = DIRECTION('',(0.,0.,1.));
#1571 = DEFINITIONAL_REPRESENTATION('',(#1572),#1576);
#1572 = LINE('',#1573,#1574);
#1573 = CARTESIAN_POINT('',(0.,0.));
#1574 = VECTOR('',#1575,1.);
#1575 = DIRECTION('',(0.,1.));
#1576 = ( GEOMETRIC_REPRESENTATION_CONTEXT(2) 
PARAMETRIC_REPRESENTATION_CONTEXT() REPRESENTATION_CONTEXT('2D SPACE',''
  ) );
#1577 = ORIENTED_EDGE('',*,*,#1578,.F.);
#1578 = EDGE_CURVE('',#389,#1551,#1579,.T.);
#1579 = SURFACE_CURVE('',#1580,(#1584,#1591),.PCURVE_S1.);
#1580 = LINE('',#1581,#1582);
#1581 = CARTESIAN_POINT('',(-27.6,-61.5,-126.5));
#1582 = VECTOR('',#1583,1.);
#1583 = DIRECTION('',(-0.,1.,0.));
#1584 = PCURVE('',#404,#1585);
#1585 = DEFINITIONAL_REPRESENTATION('',(#1586),#1590);
#1586 = LINE('',#1587,#1588);
#1587 = CARTESIAN_POINT('',(0.5,0.));
#1588 = VECTOR('',#1589,1.);
#1589 = DIRECTION('',(0.,-1.));
#1590 = ( GEOMETRIC_REPRESENTATION_CONTEXT(2) 
PARAMETRIC_REPRESENTATION_CONTEXT() REPRESENTATION_CONTEXT('2D SPACE',''
  ) );
#1591 = PCURVE('',#432,#1592);
#1592 = DEFINITIONAL_REPRESENTATION('',(#1593),#1597);
#1593 = LINE('',#1594,#1595);
#1594 = CARTESIAN_POINT('',(0.,0.));
#1595 = VECTOR('',#1596,1.);
#1596 = DIRECTION('',(0.,-1.));
#1597 = ( GEOMETRIC_REPRESENTATION_CONTEXT(2) 
PARAMETRIC_REPRESENTATION_CONTEXT() REPRESENTATION_CONTEXT('2D SPACE',''
  ) );
#1598 = ADVANCED_FACE('',(#1599),#432,.F.);
#1599 = FACE_BOUND('',#1600,.F.);
#1600 = EDGE_LOOP('',(#1601,#1602,#1603,#1626));
#1601 = ORIENTED_EDGE('',*,*,#416,.F.);
#1602 = ORIENTED_EDGE('',*,*,#1578,.T.);
#1603 = ORIENTED_EDGE('',*,*,#1604,.T.);
#1604 = EDGE_CURVE('',#1551,#1605,#1607,.T.);
#1605 = VERTEX_POINT('',#1606);
#1606 = CARTESIAN_POINT('',(-27.6,-59.,-124.));
#1607 = SURFACE_CURVE('',#1608,(#1612,#1619),.PCURVE_S1.);
#1608 = LINE('',#1609,#1610);
#1609 = CARTESIAN_POINT('',(-27.6,-59.,-126.5));
#1610 = VECTOR('',#1611,1.);
#1611 = DIRECTION('',(0.,0.,1.));
#1612 = PCURVE('',#432,#1613);
#1613 = DEFINITIONAL_REPRESENTATION('',(#1614),#1618);
#1614 = LINE('',#1615,#1616);
#1615 = CARTESIAN_POINT('',(0.,-2.5));
#1616 = VECTOR('',#1617,1.);
#1617 = DIRECTION('',(1.,0.));
#1618 = ( GEOMETRIC_REPRESENTATION_CONTEXT(2) 
PARAMETRIC_REPRESENTATION_CONTEXT() REPRESENTATION_CONTEXT('2D SPACE',''
  ) );
#1619 = PCURVE('',#1566,#1620);
#1620 = DEFINITIONAL_REPRESENTATION('',(#1621),#1625);
#1621 = LINE('',#1622,#1623);
#1622 = CARTESIAN_POINT('',(0.,0.));
#1623 = VECTOR('',#1624,1.);
#1624 = DIRECTION('',(1.,0.));
#1625 = ( GEOMETRIC_REPRESENTATION_CONTEXT(2) 
PARAMETRIC_REPRESENTATION_CONTEXT() REPRESENTATION_CONTEXT('2D SPACE',''
  ) );
#1626 = ORIENTED_EDGE('',*,*,#1627,.F.);
#1627 = EDGE_CURVE('',#417,#1605,#1628,.T.);
#1628 = SURFACE_CURVE('',#1629,(#1633,#1640),.PCURVE_S1.);
#1629 = LINE('',#1630,#1631);
#1630 = CARTESIAN_POINT('',(-27.6,-61.5,-124.));
#1631 = VECTOR('',#1632,1.);
#1632 = DIRECTION('',(-0.,1.,0.));
#1633 = PCURVE('',#432,#1634);
#1634 = DEFINITIONAL_REPRESENTATION('',(#1635),#1639);
#1635 = LINE('',#1636,#1637);
#1636 = CARTESIAN_POINT('',(2.5,0.));
#1637 = VECTOR('',#1638,1.);
#1638 = DIRECTION('',(0.,-1.));
#1639 = ( GEOMETRIC_REPRESENTATION_CONTEXT(2) 
PARAMETRIC_REPRESENTATION_CONTEXT() REPRESENTATION_CONTEXT('2D SPACE',''
  ) );
#1640 = PCURVE('',#460,#1641);
#1641 = DEFINITIONAL_REPRESENTATION('',(#1642),#1646);
#1642 = LINE('',#1643,#1644);
#1643 = CARTESIAN_POINT('',(0.,0.));
#1644 = VECTOR('',#1645,1.);
#1645 = DIRECTION('',(0.,1.));
#1646 = ( GEOMETRIC_REPRESENTATION_CONTEXT(2) 
PARAMETRIC_REPRESENTATION_CONTEXT() REPRESENTATION_CONTEXT('2D SPACE',''
  ) );
#1647 = ADVANCED_FACE('',(#1648),#460,.T.);
#1648 = FACE_BOUND('',#1649,.T.);
#1649 = EDGE_LOOP('',(#1650,#1651,#1652,#1675));
#1650 = ORIENTED_EDGE('',*,*,#1627,.F.);
#1651 = ORIENTED_EDGE('',*,*,#444,.T.);
#1652 = ORIENTED_EDGE('',*,*,#1653,.T.);
#1653 = EDGE_CURVE('',#445,#1654,#1656,.T.);
#1654 = VERTEX_POINT('',#1655);
#1655 = CARTESIAN_POINT('',(27.6,-59.,-124.));
#1656 = SURFACE_CURVE('',#1657,(#1661,#1668),.PCURVE_S1.);
#1657 = LINE('',#1658,#1659);
#1658 = CARTESIAN_POINT('',(27.6,-61.5,-124.));
#1659 = VECTOR('',#1660,1.);
#1660 = DIRECTION('',(-0.,1.,0.));
#1661 = PCURVE('',#460,#1662);
#1662 = DEFINITIONAL_REPRESENTATION('',(#1663),#1667);
#1663 = LINE('',#1664,#1665);
#1664 = CARTESIAN_POINT('',(55.2,0.));
#1665 = VECTOR('',#1666,1.);
#1666 = DIRECTION('',(0.,1.));
#1667 = ( GEOMETRIC_REPRESENTATION_CONTEXT(2) 
PARAMETRIC_REPRESENTATION_CONTEXT() REPRESENTATION_CONTEXT('2D SPACE',''
  ) );
#1668 = PCURVE('',#488,#1669);
#1669 = DEFINITIONAL_REPRESENTATION('',(#1670),#1674);
#1670 = LINE('',#1671,#1672);
#1671 = CARTESIAN_POINT('',(2.5,0.));
#1672 = VECTOR('',#1673,1.);
#1673 = DIRECTION('',(0.,-1.));
#1674 = ( GEOMETRIC_REPRESENTATION_CONTEXT(2) 
PARAMETRIC_REPRESENTATION_CONTEXT() REPRESENTATION_CONTEXT('2D SPACE',''
  ) );
#1675 = ORIENTED_EDGE('',*,*,#1676,.F.);
#1676 = EDGE_CURVE('',#1605,#1654,#1677,.T.);
#1677 = SURFACE_CURVE('',#1678,(#1682,#1689),.PCURVE_S1.);
#1678 = LINE('',#1679,#1680);
#1679 = CARTESIAN_POINT('',(-27.6,-59.,-124.));
#1680 = VECTOR('',#1681,1.);
#1681 = DIRECTION('',(1.,0.,-0.));
#1682 = PCURVE('',#460,#1683);
#1683 = DEFINITIONAL_REPRESENTATION('',(#1684),#1688);
#1684 = LINE('',#1685,#1686);
#1685 = CARTESIAN_POINT('',(0.,2.5));
#1686 = VECTOR('',#1687,1.);
#1687 = DIRECTION('',(1.,0.));
#1688 = ( GEOMETRIC_REPRESENTATION_CONTEXT(2) 
PARAMETRIC_REPRESENTATION_CONTEXT() REPRESENTATION_CONTEXT('2D SPACE',''
  ) );
#1689 = PCURVE('',#1566,#1690);
#1690 = DEFINITIONAL_REPRESENTATION('',(#1691),#1695);
#1691 = LINE('',#1692,#1693);
#1692 = CARTESIAN_POINT('',(2.5,0.));
#1693 = VECTOR('',#1694,1.);
#1694 = DIRECTION('',(0.,1.));
#1695 = ( GEOMETRIC_REPRESENTATION_CONTEXT(2) 
PARAMETRIC_REPRESENTATION_CONTEXT() REPRESENTATION_CONTEXT('2D SPACE',''
  ) );
#1696 = ADVANCED_FACE('',(#1697),#488,.T.);
#1697 = FACE_BOUND('',#1698,.T.);
#1698 = EDGE_LOOP('',(#1699,#1700,#1701,#1722));
#1699 = ORIENTED_EDGE('',*,*,#472,.F.);
#1700 = ORIENTED_EDGE('',*,*,#1527,.T.);
#1701 = ORIENTED_EDGE('',*,*,#1702,.T.);
#1702 = EDGE_CURVE('',#1528,#1654,#1703,.T.);
#1703 = SURFACE_CURVE('',#1704,(#1708,#1715),.PCURVE_S1.);
#1704 = LINE('',#1705,#1706);
#1705 = CARTESIAN_POINT('',(27.6,-59.,-126.5));
#1706 = VECTOR('',#1707,1.);
#1707 = DIRECTION('',(0.,0.,1.));
#1708 = PCURVE('',#488,#1709);
#1709 = DEFINITIONAL_REPRESENTATION('',(#1710),#1714);
#1710 = LINE('',#1711,#1712);
#1711 = CARTESIAN_POINT('',(0.,-2.5));
#1712 = VECTOR('',#1713,1.);
#1713 = DIRECTION('',(1.,0.));
#1714 = ( GEOMETRIC_REPRESENTATION_CONTEXT(2) 
PARAMETRIC_REPRESENTATION_CONTEXT() REPRESENTATION_CONTEXT('2D SPACE',''
  ) );
#1715 = PCURVE('',#1566,#1716);
#1716 = DEFINITIONAL_REPRESENTATION('',(#1717),#1721);
#1717 = LINE('',#1718,#1719);
#1718 = CARTESIAN_POINT('',(0.,55.2));
#1719 = VECTOR('',#1720,1.);
#1720 = DIRECTION('',(1.,0.));
#1721 = ( GEOMETRIC_REPRESENTATION_CONTEXT(2) 
PARAMETRIC_REPRESENTATION_CONTEXT() REPRESENTATION_CONTEXT('2D SPACE',''
  ) );
#1722 = ORIENTED_EDGE('',*,*,#1653,.F.);
#1723 = ADVANCED_FACE('',(#1724),#540,.F.);
#1724 = FACE_BOUND('',#1725,.T.);
#1725 = EDGE_LOOP('',(#1726,#1747,#1748,#1749));
#1726 = ORIENTED_EDGE('',*,*,#1727,.T.);
#1727 = EDGE_CURVE('',#524,#1003,#1728,.T.);
#1728 = SURFACE_CURVE('',#1729,(#1733,#1740),.PCURVE_S1.);
#1729 = LINE('',#1730,#1731);
#1730 = CARTESIAN_POINT('',(30.6,-61.5,-124.));
#1731 = VECTOR('',#1732,1.);
#1732 = DIRECTION('',(0.,1.,0.));
#1733 = PCURVE('',#540,#1734);
#1734 = DEFINITIONAL_REPRESENTATION('',(#1735),#1739);
#1735 = LINE('',#1736,#1737);
#1736 = CARTESIAN_POINT('',(-3.14159265359,0.));
#1737 = VECTOR('',#1738,1.);
#1738 = DIRECTION('',(-0.,-1.));
#1739 = ( GEOMETRIC_REPRESENTATION_CONTEXT(2) 
PARAMETRIC_REPRESENTATION_CONTEXT() REPRESENTATION_CONTEXT('2D SPACE',''
  ) );
#1740 = PCURVE('',#568,#1741);
#1741 = DEFINITIONAL_REPRESENTATION('',(#1742),#1746);
#1742 = LINE('',#1743,#1744);
#1743 = CARTESIAN_POINT('',(0.,0.));
#1744 = VECTOR('',#1745,1.);
#1745 = DIRECTION('',(0.,-1.));
#1746 = ( GEOMETRIC_REPRESENTATION_CONTEXT(2) 
PARAMETRIC_REPRESENTATION_CONTEXT() REPRESENTATION_CONTEXT('2D SPACE',''
  ) );
#1747 = ORIENTED_EDGE('',*,*,#1002,.T.);
#1748 = ORIENTED_EDGE('',*,*,#1505,.F.);
#1749 = ORIENTED_EDGE('',*,*,#523,.F.);
#1750 = ADVANCED_FACE('',(#1751),#568,.F.);
#1751 = FACE_BOUND('',#1752,.F.);
#1752 = EDGE_LOOP('',(#1753,#1754,#1755,#1776));
#1753 = ORIENTED_EDGE('',*,*,#1727,.T.);
#1754 = ORIENTED_EDGE('',*,*,#1026,.T.);
#1755 = ORIENTED_EDGE('',*,*,#1756,.F.);
#1756 = EDGE_CURVE('',#553,#1027,#1757,.T.);
#1757 = SURFACE_CURVE('',#1758,(#1762,#1769),.PCURVE_S1.);
#1758 = LINE('',#1759,#1760);
#1759 = CARTESIAN_POINT('',(30.6,-61.5,0.));
#1760 = VECTOR('',#1761,1.);
#1761 = DIRECTION('',(0.,1.,0.));
#1762 = PCURVE('',#568,#1763);
#1763 = DEFINITIONAL_REPRESENTATION('',(#1764),#1768);
#1764 = LINE('',#1765,#1766);
#1765 = CARTESIAN_POINT('',(124.,0.));
#1766 = VECTOR('',#1767,1.);
#1767 = DIRECTION('',(0.,-1.));
#1768 = ( GEOMETRIC_REPRESENTATION_CONTEXT(2) 
PARAMETRIC_REPRESENTATION_CONTEXT() REPRESENTATION_CONTEXT('2D SPACE',''
  ) );
#1769 = PCURVE('',#596,#1770);
#1770 = DEFINITIONAL_REPRESENTATION('',(#1771),#1775);
#1771 = LINE('',#1772,#1773);
#1772 = CARTESIAN_POINT('',(7.105427357601E-15,0.));
#1773 = VECTOR('',#1774,1.);
#1774 = DIRECTION('',(0.,-1.));
#1775 = ( GEOMETRIC_REPRESENTATION_CONTEXT(2) 
PARAMETRIC_REPRESENTATION_CONTEXT() REPRESENTATION_CONTEXT('2D SPACE',''
  ) );
#1776 = ORIENTED_EDGE('',*,*,#552,.F.);
#1777 = ADVANCED_FACE('',(#1778,#1804),#596,.F.);
#1778 = FACE_BOUND('',#1779,.F.);
#1779 = EDGE_LOOP('',(#1780,#1781,#1782,#1803));
#1780 = ORIENTED_EDGE('',*,*,#1756,.T.);
#1781 = ORIENTED_EDGE('',*,*,#1049,.T.);
#1782 = ORIENTED_EDGE('',*,*,#1783,.F.);
#1783 = EDGE_CURVE('',#581,#1050,#1784,.T.);
#1784 = SURFACE_CURVE('',#1785,(#1789,#1796),.PCURVE_S1.);
#1785 = LINE('',#1786,#1787);
#1786 = CARTESIAN_POINT('',(53.6,-61.5,0.));
#1787 = VECTOR('',#1788,1.);
#1788 = DIRECTION('',(0.,1.,0.));
#1789 = PCURVE('',#596,#1790);
#1790 = DEFINITIONAL_REPRESENTATION('',(#1791),#1795);
#1791 = LINE('',#1792,#1793);
#1792 = CARTESIAN_POINT('',(23.,0.));
#1793 = VECTOR('',#1794,1.);
#1794 = DIRECTION('',(0.,-1.));
#1795 = ( GEOMETRIC_REPRESENTATION_CONTEXT(2) 
PARAMETRIC_REPRESENTATION_CONTEXT() REPRESENTATION_CONTEXT('2D SPACE',''
  ) );
#1796 = PCURVE('',#624,#1797);
#1797 = DEFINITIONAL_REPRESENTATION('',(#1798),#1802);
#1798 = LINE('',#1799,#1800);
#1799 = CARTESIAN_POINT('',(0.,-0.));
#1800 = VECTOR('',#1801,1.);
#1801 = DIRECTION('',(0.,-1.));
#1802 = ( GEOMETRIC_REPRESENTATION_CONTEXT(2) 
PARAMETRIC_REPRESENTATION_CONTEXT() REPRESENTATION_CONTEXT('2D SPACE',''
  ) );
#1803 = ORIENTED_EDGE('',*,*,#580,.F.);
#1804 = FACE_BOUND('',#1805,.F.);
#1805 = EDGE_LOOP('',(#1806));
#1806 = ORIENTED_EDGE('',*,*,#1807,.T.);
#1807 = EDGE_CURVE('',#1808,#1808,#1810,.T.);
#1808 = VERTEX_POINT('',#1809);
#1809 = CARTESIAN_POINT('',(47.85,-54.5,0.));
#1810 = SURFACE_CURVE('',#1811,(#1816,#1827),.PCURVE_S1.);
#1811 = CIRCLE('',#1812,2.25);
#1812 = AXIS2_PLACEMENT_3D('',#1813,#1814,#1815);
#1813 = CARTESIAN_POINT('',(45.6,-54.5,0.));
#1814 = DIRECTION('',(0.,0.,1.));
#1815 = DIRECTION('',(1.,0.,-0.));
#1816 = PCURVE('',#596,#1817);
#1817 = DEFINITIONAL_REPRESENTATION('',(#1818),#1826);
#1818 = ( BOUNDED_CURVE() B_SPLINE_CURVE(2,(#1819,#1820,#1821,#1822,
#1823,#1824,#1825),.UNSPECIFIED.,.T.,.F.) B_SPLINE_CURVE_WITH_KNOTS((1,2
    ,2,2,2,1),(-2.094395102393,0.,2.094395102393,4.188790204786,
6.28318530718,8.377580409573),.UNSPECIFIED.) CURVE() 
GEOMETRIC_REPRESENTATION_ITEM() RATIONAL_B_SPLINE_CURVE((1.,0.5,1.,0.5,
1.,0.5,1.)) REPRESENTATION_ITEM('') );
#1819 = CARTESIAN_POINT('',(17.25,-7.));
#1820 = CARTESIAN_POINT('',(17.25,-10.89711431703));
#1821 = CARTESIAN_POINT('',(13.875,-8.948557158515));
#1822 = CARTESIAN_POINT('',(10.5,-7.));
#1823 = CARTESIAN_POINT('',(13.875,-5.051442841485));
#1824 = CARTESIAN_POINT('',(17.25,-3.10288568297));
#1825 = CARTESIAN_POINT('',(17.25,-7.));
#1826 = ( GEOMETRIC_REPRESENTATION_CONTEXT(2) 
PARAMETRIC_REPRESENTATION_CONTEXT() REPRESENTATION_CONTEXT('2D SPACE',''
  ) );
#1827 = PCURVE('',#1828,#1833);
#1828 = CYLINDRICAL_SURFACE('',#1829,2.25);
#1829 = AXIS2_PLACEMENT_3D('',#1830,#1831,#1832);
#1830 = CARTESIAN_POINT('',(45.6,-54.5,-6.));
#1831 = DIRECTION('',(0.,0.,1.));
#1832 = DIRECTION('',(1.,0.,-0.));
#1833 = DEFINITIONAL_REPRESENTATION('',(#1834),#1838);
#1834 = LINE('',#1835,#1836);
#1835 = CARTESIAN_POINT('',(0.,6.));
#1836 = VECTOR('',#1837,1.);
#1837 = DIRECTION('',(1.,0.));
#1838 = ( GEOMETRIC_REPRESENTATION_CONTEXT(2) 
PARAMETRIC_REPRESENTATION_CONTEXT() REPRESENTATION_CONTEXT('2D SPACE',''
  ) );
#1839 = ADVANCED_FACE('',(#1840),#624,.F.);
#1840 = FACE_BOUND('',#1841,.F.);
#1841 = EDGE_LOOP('',(#1842,#1843,#1844,#1865));
#1842 = ORIENTED_EDGE('',*,*,#1783,.T.);
#1843 = ORIENTED_EDGE('',*,*,#1072,.T.);
#1844 = ORIENTED_EDGE('',*,*,#1845,.F.);
#1845 = EDGE_CURVE('',#609,#1073,#1846,.T.);
#1846 = SURFACE_CURVE('',#1847,(#1851,#1858),.PCURVE_S1.);
#1847 = LINE('',#1848,#1849);
#1848 = CARTESIAN_POINT('',(53.6,-61.5,-3.));
#1849 = VECTOR('',#1850,1.);
#1850 = DIRECTION('',(0.,1.,0.));
#1851 = PCURVE('',#624,#1852);
#1852 = DEFINITIONAL_REPRESENTATION('',(#1853),#1857);
#1853 = LINE('',#1854,#1855);
#1854 = CARTESIAN_POINT('',(3.,0.));
#1855 = VECTOR('',#1856,1.);
#1856 = DIRECTION('',(0.,-1.));
#1857 = ( GEOMETRIC_REPRESENTATION_CONTEXT(2) 
PARAMETRIC_REPRESENTATION_CONTEXT() REPRESENTATION_CONTEXT('2D SPACE',''
  ) );
#1858 = PCURVE('',#657,#1859);
#1859 = DEFINITIONAL_REPRESENTATION('',(#1860),#1864);
#1860 = LINE('',#1861,#1862);
#1861 = CARTESIAN_POINT('',(6.28318530718,0.));
#1862 = VECTOR('',#1863,1.);
#1863 = DIRECTION('',(0.,-1.));
#1864 = ( GEOMETRIC_REPRESENTATION_CONTEXT(2) 
PARAMETRIC_REPRESENTATION_CONTEXT() REPRESENTATION_CONTEXT('2D SPACE',''
  ) );
#1865 = ORIENTED_EDGE('',*,*,#608,.F.);
#1866 = ADVANCED_FACE('',(#1867),#657,.T.);
#1867 = FACE_BOUND('',#1868,.T.);
#1868 = EDGE_LOOP('',(#1869,#1890,#1891,#1892));
#1869 = ORIENTED_EDGE('',*,*,#1870,.T.);
#1870 = EDGE_CURVE('',#637,#1096,#1871,.T.);
#1871 = SURFACE_CURVE('',#1872,(#1876,#1883),.PCURVE_S1.);
#1872 = LINE('',#1873,#1874);
#1873 = CARTESIAN_POINT('',(51.6,-61.5,-5.));
#1874 = VECTOR('',#1875,1.);
#1875 = DIRECTION('',(0.,1.,0.));
#1876 = PCURVE('',#657,#1877);
#1877 = DEFINITIONAL_REPRESENTATION('',(#1878),#1882);
#1878 = LINE('',#1879,#1880);
#1879 = CARTESIAN_POINT('',(4.712388980385,0.));
#1880 = VECTOR('',#1881,1.);
#1881 = DIRECTION('',(0.,-1.));
#1882 = ( GEOMETRIC_REPRESENTATION_CONTEXT(2) 
PARAMETRIC_REPRESENTATION_CONTEXT() REPRESENTATION_CONTEXT('2D SPACE',''
  ) );
#1883 = PCURVE('',#685,#1884);
#1884 = DEFINITIONAL_REPRESENTATION('',(#1885),#1889);
#1885 = LINE('',#1886,#1887);
#1886 = CARTESIAN_POINT('',(0.,0.));
#1887 = VECTOR('',#1888,1.);
#1888 = DIRECTION('',(0.,-1.));
#1889 = ( GEOMETRIC_REPRESENTATION_CONTEXT(2) 
PARAMETRIC_REPRESENTATION_CONTEXT() REPRESENTATION_CONTEXT('2D SPACE',''
  ) );
#1890 = ORIENTED_EDGE('',*,*,#1095,.T.);
#1891 = ORIENTED_EDGE('',*,*,#1845,.F.);
#1892 = ORIENTED_EDGE('',*,*,#636,.F.);
#1893 = ADVANCED_FACE('',(#1894,#1920),#685,.F.);
#1894 = FACE_BOUND('',#1895,.F.);
#1895 = EDGE_LOOP('',(#1896,#1897,#1898,#1919));
#1896 = ORIENTED_EDGE('',*,*,#1870,.T.);
#1897 = ORIENTED_EDGE('',*,*,#1123,.T.);
#1898 = ORIENTED_EDGE('',*,*,#1899,.F.);
#1899 = EDGE_CURVE('',#670,#1124,#1900,.T.);
#1900 = SURFACE_CURVE('',#1901,(#1905,#1912),.PCURVE_S1.);
#1901 = LINE('',#1902,#1903);
#1902 = CARTESIAN_POINT('',(40.6,-61.5,-5.));
#1903 = VECTOR('',#1904,1.);
#1904 = DIRECTION('',(0.,1.,0.));
#1905 = PCURVE('',#685,#1906);
#1906 = DEFINITIONAL_REPRESENTATION('',(#1907),#1911);
#1907 = LINE('',#1908,#1909);
#1908 = CARTESIAN_POINT('',(11.,0.));
#1909 = VECTOR('',#1910,1.);
#1910 = DIRECTION('',(0.,-1.));
#1911 = ( GEOMETRIC_REPRESENTATION_CONTEXT(2) 
PARAMETRIC_REPRESENTATION_CONTEXT() REPRESENTATION_CONTEXT('2D SPACE',''
  ) );
#1912 = PCURVE('',#714,#1913);
#1913 = DEFINITIONAL_REPRESENTATION('',(#1914),#1918);
#1914 = LINE('',#1915,#1916);
#1915 = CARTESIAN_POINT('',(-1.570796326795,0.));
#1916 = VECTOR('',#1917,1.);
#1917 = DIRECTION('',(-0.,-1.));
#1918 = ( GEOMETRIC_REPRESENTATION_CONTEXT(2) 
PARAMETRIC_REPRESENTATION_CONTEXT() REPRESENTATION_CONTEXT('2D SPACE',''
  ) );
#1919 = ORIENTED_EDGE('',*,*,#669,.F.);
#1920 = FACE_BOUND('',#1921,.F.);
#1921 = EDGE_LOOP('',(#1922));
#1922 = ORIENTED_EDGE('',*,*,#1923,.F.);
#1923 = EDGE_CURVE('',#1924,#1924,#1926,.T.);
#1924 = VERTEX_POINT('',#1925);
#1925 = CARTESIAN_POINT('',(50.1,-54.5,-5.));
#1926 = SURFACE_CURVE('',#1927,(#1932,#1939),.PCURVE_S1.);
#1927 = CIRCLE('',#1928,4.5);
#1928 = AXIS2_PLACEMENT_3D('',#1929,#1930,#1931);
#1929 = CARTESIAN_POINT('',(45.6,-54.5,-5.));
#1930 = DIRECTION('',(0.,0.,1.));
#1931 = DIRECTION('',(1.,0.,-0.));
#1932 = PCURVE('',#685,#1933);
#1933 = DEFINITIONAL_REPRESENTATION('',(#1934),#1938);
#1934 = CIRCLE('',#1935,4.5);
#1935 = AXIS2_PLACEMENT_2D('',#1936,#1937);
#1936 = CARTESIAN_POINT('',(6.,-7.));
#1937 = DIRECTION('',(-1.,-0.));
#1938 = ( GEOMETRIC_REPRESENTATION_CONTEXT(2) 
PARAMETRIC_REPRESENTATION_CONTEXT() REPRESENTATION_CONTEXT('2D SPACE',''
  ) );
#1939 = PCURVE('',#1940,#1945);
#1940 = CONICAL_SURFACE('',#1941,4.6,0.785398163397);
#1941 = AXIS2_PLACEMENT_3D('',#1942,#1943,#1944);
#1942 = CARTESIAN_POINT('',(45.6,-54.5,-5.1));
#1943 = DIRECTION('',(-0.,-0.,-1.));
#1944 = DIRECTION('',(1.,0.,-0.));
#1945 = DEFINITIONAL_REPRESENTATION('',(#1946),#1950);
#1946 = LINE('',#1947,#1948);
#1947 = CARTESIAN_POINT('',(-0.,-1.E-01));
#1948 = VECTOR('',#1949,1.);
#1949 = DIRECTION('',(-1.,-0.));
#1950 = ( GEOMETRIC_REPRESENTATION_CONTEXT(2) 
PARAMETRIC_REPRESENTATION_CONTEXT() REPRESENTATION_CONTEXT('2D SPACE',''
  ) );
#1951 = ADVANCED_FACE('',(#1952),#714,.F.);
#1952 = FACE_BOUND('',#1953,.T.);
#1953 = EDGE_LOOP('',(#1954,#1975,#1976,#1977));
#1954 = ORIENTED_EDGE('',*,*,#1955,.T.);
#1955 = EDGE_CURVE('',#698,#1147,#1956,.T.);
#1956 = SURFACE_CURVE('',#1957,(#1961,#1968),.PCURVE_S1.);
#1957 = LINE('',#1958,#1959);
#1958 = CARTESIAN_POINT('',(35.6,-61.5,-10.));
#1959 = VECTOR('',#1960,1.);
#1960 = DIRECTION('',(0.,1.,0.));
#1961 = PCURVE('',#714,#1962);
#1962 = DEFINITIONAL_REPRESENTATION('',(#1963),#1967);
#1963 = LINE('',#1964,#1965);
#1964 = CARTESIAN_POINT('',(-0.,0.));
#1965 = VECTOR('',#1966,1.);
#1966 = DIRECTION('',(-0.,-1.));
#1967 = ( GEOMETRIC_REPRESENTATION_CONTEXT(2) 
PARAMETRIC_REPRESENTATION_CONTEXT() REPRESENTATION_CONTEXT('2D SPACE',''
  ) );
#1968 = PCURVE('',#742,#1969);
#1969 = DEFINITIONAL_REPRESENTATION('',(#1970),#1974);
#1970 = LINE('',#1971,#1972);
#1971 = CARTESIAN_POINT('',(0.,-0.));
#1972 = VECTOR('',#1973,1.);
#1973 = DIRECTION('',(0.,-1.));
#1974 = ( GEOMETRIC_REPRESENTATION_CONTEXT(2) 
PARAMETRIC_REPRESENTATION_CONTEXT() REPRESENTATION_CONTEXT('2D SPACE',''
  ) );
#1975 = ORIENTED_EDGE('',*,*,#1146,.T.);
#1976 = ORIENTED_EDGE('',*,*,#1899,.F.);
#1977 = ORIENTED_EDGE('',*,*,#697,.F.);
#1978 = ADVANCED_FACE('',(#1979),#742,.F.);
#1979 = FACE_BOUND('',#1980,.F.);
#1980 = EDGE_LOOP('',(#1981,#1982,#1983,#2004));
#1981 = ORIENTED_EDGE('',*,*,#1955,.T.);
#1982 = ORIENTED_EDGE('',*,*,#1170,.T.);
#1983 = ORIENTED_EDGE('',*,*,#1984,.F.);
#1984 = EDGE_CURVE('',#727,#1171,#1985,.T.);
#1985 = SURFACE_CURVE('',#1986,(#1990,#1997),.PCURVE_S1.);
#1986 = LINE('',#1987,#1988);
#1987 = CARTESIAN_POINT('',(35.6,-61.5,-125.5));
#1988 = VECTOR('',#1989,1.);
#1989 = DIRECTION('',(0.,1.,0.));
#1990 = PCURVE('',#742,#1991);
#1991 = DEFINITIONAL_REPRESENTATION('',(#1992),#1996);
#1992 = LINE('',#1993,#1994);
#1993 = CARTESIAN_POINT('',(115.5,0.));
#1994 = VECTOR('',#1995,1.);
#1995 = DIRECTION('',(0.,-1.));
#1996 = ( GEOMETRIC_REPRESENTATION_CONTEXT(2) 
PARAMETRIC_REPRESENTATION_CONTEXT() REPRESENTATION_CONTEXT('2D SPACE',''
  ) );
#1997 = PCURVE('',#771,#1998);
#1998 = DEFINITIONAL_REPRESENTATION('',(#1999),#2003);
#1999 = LINE('',#2000,#2001);
#2000 = CARTESIAN_POINT('',(-3.14159265359,0.));
#2001 = VECTOR('',#2002,1.);
#2002 = DIRECTION('',(-0.,-1.));
#2003 = ( GEOMETRIC_REPRESENTATION_CONTEXT(2) 
PARAMETRIC_REPRESENTATION_CONTEXT() REPRESENTATION_CONTEXT('2D SPACE',''
  ) );
#2004 = ORIENTED_EDGE('',*,*,#726,.F.);
#2005 = ADVANCED_FACE('',(#2006),#771,.T.);
#2006 = FACE_BOUND('',#2007,.F.);
#2007 = EDGE_LOOP('',(#2008,#2009,#2010,#2031));
#2008 = ORIENTED_EDGE('',*,*,#1984,.T.);
#2009 = ORIENTED_EDGE('',*,*,#1193,.T.);
#2010 = ORIENTED_EDGE('',*,*,#2011,.F.);
#2011 = EDGE_CURVE('',#755,#1194,#2012,.T.);
#2012 = SURFACE_CURVE('',#2013,(#2017,#2024),.PCURVE_S1.);
#2013 = LINE('',#2014,#2015);
#2014 = CARTESIAN_POINT('',(29.6,-61.5,-131.5));
#2015 = VECTOR('',#2016,1.);
#2016 = DIRECTION('',(0.,1.,0.));
#2017 = PCURVE('',#771,#2018);
#2018 = DEFINITIONAL_REPRESENTATION('',(#2019),#2023);
#2019 = LINE('',#2020,#2021);
#2020 = CARTESIAN_POINT('',(-4.712388980385,0.));
#2021 = VECTOR('',#2022,1.);
#2022 = DIRECTION('',(-0.,-1.));
#2023 = ( GEOMETRIC_REPRESENTATION_CONTEXT(2) 
PARAMETRIC_REPRESENTATION_CONTEXT() REPRESENTATION_CONTEXT('2D SPACE',''
  ) );
#2024 = PCURVE('',#799,#2025);
#2025 = DEFINITIONAL_REPRESENTATION('',(#2026),#2030);
#2026 = LINE('',#2027,#2028);
#2027 = CARTESIAN_POINT('',(0.,0.));
#2028 = VECTOR('',#2029,1.);
#2029 = DIRECTION('',(0.,-1.));
#2030 = ( GEOMETRIC_REPRESENTATION_CONTEXT(2) 
PARAMETRIC_REPRESENTATION_CONTEXT() REPRESENTATION_CONTEXT('2D SPACE',''
  ) );
#2031 = ORIENTED_EDGE('',*,*,#754,.F.);
#2032 = ADVANCED_FACE('',(#2033),#799,.F.);
#2033 = FACE_BOUND('',#2034,.F.);
#2034 = EDGE_LOOP('',(#2035,#2036,#2037,#2058));
#2035 = ORIENTED_EDGE('',*,*,#2011,.T.);
#2036 = ORIENTED_EDGE('',*,*,#1217,.T.);
#2037 = ORIENTED_EDGE('',*,*,#2038,.F.);
#2038 = EDGE_CURVE('',#784,#1218,#2039,.T.);
#2039 = SURFACE_CURVE('',#2040,(#2044,#2051),.PCURVE_S1.);
#2040 = LINE('',#2041,#2042);
#2041 = CARTESIAN_POINT('',(-29.6,-61.5,-131.5));
#2042 = VECTOR('',#2043,1.);
#2043 = DIRECTION('',(0.,1.,0.));
#2044 = PCURVE('',#799,#2045);
#2045 = DEFINITIONAL_REPRESENTATION('',(#2046),#2050);
#2046 = LINE('',#2047,#2048);
#2047 = CARTESIAN_POINT('',(59.2,0.));
#2048 = VECTOR('',#2049,1.);
#2049 = DIRECTION('',(0.,-1.));
#2050 = ( GEOMETRIC_REPRESENTATION_CONTEXT(2) 
PARAMETRIC_REPRESENTATION_CONTEXT() REPRESENTATION_CONTEXT('2D SPACE',''
  ) );
#2051 = PCURVE('',#828,#2052);
#2052 = DEFINITIONAL_REPRESENTATION('',(#2053),#2057);
#2053 = LINE('',#2054,#2055);
#2054 = CARTESIAN_POINT('',(-4.712388980385,0.));
#2055 = VECTOR('',#2056,1.);
#2056 = DIRECTION('',(-0.,-1.));
#2057 = ( GEOMETRIC_REPRESENTATION_CONTEXT(2) 
PARAMETRIC_REPRESENTATION_CONTEXT() REPRESENTATION_CONTEXT('2D SPACE',''
  ) );
#2058 = ORIENTED_EDGE('',*,*,#783,.F.);
#2059 = ADVANCED_FACE('',(#2060),#828,.T.);
#2060 = FACE_BOUND('',#2061,.F.);
#2061 = EDGE_LOOP('',(#2062,#2063,#2064,#2085));
#2062 = ORIENTED_EDGE('',*,*,#2038,.T.);
#2063 = ORIENTED_EDGE('',*,*,#1240,.T.);
#2064 = ORIENTED_EDGE('',*,*,#2065,.F.);
#2065 = EDGE_CURVE('',#812,#1241,#2066,.T.);
#2066 = SURFACE_CURVE('',#2067,(#2071,#2078),.PCURVE_S1.);
#2067 = LINE('',#2068,#2069);
#2068 = CARTESIAN_POINT('',(-35.6,-61.5,-125.5));
#2069 = VECTOR('',#2070,1.);
#2070 = DIRECTION('',(0.,1.,0.));
#2071 = PCURVE('',#828,#2072);
#2072 = DEFINITIONAL_REPRESENTATION('',(#2073),#2077);
#2073 = LINE('',#2074,#2075);
#2074 = CARTESIAN_POINT('',(-6.28318530718,0.));
#2075 = VECTOR('',#2076,1.);
#2076 = DIRECTION('',(-0.,-1.));
#2077 = ( GEOMETRIC_REPRESENTATION_CONTEXT(2) 
PARAMETRIC_REPRESENTATION_CONTEXT() REPRESENTATION_CONTEXT('2D SPACE',''
  ) );
#2078 = PCURVE('',#856,#2079);
#2079 = DEFINITIONAL_REPRESENTATION('',(#2080),#2084);
#2080 = LINE('',#2081,#2082);
#2081 = CARTESIAN_POINT('',(0.,0.));
#2082 = VECTOR('',#2083,1.);
#2083 = DIRECTION('',(0.,-1.));
#2084 = ( GEOMETRIC_REPRESENTATION_CONTEXT(2) 
PARAMETRIC_REPRESENTATION_CONTEXT() REPRESENTATION_CONTEXT('2D SPACE',''
  ) );
#2085 = ORIENTED_EDGE('',*,*,#811,.F.);
#2086 = ADVANCED_FACE('',(#2087),#856,.F.);
#2087 = FACE_BOUND('',#2088,.F.);
#2088 = EDGE_LOOP('',(#2089,#2090,#2091,#2112));
#2089 = ORIENTED_EDGE('',*,*,#2065,.T.);
#2090 = ORIENTED_EDGE('',*,*,#1264,.T.);
#2091 = ORIENTED_EDGE('',*,*,#2092,.F.);
#2092 = EDGE_CURVE('',#841,#1265,#2093,.T.);
#2093 = SURFACE_CURVE('',#2094,(#2098,#2105),.PCURVE_S1.);
#2094 = LINE('',#2095,#2096);
#2095 = CARTESIAN_POINT('',(-35.6,-61.5,-10.));
#2096 = VECTOR('',#2097,1.);
#2097 = DIRECTION('',(0.,1.,0.));
#2098 = PCURVE('',#856,#2099);
#2099 = DEFINITIONAL_REPRESENTATION('',(#2100),#2104);
#2100 = LINE('',#2101,#2102);
#2101 = CARTESIAN_POINT('',(115.5,0.));
#2102 = VECTOR('',#2103,1.);
#2103 = DIRECTION('',(0.,-1.));
#2104 = ( GEOMETRIC_REPRESENTATION_CONTEXT(2) 
PARAMETRIC_REPRESENTATION_CONTEXT() REPRESENTATION_CONTEXT('2D SPACE',''
  ) );
#2105 = PCURVE('',#889,#2106);
#2106 = DEFINITIONAL_REPRESENTATION('',(#2107),#2111);
#2107 = LINE('',#2108,#2109);
#2108 = CARTESIAN_POINT('',(0.,0.));
#2109 = VECTOR('',#2110,1.);
#2110 = DIRECTION('',(0.,-1.));
#2111 = ( GEOMETRIC_REPRESENTATION_CONTEXT(2) 
PARAMETRIC_REPRESENTATION_CONTEXT() REPRESENTATION_CONTEXT('2D SPACE',''
  ) );
#2112 = ORIENTED_EDGE('',*,*,#840,.F.);
#2113 = ADVANCED_FACE('',(#2114),#889,.F.);
#2114 = FACE_BOUND('',#2115,.F.);
#2115 = EDGE_LOOP('',(#2116,#2117,#2118,#2119));
#2116 = ORIENTED_EDGE('',*,*,#2092,.T.);
#2117 = ORIENTED_EDGE('',*,*,#1287,.T.);
#2118 = ORIENTED_EDGE('',*,*,#1340,.F.);
#2119 = ORIENTED_EDGE('',*,*,#868,.F.);
#2120 = ADVANCED_FACE('',(#2121),#1383,.F.);
#2121 = FACE_BOUND('',#2122,.F.);
#2122 = EDGE_LOOP('',(#2123,#2144,#2145,#2146));
#2123 = ORIENTED_EDGE('',*,*,#2124,.T.);
#2124 = EDGE_CURVE('',#1367,#1426,#2125,.T.);
#2125 = SEAM_CURVE('',#2126,(#2130,#2137),.PCURVE_S1.);
#2126 = LINE('',#2127,#2128);
#2127 = CARTESIAN_POINT('',(-41.,-54.5,-5.1));
#2128 = VECTOR('',#2129,1.);
#2129 = DIRECTION('',(-0.707106781187,1.731912112471E-16,0.707106781187)
  );
#2130 = PCURVE('',#1383,#2131);
#2131 = DEFINITIONAL_REPRESENTATION('',(#2132),#2136);
#2132 = LINE('',#2133,#2134);
#2133 = CARTESIAN_POINT('',(-6.28318530718,0.));
#2134 = VECTOR('',#2135,1.);
#2135 = DIRECTION('',(-0.,-1.));
#2136 = ( GEOMETRIC_REPRESENTATION_CONTEXT(2) 
PARAMETRIC_REPRESENTATION_CONTEXT() REPRESENTATION_CONTEXT('2D SPACE',''
  ) );
#2137 = PCURVE('',#1383,#2138);
#2138 = DEFINITIONAL_REPRESENTATION('',(#2139),#2143);
#2139 = LINE('',#2140,#2141);
#2140 = CARTESIAN_POINT('',(0.,-0.));
#2141 = VECTOR('',#2142,1.);
#2142 = DIRECTION('',(-0.,-1.));
#2143 = ( GEOMETRIC_REPRESENTATION_CONTEXT(2) 
PARAMETRIC_REPRESENTATION_CONTEXT() REPRESENTATION_CONTEXT('2D SPACE',''
  ) );
#2144 = ORIENTED_EDGE('',*,*,#1425,.F.);
#2145 = ORIENTED_EDGE('',*,*,#2124,.F.);
#2146 = ORIENTED_EDGE('',*,*,#1366,.T.);
#2147 = ADVANCED_FACE('',(#2148),#1566,.T.);
#2148 = FACE_BOUND('',#2149,.T.);
#2149 = EDGE_LOOP('',(#2150,#2151,#2152,#2153));
#2150 = ORIENTED_EDGE('',*,*,#1550,.F.);
#2151 = ORIENTED_EDGE('',*,*,#1604,.T.);
#2152 = ORIENTED_EDGE('',*,*,#1676,.T.);
#2153 = ORIENTED_EDGE('',*,*,#1702,.F.);
#2154 = ADVANCED_FACE('',(#2155),#1828,.F.);
#2155 = FACE_BOUND('',#2156,.F.);
#2156 = EDGE_LOOP('',(#2157,#2181,#2202,#2203));
#2157 = ORIENTED_EDGE('',*,*,#2158,.T.);
#2158 = EDGE_CURVE('',#2159,#2159,#2161,.T.);
#2159 = VERTEX_POINT('',#2160);
#2160 = CARTESIAN_POINT('',(47.85,-54.5,-2.75));
#2161 = SURFACE_CURVE('',#2162,(#2167,#2174),.PCURVE_S1.);
#2162 = CIRCLE('',#2163,2.25);
#2163 = AXIS2_PLACEMENT_3D('',#2164,#2165,#2166);
#2164 = CARTESIAN_POINT('',(45.6,-54.5,-2.75));
#2165 = DIRECTION('',(0.,0.,1.));
#2166 = DIRECTION('',(1.,0.,-0.));
#2167 = PCURVE('',#1828,#2168);
#2168 = DEFINITIONAL_REPRESENTATION('',(#2169),#2173);
#2169 = LINE('',#2170,#2171);
#2170 = CARTESIAN_POINT('',(0.,3.25));
#2171 = VECTOR('',#2172,1.);
#2172 = DIRECTION('',(1.,0.));
#2173 = ( GEOMETRIC_REPRESENTATION_CONTEXT(2) 
PARAMETRIC_REPRESENTATION_CONTEXT() REPRESENTATION_CONTEXT('2D SPACE',''
  ) );
#2174 = PCURVE('',#1940,#2175);
#2175 = DEFINITIONAL_REPRESENTATION('',(#2176),#2180);
#2176 = LINE('',#2177,#2178);
#2177 = CARTESIAN_POINT('',(-0.,-2.35));
#2178 = VECTOR('',#2179,1.);
#2179 = DIRECTION('',(-1.,-0.));
#2180 = ( GEOMETRIC_REPRESENTATION_CONTEXT(2) 
PARAMETRIC_REPRESENTATION_CONTEXT() REPRESENTATION_CONTEXT('2D SPACE',''
  ) );
#2181 = ORIENTED_EDGE('',*,*,#2182,.T.);
#2182 = EDGE_CURVE('',#2159,#1808,#2183,.T.);
#2183 = SEAM_CURVE('',#2184,(#2188,#2195),.PCURVE_S1.);
#2184 = LINE('',#2185,#2186);
#2185 = CARTESIAN_POINT('',(47.85,-54.5,-6.));
#2186 = VECTOR('',#2187,1.);
#2187 = DIRECTION('',(0.,0.,1.));
#2188 = PCURVE('',#1828,#2189);
#2189 = DEFINITIONAL_REPRESENTATION('',(#2190),#2194);
#2190 = LINE('',#2191,#2192);
#2191 = CARTESIAN_POINT('',(0.,-0.));
#2192 = VECTOR('',#2193,1.);
#2193 = DIRECTION('',(0.,1.));
#2194 = ( GEOMETRIC_REPRESENTATION_CONTEXT(2) 
PARAMETRIC_REPRESENTATION_CONTEXT() REPRESENTATION_CONTEXT('2D SPACE',''
  ) );
#2195 = PCURVE('',#1828,#2196);
#2196 = DEFINITIONAL_REPRESENTATION('',(#2197),#2201);
#2197 = LINE('',#2198,#2199);
#2198 = CARTESIAN_POINT('',(6.28318530718,-0.));
#2199 = VECTOR('',#2200,1.);
#2200 = DIRECTION('',(0.,1.));
#2201 = ( GEOMETRIC_REPRESENTATION_CONTEXT(2) 
PARAMETRIC_REPRESENTATION_CONTEXT() REPRESENTATION_CONTEXT('2D SPACE',''
  ) );
#2202 = ORIENTED_EDGE('',*,*,#1807,.F.);
#2203 = ORIENTED_EDGE('',*,*,#2182,.F.);
#2204 = ADVANCED_FACE('',(#2205),#1940,.F.);
#2205 = FACE_BOUND('',#2206,.F.);
#2206 = EDGE_LOOP('',(#2207,#2228,#2229,#2230));
#2207 = ORIENTED_EDGE('',*,*,#2208,.T.);
#2208 = EDGE_CURVE('',#1924,#2159,#2209,.T.);
#2209 = SEAM_CURVE('',#2210,(#2214,#2221),.PCURVE_S1.);
#2210 = LINE('',#2211,#2212);
#2211 = CARTESIAN_POINT('',(50.2,-54.5,-5.1));
#2212 = VECTOR('',#2213,1.);
#2213 = DIRECTION('',(-0.707106781187,1.731912112471E-16,0.707106781187)
  );
#2214 = PCURVE('',#1940,#2215);
#2215 = DEFINITIONAL_REPRESENTATION('',(#2216),#2220);
#2216 = LINE('',#2217,#2218);
#2217 = CARTESIAN_POINT('',(-6.28318530718,0.));
#2218 = VECTOR('',#2219,1.);
#2219 = DIRECTION('',(-0.,-1.));
#2220 = ( GEOMETRIC_REPRESENTATION_CONTEXT(2) 
PARAMETRIC_REPRESENTATION_CONTEXT() REPRESENTATION_CONTEXT('2D SPACE',''
  ) );
#2221 = PCURVE('',#1940,#2222);
#2222 = DEFINITIONAL_REPRESENTATION('',(#2223),#2227);
#2223 = LINE('',#2224,#2225);
#2224 = CARTESIAN_POINT('',(0.,-0.));
#2225 = VECTOR('',#2226,1.);
#2226 = DIRECTION('',(-0.,-1.));
#2227 = ( GEOMETRIC_REPRESENTATION_CONTEXT(2) 
PARAMETRIC_REPRESENTATION_CONTEXT() REPRESENTATION_CONTEXT('2D SPACE',''
  ) );
#2228 = ORIENTED_EDGE('',*,*,#2158,.F.);
#2229 = ORIENTED_EDGE('',*,*,#2208,.F.);
#2230 = ORIENTED_EDGE('',*,*,#1923,.T.);
#2231 = ( GEOMETRIC_REPRESENTATION_CONTEXT(3) 
GLOBAL_UNCERTAINTY_ASSIGNED_CONTEXT((#2235)) 
GLOBAL_UNIT_ASSIGNED_CONTEXT((#2232,#2233,#2234)) REPRESENTATION_CONTEXT
('Context #1','3D Context with UNIT and UNCERTAINTY') );
#2232 = ( LENGTH_UNIT() NAMED_UNIT(*) SI_UNIT(.MILLI.,.METRE.) );
#2233 = ( NAMED_UNIT(*) PLANE_ANGLE_UNIT() SI_UNIT($,.RADIAN.) );
#2234 = ( NAMED_UNIT(*) SI_UNIT($,.STERADIAN.) SOLID_ANGLE_UNIT() );
#2235 = UNCERTAINTY_MEASURE_WITH_UNIT(LENGTH_MEASURE(1.E-07),#2232,
  'distance_accuracy_value','confusion accuracy');
#2236 = PRODUCT_RELATED_PRODUCT_CATEGORY('part',$,(#7));
ENDSEC;
END-ISO-10303-21;
