ISO-10303-21;
HEADER;
FILE_DESCRIPTION(('Open CASCADE Model'),'2;1');
FILE_NAME('Open CASCADE Shape Model','2000-01-01T00:00:00',('Author'),(
    'Open CASCADE'),'Open CASCADE STEP processor 8.0','build123d',
  'Unknown');
FILE_SCHEMA(('AUTOMOTIVE_DESIGN { 1 0 10303 214 1 1 1 1 }'));
ENDSEC;
DATA;
#1 = APPLICATION_PROTOCOL_DEFINITION('international standard',
  'automotive_design',2000,#2);
#2 = APPLICATION_CONTEXT(
  'core data for automotive mechanical design processes');
#3 = SHAPE_DEFINITION_REPRESENTATION(#4,#10);
#4 = PRODUCT_DEFINITION_SHAPE('','',#5);
#5 = PRODUCT_DEFINITION('design','',#6,#9);
#6 = PRODUCT_DEFINITION_FORMATION('','',#7);
#7 = PRODUCT('COMPOUND','COMPOUND','',(#8));
#8 = PRODUCT_CONTEXT('',#2,'mechanical');
#9 = PRODUCT_DEFINITION_CONTEXT('part definition',#2,'design');
#10 = ADVANCED_BREP_SHAPE_REPRESENTATION('',(#11,#15),#18190);
#11 = AXIS2_PLACEMENT_3D('',#12,#13,#14);
#12 = CARTESIAN_POINT('',(0.,0.,0.));
#13 = DIRECTION('',(0.,0.,1.));
#14 = DIRECTION('',(1.,0.,-0.));
#15 = MANIFOLD_SOLID_BREP('',#16);
#16 = CLOSED_SHELL('',(#17,#3399,#3482,#3559,#3837,#3887,#3963,#4012,
    #4061,#4110,#4159,#4208,#4257,#4306,#4355,#4404,#4453,#4502,#4529,
    #4605,#4654,#4703,#4752,#4801,#4850,#4899,#4926,#5002,#5051,#5100,
    #5149,#5198,#5247,#5296,#5345,#5394,#5443,#5492,#5541,#5568,#5644,
    #5693,#5742,#5791,#5840,#5889,#5938,#5965,#6041,#6090,#6139,#6188,
    #6237,#6286,#6335,#6384,#6433,#6460,#6536,#6585,#6634,#6683,#6732,
    #6781,#6830,#6879,#6928,#6977,#7026,#7075,#7124,#7173,#7222,#7271,
    #7320,#7369,#7418,#7467,#7516,#7565,#7614,#7663,#7712,#7761,#7810,
    #7859,#7908,#7935,#8011,#8060,#8109,#8158,#8207,#8256,#8305,#8354,
    #8403,#8452,#8501,#8550,#8599,#8648,#8697,#8746,#8795,#8844,#8893,
    #8942,#8991,#9040,#9089,#9138,#9187,#9236,#9285,#9334,#9383,#9410,
    #9463,#9579,#9632,#9768,#9817,#9867,#9916,#9944,#9993,#10149,#10176,
    #10192,#10203,#10219,#10230,#10243,#10276,#10309,#10334,#11856,
    #11881,#11906,#11931,#11938,#12005,#12096,#12146,#12200,#12267,
    #12321,#12388,#12420,#12496,#12563,#12617,#12684,#12738,#12805,
    #12859,#12904,#12980,#13047,#13101,#13168,#13222,#13289,#13343,
    #13388,#13464,#13531,#13585,#13652,#13706,#13773,#13827,#13872,
    #13948,#14015,#14069,#14136,#14190,#14257,#14311,#14356,#14432,
    #14499,#14553,#14620,#14674,#14741,#14795,#14840,#14916,#14983,
    #15037,#15104,#15158,#15225,#15279,#15324,#15377,#15533,#15559,
    #15585,#15611,#15637,#15663,#15670,#15744,#15797,#15845,#15898,
    #15946,#15999,#16047,#16079,#16153,#16206,#16254,#16307,#16355,
    #16408,#16456,#16488,#16562,#16615,#16663,#16716,#16764,#16817,
    #16865,#16897,#16971,#17024,#17072,#17125,#17173,#17226,#17274,
    #17306,#17380,#17433,#17481,#17534,#17582,#17635,#17683,#17715,
    #17789,#17842,#17890,#17943,#17991,#18044,#18092,#18124,#18135,
    #18146,#18157,#18168,#18179));
#17 = ADVANCED_FACE('',(#18,#137,#503,#729,#1095,#1321,#1603,#2501),#32,
  .F.);
#18 = FACE_BOUND('',#19,.F.);
#19 = EDGE_LOOP('',(#20,#55,#83,#111));
#20 = ORIENTED_EDGE('',*,*,#21,.F.);
#21 = EDGE_CURVE('',#22,#24,#26,.T.);
#22 = VERTEX_POINT('',#23);
#23 = CARTESIAN_POINT('',(43.1,-11.7,0.4));
#24 = VERTEX_POINT('',#25);
#25 = CARTESIAN_POINT('',(43.1,-11.7,9.7));
#26 = SURFACE_CURVE('',#27,(#31,#43),.PCURVE_S1.);
#27 = LINE('',#28,#29);
#28 = CARTESIAN_POINT('',(43.1,-11.7,0.));
#29 = VECTOR('',#30,1.);
#30 = DIRECTION('',(0.,0.,1.));
#31 = PCURVE('',#32,#37);
#32 = PLANE('',#33);
#33 = AXIS2_PLACEMENT_3D('',#34,#35,#36);
#34 = CARTESIAN_POINT('',(-44.1,-11.7,0.));
#35 = DIRECTION('',(-0.,1.,0.));
#36 = DIRECTION('',(0.,0.,1.));
#37 = DEFINITIONAL_REPRESENTATION('',(#38),#42);
#38 = LINE('',#39,#40);
#39 = CARTESIAN_POINT('',(0.,87.2));
#40 = VECTOR('',#41,1.);
#41 = DIRECTION('',(1.,0.));
#42 = ( GEOMETRIC_REPRESENTATION_CONTEXT(2) 
PARAMETRIC_REPRESENTATION_CONTEXT() REPRESENTATION_CONTEXT('2D SPACE',''
  ) );
#43 = PCURVE('',#44,#49);
#44 = CYLINDRICAL_SURFACE('',#45,1.);
#45 = AXIS2_PLACEMENT_3D('',#46,#47,#48);
#46 = CARTESIAN_POINT('',(43.1,-10.7,0.));
#47 = DIRECTION('',(0.,0.,1.));
#48 = DIRECTION('',(0.,-1.,0.));
#49 = DEFINITIONAL_REPRESENTATION('',(#50),#54);
#50 = LINE('',#51,#52);
#51 = CARTESIAN_POINT('',(0.,0.));
#52 = VECTOR('',#53,1.);
#53 = DIRECTION('',(0.,1.));
#54 = ( GEOMETRIC_REPRESENTATION_CONTEXT(2) 
PARAMETRIC_REPRESENTATION_CONTEXT() REPRESENTATION_CONTEXT('2D SPACE',''
  ) );
#55 = ORIENTED_EDGE('',*,*,#56,.F.);
#56 = EDGE_CURVE('',#57,#22,#59,.T.);
#57 = VERTEX_POINT('',#58);
#58 = CARTESIAN_POINT('',(-41.1,-11.7,0.4));
#59 = SURFACE_CURVE('',#60,(#64,#71),.PCURVE_S1.);
#60 = LINE('',#61,#62);
#61 = CARTESIAN_POINT('',(-41.1,-11.7,0.4));
#62 = VECTOR('',#63,1.);
#63 = DIRECTION('',(1.,0.,-0.));
#64 = PCURVE('',#32,#65);
#65 = DEFINITIONAL_REPRESENTATION('',(#66),#70);
#66 = LINE('',#67,#68);
#67 = CARTESIAN_POINT('',(0.4,3.));
#68 = VECTOR('',#69,1.);
#69 = DIRECTION('',(0.,1.));
#70 = ( GEOMETRIC_REPRESENTATION_CONTEXT(2) 
PARAMETRIC_REPRESENTATION_CONTEXT() REPRESENTATION_CONTEXT('2D SPACE',''
  ) );
#71 = PCURVE('',#72,#77);
#72 = PLANE('',#73);
#73 = AXIS2_PLACEMENT_3D('',#74,#75,#76);
#74 = CARTESIAN_POINT('',(-41.1,-11.5,0.2));
#75 = DIRECTION('',(-2.068430171249E-18,-0.707106781187,-0.707106781187)
  );
#76 = DIRECTION('',(-1.,1.462601000501E-18,1.462601000501E-18));
#77 = DEFINITIONAL_REPRESENTATION('',(#78),#82);
#78 = LINE('',#79,#80);
#79 = CARTESIAN_POINT('',(-0.,-0.282842712475));
#80 = VECTOR('',#81,1.);
#81 = DIRECTION('',(-1.,0.));
#82 = ( GEOMETRIC_REPRESENTATION_CONTEXT(2) 
PARAMETRIC_REPRESENTATION_CONTEXT() REPRESENTATION_CONTEXT('2D SPACE',''
  ) );
#83 = ORIENTED_EDGE('',*,*,#84,.T.);
#84 = EDGE_CURVE('',#57,#85,#87,.T.);
#85 = VERTEX_POINT('',#86);
#86 = CARTESIAN_POINT('',(-41.1,-11.7,9.7));
#87 = SURFACE_CURVE('',#88,(#92,#99),.PCURVE_S1.);
#88 = LINE('',#89,#90);
#89 = CARTESIAN_POINT('',(-41.1,-11.7,0.));
#90 = VECTOR('',#91,1.);
#91 = DIRECTION('',(0.,0.,1.));
#92 = PCURVE('',#32,#93);
#93 = DEFINITIONAL_REPRESENTATION('',(#94),#98);
#94 = LINE('',#95,#96);
#95 = CARTESIAN_POINT('',(0.,3.));
#96 = VECTOR('',#97,1.);
#97 = DIRECTION('',(1.,0.));
#98 = ( GEOMETRIC_REPRESENTATION_CONTEXT(2) 
PARAMETRIC_REPRESENTATION_CONTEXT() REPRESENTATION_CONTEXT('2D SPACE',''
  ) );
#99 = PCURVE('',#100,#105);
#100 = CYLINDRICAL_SURFACE('',#101,3.);
#101 = AXIS2_PLACEMENT_3D('',#102,#103,#104);
#102 = CARTESIAN_POINT('',(-41.1,-8.7,0.));
#103 = DIRECTION('',(0.,0.,1.));
#104 = DIRECTION('',(-1.,-0.,0.));
#105 = DEFINITIONAL_REPRESENTATION('',(#106),#110);
#106 = LINE('',#107,#108);
#107 = CARTESIAN_POINT('',(1.570796326795,0.));
#108 = VECTOR('',#109,1.);
#109 = DIRECTION('',(0.,1.));
#110 = ( GEOMETRIC_REPRESENTATION_CONTEXT(2) 
PARAMETRIC_REPRESENTATION_CONTEXT() REPRESENTATION_CONTEXT('2D SPACE',''
  ) );
#111 = ORIENTED_EDGE('',*,*,#112,.T.);
#112 = EDGE_CURVE('',#85,#24,#113,.T.);
#113 = SURFACE_CURVE('',#114,(#118,#125),.PCURVE_S1.);
#114 = LINE('',#115,#116);
#115 = CARTESIAN_POINT('',(-44.1,-11.7,9.7));
#116 = VECTOR('',#117,1.);
#117 = DIRECTION('',(1.,0.,-0.));
#118 = PCURVE('',#32,#119);
#119 = DEFINITIONAL_REPRESENTATION('',(#120),#124);
#120 = LINE('',#121,#122);
#121 = CARTESIAN_POINT('',(9.7,0.));
#122 = VECTOR('',#123,1.);
#123 = DIRECTION('',(0.,1.));
#124 = ( GEOMETRIC_REPRESENTATION_CONTEXT(2) 
PARAMETRIC_REPRESENTATION_CONTEXT() REPRESENTATION_CONTEXT('2D SPACE',''
  ) );
#125 = PCURVE('',#126,#131);
#126 = PLANE('',#127);
#127 = AXIS2_PLACEMENT_3D('',#128,#129,#130);
#128 = CARTESIAN_POINT('',(-44.1,-11.7,9.7));
#129 = DIRECTION('',(0.,0.,1.));
#130 = DIRECTION('',(1.,0.,-0.));
#131 = DEFINITIONAL_REPRESENTATION('',(#132),#136);
#132 = LINE('',#133,#134);
#133 = CARTESIAN_POINT('',(0.,0.));
#134 = VECTOR('',#135,1.);
#135 = DIRECTION('',(1.,0.));
#136 = ( GEOMETRIC_REPRESENTATION_CONTEXT(2) 
PARAMETRIC_REPRESENTATION_CONTEXT() REPRESENTATION_CONTEXT('2D SPACE',''
  ) );
#137 = FACE_BOUND('',#138,.F.);
#138 = EDGE_LOOP('',(#139,#169,#197,#225,#253,#281,#309,#337,#365,#393,
    #421,#449,#477));
#139 = ORIENTED_EDGE('',*,*,#140,.F.);
#140 = EDGE_CURVE('',#141,#143,#145,.T.);
#141 = VERTEX_POINT('',#142);
#142 = CARTESIAN_POINT('',(-37.65712890625,-11.7,2.798388671875));
#143 = VERTEX_POINT('',#144);
#144 = CARTESIAN_POINT('',(-38.328515625,-11.7,2.798388671875));
#145 = SURFACE_CURVE('',#146,(#150,#157),.PCURVE_S1.);
#146 = LINE('',#147,#148);
#147 = CARTESIAN_POINT('',(-37.65712890625,-11.7,2.798388671875));
#148 = VECTOR('',#149,1.);
#149 = DIRECTION('',(-1.,0.,0.));
#150 = PCURVE('',#32,#151);
#151 = DEFINITIONAL_REPRESENTATION('',(#152),#156);
#152 = LINE('',#153,#154);
#153 = CARTESIAN_POINT('',(2.798388671875,6.44287109375));
#154 = VECTOR('',#155,1.);
#155 = DIRECTION('',(0.,-1.));
#156 = ( GEOMETRIC_REPRESENTATION_CONTEXT(2) 
PARAMETRIC_REPRESENTATION_CONTEXT() REPRESENTATION_CONTEXT('2D SPACE',''
  ) );
#157 = PCURVE('',#158,#163);
#158 = PLANE('',#159);
#159 = AXIS2_PLACEMENT_3D('',#160,#161,#162);
#160 = CARTESIAN_POINT('',(-37.65712890625,-11.7,2.798388671875));
#161 = DIRECTION('',(0.,0.,1.));
#162 = DIRECTION('',(-1.,0.,0.));
#163 = DEFINITIONAL_REPRESENTATION('',(#164),#168);
#164 = LINE('',#165,#166);
#165 = CARTESIAN_POINT('',(0.,0.));
#166 = VECTOR('',#167,1.);
#167 = DIRECTION('',(1.,0.));
#168 = ( GEOMETRIC_REPRESENTATION_CONTEXT(2) 
PARAMETRIC_REPRESENTATION_CONTEXT() REPRESENTATION_CONTEXT('2D SPACE',''
  ) );
#169 = ORIENTED_EDGE('',*,*,#170,.F.);
#170 = EDGE_CURVE('',#171,#141,#173,.T.);
#171 = VERTEX_POINT('',#172);
#172 = CARTESIAN_POINT('',(-37.65712890625,-11.7,5.615771484375));
#173 = SURFACE_CURVE('',#174,(#178,#185),.PCURVE_S1.);
#174 = LINE('',#175,#176);
#175 = CARTESIAN_POINT('',(-37.65712890625,-11.7,5.615771484375));
#176 = VECTOR('',#177,1.);
#177 = DIRECTION('',(0.,0.,-1.));
#178 = PCURVE('',#32,#179);
#179 = DEFINITIONAL_REPRESENTATION('',(#180),#184);
#180 = LINE('',#181,#182);
#181 = CARTESIAN_POINT('',(5.615771484375,6.44287109375));
#182 = VECTOR('',#183,1.);
#183 = DIRECTION('',(-1.,0.));
#184 = ( GEOMETRIC_REPRESENTATION_CONTEXT(2) 
PARAMETRIC_REPRESENTATION_CONTEXT() REPRESENTATION_CONTEXT('2D SPACE',''
  ) );
#185 = PCURVE('',#186,#191);
#186 = PLANE('',#187);
#187 = AXIS2_PLACEMENT_3D('',#188,#189,#190);
#188 = CARTESIAN_POINT('',(-37.65712890625,-11.7,5.615771484375));
#189 = DIRECTION('',(-1.,-0.,-0.));
#190 = DIRECTION('',(0.,0.,-1.));
#191 = DEFINITIONAL_REPRESENTATION('',(#192),#196);
#192 = LINE('',#193,#194);
#193 = CARTESIAN_POINT('',(0.,0.));
#194 = VECTOR('',#195,1.);
#195 = DIRECTION('',(1.,0.));
#196 = ( GEOMETRIC_REPRESENTATION_CONTEXT(2) 
PARAMETRIC_REPRESENTATION_CONTEXT() REPRESENTATION_CONTEXT('2D SPACE',''
  ) );
#197 = ORIENTED_EDGE('',*,*,#198,.F.);
#198 = EDGE_CURVE('',#199,#171,#201,.T.);
#199 = VERTEX_POINT('',#200);
#200 = CARTESIAN_POINT('',(-36.94912109375,-11.7,2.798388671875));
#201 = SURFACE_CURVE('',#202,(#206,#213),.PCURVE_S1.);
#202 = LINE('',#203,#204);
#203 = CARTESIAN_POINT('',(-36.94912109375,-11.7,2.798388671875));
#204 = VECTOR('',#205,1.);
#205 = DIRECTION('',(-0.243721919531,0.,0.969845155651));
#206 = PCURVE('',#32,#207);
#207 = DEFINITIONAL_REPRESENTATION('',(#208),#212);
#208 = LINE('',#209,#210);
#209 = CARTESIAN_POINT('',(2.798388671875,7.15087890625));
#210 = VECTOR('',#211,1.);
#211 = DIRECTION('',(0.969845155651,-0.243721919531));
#212 = ( GEOMETRIC_REPRESENTATION_CONTEXT(2) 
PARAMETRIC_REPRESENTATION_CONTEXT() REPRESENTATION_CONTEXT('2D SPACE',''
  ) );
#213 = PCURVE('',#214,#219);
#214 = PLANE('',#215);
#215 = AXIS2_PLACEMENT_3D('',#216,#217,#218);
#216 = CARTESIAN_POINT('',(-36.94912109375,-11.7,2.798388671875));
#217 = DIRECTION('',(0.969845155651,0.,0.243721919531));
#218 = DIRECTION('',(-0.243721919531,0.,0.969845155651));
#219 = DEFINITIONAL_REPRESENTATION('',(#220),#224);
#220 = LINE('',#221,#222);
#221 = CARTESIAN_POINT('',(0.,0.));
#222 = VECTOR('',#223,1.);
#223 = DIRECTION('',(1.,0.));
#224 = ( GEOMETRIC_REPRESENTATION_CONTEXT(2) 
PARAMETRIC_REPRESENTATION_CONTEXT() REPRESENTATION_CONTEXT('2D SPACE',''
  ) );
#225 = ORIENTED_EDGE('',*,*,#226,.F.);
#226 = EDGE_CURVE('',#227,#199,#229,.T.);
#227 = VERTEX_POINT('',#228);
#228 = CARTESIAN_POINT('',(-36.2533203125,-11.7,2.798388671875));
#229 = SURFACE_CURVE('',#230,(#234,#241),.PCURVE_S1.);
#230 = LINE('',#231,#232);
#231 = CARTESIAN_POINT('',(-36.2533203125,-11.7,2.798388671875));
#232 = VECTOR('',#233,1.);
#233 = DIRECTION('',(-1.,0.,0.));
#234 = PCURVE('',#32,#235);
#235 = DEFINITIONAL_REPRESENTATION('',(#236),#240);
#236 = LINE('',#237,#238);
#237 = CARTESIAN_POINT('',(2.798388671875,7.8466796875));
#238 = VECTOR('',#239,1.);
#239 = DIRECTION('',(0.,-1.));
#240 = ( GEOMETRIC_REPRESENTATION_CONTEXT(2) 
PARAMETRIC_REPRESENTATION_CONTEXT() REPRESENTATION_CONTEXT('2D SPACE',''
  ) );
#241 = PCURVE('',#242,#247);
#242 = PLANE('',#243);
#243 = AXIS2_PLACEMENT_3D('',#244,#245,#246);
#244 = CARTESIAN_POINT('',(-36.2533203125,-11.7,2.798388671875));
#245 = DIRECTION('',(0.,0.,1.));
#246 = DIRECTION('',(-1.,0.,0.));
#247 = DEFINITIONAL_REPRESENTATION('',(#248),#252);
#248 = LINE('',#249,#250);
#249 = CARTESIAN_POINT('',(0.,0.));
#250 = VECTOR('',#251,1.);
#251 = DIRECTION('',(1.,0.));
#252 = ( GEOMETRIC_REPRESENTATION_CONTEXT(2) 
PARAMETRIC_REPRESENTATION_CONTEXT() REPRESENTATION_CONTEXT('2D SPACE',''
  ) );
#253 = ORIENTED_EDGE('',*,*,#254,.F.);
#254 = EDGE_CURVE('',#255,#227,#257,.T.);
#255 = VERTEX_POINT('',#256);
#256 = CARTESIAN_POINT('',(-35.54287109375,-11.7,5.615771484375));
#257 = SURFACE_CURVE('',#258,(#262,#269),.PCURVE_S1.);
#258 = LINE('',#259,#260);
#259 = CARTESIAN_POINT('',(-35.54287109375,-11.7,5.615771484375));
#260 = VECTOR('',#261,1.);
#261 = DIRECTION('',(-0.244512175585,-0.,-0.969646222078));
#262 = PCURVE('',#32,#263);
#263 = DEFINITIONAL_REPRESENTATION('',(#264),#268);
#264 = LINE('',#265,#266);
#265 = CARTESIAN_POINT('',(5.615771484375,8.55712890625));
#266 = VECTOR('',#267,1.);
#267 = DIRECTION('',(-0.969646222078,-0.244512175585));
#268 = ( GEOMETRIC_REPRESENTATION_CONTEXT(2) 
PARAMETRIC_REPRESENTATION_CONTEXT() REPRESENTATION_CONTEXT('2D SPACE',''
  ) );
#269 = PCURVE('',#270,#275);
#270 = PLANE('',#271);
#271 = AXIS2_PLACEMENT_3D('',#272,#273,#274);
#272 = CARTESIAN_POINT('',(-35.54287109375,-11.7,5.615771484375));
#273 = DIRECTION('',(-0.969646222078,0.,0.244512175585));
#274 = DIRECTION('',(-0.244512175585,0.,-0.969646222078));
#275 = DEFINITIONAL_REPRESENTATION('',(#276),#280);
#276 = LINE('',#277,#278);
#277 = CARTESIAN_POINT('',(0.,0.));
#278 = VECTOR('',#279,1.);
#279 = DIRECTION('',(1.,0.));
#280 = ( GEOMETRIC_REPRESENTATION_CONTEXT(2) 
PARAMETRIC_REPRESENTATION_CONTEXT() REPRESENTATION_CONTEXT('2D SPACE',''
  ) );
#281 = ORIENTED_EDGE('',*,*,#282,.F.);
#282 = EDGE_CURVE('',#283,#255,#285,.T.);
#283 = VERTEX_POINT('',#284);
#284 = CARTESIAN_POINT('',(-35.54287109375,-11.7,2.798388671875));
#285 = SURFACE_CURVE('',#286,(#290,#297),.PCURVE_S1.);
#286 = LINE('',#287,#288);
#287 = CARTESIAN_POINT('',(-35.54287109375,-11.7,2.798388671875));
#288 = VECTOR('',#289,1.);
#289 = DIRECTION('',(0.,0.,1.));
#290 = PCURVE('',#32,#291);
#291 = DEFINITIONAL_REPRESENTATION('',(#292),#296);
#292 = LINE('',#293,#294);
#293 = CARTESIAN_POINT('',(2.798388671875,8.55712890625));
#294 = VECTOR('',#295,1.);
#295 = DIRECTION('',(1.,0.));
#296 = ( GEOMETRIC_REPRESENTATION_CONTEXT(2) 
PARAMETRIC_REPRESENTATION_CONTEXT() REPRESENTATION_CONTEXT('2D SPACE',''
  ) );
#297 = PCURVE('',#298,#303);
#298 = PLANE('',#299);
#299 = AXIS2_PLACEMENT_3D('',#300,#301,#302);
#300 = CARTESIAN_POINT('',(-35.54287109375,-11.7,2.798388671875));
#301 = DIRECTION('',(1.,0.,-0.));
#302 = DIRECTION('',(0.,0.,1.));
#303 = DEFINITIONAL_REPRESENTATION('',(#304),#308);
#304 = LINE('',#305,#306);
#305 = CARTESIAN_POINT('',(0.,0.));
#306 = VECTOR('',#307,1.);
#307 = DIRECTION('',(1.,0.));
#308 = ( GEOMETRIC_REPRESENTATION_CONTEXT(2) 
PARAMETRIC_REPRESENTATION_CONTEXT() REPRESENTATION_CONTEXT('2D SPACE',''
  ) );
#309 = ORIENTED_EDGE('',*,*,#310,.F.);
#310 = EDGE_CURVE('',#311,#283,#313,.T.);
#311 = VERTEX_POINT('',#312);
#312 = CARTESIAN_POINT('',(-34.871484375,-11.7,2.798388671875));
#313 = SURFACE_CURVE('',#314,(#318,#325),.PCURVE_S1.);
#314 = LINE('',#315,#316);
#315 = CARTESIAN_POINT('',(-34.871484375,-11.7,2.798388671875));
#316 = VECTOR('',#317,1.);
#317 = DIRECTION('',(-1.,0.,0.));
#318 = PCURVE('',#32,#319);
#319 = DEFINITIONAL_REPRESENTATION('',(#320),#324);
#320 = LINE('',#321,#322);
#321 = CARTESIAN_POINT('',(2.798388671875,9.228515625));
#322 = VECTOR('',#323,1.);
#323 = DIRECTION('',(0.,-1.));
#324 = ( GEOMETRIC_REPRESENTATION_CONTEXT(2) 
PARAMETRIC_REPRESENTATION_CONTEXT() REPRESENTATION_CONTEXT('2D SPACE',''
  ) );
#325 = PCURVE('',#326,#331);
#326 = PLANE('',#327);
#327 = AXIS2_PLACEMENT_3D('',#328,#329,#330);
#328 = CARTESIAN_POINT('',(-34.871484375,-11.7,2.798388671875));
#329 = DIRECTION('',(0.,0.,1.));
#330 = DIRECTION('',(-1.,0.,0.));
#331 = DEFINITIONAL_REPRESENTATION('',(#332),#336);
#332 = LINE('',#333,#334);
#333 = CARTESIAN_POINT('',(0.,0.));
#334 = VECTOR('',#335,1.);
#335 = DIRECTION('',(1.,0.));
#336 = ( GEOMETRIC_REPRESENTATION_CONTEXT(2) 
PARAMETRIC_REPRESENTATION_CONTEXT() REPRESENTATION_CONTEXT('2D SPACE',''
  ) );
#337 = ORIENTED_EDGE('',*,*,#338,.F.);
#338 = EDGE_CURVE('',#339,#311,#341,.T.);
#339 = VERTEX_POINT('',#340);
#340 = CARTESIAN_POINT('',(-34.871484375,-11.7,6.377490234375));
#341 = SURFACE_CURVE('',#342,(#346,#353),.PCURVE_S1.);
#342 = LINE('',#343,#344);
#343 = CARTESIAN_POINT('',(-34.871484375,-11.7,6.377490234375));
#344 = VECTOR('',#345,1.);
#345 = DIRECTION('',(0.,0.,-1.));
#346 = PCURVE('',#32,#347);
#347 = DEFINITIONAL_REPRESENTATION('',(#348),#352);
#348 = LINE('',#349,#350);
#349 = CARTESIAN_POINT('',(6.377490234375,9.228515625));
#350 = VECTOR('',#351,1.);
#351 = DIRECTION('',(-1.,0.));
#352 = ( GEOMETRIC_REPRESENTATION_CONTEXT(2) 
PARAMETRIC_REPRESENTATION_CONTEXT() REPRESENTATION_CONTEXT('2D SPACE',''
  ) );
#353 = PCURVE('',#354,#359);
#354 = PLANE('',#355);
#355 = AXIS2_PLACEMENT_3D('',#356,#357,#358);
#356 = CARTESIAN_POINT('',(-34.871484375,-11.7,6.377490234375));
#357 = DIRECTION('',(-1.,-0.,-0.));
#358 = DIRECTION('',(0.,0.,-1.));
#359 = DEFINITIONAL_REPRESENTATION('',(#360),#364);
#360 = LINE('',#361,#362);
#361 = CARTESIAN_POINT('',(0.,0.));
#362 = VECTOR('',#363,1.);
#363 = DIRECTION('',(1.,0.));
#364 = ( GEOMETRIC_REPRESENTATION_CONTEXT(2) 
PARAMETRIC_REPRESENTATION_CONTEXT() REPRESENTATION_CONTEXT('2D SPACE',''
  ) );
#365 = ORIENTED_EDGE('',*,*,#366,.F.);
#366 = EDGE_CURVE('',#367,#339,#369,.T.);
#367 = VERTEX_POINT('',#368);
#368 = CARTESIAN_POINT('',(-35.95546875,-11.7,6.377490234375));
#369 = SURFACE_CURVE('',#370,(#374,#381),.PCURVE_S1.);
#370 = LINE('',#371,#372);
#371 = CARTESIAN_POINT('',(-35.95546875,-11.7,6.377490234375));
#372 = VECTOR('',#373,1.);
#373 = DIRECTION('',(1.,0.,0.));
#374 = PCURVE('',#32,#375);
#375 = DEFINITIONAL_REPRESENTATION('',(#376),#380);
#376 = LINE('',#377,#378);
#377 = CARTESIAN_POINT('',(6.377490234375,8.14453125));
#378 = VECTOR('',#379,1.);
#379 = DIRECTION('',(0.,1.));
#380 = ( GEOMETRIC_REPRESENTATION_CONTEXT(2) 
PARAMETRIC_REPRESENTATION_CONTEXT() REPRESENTATION_CONTEXT('2D SPACE',''
  ) );
#381 = PCURVE('',#382,#387);
#382 = PLANE('',#383);
#383 = AXIS2_PLACEMENT_3D('',#384,#385,#386);
#384 = CARTESIAN_POINT('',(-35.95546875,-11.7,6.377490234375));
#385 = DIRECTION('',(0.,0.,-1.));
#386 = DIRECTION('',(1.,0.,0.));
#387 = DEFINITIONAL_REPRESENTATION('',(#388),#392);
#388 = LINE('',#389,#390);
#389 = CARTESIAN_POINT('',(0.,0.));
#390 = VECTOR('',#391,1.);
#391 = DIRECTION('',(1.,0.));
#392 = ( GEOMETRIC_REPRESENTATION_CONTEXT(2) 
PARAMETRIC_REPRESENTATION_CONTEXT() REPRESENTATION_CONTEXT('2D SPACE',''
  ) );
#393 = ORIENTED_EDGE('',*,*,#394,.F.);
#394 = EDGE_CURVE('',#395,#367,#397,.T.);
#395 = VERTEX_POINT('',#396);
#396 = CARTESIAN_POINT('',(-36.59755859375,-11.7,3.936083984375));
#397 = SURFACE_CURVE('',#398,(#402,#409),.PCURVE_S1.);
#398 = LINE('',#399,#400);
#399 = CARTESIAN_POINT('',(-36.59755859375,-11.7,3.936083984375));
#400 = VECTOR('',#401,1.);
#401 = DIRECTION('',(0.254350484613,0.,0.967112108795));
#402 = PCURVE('',#32,#403);
#403 = DEFINITIONAL_REPRESENTATION('',(#404),#408);
#404 = LINE('',#405,#406);
#405 = CARTESIAN_POINT('',(3.936083984375,7.50244140625));
#406 = VECTOR('',#407,1.);
#407 = DIRECTION('',(0.967112108795,0.254350484613));
#408 = ( GEOMETRIC_REPRESENTATION_CONTEXT(2) 
PARAMETRIC_REPRESENTATION_CONTEXT() REPRESENTATION_CONTEXT('2D SPACE',''
  ) );
#409 = PCURVE('',#410,#415);
#410 = PLANE('',#411);
#411 = AXIS2_PLACEMENT_3D('',#412,#413,#414);
#412 = CARTESIAN_POINT('',(-36.59755859375,-11.7,3.936083984375));
#413 = DIRECTION('',(0.967112108795,0.,-0.254350484613));
#414 = DIRECTION('',(0.254350484613,0.,0.967112108795));
#415 = DEFINITIONAL_REPRESENTATION('',(#416),#420);
#416 = LINE('',#417,#418);
#417 = CARTESIAN_POINT('',(0.,0.));
#418 = VECTOR('',#419,1.);
#419 = DIRECTION('',(1.,0.));
#420 = ( GEOMETRIC_REPRESENTATION_CONTEXT(2) 
PARAMETRIC_REPRESENTATION_CONTEXT() REPRESENTATION_CONTEXT('2D SPACE',''
  ) );
#421 = ORIENTED_EDGE('',*,*,#422,.F.);
#422 = EDGE_CURVE('',#423,#395,#425,.T.);
#423 = VERTEX_POINT('',#424);
#424 = CARTESIAN_POINT('',(-37.24697265625,-11.7,6.377490234375));
#425 = SURFACE_CURVE('',#426,(#430,#437),.PCURVE_S1.);
#426 = LINE('',#427,#428);
#427 = CARTESIAN_POINT('',(-37.24697265625,-11.7,6.377490234375));
#428 = VECTOR('',#429,1.);
#429 = DIRECTION('',(0.257061109879,0.,-0.96639514992));
#430 = PCURVE('',#32,#431);
#431 = DEFINITIONAL_REPRESENTATION('',(#432),#436);
#432 = LINE('',#433,#434);
#433 = CARTESIAN_POINT('',(6.377490234375,6.85302734375));
#434 = VECTOR('',#435,1.);
#435 = DIRECTION('',(-0.96639514992,0.257061109879));
#436 = ( GEOMETRIC_REPRESENTATION_CONTEXT(2) 
PARAMETRIC_REPRESENTATION_CONTEXT() REPRESENTATION_CONTEXT('2D SPACE',''
  ) );
#437 = PCURVE('',#438,#443);
#438 = PLANE('',#439);
#439 = AXIS2_PLACEMENT_3D('',#440,#441,#442);
#440 = CARTESIAN_POINT('',(-37.24697265625,-11.7,6.377490234375));
#441 = DIRECTION('',(-0.96639514992,-0.,-0.257061109879));
#442 = DIRECTION('',(0.257061109879,0.,-0.96639514992));
#443 = DEFINITIONAL_REPRESENTATION('',(#444),#448);
#444 = LINE('',#445,#446);
#445 = CARTESIAN_POINT('',(0.,0.));
#446 = VECTOR('',#447,1.);
#447 = DIRECTION('',(1.,0.));
#448 = ( GEOMETRIC_REPRESENTATION_CONTEXT(2) 
PARAMETRIC_REPRESENTATION_CONTEXT() REPRESENTATION_CONTEXT('2D SPACE',''
  ) );
#449 = ORIENTED_EDGE('',*,*,#450,.F.);
#450 = EDGE_CURVE('',#451,#423,#453,.T.);
#451 = VERTEX_POINT('',#452);
#452 = CARTESIAN_POINT('',(-38.328515625,-11.7,6.377490234375));
#453 = SURFACE_CURVE('',#454,(#458,#465),.PCURVE_S1.);
#454 = LINE('',#455,#456);
#455 = CARTESIAN_POINT('',(-38.328515625,-11.7,6.377490234375));
#456 = VECTOR('',#457,1.);
#457 = DIRECTION('',(1.,0.,0.));
#458 = PCURVE('',#32,#459);
#459 = DEFINITIONAL_REPRESENTATION('',(#460),#464);
#460 = LINE('',#461,#462);
#461 = CARTESIAN_POINT('',(6.377490234375,5.771484375));
#462 = VECTOR('',#463,1.);
#463 = DIRECTION('',(0.,1.));
#464 = ( GEOMETRIC_REPRESENTATION_CONTEXT(2) 
PARAMETRIC_REPRESENTATION_CONTEXT() REPRESENTATION_CONTEXT('2D SPACE',''
  ) );
#465 = PCURVE('',#466,#471);
#466 = PLANE('',#467);
#467 = AXIS2_PLACEMENT_3D('',#468,#469,#470);
#468 = CARTESIAN_POINT('',(-38.328515625,-11.7,6.377490234375));
#469 = DIRECTION('',(0.,0.,-1.));
#470 = DIRECTION('',(1.,0.,0.));
#471 = DEFINITIONAL_REPRESENTATION('',(#472),#476);
#472 = LINE('',#473,#474);
#473 = CARTESIAN_POINT('',(0.,0.));
#474 = VECTOR('',#475,1.);
#475 = DIRECTION('',(1.,0.));
#476 = ( GEOMETRIC_REPRESENTATION_CONTEXT(2) 
PARAMETRIC_REPRESENTATION_CONTEXT() REPRESENTATION_CONTEXT('2D SPACE',''
  ) );
#477 = ORIENTED_EDGE('',*,*,#478,.F.);
#478 = EDGE_CURVE('',#143,#451,#479,.T.);
#479 = SURFACE_CURVE('',#480,(#484,#491),.PCURVE_S1.);
#480 = LINE('',#481,#482);
#481 = CARTESIAN_POINT('',(-38.328515625,-11.7,2.798388671875));
#482 = VECTOR('',#483,1.);
#483 = DIRECTION('',(0.,0.,1.));
#484 = PCURVE('',#32,#485);
#485 = DEFINITIONAL_REPRESENTATION('',(#486),#490);
#486 = LINE('',#487,#488);
#487 = CARTESIAN_POINT('',(2.798388671875,5.771484375));
#488 = VECTOR('',#489,1.);
#489 = DIRECTION('',(1.,0.));
#490 = ( GEOMETRIC_REPRESENTATION_CONTEXT(2) 
PARAMETRIC_REPRESENTATION_CONTEXT() REPRESENTATION_CONTEXT('2D SPACE',''
  ) );
#491 = PCURVE('',#492,#497);
#492 = PLANE('',#493);
#493 = AXIS2_PLACEMENT_3D('',#494,#495,#496);
#494 = CARTESIAN_POINT('',(-38.328515625,-11.7,2.798388671875));
#495 = DIRECTION('',(1.,0.,-0.));
#496 = DIRECTION('',(0.,0.,1.));
#497 = DEFINITIONAL_REPRESENTATION('',(#498),#502);
#498 = LINE('',#499,#500);
#499 = CARTESIAN_POINT('',(0.,0.));
#500 = VECTOR('',#501,1.);
#501 = DIRECTION('',(1.,0.));
#502 = ( GEOMETRIC_REPRESENTATION_CONTEXT(2) 
PARAMETRIC_REPRESENTATION_CONTEXT() REPRESENTATION_CONTEXT('2D SPACE',''
  ) );
#503 = FACE_BOUND('',#504,.F.);
#504 = EDGE_LOOP('',(#505,#535,#563,#591,#619,#647,#675,#703));
#505 = ORIENTED_EDGE('',*,*,#506,.F.);
#506 = EDGE_CURVE('',#507,#509,#511,.T.);
#507 = VERTEX_POINT('',#508);
#508 = CARTESIAN_POINT('',(-24.03500976562,-11.7,2.798388671875));
#509 = VERTEX_POINT('',#510);
#510 = CARTESIAN_POINT('',(-24.75766601562,-11.7,2.798388671875));
#511 = SURFACE_CURVE('',#512,(#516,#523),.PCURVE_S1.);
#512 = LINE('',#513,#514);
#513 = CARTESIAN_POINT('',(-24.03500976562,-11.7,2.798388671875));
#514 = VECTOR('',#515,1.);
#515 = DIRECTION('',(-1.,0.,0.));
#516 = PCURVE('',#32,#517);
#517 = DEFINITIONAL_REPRESENTATION('',(#518),#522);
#518 = LINE('',#519,#520);
#519 = CARTESIAN_POINT('',(2.798388671875,20.064990234375));
#520 = VECTOR('',#521,1.);
#521 = DIRECTION('',(0.,-1.));
#522 = ( GEOMETRIC_REPRESENTATION_CONTEXT(2) 
PARAMETRIC_REPRESENTATION_CONTEXT() REPRESENTATION_CONTEXT('2D SPACE',''
  ) );
#523 = PCURVE('',#524,#529);
#524 = PLANE('',#525);
#525 = AXIS2_PLACEMENT_3D('',#526,#527,#528);
#526 = CARTESIAN_POINT('',(-24.03500976562,-11.7,2.798388671875));
#527 = DIRECTION('',(0.,0.,1.));
#528 = DIRECTION('',(-1.,0.,0.));
#529 = DEFINITIONAL_REPRESENTATION('',(#530),#534);
#530 = LINE('',#531,#532);
#531 = CARTESIAN_POINT('',(0.,0.));
#532 = VECTOR('',#533,1.);
#533 = DIRECTION('',(1.,0.));
#534 = ( GEOMETRIC_REPRESENTATION_CONTEXT(2) 
PARAMETRIC_REPRESENTATION_CONTEXT() REPRESENTATION_CONTEXT('2D SPACE',''
  ) );
#535 = ORIENTED_EDGE('',*,*,#536,.F.);
#536 = EDGE_CURVE('',#537,#507,#539,.T.);
#537 = VERTEX_POINT('',#538);
#538 = CARTESIAN_POINT('',(-24.03500976562,-11.7,5.772021484375));
#539 = SURFACE_CURVE('',#540,(#544,#551),.PCURVE_S1.);
#540 = LINE('',#541,#542);
#541 = CARTESIAN_POINT('',(-24.03500976562,-11.7,5.772021484375));
#542 = VECTOR('',#543,1.);
#543 = DIRECTION('',(0.,0.,-1.));
#544 = PCURVE('',#32,#545);
#545 = DEFINITIONAL_REPRESENTATION('',(#546),#550);
#546 = LINE('',#547,#548);
#547 = CARTESIAN_POINT('',(5.772021484375,20.064990234375));
#548 = VECTOR('',#549,1.);
#549 = DIRECTION('',(-1.,0.));
#550 = ( GEOMETRIC_REPRESENTATION_CONTEXT(2) 
PARAMETRIC_REPRESENTATION_CONTEXT() REPRESENTATION_CONTEXT('2D SPACE',''
  ) );
#551 = PCURVE('',#552,#557);
#552 = PLANE('',#553);
#553 = AXIS2_PLACEMENT_3D('',#554,#555,#556);
#554 = CARTESIAN_POINT('',(-24.03500976562,-11.7,5.772021484375));
#555 = DIRECTION('',(-1.,-0.,-0.));
#556 = DIRECTION('',(0.,0.,-1.));
#557 = DEFINITIONAL_REPRESENTATION('',(#558),#562);
#558 = LINE('',#559,#560);
#559 = CARTESIAN_POINT('',(0.,0.));
#560 = VECTOR('',#561,1.);
#561 = DIRECTION('',(1.,0.));
#562 = ( GEOMETRIC_REPRESENTATION_CONTEXT(2) 
PARAMETRIC_REPRESENTATION_CONTEXT() REPRESENTATION_CONTEXT('2D SPACE',''
  ) );
#563 = ORIENTED_EDGE('',*,*,#564,.F.);
#564 = EDGE_CURVE('',#565,#537,#567,.T.);
#565 = VERTEX_POINT('',#566);
#566 = CARTESIAN_POINT('',(-22.97543945312,-11.7,5.772021484375));
#567 = SURFACE_CURVE('',#568,(#572,#579),.PCURVE_S1.);
#568 = LINE('',#569,#570);
#569 = CARTESIAN_POINT('',(-22.97543945312,-11.7,5.772021484375));
#570 = VECTOR('',#571,1.);
#571 = DIRECTION('',(-1.,0.,0.));
#572 = PCURVE('',#32,#573);
#573 = DEFINITIONAL_REPRESENTATION('',(#574),#578);
#574 = LINE('',#575,#576);
#575 = CARTESIAN_POINT('',(5.772021484375,21.124560546875));
#576 = VECTOR('',#577,1.);
#577 = DIRECTION('',(0.,-1.));
#578 = ( GEOMETRIC_REPRESENTATION_CONTEXT(2) 
PARAMETRIC_REPRESENTATION_CONTEXT() REPRESENTATION_CONTEXT('2D SPACE',''
  ) );
#579 = PCURVE('',#580,#585);
#580 = PLANE('',#581);
#581 = AXIS2_PLACEMENT_3D('',#582,#583,#584);
#582 = CARTESIAN_POINT('',(-22.97543945312,-11.7,5.772021484375));
#583 = DIRECTION('',(0.,0.,1.));
#584 = DIRECTION('',(-1.,0.,0.));
#585 = DEFINITIONAL_REPRESENTATION('',(#586),#590);
#586 = LINE('',#587,#588);
#587 = CARTESIAN_POINT('',(0.,0.));
#588 = VECTOR('',#589,1.);
#589 = DIRECTION('',(1.,0.));
#590 = ( GEOMETRIC_REPRESENTATION_CONTEXT(2) 
PARAMETRIC_REPRESENTATION_CONTEXT() REPRESENTATION_CONTEXT('2D SPACE',''
  ) );
#591 = ORIENTED_EDGE('',*,*,#592,.F.);
#592 = EDGE_CURVE('',#593,#565,#595,.T.);
#593 = VERTEX_POINT('',#594);
#594 = CARTESIAN_POINT('',(-22.97543945312,-11.7,6.377490234375));
#595 = SURFACE_CURVE('',#596,(#600,#607),.PCURVE_S1.);
#596 = LINE('',#597,#598);
#597 = CARTESIAN_POINT('',(-22.97543945312,-11.7,6.377490234375));
#598 = VECTOR('',#599,1.);
#599 = DIRECTION('',(0.,0.,-1.));
#600 = PCURVE('',#32,#601);
#601 = DEFINITIONAL_REPRESENTATION('',(#602),#606);
#602 = LINE('',#603,#604);
#603 = CARTESIAN_POINT('',(6.377490234375,21.124560546875));
#604 = VECTOR('',#605,1.);
#605 = DIRECTION('',(-1.,0.));
#606 = ( GEOMETRIC_REPRESENTATION_CONTEXT(2) 
PARAMETRIC_REPRESENTATION_CONTEXT() REPRESENTATION_CONTEXT('2D SPACE',''
  ) );
#607 = PCURVE('',#608,#613);
#608 = PLANE('',#609);
#609 = AXIS2_PLACEMENT_3D('',#610,#611,#612);
#610 = CARTESIAN_POINT('',(-22.97543945312,-11.7,6.377490234375));
#611 = DIRECTION('',(-1.,-0.,-0.));
#612 = DIRECTION('',(0.,0.,-1.));
#613 = DEFINITIONAL_REPRESENTATION('',(#614),#618);
#614 = LINE('',#615,#616);
#615 = CARTESIAN_POINT('',(0.,0.));
#616 = VECTOR('',#617,1.);
#617 = DIRECTION('',(1.,0.));
#618 = ( GEOMETRIC_REPRESENTATION_CONTEXT(2) 
PARAMETRIC_REPRESENTATION_CONTEXT() REPRESENTATION_CONTEXT('2D SPACE',''
  ) );
#619 = ORIENTED_EDGE('',*,*,#620,.F.);
#620 = EDGE_CURVE('',#621,#593,#623,.T.);
#621 = VERTEX_POINT('',#622);
#622 = CARTESIAN_POINT('',(-25.81967773437,-11.7,6.377490234375));
#623 = SURFACE_CURVE('',#624,(#628,#635),.PCURVE_S1.);
#624 = LINE('',#625,#626);
#625 = CARTESIAN_POINT('',(-25.81967773437,-11.7,6.377490234375));
#626 = VECTOR('',#627,1.);
#627 = DIRECTION('',(1.,0.,0.));
#628 = PCURVE('',#32,#629);
#629 = DEFINITIONAL_REPRESENTATION('',(#630),#634);
#630 = LINE('',#631,#632);
#631 = CARTESIAN_POINT('',(6.377490234375,18.280322265625));
#632 = VECTOR('',#633,1.);
#633 = DIRECTION('',(0.,1.));
#634 = ( GEOMETRIC_REPRESENTATION_CONTEXT(2) 
PARAMETRIC_REPRESENTATION_CONTEXT() REPRESENTATION_CONTEXT('2D SPACE',''
  ) );
#635 = PCURVE('',#636,#641);
#636 = PLANE('',#637);
#637 = AXIS2_PLACEMENT_3D('',#638,#639,#640);
#638 = CARTESIAN_POINT('',(-25.81967773437,-11.7,6.377490234375));
#639 = DIRECTION('',(0.,0.,-1.));
#640 = DIRECTION('',(1.,0.,0.));
#641 = DEFINITIONAL_REPRESENTATION('',(#642),#646);
#642 = LINE('',#643,#644);
#643 = CARTESIAN_POINT('',(0.,0.));
#644 = VECTOR('',#645,1.);
#645 = DIRECTION('',(1.,0.));
#646 = ( GEOMETRIC_REPRESENTATION_CONTEXT(2) 
PARAMETRIC_REPRESENTATION_CONTEXT() REPRESENTATION_CONTEXT('2D SPACE',''
  ) );
#647 = ORIENTED_EDGE('',*,*,#648,.F.);
#648 = EDGE_CURVE('',#649,#621,#651,.T.);
#649 = VERTEX_POINT('',#650);
#650 = CARTESIAN_POINT('',(-25.81967773437,-11.7,5.772021484375));
#651 = SURFACE_CURVE('',#652,(#656,#663),.PCURVE_S1.);
#652 = LINE('',#653,#654);
#653 = CARTESIAN_POINT('',(-25.81967773437,-11.7,5.772021484375));
#654 = VECTOR('',#655,1.);
#655 = DIRECTION('',(0.,0.,1.));
#656 = PCURVE('',#32,#657);
#657 = DEFINITIONAL_REPRESENTATION('',(#658),#662);
#658 = LINE('',#659,#660);
#659 = CARTESIAN_POINT('',(5.772021484375,18.280322265625));
#660 = VECTOR('',#661,1.);
#661 = DIRECTION('',(1.,0.));
#662 = ( GEOMETRIC_REPRESENTATION_CONTEXT(2) 
PARAMETRIC_REPRESENTATION_CONTEXT() REPRESENTATION_CONTEXT('2D SPACE',''
  ) );
#663 = PCURVE('',#664,#669);
#664 = PLANE('',#665);
#665 = AXIS2_PLACEMENT_3D('',#666,#667,#668);
#666 = CARTESIAN_POINT('',(-25.81967773437,-11.7,5.772021484375));
#667 = DIRECTION('',(1.,0.,-0.));
#668 = DIRECTION('',(0.,0.,1.));
#669 = DEFINITIONAL_REPRESENTATION('',(#670),#674);
#670 = LINE('',#671,#672);
#671 = CARTESIAN_POINT('',(0.,0.));
#672 = VECTOR('',#673,1.);
#673 = DIRECTION('',(1.,0.));
#674 = ( GEOMETRIC_REPRESENTATION_CONTEXT(2) 
PARAMETRIC_REPRESENTATION_CONTEXT() REPRESENTATION_CONTEXT('2D SPACE',''
  ) );
#675 = ORIENTED_EDGE('',*,*,#676,.F.);
#676 = EDGE_CURVE('',#677,#649,#679,.T.);
#677 = VERTEX_POINT('',#678);
#678 = CARTESIAN_POINT('',(-24.75766601562,-11.7,5.772021484375));
#679 = SURFACE_CURVE('',#680,(#684,#691),.PCURVE_S1.);
#680 = LINE('',#681,#682);
#681 = CARTESIAN_POINT('',(-24.75766601562,-11.7,5.772021484375));
#682 = VECTOR('',#683,1.);
#683 = DIRECTION('',(-1.,0.,0.));
#684 = PCURVE('',#32,#685);
#685 = DEFINITIONAL_REPRESENTATION('',(#686),#690);
#686 = LINE('',#687,#688);
#687 = CARTESIAN_POINT('',(5.772021484375,19.342333984375));
#688 = VECTOR('',#689,1.);
#689 = DIRECTION('',(0.,-1.));
#690 = ( GEOMETRIC_REPRESENTATION_CONTEXT(2) 
PARAMETRIC_REPRESENTATION_CONTEXT() REPRESENTATION_CONTEXT('2D SPACE',''
  ) );
#691 = PCURVE('',#692,#697);
#692 = PLANE('',#693);
#693 = AXIS2_PLACEMENT_3D('',#694,#695,#696);
#694 = CARTESIAN_POINT('',(-24.75766601562,-11.7,5.772021484375));
#695 = DIRECTION('',(0.,0.,1.));
#696 = DIRECTION('',(-1.,0.,0.));
#697 = DEFINITIONAL_REPRESENTATION('',(#698),#702);
#698 = LINE('',#699,#700);
#699 = CARTESIAN_POINT('',(0.,0.));
#700 = VECTOR('',#701,1.);
#701 = DIRECTION('',(1.,0.));
#702 = ( GEOMETRIC_REPRESENTATION_CONTEXT(2) 
PARAMETRIC_REPRESENTATION_CONTEXT() REPRESENTATION_CONTEXT('2D SPACE',''
  ) );
#703 = ORIENTED_EDGE('',*,*,#704,.F.);
#704 = EDGE_CURVE('',#509,#677,#705,.T.);
#705 = SURFACE_CURVE('',#706,(#710,#717),.PCURVE_S1.);
#706 = LINE('',#707,#708);
#707 = CARTESIAN_POINT('',(-24.75766601562,-11.7,2.798388671875));
#708 = VECTOR('',#709,1.);
#709 = DIRECTION('',(0.,0.,1.));
#710 = PCURVE('',#32,#711);
#711 = DEFINITIONAL_REPRESENTATION('',(#712),#716);
#712 = LINE('',#713,#714);
#713 = CARTESIAN_POINT('',(2.798388671875,19.342333984375));
#714 = VECTOR('',#715,1.);
#715 = DIRECTION('',(1.,0.));
#716 = ( GEOMETRIC_REPRESENTATION_CONTEXT(2) 
PARAMETRIC_REPRESENTATION_CONTEXT() REPRESENTATION_CONTEXT('2D SPACE',''
  ) );
#717 = PCURVE('',#718,#723);
#718 = PLANE('',#719);
#719 = AXIS2_PLACEMENT_3D('',#720,#721,#722);
#720 = CARTESIAN_POINT('',(-24.75766601562,-11.7,2.798388671875));
#721 = DIRECTION('',(1.,0.,-0.));
#722 = DIRECTION('',(0.,0.,1.));
#723 = DEFINITIONAL_REPRESENTATION('',(#724),#728);
#724 = LINE('',#725,#726);
#725 = CARTESIAN_POINT('',(0.,0.));
#726 = VECTOR('',#727,1.);
#727 = DIRECTION('',(1.,0.));
#728 = ( GEOMETRIC_REPRESENTATION_CONTEXT(2) 
PARAMETRIC_REPRESENTATION_CONTEXT() REPRESENTATION_CONTEXT('2D SPACE',''
  ) );
#729 = FACE_BOUND('',#730,.F.);
#730 = EDGE_LOOP('',(#731,#761,#789,#817,#845,#873,#901,#929,#957,#985,
    #1013,#1041,#1069));
#731 = ORIENTED_EDGE('',*,*,#732,.F.);
#732 = EDGE_CURVE('',#733,#735,#737,.T.);
#733 = VERTEX_POINT('',#734);
#734 = CARTESIAN_POINT('',(-12.90434570312,-11.7,2.798388671875));
#735 = VERTEX_POINT('',#736);
#736 = CARTESIAN_POINT('',(-13.68803710937,-11.7,2.798388671875));
#737 = SURFACE_CURVE('',#738,(#742,#749),.PCURVE_S1.);
#738 = LINE('',#739,#740);
#739 = CARTESIAN_POINT('',(-12.90434570312,-11.7,2.798388671875));
#740 = VECTOR('',#741,1.);
#741 = DIRECTION('',(-1.,0.,0.));
#742 = PCURVE('',#32,#743);
#743 = DEFINITIONAL_REPRESENTATION('',(#744),#748);
#744 = LINE('',#745,#746);
#745 = CARTESIAN_POINT('',(2.798388671875,31.195654296875));
#746 = VECTOR('',#747,1.);
#747 = DIRECTION('',(0.,-1.));
#748 = ( GEOMETRIC_REPRESENTATION_CONTEXT(2) 
PARAMETRIC_REPRESENTATION_CONTEXT() REPRESENTATION_CONTEXT('2D SPACE',''
  ) );
#749 = PCURVE('',#750,#755);
#750 = PLANE('',#751);
#751 = AXIS2_PLACEMENT_3D('',#752,#753,#754);
#752 = CARTESIAN_POINT('',(-12.90434570312,-11.7,2.798388671875));
#753 = DIRECTION('',(0.,0.,1.));
#754 = DIRECTION('',(-1.,0.,0.));
#755 = DEFINITIONAL_REPRESENTATION('',(#756),#760);
#756 = LINE('',#757,#758);
#757 = CARTESIAN_POINT('',(0.,0.));
#758 = VECTOR('',#759,1.);
#759 = DIRECTION('',(1.,0.));
#760 = ( GEOMETRIC_REPRESENTATION_CONTEXT(2) 
PARAMETRIC_REPRESENTATION_CONTEXT() REPRESENTATION_CONTEXT('2D SPACE',''
  ) );
#761 = ORIENTED_EDGE('',*,*,#762,.F.);
#762 = EDGE_CURVE('',#763,#733,#765,.T.);
#763 = VERTEX_POINT('',#764);
#764 = CARTESIAN_POINT('',(-12.19389648437,-11.7,5.474169921875));
#765 = SURFACE_CURVE('',#766,(#770,#777),.PCURVE_S1.);
#766 = LINE('',#767,#768);
#767 = CARTESIAN_POINT('',(-12.19389648437,-11.7,5.474169921875));
#768 = VECTOR('',#769,1.);
#769 = DIRECTION('',(-0.25661964357,-0.,-0.966512472001));
#770 = PCURVE('',#32,#771);
#771 = DEFINITIONAL_REPRESENTATION('',(#772),#776);
#772 = LINE('',#773,#774);
#773 = CARTESIAN_POINT('',(5.474169921875,31.906103515625));
#774 = VECTOR('',#775,1.);
#775 = DIRECTION('',(-0.966512472001,-0.25661964357));
#776 = ( GEOMETRIC_REPRESENTATION_CONTEXT(2) 
PARAMETRIC_REPRESENTATION_CONTEXT() REPRESENTATION_CONTEXT('2D SPACE',''
  ) );
#777 = PCURVE('',#778,#783);
#778 = PLANE('',#779);
#779 = AXIS2_PLACEMENT_3D('',#780,#781,#782);
#780 = CARTESIAN_POINT('',(-12.19389648437,-11.7,5.474169921875));
#781 = DIRECTION('',(-0.966512472001,0.,0.25661964357));
#782 = DIRECTION('',(-0.25661964357,0.,-0.966512472001));
#783 = DEFINITIONAL_REPRESENTATION('',(#784),#788);
#784 = LINE('',#785,#786);
#785 = CARTESIAN_POINT('',(0.,0.));
#786 = VECTOR('',#787,1.);
#787 = DIRECTION('',(1.,0.));
#788 = ( GEOMETRIC_REPRESENTATION_CONTEXT(2) 
PARAMETRIC_REPRESENTATION_CONTEXT() REPRESENTATION_CONTEXT('2D SPACE',''
  ) );
#789 = ORIENTED_EDGE('',*,*,#790,.F.);
#790 = EDGE_CURVE('',#791,#763,#793,.T.);
#791 = VERTEX_POINT('',#792);
#792 = CARTESIAN_POINT('',(-11.48100585937,-11.7,2.798388671875));
#793 = SURFACE_CURVE('',#794,(#798,#805),.PCURVE_S1.);
#794 = LINE('',#795,#796);
#795 = CARTESIAN_POINT('',(-11.48100585937,-11.7,2.798388671875));
#796 = VECTOR('',#797,1.);
#797 = DIRECTION('',(-0.25744314484,0.,0.966293447755));
#798 = PCURVE('',#32,#799);
#799 = DEFINITIONAL_REPRESENTATION('',(#800),#804);
#800 = LINE('',#801,#802);
#801 = CARTESIAN_POINT('',(2.798388671875,32.618994140625));
#802 = VECTOR('',#803,1.);
#803 = DIRECTION('',(0.966293447755,-0.25744314484));
#804 = ( GEOMETRIC_REPRESENTATION_CONTEXT(2) 
PARAMETRIC_REPRESENTATION_CONTEXT() REPRESENTATION_CONTEXT('2D SPACE',''
  ) );
#805 = PCURVE('',#806,#811);
#806 = PLANE('',#807);
#807 = AXIS2_PLACEMENT_3D('',#808,#809,#810);
#808 = CARTESIAN_POINT('',(-11.48100585937,-11.7,2.798388671875));
#809 = DIRECTION('',(0.966293447755,0.,0.25744314484));
#810 = DIRECTION('',(-0.25744314484,0.,0.966293447755));
#811 = DEFINITIONAL_REPRESENTATION('',(#812),#816);
#812 = LINE('',#813,#814);
#813 = CARTESIAN_POINT('',(0.,0.));
#814 = VECTOR('',#815,1.);
#815 = DIRECTION('',(1.,0.));
#816 = ( GEOMETRIC_REPRESENTATION_CONTEXT(2) 
PARAMETRIC_REPRESENTATION_CONTEXT() REPRESENTATION_CONTEXT('2D SPACE',''
  ) );
#817 = ORIENTED_EDGE('',*,*,#818,.F.);
#818 = EDGE_CURVE('',#819,#791,#821,.T.);
#819 = VERTEX_POINT('',#820);
#820 = CARTESIAN_POINT('',(-10.71440429687,-11.7,2.798388671875));
#821 = SURFACE_CURVE('',#822,(#826,#833),.PCURVE_S1.);
#822 = LINE('',#823,#824);
#823 = CARTESIAN_POINT('',(-10.71440429687,-11.7,2.798388671875));
#824 = VECTOR('',#825,1.);
#825 = DIRECTION('',(-1.,0.,0.));
#826 = PCURVE('',#32,#827);
#827 = DEFINITIONAL_REPRESENTATION('',(#828),#832);
#828 = LINE('',#829,#830);
#829 = CARTESIAN_POINT('',(2.798388671875,33.385595703125));
#830 = VECTOR('',#831,1.);
#831 = DIRECTION('',(0.,-1.));
#832 = ( GEOMETRIC_REPRESENTATION_CONTEXT(2) 
PARAMETRIC_REPRESENTATION_CONTEXT() REPRESENTATION_CONTEXT('2D SPACE',''
  ) );
#833 = PCURVE('',#834,#839);
#834 = PLANE('',#835);
#835 = AXIS2_PLACEMENT_3D('',#836,#837,#838);
#836 = CARTESIAN_POINT('',(-10.71440429687,-11.7,2.798388671875));
#837 = DIRECTION('',(0.,0.,1.));
#838 = DIRECTION('',(-1.,0.,0.));
#839 = DEFINITIONAL_REPRESENTATION('',(#840),#844);
#840 = LINE('',#841,#842);
#841 = CARTESIAN_POINT('',(0.,0.));
#842 = VECTOR('',#843,1.);
#843 = DIRECTION('',(1.,0.));
#844 = ( GEOMETRIC_REPRESENTATION_CONTEXT(2) 
PARAMETRIC_REPRESENTATION_CONTEXT() REPRESENTATION_CONTEXT('2D SPACE',''
  ) );
#845 = ORIENTED_EDGE('',*,*,#846,.F.);
#846 = EDGE_CURVE('',#847,#819,#849,.T.);
#847 = VERTEX_POINT('',#848);
#848 = CARTESIAN_POINT('',(-9.845263671875,-11.7,6.377490234375));
#849 = SURFACE_CURVE('',#850,(#854,#861),.PCURVE_S1.);
#850 = LINE('',#851,#852);
#851 = CARTESIAN_POINT('',(-9.845263671875,-11.7,6.377490234375));
#852 = VECTOR('',#853,1.);
#853 = DIRECTION('',(-0.235979443901,-0.,-0.971758047076));
#854 = PCURVE('',#32,#855);
#855 = DEFINITIONAL_REPRESENTATION('',(#856),#860);
#856 = LINE('',#857,#858);
#857 = CARTESIAN_POINT('',(6.377490234375,34.254736328125));
#858 = VECTOR('',#859,1.);
#859 = DIRECTION('',(-0.971758047076,-0.235979443901));
#860 = ( GEOMETRIC_REPRESENTATION_CONTEXT(2) 
PARAMETRIC_REPRESENTATION_CONTEXT() REPRESENTATION_CONTEXT('2D SPACE',''
  ) );
#861 = PCURVE('',#862,#867);
#862 = PLANE('',#863);
#863 = AXIS2_PLACEMENT_3D('',#864,#865,#866);
#864 = CARTESIAN_POINT('',(-9.845263671875,-11.7,6.377490234375));
#865 = DIRECTION('',(-0.971758047076,0.,0.235979443901));
#866 = DIRECTION('',(-0.235979443901,0.,-0.971758047076));
#867 = DEFINITIONAL_REPRESENTATION('',(#868),#872);
#868 = LINE('',#869,#870);
#869 = CARTESIAN_POINT('',(0.,0.));
#870 = VECTOR('',#871,1.);
#871 = DIRECTION('',(1.,0.));
#872 = ( GEOMETRIC_REPRESENTATION_CONTEXT(2) 
PARAMETRIC_REPRESENTATION_CONTEXT() REPRESENTATION_CONTEXT('2D SPACE',''
  ) );
#873 = ORIENTED_EDGE('',*,*,#874,.F.);
#874 = EDGE_CURVE('',#875,#847,#877,.T.);
#875 = VERTEX_POINT('',#876);
#876 = CARTESIAN_POINT('',(-10.57280273437,-11.7,6.377490234375));
#877 = SURFACE_CURVE('',#878,(#882,#889),.PCURVE_S1.);
#878 = LINE('',#879,#880);
#879 = CARTESIAN_POINT('',(-10.57280273437,-11.7,6.377490234375));
#880 = VECTOR('',#881,1.);
#881 = DIRECTION('',(1.,0.,0.));
#882 = PCURVE('',#32,#883);
#883 = DEFINITIONAL_REPRESENTATION('',(#884),#888);
#884 = LINE('',#885,#886);
#885 = CARTESIAN_POINT('',(6.377490234375,33.527197265625));
#886 = VECTOR('',#887,1.);
#887 = DIRECTION('',(0.,1.));
#888 = ( GEOMETRIC_REPRESENTATION_CONTEXT(2) 
PARAMETRIC_REPRESENTATION_CONTEXT() REPRESENTATION_CONTEXT('2D SPACE',''
  ) );
#889 = PCURVE('',#890,#895);
#890 = PLANE('',#891);
#891 = AXIS2_PLACEMENT_3D('',#892,#893,#894);
#892 = CARTESIAN_POINT('',(-10.57280273437,-11.7,6.377490234375));
#893 = DIRECTION('',(0.,0.,-1.));
#894 = DIRECTION('',(1.,0.,0.));
#895 = DEFINITIONAL_REPRESENTATION('',(#896),#900);
#896 = LINE('',#897,#898);
#897 = CARTESIAN_POINT('',(0.,0.));
#898 = VECTOR('',#899,1.);
#899 = DIRECTION('',(1.,0.));
#900 = ( GEOMETRIC_REPRESENTATION_CONTEXT(2) 
PARAMETRIC_REPRESENTATION_CONTEXT() REPRESENTATION_CONTEXT('2D SPACE',''
  ) );
#901 = ORIENTED_EDGE('',*,*,#902,.F.);
#902 = EDGE_CURVE('',#903,#875,#905,.T.);
#903 = VERTEX_POINT('',#904);
#904 = CARTESIAN_POINT('',(-11.12211914062,-11.7,3.877490234375));
#905 = SURFACE_CURVE('',#906,(#910,#917),.PCURVE_S1.);
#906 = LINE('',#907,#908);
#907 = CARTESIAN_POINT('',(-11.12211914062,-11.7,3.877490234375));
#908 = VECTOR('',#909,1.);
#909 = DIRECTION('',(0.214607038113,0.,0.976700475679));
#910 = PCURVE('',#32,#911);
#911 = DEFINITIONAL_REPRESENTATION('',(#912),#916);
#912 = LINE('',#913,#914);
#913 = CARTESIAN_POINT('',(3.877490234375,32.977880859375));
#914 = VECTOR('',#915,1.);
#915 = DIRECTION('',(0.976700475679,0.214607038113));
#916 = ( GEOMETRIC_REPRESENTATION_CONTEXT(2) 
PARAMETRIC_REPRESENTATION_CONTEXT() REPRESENTATION_CONTEXT('2D SPACE',''
  ) );
#917 = PCURVE('',#918,#923);
#918 = PLANE('',#919);
#919 = AXIS2_PLACEMENT_3D('',#920,#921,#922);
#920 = CARTESIAN_POINT('',(-11.12211914062,-11.7,3.877490234375));
#921 = DIRECTION('',(0.976700475679,0.,-0.214607038113));
#922 = DIRECTION('',(0.214607038113,0.,0.976700475679));
#923 = DEFINITIONAL_REPRESENTATION('',(#924),#928);
#924 = LINE('',#925,#926);
#925 = CARTESIAN_POINT('',(0.,0.));
#926 = VECTOR('',#927,1.);
#927 = DIRECTION('',(1.,0.));
#928 = ( GEOMETRIC_REPRESENTATION_CONTEXT(2) 
PARAMETRIC_REPRESENTATION_CONTEXT() REPRESENTATION_CONTEXT('2D SPACE',''
  ) );
#929 = ORIENTED_EDGE('',*,*,#930,.F.);
#930 = EDGE_CURVE('',#931,#903,#933,.T.);
#931 = VERTEX_POINT('',#932);
#932 = CARTESIAN_POINT('',(-11.74956054687,-11.7,6.377490234375));
#933 = SURFACE_CURVE('',#934,(#938,#945),.PCURVE_S1.);
#934 = LINE('',#935,#936);
#935 = CARTESIAN_POINT('',(-11.74956054687,-11.7,6.377490234375));
#936 = VECTOR('',#937,1.);
#937 = DIRECTION('',(0.243426992513,0.,-0.969919223088));
#938 = PCURVE('',#32,#939);
#939 = DEFINITIONAL_REPRESENTATION('',(#940),#944);
#940 = LINE('',#941,#942);
#941 = CARTESIAN_POINT('',(6.377490234375,32.350439453125));
#942 = VECTOR('',#943,1.);
#943 = DIRECTION('',(-0.969919223088,0.243426992513));
#944 = ( GEOMETRIC_REPRESENTATION_CONTEXT(2) 
PARAMETRIC_REPRESENTATION_CONTEXT() REPRESENTATION_CONTEXT('2D SPACE',''
  ) );
#945 = PCURVE('',#946,#951);
#946 = PLANE('',#947);
#947 = AXIS2_PLACEMENT_3D('',#948,#949,#950);
#948 = CARTESIAN_POINT('',(-11.74956054687,-11.7,6.377490234375));
#949 = DIRECTION('',(-0.969919223088,-0.,-0.243426992513));
#950 = DIRECTION('',(0.243426992513,0.,-0.969919223088));
#951 = DEFINITIONAL_REPRESENTATION('',(#952),#956);
#952 = LINE('',#953,#954);
#953 = CARTESIAN_POINT('',(0.,0.));
#954 = VECTOR('',#955,1.);
#955 = DIRECTION('',(1.,0.));
#956 = ( GEOMETRIC_REPRESENTATION_CONTEXT(2) 
PARAMETRIC_REPRESENTATION_CONTEXT() REPRESENTATION_CONTEXT('2D SPACE',''
  ) );
#957 = ORIENTED_EDGE('',*,*,#958,.F.);
#958 = EDGE_CURVE('',#959,#931,#961,.T.);
#959 = VERTEX_POINT('',#960);
#960 = CARTESIAN_POINT('',(-12.60893554687,-11.7,6.377490234375));
#961 = SURFACE_CURVE('',#962,(#966,#973),.PCURVE_S1.);
#962 = LINE('',#963,#964);
#963 = CARTESIAN_POINT('',(-12.60893554687,-11.7,6.377490234375));
#964 = VECTOR('',#965,1.);
#965 = DIRECTION('',(1.,0.,0.));
#966 = PCURVE('',#32,#967);
#967 = DEFINITIONAL_REPRESENTATION('',(#968),#972);
#968 = LINE('',#969,#970);
#969 = CARTESIAN_POINT('',(6.377490234375,31.491064453125));
#970 = VECTOR('',#971,1.);
#971 = DIRECTION('',(0.,1.));
#972 = ( GEOMETRIC_REPRESENTATION_CONTEXT(2) 
PARAMETRIC_REPRESENTATION_CONTEXT() REPRESENTATION_CONTEXT('2D SPACE',''
  ) );
#973 = PCURVE('',#974,#979);
#974 = PLANE('',#975);
#975 = AXIS2_PLACEMENT_3D('',#976,#977,#978);
#976 = CARTESIAN_POINT('',(-12.60893554687,-11.7,6.377490234375));
#977 = DIRECTION('',(0.,0.,-1.));
#978 = DIRECTION('',(1.,0.,0.));
#979 = DEFINITIONAL_REPRESENTATION('',(#980),#984);
#980 = LINE('',#981,#982);
#981 = CARTESIAN_POINT('',(0.,0.));
#982 = VECTOR('',#983,1.);
#983 = DIRECTION('',(1.,0.));
#984 = ( GEOMETRIC_REPRESENTATION_CONTEXT(2) 
PARAMETRIC_REPRESENTATION_CONTEXT() REPRESENTATION_CONTEXT('2D SPACE',''
  ) );
#985 = ORIENTED_EDGE('',*,*,#986,.F.);
#986 = EDGE_CURVE('',#987,#959,#989,.T.);
#987 = VERTEX_POINT('',#988);
#988 = CARTESIAN_POINT('',(-13.26323242187,-11.7,3.918994140625));
#989 = SURFACE_CURVE('',#990,(#994,#1001),.PCURVE_S1.);
#990 = LINE('',#991,#992);
#991 = CARTESIAN_POINT('',(-13.26323242187,-11.7,3.918994140625));
#992 = VECTOR('',#993,1.);
#993 = DIRECTION('',(0.257184787653,0.,0.966362243157));
#994 = PCURVE('',#32,#995);
#995 = DEFINITIONAL_REPRESENTATION('',(#996),#1000);
#996 = LINE('',#997,#998);
#997 = CARTESIAN_POINT('',(3.918994140625,30.836767578125));
#998 = VECTOR('',#999,1.);
#999 = DIRECTION('',(0.966362243157,0.257184787653));
#1000 = ( GEOMETRIC_REPRESENTATION_CONTEXT(2) 
PARAMETRIC_REPRESENTATION_CONTEXT() REPRESENTATION_CONTEXT('2D SPACE',''
  ) );
#1001 = PCURVE('',#1002,#1007);
#1002 = PLANE('',#1003);
#1003 = AXIS2_PLACEMENT_3D('',#1004,#1005,#1006);
#1004 = CARTESIAN_POINT('',(-13.26323242187,-11.7,3.918994140625));
#1005 = DIRECTION('',(0.966362243157,0.,-0.257184787653));
#1006 = DIRECTION('',(0.257184787653,0.,0.966362243157));
#1007 = DEFINITIONAL_REPRESENTATION('',(#1008),#1012);
#1008 = LINE('',#1009,#1010);
#1009 = CARTESIAN_POINT('',(0.,0.));
#1010 = VECTOR('',#1011,1.);
#1011 = DIRECTION('',(1.,0.));
#1012 = ( GEOMETRIC_REPRESENTATION_CONTEXT(2) 
PARAMETRIC_REPRESENTATION_CONTEXT() REPRESENTATION_CONTEXT('2D SPACE',''
  ) );
#1013 = ORIENTED_EDGE('',*,*,#1014,.F.);
#1014 = EDGE_CURVE('',#1015,#987,#1017,.T.);
#1015 = VERTEX_POINT('',#1016);
#1016 = CARTESIAN_POINT('',(-13.80278320312,-11.7,6.377490234375));
#1017 = SURFACE_CURVE('',#1018,(#1022,#1029),.PCURVE_S1.);
#1018 = LINE('',#1019,#1020);
#1019 = CARTESIAN_POINT('',(-13.80278320312,-11.7,6.377490234375));
#1020 = VECTOR('',#1021,1.);
#1021 = DIRECTION('',(0.214362154382,0.,-0.97675425096));
#1022 = PCURVE('',#32,#1023);
#1023 = DEFINITIONAL_REPRESENTATION('',(#1024),#1028);
#1024 = LINE('',#1025,#1026);
#1025 = CARTESIAN_POINT('',(6.377490234375,30.297216796875));
#1026 = VECTOR('',#1027,1.);
#1027 = DIRECTION('',(-0.97675425096,0.214362154382));
#1028 = ( GEOMETRIC_REPRESENTATION_CONTEXT(2) 
PARAMETRIC_REPRESENTATION_CONTEXT() REPRESENTATION_CONTEXT('2D SPACE',''
  ) );
#1029 = PCURVE('',#1030,#1035);
#1030 = PLANE('',#1031);
#1031 = AXIS2_PLACEMENT_3D('',#1032,#1033,#1034);
#1032 = CARTESIAN_POINT('',(-13.80278320312,-11.7,6.377490234375));
#1033 = DIRECTION('',(-0.97675425096,-0.,-0.214362154382));
#1034 = DIRECTION('',(0.214362154382,0.,-0.97675425096));
#1035 = DEFINITIONAL_REPRESENTATION('',(#1036),#1040);
#1036 = LINE('',#1037,#1038);
#1037 = CARTESIAN_POINT('',(0.,0.));
#1038 = VECTOR('',#1039,1.);
#1039 = DIRECTION('',(1.,0.));
#1040 = ( GEOMETRIC_REPRESENTATION_CONTEXT(2) 
PARAMETRIC_REPRESENTATION_CONTEXT() REPRESENTATION_CONTEXT('2D SPACE',''
  ) );
#1041 = ORIENTED_EDGE('',*,*,#1042,.F.);
#1042 = EDGE_CURVE('',#1043,#1015,#1045,.T.);
#1043 = VERTEX_POINT('',#1044);
#1044 = CARTESIAN_POINT('',(-14.54252929687,-11.7,6.377490234375));
#1045 = SURFACE_CURVE('',#1046,(#1050,#1057),.PCURVE_S1.);
#1046 = LINE('',#1047,#1048);
#1047 = CARTESIAN_POINT('',(-14.54252929687,-11.7,6.377490234375));
#1048 = VECTOR('',#1049,1.);
#1049 = DIRECTION('',(1.,0.,0.));
#1050 = PCURVE('',#32,#1051);
#1051 = DEFINITIONAL_REPRESENTATION('',(#1052),#1056);
#1052 = LINE('',#1053,#1054);
#1053 = CARTESIAN_POINT('',(6.377490234375,29.557470703125));
#1054 = VECTOR('',#1055,1.);
#1055 = DIRECTION('',(0.,1.));
#1056 = ( GEOMETRIC_REPRESENTATION_CONTEXT(2) 
PARAMETRIC_REPRESENTATION_CONTEXT() REPRESENTATION_CONTEXT('2D SPACE',''
  ) );
#1057 = PCURVE('',#1058,#1063);
#1058 = PLANE('',#1059);
#1059 = AXIS2_PLACEMENT_3D('',#1060,#1061,#1062);
#1060 = CARTESIAN_POINT('',(-14.54252929687,-11.7,6.377490234375));
#1061 = DIRECTION('',(0.,0.,-1.));
#1062 = DIRECTION('',(1.,0.,0.));
#1063 = DEFINITIONAL_REPRESENTATION('',(#1064),#1068);
#1064 = LINE('',#1065,#1066);
#1065 = CARTESIAN_POINT('',(0.,0.));
#1066 = VECTOR('',#1067,1.);
#1067 = DIRECTION('',(1.,0.));
#1068 = ( GEOMETRIC_REPRESENTATION_CONTEXT(2) 
PARAMETRIC_REPRESENTATION_CONTEXT() REPRESENTATION_CONTEXT('2D SPACE',''
  ) );
#1069 = ORIENTED_EDGE('',*,*,#1070,.F.);
#1070 = EDGE_CURVE('',#735,#1043,#1071,.T.);
#1071 = SURFACE_CURVE('',#1072,(#1076,#1083),.PCURVE_S1.);
#1072 = LINE('',#1073,#1074);
#1073 = CARTESIAN_POINT('',(-13.68803710937,-11.7,2.798388671875));
#1074 = VECTOR('',#1075,1.);
#1075 = DIRECTION('',(-0.232218471025,0.,0.972663652922));
#1076 = PCURVE('',#32,#1077);
#1077 = DEFINITIONAL_REPRESENTATION('',(#1078),#1082);
#1078 = LINE('',#1079,#1080);
#1079 = CARTESIAN_POINT('',(2.798388671875,30.411962890625));
#1080 = VECTOR('',#1081,1.);
#1081 = DIRECTION('',(0.972663652922,-0.232218471025));
#1082 = ( GEOMETRIC_REPRESENTATION_CONTEXT(2) 
PARAMETRIC_REPRESENTATION_CONTEXT() REPRESENTATION_CONTEXT('2D SPACE',''
  ) );
#1083 = PCURVE('',#1084,#1089);
#1084 = PLANE('',#1085);
#1085 = AXIS2_PLACEMENT_3D('',#1086,#1087,#1088);
#1086 = CARTESIAN_POINT('',(-13.68803710937,-11.7,2.798388671875));
#1087 = DIRECTION('',(0.972663652922,0.,0.232218471025));
#1088 = DIRECTION('',(-0.232218471025,0.,0.972663652922));
#1089 = DEFINITIONAL_REPRESENTATION('',(#1090),#1094);
#1090 = LINE('',#1091,#1092);
#1091 = CARTESIAN_POINT('',(0.,0.));
#1092 = VECTOR('',#1093,1.);
#1093 = DIRECTION('',(1.,0.));
#1094 = ( GEOMETRIC_REPRESENTATION_CONTEXT(2) 
PARAMETRIC_REPRESENTATION_CONTEXT() REPRESENTATION_CONTEXT('2D SPACE',''
  ) );
#1095 = FACE_BOUND('',#1096,.F.);
#1096 = EDGE_LOOP('',(#1097,#1127,#1155,#1183,#1211,#1239,#1267,#1295));
#1097 = ORIENTED_EDGE('',*,*,#1098,.F.);
#1098 = EDGE_CURVE('',#1099,#1101,#1103,.T.);
#1099 = VERTEX_POINT('',#1100);
#1100 = CARTESIAN_POINT('',(0.364990234375,-11.7,2.798388671875));
#1101 = VERTEX_POINT('',#1102);
#1102 = CARTESIAN_POINT('',(-0.357666015625,-11.7,2.798388671875));
#1103 = SURFACE_CURVE('',#1104,(#1108,#1115),.PCURVE_S1.);
#1104 = LINE('',#1105,#1106);
#1105 = CARTESIAN_POINT('',(0.364990234375,-11.7,2.798388671875));
#1106 = VECTOR('',#1107,1.);
#1107 = DIRECTION('',(-1.,0.,0.));
#1108 = PCURVE('',#32,#1109);
#1109 = DEFINITIONAL_REPRESENTATION('',(#1110),#1114);
#1110 = LINE('',#1111,#1112);
#1111 = CARTESIAN_POINT('',(2.798388671875,44.464990234375));
#1112 = VECTOR('',#1113,1.);
#1113 = DIRECTION('',(0.,-1.));
#1114 = ( GEOMETRIC_REPRESENTATION_CONTEXT(2) 
PARAMETRIC_REPRESENTATION_CONTEXT() REPRESENTATION_CONTEXT('2D SPACE',''
  ) );
#1115 = PCURVE('',#1116,#1121);
#1116 = PLANE('',#1117);
#1117 = AXIS2_PLACEMENT_3D('',#1118,#1119,#1120);
#1118 = CARTESIAN_POINT('',(0.364990234375,-11.7,2.798388671875));
#1119 = DIRECTION('',(0.,0.,1.));
#1120 = DIRECTION('',(-1.,0.,0.));
#1121 = DEFINITIONAL_REPRESENTATION('',(#1122),#1126);
#1122 = LINE('',#1123,#1124);
#1123 = CARTESIAN_POINT('',(0.,0.));
#1124 = VECTOR('',#1125,1.);
#1125 = DIRECTION('',(1.,0.));
#1126 = ( GEOMETRIC_REPRESENTATION_CONTEXT(2) 
PARAMETRIC_REPRESENTATION_CONTEXT() REPRESENTATION_CONTEXT('2D SPACE',''
  ) );
#1127 = ORIENTED_EDGE('',*,*,#1128,.F.);
#1128 = EDGE_CURVE('',#1129,#1099,#1131,.T.);
#1129 = VERTEX_POINT('',#1130);
#1130 = CARTESIAN_POINT('',(0.364990234375,-11.7,5.772021484375));
#1131 = SURFACE_CURVE('',#1132,(#1136,#1143),.PCURVE_S1.);
#1132 = LINE('',#1133,#1134);
#1133 = CARTESIAN_POINT('',(0.364990234375,-11.7,5.772021484375));
#1134 = VECTOR('',#1135,1.);
#1135 = DIRECTION('',(0.,0.,-1.));
#1136 = PCURVE('',#32,#1137);
#1137 = DEFINITIONAL_REPRESENTATION('',(#1138),#1142);
#1138 = LINE('',#1139,#1140);
#1139 = CARTESIAN_POINT('',(5.772021484375,44.464990234375));
#1140 = VECTOR('',#1141,1.);
#1141 = DIRECTION('',(-1.,0.));
#1142 = ( GEOMETRIC_REPRESENTATION_CONTEXT(2) 
PARAMETRIC_REPRESENTATION_CONTEXT() REPRESENTATION_CONTEXT('2D SPACE',''
  ) );
#1143 = PCURVE('',#1144,#1149);
#1144 = PLANE('',#1145);
#1145 = AXIS2_PLACEMENT_3D('',#1146,#1147,#1148);
#1146 = CARTESIAN_POINT('',(0.364990234375,-11.7,5.772021484375));
#1147 = DIRECTION('',(-1.,-0.,-0.));
#1148 = DIRECTION('',(0.,0.,-1.));
#1149 = DEFINITIONAL_REPRESENTATION('',(#1150),#1154);
#1150 = LINE('',#1151,#1152);
#1151 = CARTESIAN_POINT('',(0.,0.));
#1152 = VECTOR('',#1153,1.);
#1153 = DIRECTION('',(1.,0.));
#1154 = ( GEOMETRIC_REPRESENTATION_CONTEXT(2) 
PARAMETRIC_REPRESENTATION_CONTEXT() REPRESENTATION_CONTEXT('2D SPACE',''
  ) );
#1155 = ORIENTED_EDGE('',*,*,#1156,.F.);
#1156 = EDGE_CURVE('',#1157,#1129,#1159,.T.);
#1157 = VERTEX_POINT('',#1158);
#1158 = CARTESIAN_POINT('',(1.424560546875,-11.7,5.772021484375));
#1159 = SURFACE_CURVE('',#1160,(#1164,#1171),.PCURVE_S1.);
#1160 = LINE('',#1161,#1162);
#1161 = CARTESIAN_POINT('',(1.424560546875,-11.7,5.772021484375));
#1162 = VECTOR('',#1163,1.);
#1163 = DIRECTION('',(-1.,0.,0.));
#1164 = PCURVE('',#32,#1165);
#1165 = DEFINITIONAL_REPRESENTATION('',(#1166),#1170);
#1166 = LINE('',#1167,#1168);
#1167 = CARTESIAN_POINT('',(5.772021484375,45.524560546875));
#1168 = VECTOR('',#1169,1.);
#1169 = DIRECTION('',(0.,-1.));
#1170 = ( GEOMETRIC_REPRESENTATION_CONTEXT(2) 
PARAMETRIC_REPRESENTATION_CONTEXT() REPRESENTATION_CONTEXT('2D SPACE',''
  ) );
#1171 = PCURVE('',#1172,#1177);
#1172 = PLANE('',#1173);
#1173 = AXIS2_PLACEMENT_3D('',#1174,#1175,#1176);
#1174 = CARTESIAN_POINT('',(1.424560546875,-11.7,5.772021484375));
#1175 = DIRECTION('',(0.,0.,1.));
#1176 = DIRECTION('',(-1.,0.,0.));
#1177 = DEFINITIONAL_REPRESENTATION('',(#1178),#1182);
#1178 = LINE('',#1179,#1180);
#1179 = CARTESIAN_POINT('',(0.,0.));
#1180 = VECTOR('',#1181,1.);
#1181 = DIRECTION('',(1.,0.));
#1182 = ( GEOMETRIC_REPRESENTATION_CONTEXT(2) 
PARAMETRIC_REPRESENTATION_CONTEXT() REPRESENTATION_CONTEXT('2D SPACE',''
  ) );
#1183 = ORIENTED_EDGE('',*,*,#1184,.F.);
#1184 = EDGE_CURVE('',#1185,#1157,#1187,.T.);
#1185 = VERTEX_POINT('',#1186);
#1186 = CARTESIAN_POINT('',(1.424560546875,-11.7,6.377490234375));
#1187 = SURFACE_CURVE('',#1188,(#1192,#1199),.PCURVE_S1.);
#1188 = LINE('',#1189,#1190);
#1189 = CARTESIAN_POINT('',(1.424560546875,-11.7,6.377490234375));
#1190 = VECTOR('',#1191,1.);
#1191 = DIRECTION('',(0.,0.,-1.));
#1192 = PCURVE('',#32,#1193);
#1193 = DEFINITIONAL_REPRESENTATION('',(#1194),#1198);
#1194 = LINE('',#1195,#1196);
#1195 = CARTESIAN_POINT('',(6.377490234375,45.524560546875));
#1196 = VECTOR('',#1197,1.);
#1197 = DIRECTION('',(-1.,0.));
#1198 = ( GEOMETRIC_REPRESENTATION_CONTEXT(2) 
PARAMETRIC_REPRESENTATION_CONTEXT() REPRESENTATION_CONTEXT('2D SPACE',''
  ) );
#1199 = PCURVE('',#1200,#1205);
#1200 = PLANE('',#1201);
#1201 = AXIS2_PLACEMENT_3D('',#1202,#1203,#1204);
#1202 = CARTESIAN_POINT('',(1.424560546875,-11.7,6.377490234375));
#1203 = DIRECTION('',(-1.,-0.,-0.));
#1204 = DIRECTION('',(0.,0.,-1.));
#1205 = DEFINITIONAL_REPRESENTATION('',(#1206),#1210);
#1206 = LINE('',#1207,#1208);
#1207 = CARTESIAN_POINT('',(0.,0.));
#1208 = VECTOR('',#1209,1.);
#1209 = DIRECTION('',(1.,0.));
#1210 = ( GEOMETRIC_REPRESENTATION_CONTEXT(2) 
PARAMETRIC_REPRESENTATION_CONTEXT() REPRESENTATION_CONTEXT('2D SPACE',''
  ) );
#1211 = ORIENTED_EDGE('',*,*,#1212,.F.);
#1212 = EDGE_CURVE('',#1213,#1185,#1215,.T.);
#1213 = VERTEX_POINT('',#1214);
#1214 = CARTESIAN_POINT('',(-1.419677734375,-11.7,6.377490234375));
#1215 = SURFACE_CURVE('',#1216,(#1220,#1227),.PCURVE_S1.);
#1216 = LINE('',#1217,#1218);
#1217 = CARTESIAN_POINT('',(-1.419677734375,-11.7,6.377490234375));
#1218 = VECTOR('',#1219,1.);
#1219 = DIRECTION('',(1.,0.,0.));
#1220 = PCURVE('',#32,#1221);
#1221 = DEFINITIONAL_REPRESENTATION('',(#1222),#1226);
#1222 = LINE('',#1223,#1224);
#1223 = CARTESIAN_POINT('',(6.377490234375,42.680322265625));
#1224 = VECTOR('',#1225,1.);
#1225 = DIRECTION('',(0.,1.));
#1226 = ( GEOMETRIC_REPRESENTATION_CONTEXT(2) 
PARAMETRIC_REPRESENTATION_CONTEXT() REPRESENTATION_CONTEXT('2D SPACE',''
  ) );
#1227 = PCURVE('',#1228,#1233);
#1228 = PLANE('',#1229);
#1229 = AXIS2_PLACEMENT_3D('',#1230,#1231,#1232);
#1230 = CARTESIAN_POINT('',(-1.419677734375,-11.7,6.377490234375));
#1231 = DIRECTION('',(0.,0.,-1.));
#1232 = DIRECTION('',(1.,0.,0.));
#1233 = DEFINITIONAL_REPRESENTATION('',(#1234),#1238);
#1234 = LINE('',#1235,#1236);
#1235 = CARTESIAN_POINT('',(0.,0.));
#1236 = VECTOR('',#1237,1.);
#1237 = DIRECTION('',(1.,0.));
#1238 = ( GEOMETRIC_REPRESENTATION_CONTEXT(2) 
PARAMETRIC_REPRESENTATION_CONTEXT() REPRESENTATION_CONTEXT('2D SPACE',''
  ) );
#1239 = ORIENTED_EDGE('',*,*,#1240,.F.);
#1240 = EDGE_CURVE('',#1241,#1213,#1243,.T.);
#1241 = VERTEX_POINT('',#1242);
#1242 = CARTESIAN_POINT('',(-1.419677734375,-11.7,5.772021484375));
#1243 = SURFACE_CURVE('',#1244,(#1248,#1255),.PCURVE_S1.);
#1244 = LINE('',#1245,#1246);
#1245 = CARTESIAN_POINT('',(-1.419677734375,-11.7,5.772021484375));
#1246 = VECTOR('',#1247,1.);
#1247 = DIRECTION('',(0.,0.,1.));
#1248 = PCURVE('',#32,#1249);
#1249 = DEFINITIONAL_REPRESENTATION('',(#1250),#1254);
#1250 = LINE('',#1251,#1252);
#1251 = CARTESIAN_POINT('',(5.772021484375,42.680322265625));
#1252 = VECTOR('',#1253,1.);
#1253 = DIRECTION('',(1.,0.));
#1254 = ( GEOMETRIC_REPRESENTATION_CONTEXT(2) 
PARAMETRIC_REPRESENTATION_CONTEXT() REPRESENTATION_CONTEXT('2D SPACE',''
  ) );
#1255 = PCURVE('',#1256,#1261);
#1256 = PLANE('',#1257);
#1257 = AXIS2_PLACEMENT_3D('',#1258,#1259,#1260);
#1258 = CARTESIAN_POINT('',(-1.419677734375,-11.7,5.772021484375));
#1259 = DIRECTION('',(1.,0.,-0.));
#1260 = DIRECTION('',(0.,0.,1.));
#1261 = DEFINITIONAL_REPRESENTATION('',(#1262),#1266);
#1262 = LINE('',#1263,#1264);
#1263 = CARTESIAN_POINT('',(0.,0.));
#1264 = VECTOR('',#1265,1.);
#1265 = DIRECTION('',(1.,0.));
#1266 = ( GEOMETRIC_REPRESENTATION_CONTEXT(2) 
PARAMETRIC_REPRESENTATION_CONTEXT() REPRESENTATION_CONTEXT('2D SPACE',''
  ) );
#1267 = ORIENTED_EDGE('',*,*,#1268,.F.);
#1268 = EDGE_CURVE('',#1269,#1241,#1271,.T.);
#1269 = VERTEX_POINT('',#1270);
#1270 = CARTESIAN_POINT('',(-0.357666015625,-11.7,5.772021484375));
#1271 = SURFACE_CURVE('',#1272,(#1276,#1283),.PCURVE_S1.);
#1272 = LINE('',#1273,#1274);
#1273 = CARTESIAN_POINT('',(-0.357666015625,-11.7,5.772021484375));
#1274 = VECTOR('',#1275,1.);
#1275 = DIRECTION('',(-1.,0.,0.));
#1276 = PCURVE('',#32,#1277);
#1277 = DEFINITIONAL_REPRESENTATION('',(#1278),#1282);
#1278 = LINE('',#1279,#1280);
#1279 = CARTESIAN_POINT('',(5.772021484375,43.742333984375));
#1280 = VECTOR('',#1281,1.);
#1281 = DIRECTION('',(0.,-1.));
#1282 = ( GEOMETRIC_REPRESENTATION_CONTEXT(2) 
PARAMETRIC_REPRESENTATION_CONTEXT() REPRESENTATION_CONTEXT('2D SPACE',''
  ) );
#1283 = PCURVE('',#1284,#1289);
#1284 = PLANE('',#1285);
#1285 = AXIS2_PLACEMENT_3D('',#1286,#1287,#1288);
#1286 = CARTESIAN_POINT('',(-0.357666015625,-11.7,5.772021484375));
#1287 = DIRECTION('',(0.,0.,1.));
#1288 = DIRECTION('',(-1.,0.,0.));
#1289 = DEFINITIONAL_REPRESENTATION('',(#1290),#1294);
#1290 = LINE('',#1291,#1292);
#1291 = CARTESIAN_POINT('',(0.,0.));
#1292 = VECTOR('',#1293,1.);
#1293 = DIRECTION('',(1.,0.));
#1294 = ( GEOMETRIC_REPRESENTATION_CONTEXT(2) 
PARAMETRIC_REPRESENTATION_CONTEXT() REPRESENTATION_CONTEXT('2D SPACE',''
  ) );
#1295 = ORIENTED_EDGE('',*,*,#1296,.F.);
#1296 = EDGE_CURVE('',#1101,#1269,#1297,.T.);
#1297 = SURFACE_CURVE('',#1298,(#1302,#1309),.PCURVE_S1.);
#1298 = LINE('',#1299,#1300);
#1299 = CARTESIAN_POINT('',(-0.357666015625,-11.7,2.798388671875));
#1300 = VECTOR('',#1301,1.);
#1301 = DIRECTION('',(0.,0.,1.));
#1302 = PCURVE('',#32,#1303);
#1303 = DEFINITIONAL_REPRESENTATION('',(#1304),#1308);
#1304 = LINE('',#1305,#1306);
#1305 = CARTESIAN_POINT('',(2.798388671875,43.742333984375));
#1306 = VECTOR('',#1307,1.);
#1307 = DIRECTION('',(1.,0.));
#1308 = ( GEOMETRIC_REPRESENTATION_CONTEXT(2) 
PARAMETRIC_REPRESENTATION_CONTEXT() REPRESENTATION_CONTEXT('2D SPACE',''
  ) );
#1309 = PCURVE('',#1310,#1315);
#1310 = PLANE('',#1311);
#1311 = AXIS2_PLACEMENT_3D('',#1312,#1313,#1314);
#1312 = CARTESIAN_POINT('',(-0.357666015625,-11.7,2.798388671875));
#1313 = DIRECTION('',(1.,0.,-0.));
#1314 = DIRECTION('',(0.,0.,1.));
#1315 = DEFINITIONAL_REPRESENTATION('',(#1316),#1320);
#1316 = LINE('',#1317,#1318);
#1317 = CARTESIAN_POINT('',(0.,0.));
#1318 = VECTOR('',#1319,1.);
#1319 = DIRECTION('',(1.,0.));
#1320 = ( GEOMETRIC_REPRESENTATION_CONTEXT(2) 
PARAMETRIC_REPRESENTATION_CONTEXT() REPRESENTATION_CONTEXT('2D SPACE',''
  ) );
#1321 = FACE_BOUND('',#1322,.F.);
#1322 = EDGE_LOOP('',(#1323,#1353,#1381,#1409,#1437,#1465,#1493,#1521,
    #1549,#1577));
#1323 = ORIENTED_EDGE('',*,*,#1324,.F.);
#1324 = EDGE_CURVE('',#1325,#1327,#1329,.T.);
#1325 = VERTEX_POINT('',#1326);
#1326 = CARTESIAN_POINT('',(11.764208984375,-11.7,2.798388671875));
#1327 = VERTEX_POINT('',#1328);
#1328 = CARTESIAN_POINT('',(11.041552734375,-11.7,2.798388671875));
#1329 = SURFACE_CURVE('',#1330,(#1334,#1341),.PCURVE_S1.);
#1330 = LINE('',#1331,#1332);
#1331 = CARTESIAN_POINT('',(11.764208984375,-11.7,2.798388671875));
#1332 = VECTOR('',#1333,1.);
#1333 = DIRECTION('',(-1.,0.,0.));
#1334 = PCURVE('',#32,#1335);
#1335 = DEFINITIONAL_REPRESENTATION('',(#1336),#1340);
#1336 = LINE('',#1337,#1338);
#1337 = CARTESIAN_POINT('',(2.798388671875,55.864208984375));
#1338 = VECTOR('',#1339,1.);
#1339 = DIRECTION('',(0.,-1.));
#1340 = ( GEOMETRIC_REPRESENTATION_CONTEXT(2) 
PARAMETRIC_REPRESENTATION_CONTEXT() REPRESENTATION_CONTEXT('2D SPACE',''
  ) );
#1341 = PCURVE('',#1342,#1347);
#1342 = PLANE('',#1343);
#1343 = AXIS2_PLACEMENT_3D('',#1344,#1345,#1346);
#1344 = CARTESIAN_POINT('',(11.764208984375,-11.7,2.798388671875));
#1345 = DIRECTION('',(0.,0.,1.));
#1346 = DIRECTION('',(-1.,0.,0.));
#1347 = DEFINITIONAL_REPRESENTATION('',(#1348),#1352);
#1348 = LINE('',#1349,#1350);
#1349 = CARTESIAN_POINT('',(0.,0.));
#1350 = VECTOR('',#1351,1.);
#1351 = DIRECTION('',(1.,0.));
#1352 = ( GEOMETRIC_REPRESENTATION_CONTEXT(2) 
PARAMETRIC_REPRESENTATION_CONTEXT() REPRESENTATION_CONTEXT('2D SPACE',''
  ) );
#1353 = ORIENTED_EDGE('',*,*,#1354,.F.);
#1354 = EDGE_CURVE('',#1355,#1325,#1357,.T.);
#1355 = VERTEX_POINT('',#1356);
#1356 = CARTESIAN_POINT('',(11.764208984375,-11.7,4.319384765625));
#1357 = SURFACE_CURVE('',#1358,(#1362,#1369),.PCURVE_S1.);
#1358 = LINE('',#1359,#1360);
#1359 = CARTESIAN_POINT('',(11.764208984375,-11.7,4.319384765625));
#1360 = VECTOR('',#1361,1.);
#1361 = DIRECTION('',(0.,0.,-1.));
#1362 = PCURVE('',#32,#1363);
#1363 = DEFINITIONAL_REPRESENTATION('',(#1364),#1368);
#1364 = LINE('',#1365,#1366);
#1365 = CARTESIAN_POINT('',(4.319384765625,55.864208984375));
#1366 = VECTOR('',#1367,1.);
#1367 = DIRECTION('',(-1.,0.));
#1368 = ( GEOMETRIC_REPRESENTATION_CONTEXT(2) 
PARAMETRIC_REPRESENTATION_CONTEXT() REPRESENTATION_CONTEXT('2D SPACE',''
  ) );
#1369 = PCURVE('',#1370,#1375);
#1370 = PLANE('',#1371);
#1371 = AXIS2_PLACEMENT_3D('',#1372,#1373,#1374);
#1372 = CARTESIAN_POINT('',(11.764208984375,-11.7,4.319384765625));
#1373 = DIRECTION('',(-1.,-0.,-0.));
#1374 = DIRECTION('',(0.,0.,-1.));
#1375 = DEFINITIONAL_REPRESENTATION('',(#1376),#1380);
#1376 = LINE('',#1377,#1378);
#1377 = CARTESIAN_POINT('',(0.,0.));
#1378 = VECTOR('',#1379,1.);
#1379 = DIRECTION('',(1.,0.));
#1380 = ( GEOMETRIC_REPRESENTATION_CONTEXT(2) 
PARAMETRIC_REPRESENTATION_CONTEXT() REPRESENTATION_CONTEXT('2D SPACE',''
  ) );
#1381 = ORIENTED_EDGE('',*,*,#1382,.F.);
#1382 = EDGE_CURVE('',#1383,#1355,#1385,.T.);
#1383 = VERTEX_POINT('',#1384);
#1384 = CARTESIAN_POINT('',(13.258349609375,-11.7,4.319384765625));
#1385 = SURFACE_CURVE('',#1386,(#1390,#1397),.PCURVE_S1.);
#1386 = LINE('',#1387,#1388);
#1387 = CARTESIAN_POINT('',(13.258349609375,-11.7,4.319384765625));
#1388 = VECTOR('',#1389,1.);
#1389 = DIRECTION('',(-1.,0.,0.));
#1390 = PCURVE('',#32,#1391);
#1391 = DEFINITIONAL_REPRESENTATION('',(#1392),#1396);
#1392 = LINE('',#1393,#1394);
#1393 = CARTESIAN_POINT('',(4.319384765625,57.358349609375));
#1394 = VECTOR('',#1395,1.);
#1395 = DIRECTION('',(0.,-1.));
#1396 = ( GEOMETRIC_REPRESENTATION_CONTEXT(2) 
PARAMETRIC_REPRESENTATION_CONTEXT() REPRESENTATION_CONTEXT('2D SPACE',''
  ) );
#1397 = PCURVE('',#1398,#1403);
#1398 = PLANE('',#1399);
#1399 = AXIS2_PLACEMENT_3D('',#1400,#1401,#1402);
#1400 = CARTESIAN_POINT('',(13.258349609375,-11.7,4.319384765625));
#1401 = DIRECTION('',(0.,0.,1.));
#1402 = DIRECTION('',(-1.,0.,0.));
#1403 = DEFINITIONAL_REPRESENTATION('',(#1404),#1408);
#1404 = LINE('',#1405,#1406);
#1405 = CARTESIAN_POINT('',(0.,0.));
#1406 = VECTOR('',#1407,1.);
#1407 = DIRECTION('',(1.,0.));
#1408 = ( GEOMETRIC_REPRESENTATION_CONTEXT(2) 
PARAMETRIC_REPRESENTATION_CONTEXT() REPRESENTATION_CONTEXT('2D SPACE',''
  ) );
#1409 = ORIENTED_EDGE('',*,*,#1410,.F.);
#1410 = EDGE_CURVE('',#1411,#1383,#1413,.T.);
#1411 = VERTEX_POINT('',#1412);
#1412 = CARTESIAN_POINT('',(13.258349609375,-11.7,4.924853515625));
#1413 = SURFACE_CURVE('',#1414,(#1418,#1425),.PCURVE_S1.);
#1414 = LINE('',#1415,#1416);
#1415 = CARTESIAN_POINT('',(13.258349609375,-11.7,4.924853515625));
#1416 = VECTOR('',#1417,1.);
#1417 = DIRECTION('',(0.,0.,-1.));
#1418 = PCURVE('',#32,#1419);
#1419 = DEFINITIONAL_REPRESENTATION('',(#1420),#1424);
#1420 = LINE('',#1421,#1422);
#1421 = CARTESIAN_POINT('',(4.924853515625,57.358349609375));
#1422 = VECTOR('',#1423,1.);
#1423 = DIRECTION('',(-1.,0.));
#1424 = ( GEOMETRIC_REPRESENTATION_CONTEXT(2) 
PARAMETRIC_REPRESENTATION_CONTEXT() REPRESENTATION_CONTEXT('2D SPACE',''
  ) );
#1425 = PCURVE('',#1426,#1431);
#1426 = PLANE('',#1427);
#1427 = AXIS2_PLACEMENT_3D('',#1428,#1429,#1430);
#1428 = CARTESIAN_POINT('',(13.258349609375,-11.7,4.924853515625));
#1429 = DIRECTION('',(-1.,-0.,-0.));
#1430 = DIRECTION('',(0.,0.,-1.));
#1431 = DEFINITIONAL_REPRESENTATION('',(#1432),#1436);
#1432 = LINE('',#1433,#1434);
#1433 = CARTESIAN_POINT('',(0.,0.));
#1434 = VECTOR('',#1435,1.);
#1435 = DIRECTION('',(1.,0.));
#1436 = ( GEOMETRIC_REPRESENTATION_CONTEXT(2) 
PARAMETRIC_REPRESENTATION_CONTEXT() REPRESENTATION_CONTEXT('2D SPACE',''
  ) );
#1437 = ORIENTED_EDGE('',*,*,#1438,.F.);
#1438 = EDGE_CURVE('',#1439,#1411,#1441,.T.);
#1439 = VERTEX_POINT('',#1440);
#1440 = CARTESIAN_POINT('',(11.764208984375,-11.7,4.924853515625));
#1441 = SURFACE_CURVE('',#1442,(#1446,#1453),.PCURVE_S1.);
#1442 = LINE('',#1443,#1444);
#1443 = CARTESIAN_POINT('',(11.764208984375,-11.7,4.924853515625));
#1444 = VECTOR('',#1445,1.);
#1445 = DIRECTION('',(1.,0.,0.));
#1446 = PCURVE('',#32,#1447);
#1447 = DEFINITIONAL_REPRESENTATION('',(#1448),#1452);
#1448 = LINE('',#1449,#1450);
#1449 = CARTESIAN_POINT('',(4.924853515625,55.864208984375));
#1450 = VECTOR('',#1451,1.);
#1451 = DIRECTION('',(0.,1.));
#1452 = ( GEOMETRIC_REPRESENTATION_CONTEXT(2) 
PARAMETRIC_REPRESENTATION_CONTEXT() REPRESENTATION_CONTEXT('2D SPACE',''
  ) );
#1453 = PCURVE('',#1454,#1459);
#1454 = PLANE('',#1455);
#1455 = AXIS2_PLACEMENT_3D('',#1456,#1457,#1458);
#1456 = CARTESIAN_POINT('',(11.764208984375,-11.7,4.924853515625));
#1457 = DIRECTION('',(0.,0.,-1.));
#1458 = DIRECTION('',(1.,0.,0.));
#1459 = DEFINITIONAL_REPRESENTATION('',(#1460),#1464);
#1460 = LINE('',#1461,#1462);
#1461 = CARTESIAN_POINT('',(0.,0.));
#1462 = VECTOR('',#1463,1.);
#1463 = DIRECTION('',(1.,0.));
#1464 = ( GEOMETRIC_REPRESENTATION_CONTEXT(2) 
PARAMETRIC_REPRESENTATION_CONTEXT() REPRESENTATION_CONTEXT('2D SPACE',''
  ) );
#1465 = ORIENTED_EDGE('',*,*,#1466,.F.);
#1466 = EDGE_CURVE('',#1467,#1439,#1469,.T.);
#1467 = VERTEX_POINT('',#1468);
#1468 = CARTESIAN_POINT('',(11.764208984375,-11.7,5.772021484375));
#1469 = SURFACE_CURVE('',#1470,(#1474,#1481),.PCURVE_S1.);
#1470 = LINE('',#1471,#1472);
#1471 = CARTESIAN_POINT('',(11.764208984375,-11.7,5.772021484375));
#1472 = VECTOR('',#1473,1.);
#1473 = DIRECTION('',(0.,0.,-1.));
#1474 = PCURVE('',#32,#1475);
#1475 = DEFINITIONAL_REPRESENTATION('',(#1476),#1480);
#1476 = LINE('',#1477,#1478);
#1477 = CARTESIAN_POINT('',(5.772021484375,55.864208984375));
#1478 = VECTOR('',#1479,1.);
#1479 = DIRECTION('',(-1.,0.));
#1480 = ( GEOMETRIC_REPRESENTATION_CONTEXT(2) 
PARAMETRIC_REPRESENTATION_CONTEXT() REPRESENTATION_CONTEXT('2D SPACE',''
  ) );
#1481 = PCURVE('',#1482,#1487);
#1482 = PLANE('',#1483);
#1483 = AXIS2_PLACEMENT_3D('',#1484,#1485,#1486);
#1484 = CARTESIAN_POINT('',(11.764208984375,-11.7,5.772021484375));
#1485 = DIRECTION('',(-1.,-0.,-0.));
#1486 = DIRECTION('',(0.,0.,-1.));
#1487 = DEFINITIONAL_REPRESENTATION('',(#1488),#1492);
#1488 = LINE('',#1489,#1490);
#1489 = CARTESIAN_POINT('',(0.,0.));
#1490 = VECTOR('',#1491,1.);
#1491 = DIRECTION('',(1.,0.));
#1492 = ( GEOMETRIC_REPRESENTATION_CONTEXT(2) 
PARAMETRIC_REPRESENTATION_CONTEXT() REPRESENTATION_CONTEXT('2D SPACE',''
  ) );
#1493 = ORIENTED_EDGE('',*,*,#1494,.F.);
#1494 = EDGE_CURVE('',#1495,#1467,#1497,.T.);
#1495 = VERTEX_POINT('',#1496);
#1496 = CARTESIAN_POINT('',(13.495166015625,-11.7,5.772021484375));
#1497 = SURFACE_CURVE('',#1498,(#1502,#1509),.PCURVE_S1.);
#1498 = LINE('',#1499,#1500);
#1499 = CARTESIAN_POINT('',(13.495166015625,-11.7,5.772021484375));
#1500 = VECTOR('',#1501,1.);
#1501 = DIRECTION('',(-1.,0.,0.));
#1502 = PCURVE('',#32,#1503);
#1503 = DEFINITIONAL_REPRESENTATION('',(#1504),#1508);
#1504 = LINE('',#1505,#1506);
#1505 = CARTESIAN_POINT('',(5.772021484375,57.595166015625));
#1506 = VECTOR('',#1507,1.);
#1507 = DIRECTION('',(0.,-1.));
#1508 = ( GEOMETRIC_REPRESENTATION_CONTEXT(2) 
PARAMETRIC_REPRESENTATION_CONTEXT() REPRESENTATION_CONTEXT('2D SPACE',''
  ) );
#1509 = PCURVE('',#1510,#1515);
#1510 = PLANE('',#1511);
#1511 = AXIS2_PLACEMENT_3D('',#1512,#1513,#1514);
#1512 = CARTESIAN_POINT('',(13.495166015625,-11.7,5.772021484375));
#1513 = DIRECTION('',(0.,0.,1.));
#1514 = DIRECTION('',(-1.,0.,0.));
#1515 = DEFINITIONAL_REPRESENTATION('',(#1516),#1520);
#1516 = LINE('',#1517,#1518);
#1517 = CARTESIAN_POINT('',(0.,0.));
#1518 = VECTOR('',#1519,1.);
#1519 = DIRECTION('',(1.,0.));
#1520 = ( GEOMETRIC_REPRESENTATION_CONTEXT(2) 
PARAMETRIC_REPRESENTATION_CONTEXT() REPRESENTATION_CONTEXT('2D SPACE',''
  ) );
#1521 = ORIENTED_EDGE('',*,*,#1522,.F.);
#1522 = EDGE_CURVE('',#1523,#1495,#1525,.T.);
#1523 = VERTEX_POINT('',#1524);
#1524 = CARTESIAN_POINT('',(13.495166015625,-11.7,6.377490234375));
#1525 = SURFACE_CURVE('',#1526,(#1530,#1537),.PCURVE_S1.);
#1526 = LINE('',#1527,#1528);
#1527 = CARTESIAN_POINT('',(13.495166015625,-11.7,6.377490234375));
#1528 = VECTOR('',#1529,1.);
#1529 = DIRECTION('',(0.,0.,-1.));
#1530 = PCURVE('',#32,#1531);
#1531 = DEFINITIONAL_REPRESENTATION('',(#1532),#1536);
#1532 = LINE('',#1533,#1534);
#1533 = CARTESIAN_POINT('',(6.377490234375,57.595166015625));
#1534 = VECTOR('',#1535,1.);
#1535 = DIRECTION('',(-1.,0.));
#1536 = ( GEOMETRIC_REPRESENTATION_CONTEXT(2) 
PARAMETRIC_REPRESENTATION_CONTEXT() REPRESENTATION_CONTEXT('2D SPACE',''
  ) );
#1537 = PCURVE('',#1538,#1543);
#1538 = PLANE('',#1539);
#1539 = AXIS2_PLACEMENT_3D('',#1540,#1541,#1542);
#1540 = CARTESIAN_POINT('',(13.495166015625,-11.7,6.377490234375));
#1541 = DIRECTION('',(-1.,-0.,-0.));
#1542 = DIRECTION('',(0.,0.,-1.));
#1543 = DEFINITIONAL_REPRESENTATION('',(#1544),#1548);
#1544 = LINE('',#1545,#1546);
#1545 = CARTESIAN_POINT('',(0.,0.));
#1546 = VECTOR('',#1547,1.);
#1547 = DIRECTION('',(1.,0.));
#1548 = ( GEOMETRIC_REPRESENTATION_CONTEXT(2) 
PARAMETRIC_REPRESENTATION_CONTEXT() REPRESENTATION_CONTEXT('2D SPACE',''
  ) );
#1549 = ORIENTED_EDGE('',*,*,#1550,.F.);
#1550 = EDGE_CURVE('',#1551,#1523,#1553,.T.);
#1551 = VERTEX_POINT('',#1552);
#1552 = CARTESIAN_POINT('',(11.041552734375,-11.7,6.377490234375));
#1553 = SURFACE_CURVE('',#1554,(#1558,#1565),.PCURVE_S1.);
#1554 = LINE('',#1555,#1556);
#1555 = CARTESIAN_POINT('',(11.041552734375,-11.7,6.377490234375));
#1556 = VECTOR('',#1557,1.);
#1557 = DIRECTION('',(1.,0.,0.));
#1558 = PCURVE('',#32,#1559);
#1559 = DEFINITIONAL_REPRESENTATION('',(#1560),#1564);
#1560 = LINE('',#1561,#1562);
#1561 = CARTESIAN_POINT('',(6.377490234375,55.141552734375));
#1562 = VECTOR('',#1563,1.);
#1563 = DIRECTION('',(0.,1.));
#1564 = ( GEOMETRIC_REPRESENTATION_CONTEXT(2) 
PARAMETRIC_REPRESENTATION_CONTEXT() REPRESENTATION_CONTEXT('2D SPACE',''
  ) );
#1565 = PCURVE('',#1566,#1571);
#1566 = PLANE('',#1567);
#1567 = AXIS2_PLACEMENT_3D('',#1568,#1569,#1570);
#1568 = CARTESIAN_POINT('',(11.041552734375,-11.7,6.377490234375));
#1569 = DIRECTION('',(0.,0.,-1.));
#1570 = DIRECTION('',(1.,0.,0.));
#1571 = DEFINITIONAL_REPRESENTATION('',(#1572),#1576);
#1572 = LINE('',#1573,#1574);
#1573 = CARTESIAN_POINT('',(0.,0.));
#1574 = VECTOR('',#1575,1.);
#1575 = DIRECTION('',(1.,0.));
#1576 = ( GEOMETRIC_REPRESENTATION_CONTEXT(2) 
PARAMETRIC_REPRESENTATION_CONTEXT() REPRESENTATION_CONTEXT('2D SPACE',''
  ) );
#1577 = ORIENTED_EDGE('',*,*,#1578,.F.);
#1578 = EDGE_CURVE('',#1327,#1551,#1579,.T.);
#1579 = SURFACE_CURVE('',#1580,(#1584,#1591),.PCURVE_S1.);
#1580 = LINE('',#1581,#1582);
#1581 = CARTESIAN_POINT('',(11.041552734375,-11.7,2.798388671875));
#1582 = VECTOR('',#1583,1.);
#1583 = DIRECTION('',(0.,0.,1.));
#1584 = PCURVE('',#32,#1585);
#1585 = DEFINITIONAL_REPRESENTATION('',(#1586),#1590);
#1586 = LINE('',#1587,#1588);
#1587 = CARTESIAN_POINT('',(2.798388671875,55.141552734375));
#1588 = VECTOR('',#1589,1.);
#1589 = DIRECTION('',(1.,0.));
#1590 = ( GEOMETRIC_REPRESENTATION_CONTEXT(2) 
PARAMETRIC_REPRESENTATION_CONTEXT() REPRESENTATION_CONTEXT('2D SPACE',''
  ) );
#1591 = PCURVE('',#1592,#1597);
#1592 = PLANE('',#1593);
#1593 = AXIS2_PLACEMENT_3D('',#1594,#1595,#1596);
#1594 = CARTESIAN_POINT('',(11.041552734375,-11.7,2.798388671875));
#1595 = DIRECTION('',(1.,0.,-0.));
#1596 = DIRECTION('',(0.,0.,1.));
#1597 = DEFINITIONAL_REPRESENTATION('',(#1598),#1602);
#1598 = LINE('',#1599,#1600);
#1599 = CARTESIAN_POINT('',(0.,0.));
#1600 = VECTOR('',#1601,1.);
#1601 = DIRECTION('',(1.,0.));
#1602 = ( GEOMETRIC_REPRESENTATION_CONTEXT(2) 
PARAMETRIC_REPRESENTATION_CONTEXT() REPRESENTATION_CONTEXT('2D SPACE',''
  ) );
#1603 = FACE_BOUND('',#1604,.F.);
#1604 = EDGE_LOOP('',(#1605,#1635,#1665,#1695,#1725,#1755,#1785,#1815,
    #1845,#1875,#1905,#1935,#1965,#1995,#2025,#2055,#2083,#2113,#2143,
    #2173,#2203,#2233,#2263,#2293,#2323,#2353,#2383,#2413,#2443,#2473));
#1605 = ORIENTED_EDGE('',*,*,#1606,.F.);
#1606 = EDGE_CURVE('',#1607,#1609,#1611,.T.);
#1607 = VERTEX_POINT('',#1608);
#1608 = CARTESIAN_POINT('',(22.91318359375,-11.7,3.962939453125));
#1609 = VERTEX_POINT('',#1610);
#1610 = CARTESIAN_POINT('',(23.61630859375,-11.7,4.031298828125));
#1611 = SURFACE_CURVE('',#1612,(#1616,#1623),.PCURVE_S1.);
#1612 = LINE('',#1613,#1614);
#1613 = CARTESIAN_POINT('',(22.91318359375,-11.7,3.962939453125));
#1614 = VECTOR('',#1615,1.);
#1615 = DIRECTION('',(0.995307161767,0.,9.676597406065E-02));
#1616 = PCURVE('',#32,#1617);
#1617 = DEFINITIONAL_REPRESENTATION('',(#1618),#1622);
#1618 = LINE('',#1619,#1620);
#1619 = CARTESIAN_POINT('',(3.962939453125,67.01318359375));
#1620 = VECTOR('',#1621,1.);
#1621 = DIRECTION('',(9.676597406065E-02,0.995307161767));
#1622 = ( GEOMETRIC_REPRESENTATION_CONTEXT(2) 
PARAMETRIC_REPRESENTATION_CONTEXT() REPRESENTATION_CONTEXT('2D SPACE',''
  ) );
#1623 = PCURVE('',#1624,#1629);
#1624 = PLANE('',#1625);
#1625 = AXIS2_PLACEMENT_3D('',#1626,#1627,#1628);
#1626 = CARTESIAN_POINT('',(22.91318359375,-11.7,3.962939453125));
#1627 = DIRECTION('',(9.676597406065E-02,0.,-0.995307161767));
#1628 = DIRECTION('',(0.995307161767,0.,9.676597406065E-02));
#1629 = DEFINITIONAL_REPRESENTATION('',(#1630),#1634);
#1630 = LINE('',#1631,#1632);
#1631 = CARTESIAN_POINT('',(0.,0.));
#1632 = VECTOR('',#1633,1.);
#1633 = DIRECTION('',(1.,0.));
#1634 = ( GEOMETRIC_REPRESENTATION_CONTEXT(2) 
PARAMETRIC_REPRESENTATION_CONTEXT() REPRESENTATION_CONTEXT('2D SPACE',''
  ) );
#1635 = ORIENTED_EDGE('',*,*,#1636,.F.);
#1636 = EDGE_CURVE('',#1637,#1607,#1639,.T.);
#1637 = VERTEX_POINT('',#1638);
#1638 = CARTESIAN_POINT('',(23.34775390625,-11.7,3.0486328125));
#1639 = SURFACE_CURVE('',#1640,(#1644,#1651),.PCURVE_S1.);
#1640 = B_SPLINE_CURVE_WITH_KNOTS('',2,(#1641,#1642,#1643),
  .UNSPECIFIED.,.F.,.F.,(3,3),(0.,1.),.PIECEWISE_BEZIER_KNOTS.);
#1641 = CARTESIAN_POINT('',(23.34775390625,-11.7,3.0486328125));
#1642 = CARTESIAN_POINT('',(22.983984375,-11.7,3.362353515625));
#1643 = CARTESIAN_POINT('',(22.91318359375,-11.7,3.962939453125));
#1644 = PCURVE('',#32,#1645);
#1645 = DEFINITIONAL_REPRESENTATION('',(#1646),#1650);
#1646 = B_SPLINE_CURVE_WITH_KNOTS('',2,(#1647,#1648,#1649),
  .UNSPECIFIED.,.F.,.F.,(3,3),(0.,1.),.PIECEWISE_BEZIER_KNOTS.);
#1647 = CARTESIAN_POINT('',(3.0486328125,67.44775390625));
#1648 = CARTESIAN_POINT('',(3.362353515625,67.083984375));
#1649 = CARTESIAN_POINT('',(3.962939453125,67.01318359375));
#1650 = ( GEOMETRIC_REPRESENTATION_CONTEXT(2) 
PARAMETRIC_REPRESENTATION_CONTEXT() REPRESENTATION_CONTEXT('2D SPACE',''
  ) );
#1651 = PCURVE('',#1652,#1659);
#1652 = SURFACE_OF_LINEAR_EXTRUSION('',#1653,#1657);
#1653 = B_SPLINE_CURVE_WITH_KNOTS('',2,(#1654,#1655,#1656),
  .UNSPECIFIED.,.F.,.F.,(3,3),(0.,1.),.PIECEWISE_BEZIER_KNOTS.);
#1654 = CARTESIAN_POINT('',(23.34775390625,-11.7,3.0486328125));
#1655 = CARTESIAN_POINT('',(22.983984375,-11.7,3.362353515625));
#1656 = CARTESIAN_POINT('',(22.91318359375,-11.7,3.962939453125));
#1657 = VECTOR('',#1658,1.);
#1658 = DIRECTION('',(0.,-1.,0.));
#1659 = DEFINITIONAL_REPRESENTATION('',(#1660),#1664);
#1660 = LINE('',#1661,#1662);
#1661 = CARTESIAN_POINT('',(0.,0.));
#1662 = VECTOR('',#1663,1.);
#1663 = DIRECTION('',(1.,0.));
#1664 = ( GEOMETRIC_REPRESENTATION_CONTEXT(2) 
PARAMETRIC_REPRESENTATION_CONTEXT() REPRESENTATION_CONTEXT('2D SPACE',''
  ) );
#1665 = ORIENTED_EDGE('',*,*,#1666,.F.);
#1666 = EDGE_CURVE('',#1667,#1637,#1669,.T.);
#1667 = VERTEX_POINT('',#1668);
#1668 = CARTESIAN_POINT('',(24.390234375,-11.7,2.734912109375));
#1669 = SURFACE_CURVE('',#1670,(#1674,#1681),.PCURVE_S1.);
#1670 = B_SPLINE_CURVE_WITH_KNOTS('',2,(#1671,#1672,#1673),
  .UNSPECIFIED.,.F.,.F.,(3,3),(0.,1.),.PIECEWISE_BEZIER_KNOTS.);
#1671 = CARTESIAN_POINT('',(24.390234375,-11.7,2.734912109375));
#1672 = CARTESIAN_POINT('',(23.7115234375,-11.7,2.734912109375));
#1673 = CARTESIAN_POINT('',(23.34775390625,-11.7,3.0486328125));
#1674 = PCURVE('',#32,#1675);
#1675 = DEFINITIONAL_REPRESENTATION('',(#1676),#1680);
#1676 = B_SPLINE_CURVE_WITH_KNOTS('',2,(#1677,#1678,#1679),
  .UNSPECIFIED.,.F.,.F.,(3,3),(0.,1.),.PIECEWISE_BEZIER_KNOTS.);
#1677 = CARTESIAN_POINT('',(2.734912109375,68.490234375));
#1678 = CARTESIAN_POINT('',(2.734912109375,67.8115234375));
#1679 = CARTESIAN_POINT('',(3.0486328125,67.44775390625));
#1680 = ( GEOMETRIC_REPRESENTATION_CONTEXT(2) 
PARAMETRIC_REPRESENTATION_CONTEXT() REPRESENTATION_CONTEXT('2D SPACE',''
  ) );
#1681 = PCURVE('',#1682,#1689);
#1682 = SURFACE_OF_LINEAR_EXTRUSION('',#1683,#1687);
#1683 = B_SPLINE_CURVE_WITH_KNOTS('',2,(#1684,#1685,#1686),
  .UNSPECIFIED.,.F.,.F.,(3,3),(0.,1.),.PIECEWISE_BEZIER_KNOTS.);
#1684 = CARTESIAN_POINT('',(24.390234375,-11.7,2.734912109375));
#1685 = CARTESIAN_POINT('',(23.7115234375,-11.7,2.734912109375));
#1686 = CARTESIAN_POINT('',(23.34775390625,-11.7,3.0486328125));
#1687 = VECTOR('',#1688,1.);
#1688 = DIRECTION('',(0.,-1.,0.));
#1689 = DEFINITIONAL_REPRESENTATION('',(#1690),#1694);
#1690 = LINE('',#1691,#1692);
#1691 = CARTESIAN_POINT('',(0.,0.));
#1692 = VECTOR('',#1693,1.);
#1693 = DIRECTION('',(1.,0.));
#1694 = ( GEOMETRIC_REPRESENTATION_CONTEXT(2) 
PARAMETRIC_REPRESENTATION_CONTEXT() REPRESENTATION_CONTEXT('2D SPACE',''
  ) );
#1695 = ORIENTED_EDGE('',*,*,#1696,.F.);
#1696 = EDGE_CURVE('',#1697,#1667,#1699,.T.);
#1697 = VERTEX_POINT('',#1698);
#1698 = CARTESIAN_POINT('',(25.16904296875,-11.7,2.86552734375));
#1699 = SURFACE_CURVE('',#1700,(#1704,#1711),.PCURVE_S1.);
#1700 = B_SPLINE_CURVE_WITH_KNOTS('',2,(#1701,#1702,#1703),
  .UNSPECIFIED.,.F.,.F.,(3,3),(0.,1.),.PIECEWISE_BEZIER_KNOTS.);
#1701 = CARTESIAN_POINT('',(25.16904296875,-11.7,2.86552734375));
#1702 = CARTESIAN_POINT('',(24.85654296875,-11.7,2.734912109375));
#1703 = CARTESIAN_POINT('',(24.390234375,-11.7,2.734912109375));
#1704 = PCURVE('',#32,#1705);
#1705 = DEFINITIONAL_REPRESENTATION('',(#1706),#1710);
#1706 = B_SPLINE_CURVE_WITH_KNOTS('',2,(#1707,#1708,#1709),
  .UNSPECIFIED.,.F.,.F.,(3,3),(0.,1.),.PIECEWISE_BEZIER_KNOTS.);
#1707 = CARTESIAN_POINT('',(2.86552734375,69.26904296875));
#1708 = CARTESIAN_POINT('',(2.734912109375,68.95654296875));
#1709 = CARTESIAN_POINT('',(2.734912109375,68.490234375));
#1710 = ( GEOMETRIC_REPRESENTATION_CONTEXT(2) 
PARAMETRIC_REPRESENTATION_CONTEXT() REPRESENTATION_CONTEXT('2D SPACE',''
  ) );
#1711 = PCURVE('',#1712,#1719);
#1712 = SURFACE_OF_LINEAR_EXTRUSION('',#1713,#1717);
#1713 = B_SPLINE_CURVE_WITH_KNOTS('',2,(#1714,#1715,#1716),
  .UNSPECIFIED.,.F.,.F.,(3,3),(0.,1.),.PIECEWISE_BEZIER_KNOTS.);
#1714 = CARTESIAN_POINT('',(25.16904296875,-11.7,2.86552734375));
#1715 = CARTESIAN_POINT('',(24.85654296875,-11.7,2.734912109375));
#1716 = CARTESIAN_POINT('',(24.390234375,-11.7,2.734912109375));
#1717 = VECTOR('',#1718,1.);
#1718 = DIRECTION('',(0.,-1.,0.));
#1719 = DEFINITIONAL_REPRESENTATION('',(#1720),#1724);
#1720 = LINE('',#1721,#1722);
#1721 = CARTESIAN_POINT('',(0.,0.));
#1722 = VECTOR('',#1723,1.);
#1723 = DIRECTION('',(1.,0.));
#1724 = ( GEOMETRIC_REPRESENTATION_CONTEXT(2) 
PARAMETRIC_REPRESENTATION_CONTEXT() REPRESENTATION_CONTEXT('2D SPACE',''
  ) );
#1725 = ORIENTED_EDGE('',*,*,#1726,.F.);
#1726 = EDGE_CURVE('',#1727,#1697,#1729,.T.);
#1727 = VERTEX_POINT('',#1728);
#1728 = CARTESIAN_POINT('',(25.65244140625,-11.7,3.264697265625));
#1729 = SURFACE_CURVE('',#1730,(#1734,#1741),.PCURVE_S1.);
#1730 = B_SPLINE_CURVE_WITH_KNOTS('',2,(#1731,#1732,#1733),
  .UNSPECIFIED.,.F.,.F.,(3,3),(0.,1.),.PIECEWISE_BEZIER_KNOTS.);
#1731 = CARTESIAN_POINT('',(25.65244140625,-11.7,3.264697265625));
#1732 = CARTESIAN_POINT('',(25.48154296875,-11.7,2.996142578125));
#1733 = CARTESIAN_POINT('',(25.16904296875,-11.7,2.86552734375));
#1734 = PCURVE('',#32,#1735);
#1735 = DEFINITIONAL_REPRESENTATION('',(#1736),#1740);
#1736 = B_SPLINE_CURVE_WITH_KNOTS('',2,(#1737,#1738,#1739),
  .UNSPECIFIED.,.F.,.F.,(3,3),(0.,1.),.PIECEWISE_BEZIER_KNOTS.);
#1737 = CARTESIAN_POINT('',(3.264697265625,69.75244140625));
#1738 = CARTESIAN_POINT('',(2.996142578125,69.58154296875));
#1739 = CARTESIAN_POINT('',(2.86552734375,69.26904296875));
#1740 = ( GEOMETRIC_REPRESENTATION_CONTEXT(2) 
PARAMETRIC_REPRESENTATION_CONTEXT() REPRESENTATION_CONTEXT('2D SPACE',''
  ) );
#1741 = PCURVE('',#1742,#1749);
#1742 = SURFACE_OF_LINEAR_EXTRUSION('',#1743,#1747);
#1743 = B_SPLINE_CURVE_WITH_KNOTS('',2,(#1744,#1745,#1746),
  .UNSPECIFIED.,.F.,.F.,(3,3),(0.,1.),.PIECEWISE_BEZIER_KNOTS.);
#1744 = CARTESIAN_POINT('',(25.65244140625,-11.7,3.264697265625));
#1745 = CARTESIAN_POINT('',(25.48154296875,-11.7,2.996142578125));
#1746 = CARTESIAN_POINT('',(25.16904296875,-11.7,2.86552734375));
#1747 = VECTOR('',#1748,1.);
#1748 = DIRECTION('',(0.,-1.,0.));
#1749 = DEFINITIONAL_REPRESENTATION('',(#1750),#1754);
#1750 = LINE('',#1751,#1752);
#1751 = CARTESIAN_POINT('',(0.,0.));
#1752 = VECTOR('',#1753,1.);
#1753 = DIRECTION('',(1.,0.));
#1754 = ( GEOMETRIC_REPRESENTATION_CONTEXT(2) 
PARAMETRIC_REPRESENTATION_CONTEXT() REPRESENTATION_CONTEXT('2D SPACE',''
  ) );
#1755 = ORIENTED_EDGE('',*,*,#1756,.F.);
#1756 = EDGE_CURVE('',#1757,#1727,#1759,.T.);
#1757 = VERTEX_POINT('',#1758);
#1758 = CARTESIAN_POINT('',(25.82333984375,-11.7,3.840869140625));
#1759 = SURFACE_CURVE('',#1760,(#1764,#1771),.PCURVE_S1.);
#1760 = B_SPLINE_CURVE_WITH_KNOTS('',2,(#1761,#1762,#1763),
  .UNSPECIFIED.,.F.,.F.,(3,3),(0.,1.),.PIECEWISE_BEZIER_KNOTS.);
#1761 = CARTESIAN_POINT('',(25.82333984375,-11.7,3.840869140625));
#1762 = CARTESIAN_POINT('',(25.82333984375,-11.7,3.533251953125));
#1763 = CARTESIAN_POINT('',(25.65244140625,-11.7,3.264697265625));
#1764 = PCURVE('',#32,#1765);
#1765 = DEFINITIONAL_REPRESENTATION('',(#1766),#1770);
#1766 = B_SPLINE_CURVE_WITH_KNOTS('',2,(#1767,#1768,#1769),
  .UNSPECIFIED.,.F.,.F.,(3,3),(0.,1.),.PIECEWISE_BEZIER_KNOTS.);
#1767 = CARTESIAN_POINT('',(3.840869140625,69.92333984375));
#1768 = CARTESIAN_POINT('',(3.533251953125,69.92333984375));
#1769 = CARTESIAN_POINT('',(3.264697265625,69.75244140625));
#1770 = ( GEOMETRIC_REPRESENTATION_CONTEXT(2) 
PARAMETRIC_REPRESENTATION_CONTEXT() REPRESENTATION_CONTEXT('2D SPACE',''
  ) );
#1771 = PCURVE('',#1772,#1779);
#1772 = SURFACE_OF_LINEAR_EXTRUSION('',#1773,#1777);
#1773 = B_SPLINE_CURVE_WITH_KNOTS('',2,(#1774,#1775,#1776),
  .UNSPECIFIED.,.F.,.F.,(3,3),(0.,1.),.PIECEWISE_BEZIER_KNOTS.);
#1774 = CARTESIAN_POINT('',(25.82333984375,-11.7,3.840869140625));
#1775 = CARTESIAN_POINT('',(25.82333984375,-11.7,3.533251953125));
#1776 = CARTESIAN_POINT('',(25.65244140625,-11.7,3.264697265625));
#1777 = VECTOR('',#1778,1.);
#1778 = DIRECTION('',(0.,-1.,0.));
#1779 = DEFINITIONAL_REPRESENTATION('',(#1780),#1784);
#1780 = LINE('',#1781,#1782);
#1781 = CARTESIAN_POINT('',(0.,0.));
#1782 = VECTOR('',#1783,1.);
#1783 = DIRECTION('',(1.,0.));
#1784 = ( GEOMETRIC_REPRESENTATION_CONTEXT(2) 
PARAMETRIC_REPRESENTATION_CONTEXT() REPRESENTATION_CONTEXT('2D SPACE',''
  ) );
#1785 = ORIENTED_EDGE('',*,*,#1786,.F.);
#1786 = EDGE_CURVE('',#1787,#1757,#1789,.T.);
#1787 = VERTEX_POINT('',#1788);
#1788 = CARTESIAN_POINT('',(25.680517578125,-11.7,4.4109375));
#1789 = SURFACE_CURVE('',#1790,(#1794,#1801),.PCURVE_S1.);
#1790 = B_SPLINE_CURVE_WITH_KNOTS('',2,(#1791,#1792,#1793),
  .UNSPECIFIED.,.F.,.F.,(3,3),(0.,1.),.PIECEWISE_BEZIER_KNOTS.);
#1791 = CARTESIAN_POINT('',(25.680517578125,-11.7,4.4109375));
#1792 = CARTESIAN_POINT('',(25.82333984375,-11.7,4.180224609375));
#1793 = CARTESIAN_POINT('',(25.82333984375,-11.7,3.840869140625));
#1794 = PCURVE('',#32,#1795);
#1795 = DEFINITIONAL_REPRESENTATION('',(#1796),#1800);
#1796 = B_SPLINE_CURVE_WITH_KNOTS('',2,(#1797,#1798,#1799),
  .UNSPECIFIED.,.F.,.F.,(3,3),(0.,1.),.PIECEWISE_BEZIER_KNOTS.);
#1797 = CARTESIAN_POINT('',(4.4109375,69.780517578125));
#1798 = CARTESIAN_POINT('',(4.180224609375,69.92333984375));
#1799 = CARTESIAN_POINT('',(3.840869140625,69.92333984375));
#1800 = ( GEOMETRIC_REPRESENTATION_CONTEXT(2) 
PARAMETRIC_REPRESENTATION_CONTEXT() REPRESENTATION_CONTEXT('2D SPACE',''
  ) );
#1801 = PCURVE('',#1802,#1809);
#1802 = SURFACE_OF_LINEAR_EXTRUSION('',#1803,#1807);
#1803 = B_SPLINE_CURVE_WITH_KNOTS('',2,(#1804,#1805,#1806),
  .UNSPECIFIED.,.F.,.F.,(3,3),(0.,1.),.PIECEWISE_BEZIER_KNOTS.);
#1804 = CARTESIAN_POINT('',(25.680517578125,-11.7,4.4109375));
#1805 = CARTESIAN_POINT('',(25.82333984375,-11.7,4.180224609375));
#1806 = CARTESIAN_POINT('',(25.82333984375,-11.7,3.840869140625));
#1807 = VECTOR('',#1808,1.);
#1808 = DIRECTION('',(0.,-1.,0.));
#1809 = DEFINITIONAL_REPRESENTATION('',(#1810),#1814);
#1810 = LINE('',#1811,#1812);
#1811 = CARTESIAN_POINT('',(0.,0.));
#1812 = VECTOR('',#1813,1.);
#1813 = DIRECTION('',(1.,0.));
#1814 = ( GEOMETRIC_REPRESENTATION_CONTEXT(2) 
PARAMETRIC_REPRESENTATION_CONTEXT() REPRESENTATION_CONTEXT('2D SPACE',''
  ) );
#1815 = ORIENTED_EDGE('',*,*,#1816,.F.);
#1816 = EDGE_CURVE('',#1817,#1787,#1819,.T.);
#1817 = VERTEX_POINT('',#1818);
#1818 = CARTESIAN_POINT('',(25.285009765625,-11.7,4.77470703125));
#1819 = SURFACE_CURVE('',#1820,(#1824,#1831),.PCURVE_S1.);
#1820 = B_SPLINE_CURVE_WITH_KNOTS('',2,(#1821,#1822,#1823),
  .UNSPECIFIED.,.F.,.F.,(3,3),(0.,1.),.PIECEWISE_BEZIER_KNOTS.);
#1821 = CARTESIAN_POINT('',(25.285009765625,-11.7,4.77470703125));
#1822 = CARTESIAN_POINT('',(25.5376953125,-11.7,4.641650390625));
#1823 = CARTESIAN_POINT('',(25.680517578125,-11.7,4.4109375));
#1824 = PCURVE('',#32,#1825);
#1825 = DEFINITIONAL_REPRESENTATION('',(#1826),#1830);
#1826 = B_SPLINE_CURVE_WITH_KNOTS('',2,(#1827,#1828,#1829),
  .UNSPECIFIED.,.F.,.F.,(3,3),(0.,1.),.PIECEWISE_BEZIER_KNOTS.);
#1827 = CARTESIAN_POINT('',(4.77470703125,69.385009765625));
#1828 = CARTESIAN_POINT('',(4.641650390625,69.6376953125));
#1829 = CARTESIAN_POINT('',(4.4109375,69.780517578125));
#1830 = ( GEOMETRIC_REPRESENTATION_CONTEXT(2) 
PARAMETRIC_REPRESENTATION_CONTEXT() REPRESENTATION_CONTEXT('2D SPACE',''
  ) );
#1831 = PCURVE('',#1832,#1839);
#1832 = SURFACE_OF_LINEAR_EXTRUSION('',#1833,#1837);
#1833 = B_SPLINE_CURVE_WITH_KNOTS('',2,(#1834,#1835,#1836),
  .UNSPECIFIED.,.F.,.F.,(3,3),(0.,1.),.PIECEWISE_BEZIER_KNOTS.);
#1834 = CARTESIAN_POINT('',(25.285009765625,-11.7,4.77470703125));
#1835 = CARTESIAN_POINT('',(25.5376953125,-11.7,4.641650390625));
#1836 = CARTESIAN_POINT('',(25.680517578125,-11.7,4.4109375));
#1837 = VECTOR('',#1838,1.);
#1838 = DIRECTION('',(0.,-1.,0.));
#1839 = DEFINITIONAL_REPRESENTATION('',(#1840),#1844);
#1840 = LINE('',#1841,#1842);
#1841 = CARTESIAN_POINT('',(0.,0.));
#1842 = VECTOR('',#1843,1.);
#1843 = DIRECTION('',(1.,0.));
#1844 = ( GEOMETRIC_REPRESENTATION_CONTEXT(2) 
PARAMETRIC_REPRESENTATION_CONTEXT() REPRESENTATION_CONTEXT('2D SPACE',''
  ) );
#1845 = ORIENTED_EDGE('',*,*,#1846,.F.);
#1846 = EDGE_CURVE('',#1847,#1817,#1849,.T.);
#1847 = VERTEX_POINT('',#1848);
#1848 = CARTESIAN_POINT('',(24.50498046875,-11.7,5.032275390625));
#1849 = SURFACE_CURVE('',#1850,(#1854,#1861),.PCURVE_S1.);
#1850 = B_SPLINE_CURVE_WITH_KNOTS('',2,(#1851,#1852,#1853),
  .UNSPECIFIED.,.F.,.F.,(3,3),(0.,1.),.PIECEWISE_BEZIER_KNOTS.);
#1851 = CARTESIAN_POINT('',(24.50498046875,-11.7,5.032275390625));
#1852 = CARTESIAN_POINT('',(25.03232421875,-11.7,4.907763671875));
#1853 = CARTESIAN_POINT('',(25.285009765625,-11.7,4.77470703125));
#1854 = PCURVE('',#32,#1855);
#1855 = DEFINITIONAL_REPRESENTATION('',(#1856),#1860);
#1856 = B_SPLINE_CURVE_WITH_KNOTS('',2,(#1857,#1858,#1859),
  .UNSPECIFIED.,.F.,.F.,(3,3),(0.,1.),.PIECEWISE_BEZIER_KNOTS.);
#1857 = CARTESIAN_POINT('',(5.032275390625,68.60498046875));
#1858 = CARTESIAN_POINT('',(4.907763671875,69.13232421875));
#1859 = CARTESIAN_POINT('',(4.77470703125,69.385009765625));
#1860 = ( GEOMETRIC_REPRESENTATION_CONTEXT(2) 
PARAMETRIC_REPRESENTATION_CONTEXT() REPRESENTATION_CONTEXT('2D SPACE',''
  ) );
#1861 = PCURVE('',#1862,#1869);
#1862 = SURFACE_OF_LINEAR_EXTRUSION('',#1863,#1867);
#1863 = B_SPLINE_CURVE_WITH_KNOTS('',2,(#1864,#1865,#1866),
  .UNSPECIFIED.,.F.,.F.,(3,3),(0.,1.),.PIECEWISE_BEZIER_KNOTS.);
#1864 = CARTESIAN_POINT('',(24.50498046875,-11.7,5.032275390625));
#1865 = CARTESIAN_POINT('',(25.03232421875,-11.7,4.907763671875));
#1866 = CARTESIAN_POINT('',(25.285009765625,-11.7,4.77470703125));
#1867 = VECTOR('',#1868,1.);
#1868 = DIRECTION('',(0.,-1.,0.));
#1869 = DEFINITIONAL_REPRESENTATION('',(#1870),#1874);
#1870 = LINE('',#1871,#1872);
#1871 = CARTESIAN_POINT('',(0.,0.));
#1872 = VECTOR('',#1873,1.);
#1873 = DIRECTION('',(1.,0.));
#1874 = ( GEOMETRIC_REPRESENTATION_CONTEXT(2) 
PARAMETRIC_REPRESENTATION_CONTEXT() REPRESENTATION_CONTEXT('2D SPACE',''
  ) );
#1875 = ORIENTED_EDGE('',*,*,#1876,.F.);
#1876 = EDGE_CURVE('',#1877,#1847,#1879,.T.);
#1877 = VERTEX_POINT('',#1878);
#1878 = CARTESIAN_POINT('',(23.84091796875,-11.7,5.271533203125));
#1879 = SURFACE_CURVE('',#1880,(#1884,#1891),.PCURVE_S1.);
#1880 = B_SPLINE_CURVE_WITH_KNOTS('',2,(#1881,#1882,#1883),
  .UNSPECIFIED.,.F.,.F.,(3,3),(0.,1.),.PIECEWISE_BEZIER_KNOTS.);
#1881 = CARTESIAN_POINT('',(23.84091796875,-11.7,5.271533203125));
#1882 = CARTESIAN_POINT('',(23.97763671875,-11.7,5.156787109375));
#1883 = CARTESIAN_POINT('',(24.50498046875,-11.7,5.032275390625));
#1884 = PCURVE('',#32,#1885);
#1885 = DEFINITIONAL_REPRESENTATION('',(#1886),#1890);
#1886 = B_SPLINE_CURVE_WITH_KNOTS('',2,(#1887,#1888,#1889),
  .UNSPECIFIED.,.F.,.F.,(3,3),(0.,1.),.PIECEWISE_BEZIER_KNOTS.);
#1887 = CARTESIAN_POINT('',(5.271533203125,67.94091796875));
#1888 = CARTESIAN_POINT('',(5.156787109375,68.07763671875));
#1889 = CARTESIAN_POINT('',(5.032275390625,68.60498046875));
#1890 = ( GEOMETRIC_REPRESENTATION_CONTEXT(2) 
PARAMETRIC_REPRESENTATION_CONTEXT() REPRESENTATION_CONTEXT('2D SPACE',''
  ) );
#1891 = PCURVE('',#1892,#1899);
#1892 = SURFACE_OF_LINEAR_EXTRUSION('',#1893,#1897);
#1893 = B_SPLINE_CURVE_WITH_KNOTS('',2,(#1894,#1895,#1896),
  .UNSPECIFIED.,.F.,.F.,(3,3),(0.,1.),.PIECEWISE_BEZIER_KNOTS.);
#1894 = CARTESIAN_POINT('',(23.84091796875,-11.7,5.271533203125));
#1895 = CARTESIAN_POINT('',(23.97763671875,-11.7,5.156787109375));
#1896 = CARTESIAN_POINT('',(24.50498046875,-11.7,5.032275390625));
#1897 = VECTOR('',#1898,1.);
#1898 = DIRECTION('',(0.,-1.,0.));
#1899 = DEFINITIONAL_REPRESENTATION('',(#1900),#1904);
#1900 = LINE('',#1901,#1902);
#1901 = CARTESIAN_POINT('',(0.,0.));
#1902 = VECTOR('',#1903,1.);
#1903 = DIRECTION('',(1.,0.));
#1904 = ( GEOMETRIC_REPRESENTATION_CONTEXT(2) 
PARAMETRIC_REPRESENTATION_CONTEXT() REPRESENTATION_CONTEXT('2D SPACE',''
  ) );
#1905 = ORIENTED_EDGE('',*,*,#1906,.F.);
#1906 = EDGE_CURVE('',#1907,#1877,#1909,.T.);
#1907 = VERTEX_POINT('',#1908);
#1908 = CARTESIAN_POINT('',(23.73349609375,-11.7,5.488818359375));
#1909 = SURFACE_CURVE('',#1910,(#1914,#1921),.PCURVE_S1.);
#1910 = B_SPLINE_CURVE_WITH_KNOTS('',2,(#1911,#1912,#1913),
  .UNSPECIFIED.,.F.,.F.,(3,3),(0.,1.),.PIECEWISE_BEZIER_KNOTS.);
#1911 = CARTESIAN_POINT('',(23.73349609375,-11.7,5.488818359375));
#1912 = CARTESIAN_POINT('',(23.73349609375,-11.7,5.361865234375));
#1913 = CARTESIAN_POINT('',(23.84091796875,-11.7,5.271533203125));
#1914 = PCURVE('',#32,#1915);
#1915 = DEFINITIONAL_REPRESENTATION('',(#1916),#1920);
#1916 = B_SPLINE_CURVE_WITH_KNOTS('',2,(#1917,#1918,#1919),
  .UNSPECIFIED.,.F.,.F.,(3,3),(0.,1.),.PIECEWISE_BEZIER_KNOTS.);
#1917 = CARTESIAN_POINT('',(5.488818359375,67.83349609375));
#1918 = CARTESIAN_POINT('',(5.361865234375,67.83349609375));
#1919 = CARTESIAN_POINT('',(5.271533203125,67.94091796875));
#1920 = ( GEOMETRIC_REPRESENTATION_CONTEXT(2) 
PARAMETRIC_REPRESENTATION_CONTEXT() REPRESENTATION_CONTEXT('2D SPACE',''
  ) );
#1921 = PCURVE('',#1922,#1929);
#1922 = SURFACE_OF_LINEAR_EXTRUSION('',#1923,#1927);
#1923 = B_SPLINE_CURVE_WITH_KNOTS('',2,(#1924,#1925,#1926),
  .UNSPECIFIED.,.F.,.F.,(3,3),(0.,1.),.PIECEWISE_BEZIER_KNOTS.);
#1924 = CARTESIAN_POINT('',(23.73349609375,-11.7,5.488818359375));
#1925 = CARTESIAN_POINT('',(23.73349609375,-11.7,5.361865234375));
#1926 = CARTESIAN_POINT('',(23.84091796875,-11.7,5.271533203125));
#1927 = VECTOR('',#1928,1.);
#1928 = DIRECTION('',(0.,-1.,0.));
#1929 = DEFINITIONAL_REPRESENTATION('',(#1930),#1934);
#1930 = LINE('',#1931,#1932);
#1931 = CARTESIAN_POINT('',(0.,0.));
#1932 = VECTOR('',#1933,1.);
#1933 = DIRECTION('',(1.,0.));
#1934 = ( GEOMETRIC_REPRESENTATION_CONTEXT(2) 
PARAMETRIC_REPRESENTATION_CONTEXT() REPRESENTATION_CONTEXT('2D SPACE',''
  ) );
#1935 = ORIENTED_EDGE('',*,*,#1936,.F.);
#1936 = EDGE_CURVE('',#1937,#1907,#1939,.T.);
#1937 = VERTEX_POINT('',#1938);
#1938 = CARTESIAN_POINT('',(23.8482421875,-11.7,5.710986328125));
#1939 = SURFACE_CURVE('',#1940,(#1944,#1951),.PCURVE_S1.);
#1940 = B_SPLINE_CURVE_WITH_KNOTS('',2,(#1941,#1942,#1943),
  .UNSPECIFIED.,.F.,.F.,(3,3),(0.,1.),.PIECEWISE_BEZIER_KNOTS.);
#1941 = CARTESIAN_POINT('',(23.8482421875,-11.7,5.710986328125));
#1942 = CARTESIAN_POINT('',(23.73349609375,-11.7,5.627978515625));
#1943 = CARTESIAN_POINT('',(23.73349609375,-11.7,5.488818359375));
#1944 = PCURVE('',#32,#1945);
#1945 = DEFINITIONAL_REPRESENTATION('',(#1946),#1950);
#1946 = B_SPLINE_CURVE_WITH_KNOTS('',2,(#1947,#1948,#1949),
  .UNSPECIFIED.,.F.,.F.,(3,3),(0.,1.),.PIECEWISE_BEZIER_KNOTS.);
#1947 = CARTESIAN_POINT('',(5.710986328125,67.9482421875));
#1948 = CARTESIAN_POINT('',(5.627978515625,67.83349609375));
#1949 = CARTESIAN_POINT('',(5.488818359375,67.83349609375));
#1950 = ( GEOMETRIC_REPRESENTATION_CONTEXT(2) 
PARAMETRIC_REPRESENTATION_CONTEXT() REPRESENTATION_CONTEXT('2D SPACE',''
  ) );
#1951 = PCURVE('',#1952,#1959);
#1952 = SURFACE_OF_LINEAR_EXTRUSION('',#1953,#1957);
#1953 = B_SPLINE_CURVE_WITH_KNOTS('',2,(#1954,#1955,#1956),
  .UNSPECIFIED.,.F.,.F.,(3,3),(0.,1.),.PIECEWISE_BEZIER_KNOTS.);
#1954 = CARTESIAN_POINT('',(23.8482421875,-11.7,5.710986328125));
#1955 = CARTESIAN_POINT('',(23.73349609375,-11.7,5.627978515625));
#1956 = CARTESIAN_POINT('',(23.73349609375,-11.7,5.488818359375));
#1957 = VECTOR('',#1958,1.);
#1958 = DIRECTION('',(0.,-1.,0.));
#1959 = DEFINITIONAL_REPRESENTATION('',(#1960),#1964);
#1960 = LINE('',#1961,#1962);
#1961 = CARTESIAN_POINT('',(0.,0.));
#1962 = VECTOR('',#1963,1.);
#1963 = DIRECTION('',(1.,0.));
#1964 = ( GEOMETRIC_REPRESENTATION_CONTEXT(2) 
PARAMETRIC_REPRESENTATION_CONTEXT() REPRESENTATION_CONTEXT('2D SPACE',''
  ) );
#1965 = ORIENTED_EDGE('',*,*,#1966,.F.);
#1966 = EDGE_CURVE('',#1967,#1937,#1969,.T.);
#1967 = VERTEX_POINT('',#1968);
#1968 = CARTESIAN_POINT('',(24.34140625,-11.7,5.840380859375));
#1969 = SURFACE_CURVE('',#1970,(#1974,#1981),.PCURVE_S1.);
#1970 = B_SPLINE_CURVE_WITH_KNOTS('',2,(#1971,#1972,#1973),
  .UNSPECIFIED.,.F.,.F.,(3,3),(0.,1.),.PIECEWISE_BEZIER_KNOTS.);
#1971 = CARTESIAN_POINT('',(24.34140625,-11.7,5.840380859375));
#1972 = CARTESIAN_POINT('',(24.02646484375,-11.7,5.840380859375));
#1973 = CARTESIAN_POINT('',(23.8482421875,-11.7,5.710986328125));
#1974 = PCURVE('',#32,#1975);
#1975 = DEFINITIONAL_REPRESENTATION('',(#1976),#1980);
#1976 = B_SPLINE_CURVE_WITH_KNOTS('',2,(#1977,#1978,#1979),
  .UNSPECIFIED.,.F.,.F.,(3,3),(0.,1.),.PIECEWISE_BEZIER_KNOTS.);
#1977 = CARTESIAN_POINT('',(5.840380859375,68.44140625));
#1978 = CARTESIAN_POINT('',(5.840380859375,68.12646484375));
#1979 = CARTESIAN_POINT('',(5.710986328125,67.9482421875));
#1980 = ( GEOMETRIC_REPRESENTATION_CONTEXT(2) 
PARAMETRIC_REPRESENTATION_CONTEXT() REPRESENTATION_CONTEXT('2D SPACE',''
  ) );
#1981 = PCURVE('',#1982,#1989);
#1982 = SURFACE_OF_LINEAR_EXTRUSION('',#1983,#1987);
#1983 = B_SPLINE_CURVE_WITH_KNOTS('',2,(#1984,#1985,#1986),
  .UNSPECIFIED.,.F.,.F.,(3,3),(0.,1.),.PIECEWISE_BEZIER_KNOTS.);
#1984 = CARTESIAN_POINT('',(24.34140625,-11.7,5.840380859375));
#1985 = CARTESIAN_POINT('',(24.02646484375,-11.7,5.840380859375));
#1986 = CARTESIAN_POINT('',(23.8482421875,-11.7,5.710986328125));
#1987 = VECTOR('',#1988,1.);
#1988 = DIRECTION('',(0.,-1.,0.));
#1989 = DEFINITIONAL_REPRESENTATION('',(#1990),#1994);
#1990 = LINE('',#1991,#1992);
#1991 = CARTESIAN_POINT('',(0.,0.));
#1992 = VECTOR('',#1993,1.);
#1993 = DIRECTION('',(1.,0.));
#1994 = ( GEOMETRIC_REPRESENTATION_CONTEXT(2) 
PARAMETRIC_REPRESENTATION_CONTEXT() REPRESENTATION_CONTEXT('2D SPACE',''
  ) );
#1995 = ORIENTED_EDGE('',*,*,#1996,.F.);
#1996 = EDGE_CURVE('',#1997,#1967,#1999,.T.);
#1997 = VERTEX_POINT('',#1998);
#1998 = CARTESIAN_POINT('',(24.799169921875,-11.7,5.71953125));
#1999 = SURFACE_CURVE('',#2000,(#2004,#2011),.PCURVE_S1.);
#2000 = B_SPLINE_CURVE_WITH_KNOTS('',2,(#2001,#2002,#2003),
  .UNSPECIFIED.,.F.,.F.,(3,3),(0.,1.),.PIECEWISE_BEZIER_KNOTS.);
#2001 = CARTESIAN_POINT('',(24.799169921875,-11.7,5.71953125));
#2002 = CARTESIAN_POINT('',(24.64658203125,-11.7,5.840380859375));
#2003 = CARTESIAN_POINT('',(24.34140625,-11.7,5.840380859375));
#2004 = PCURVE('',#32,#2005);
#2005 = DEFINITIONAL_REPRESENTATION('',(#2006),#2010);
#2006 = B_SPLINE_CURVE_WITH_KNOTS('',2,(#2007,#2008,#2009),
  .UNSPECIFIED.,.F.,.F.,(3,3),(0.,1.),.PIECEWISE_BEZIER_KNOTS.);
#2007 = CARTESIAN_POINT('',(5.71953125,68.899169921875));
#2008 = CARTESIAN_POINT('',(5.840380859375,68.74658203125));
#2009 = CARTESIAN_POINT('',(5.840380859375,68.44140625));
#2010 = ( GEOMETRIC_REPRESENTATION_CONTEXT(2) 
PARAMETRIC_REPRESENTATION_CONTEXT() REPRESENTATION_CONTEXT('2D SPACE',''
  ) );
#2011 = PCURVE('',#2012,#2019);
#2012 = SURFACE_OF_LINEAR_EXTRUSION('',#2013,#2017);
#2013 = B_SPLINE_CURVE_WITH_KNOTS('',2,(#2014,#2015,#2016),
  .UNSPECIFIED.,.F.,.F.,(3,3),(0.,1.),.PIECEWISE_BEZIER_KNOTS.);
#2014 = CARTESIAN_POINT('',(24.799169921875,-11.7,5.71953125));
#2015 = CARTESIAN_POINT('',(24.64658203125,-11.7,5.840380859375));
#2016 = CARTESIAN_POINT('',(24.34140625,-11.7,5.840380859375));
#2017 = VECTOR('',#2018,1.);
#2018 = DIRECTION('',(0.,-1.,0.));
#2019 = DEFINITIONAL_REPRESENTATION('',(#2020),#2024);
#2020 = LINE('',#2021,#2022);
#2021 = CARTESIAN_POINT('',(0.,0.));
#2022 = VECTOR('',#2023,1.);
#2023 = DIRECTION('',(1.,0.));
#2024 = ( GEOMETRIC_REPRESENTATION_CONTEXT(2) 
PARAMETRIC_REPRESENTATION_CONTEXT() REPRESENTATION_CONTEXT('2D SPACE',''
  ) );
#2025 = ORIENTED_EDGE('',*,*,#2026,.F.);
#2026 = EDGE_CURVE('',#2027,#1997,#2029,.T.);
#2027 = VERTEX_POINT('',#2028);
#2028 = CARTESIAN_POINT('',(24.99814453125,-11.7,5.322802734375));
#2029 = SURFACE_CURVE('',#2030,(#2034,#2041),.PCURVE_S1.);
#2030 = B_SPLINE_CURVE_WITH_KNOTS('',2,(#2031,#2032,#2033),
  .UNSPECIFIED.,.F.,.F.,(3,3),(0.,1.),.PIECEWISE_BEZIER_KNOTS.);
#2031 = CARTESIAN_POINT('',(24.99814453125,-11.7,5.322802734375));
#2032 = CARTESIAN_POINT('',(24.9517578125,-11.7,5.598681640625));
#2033 = CARTESIAN_POINT('',(24.799169921875,-11.7,5.71953125));
#2034 = PCURVE('',#32,#2035);
#2035 = DEFINITIONAL_REPRESENTATION('',(#2036),#2040);
#2036 = B_SPLINE_CURVE_WITH_KNOTS('',2,(#2037,#2038,#2039),
  .UNSPECIFIED.,.F.,.F.,(3,3),(0.,1.),.PIECEWISE_BEZIER_KNOTS.);
#2037 = CARTESIAN_POINT('',(5.322802734375,69.09814453125));
#2038 = CARTESIAN_POINT('',(5.598681640625,69.0517578125));
#2039 = CARTESIAN_POINT('',(5.71953125,68.899169921875));
#2040 = ( GEOMETRIC_REPRESENTATION_CONTEXT(2) 
PARAMETRIC_REPRESENTATION_CONTEXT() REPRESENTATION_CONTEXT('2D SPACE',''
  ) );
#2041 = PCURVE('',#2042,#2049);
#2042 = SURFACE_OF_LINEAR_EXTRUSION('',#2043,#2047);
#2043 = B_SPLINE_CURVE_WITH_KNOTS('',2,(#2044,#2045,#2046),
  .UNSPECIFIED.,.F.,.F.,(3,3),(0.,1.),.PIECEWISE_BEZIER_KNOTS.);
#2044 = CARTESIAN_POINT('',(24.99814453125,-11.7,5.322802734375));
#2045 = CARTESIAN_POINT('',(24.9517578125,-11.7,5.598681640625));
#2046 = CARTESIAN_POINT('',(24.799169921875,-11.7,5.71953125));
#2047 = VECTOR('',#2048,1.);
#2048 = DIRECTION('',(0.,-1.,0.));
#2049 = DEFINITIONAL_REPRESENTATION('',(#2050),#2054);
#2050 = LINE('',#2051,#2052);
#2051 = CARTESIAN_POINT('',(0.,0.));
#2052 = VECTOR('',#2053,1.);
#2053 = DIRECTION('',(1.,0.));
#2054 = ( GEOMETRIC_REPRESENTATION_CONTEXT(2) 
PARAMETRIC_REPRESENTATION_CONTEXT() REPRESENTATION_CONTEXT('2D SPACE',''
  ) );
#2055 = ORIENTED_EDGE('',*,*,#2056,.F.);
#2056 = EDGE_CURVE('',#2057,#2027,#2059,.T.);
#2057 = VERTEX_POINT('',#2058);
#2058 = CARTESIAN_POINT('',(25.72080078125,-11.7,5.354541015625));
#2059 = SURFACE_CURVE('',#2060,(#2064,#2071),.PCURVE_S1.);
#2060 = LINE('',#2061,#2062);
#2061 = CARTESIAN_POINT('',(25.72080078125,-11.7,5.354541015625));
#2062 = VECTOR('',#2063,1.);
#2063 = DIRECTION('',(-0.999036957246,-0.,-4.387662312229E-02));
#2064 = PCURVE('',#32,#2065);
#2065 = DEFINITIONAL_REPRESENTATION('',(#2066),#2070);
#2066 = LINE('',#2067,#2068);
#2067 = CARTESIAN_POINT('',(5.354541015625,69.82080078125));
#2068 = VECTOR('',#2069,1.);
#2069 = DIRECTION('',(-4.387662312229E-02,-0.999036957246));
#2070 = ( GEOMETRIC_REPRESENTATION_CONTEXT(2) 
PARAMETRIC_REPRESENTATION_CONTEXT() REPRESENTATION_CONTEXT('2D SPACE',''
  ) );
#2071 = PCURVE('',#2072,#2077);
#2072 = PLANE('',#2073);
#2073 = AXIS2_PLACEMENT_3D('',#2074,#2075,#2076);
#2074 = CARTESIAN_POINT('',(25.72080078125,-11.7,5.354541015625));
#2075 = DIRECTION('',(-4.387662312229E-02,0.,0.999036957246));
#2076 = DIRECTION('',(-0.999036957246,0.,-4.387662312229E-02));
#2077 = DEFINITIONAL_REPRESENTATION('',(#2078),#2082);
#2078 = LINE('',#2079,#2080);
#2079 = CARTESIAN_POINT('',(0.,0.));
#2080 = VECTOR('',#2081,1.);
#2081 = DIRECTION('',(1.,0.));
#2082 = ( GEOMETRIC_REPRESENTATION_CONTEXT(2) 
PARAMETRIC_REPRESENTATION_CONTEXT() REPRESENTATION_CONTEXT('2D SPACE',''
  ) );
#2083 = ORIENTED_EDGE('',*,*,#2084,.F.);
#2084 = EDGE_CURVE('',#2085,#2057,#2087,.T.);
#2085 = VERTEX_POINT('',#2086);
#2086 = CARTESIAN_POINT('',(25.363134765625,-11.7,6.143115234375));
#2087 = SURFACE_CURVE('',#2088,(#2092,#2099),.PCURVE_S1.);
#2088 = B_SPLINE_CURVE_WITH_KNOTS('',2,(#2089,#2090,#2091),
  .UNSPECIFIED.,.F.,.F.,(3,3),(0.,1.),.PIECEWISE_BEZIER_KNOTS.);
#2089 = CARTESIAN_POINT('',(25.363134765625,-11.7,6.143115234375));
#2090 = CARTESIAN_POINT('',(25.7037109375,-11.7,5.847705078125));
#2091 = CARTESIAN_POINT('',(25.72080078125,-11.7,5.354541015625));
#2092 = PCURVE('',#32,#2093);
#2093 = DEFINITIONAL_REPRESENTATION('',(#2094),#2098);
#2094 = B_SPLINE_CURVE_WITH_KNOTS('',2,(#2095,#2096,#2097),
  .UNSPECIFIED.,.F.,.F.,(3,3),(0.,1.),.PIECEWISE_BEZIER_KNOTS.);
#2095 = CARTESIAN_POINT('',(6.143115234375,69.463134765625));
#2096 = CARTESIAN_POINT('',(5.847705078125,69.8037109375));
#2097 = CARTESIAN_POINT('',(5.354541015625,69.82080078125));
#2098 = ( GEOMETRIC_REPRESENTATION_CONTEXT(2) 
PARAMETRIC_REPRESENTATION_CONTEXT() REPRESENTATION_CONTEXT('2D SPACE',''
  ) );
#2099 = PCURVE('',#2100,#2107);
#2100 = SURFACE_OF_LINEAR_EXTRUSION('',#2101,#2105);
#2101 = B_SPLINE_CURVE_WITH_KNOTS('',2,(#2102,#2103,#2104),
  .UNSPECIFIED.,.F.,.F.,(3,3),(0.,1.),.PIECEWISE_BEZIER_KNOTS.);
#2102 = CARTESIAN_POINT('',(25.363134765625,-11.7,6.143115234375));
#2103 = CARTESIAN_POINT('',(25.7037109375,-11.7,5.847705078125));
#2104 = CARTESIAN_POINT('',(25.72080078125,-11.7,5.354541015625));
#2105 = VECTOR('',#2106,1.);
#2106 = DIRECTION('',(0.,-1.,0.));
#2107 = DEFINITIONAL_REPRESENTATION('',(#2108),#2112);
#2108 = LINE('',#2109,#2110);
#2109 = CARTESIAN_POINT('',(0.,0.));
#2110 = VECTOR('',#2111,1.);
#2111 = DIRECTION('',(1.,0.));
#2112 = ( GEOMETRIC_REPRESENTATION_CONTEXT(2) 
PARAMETRIC_REPRESENTATION_CONTEXT() REPRESENTATION_CONTEXT('2D SPACE',''
  ) );
#2113 = ORIENTED_EDGE('',*,*,#2114,.F.);
#2114 = EDGE_CURVE('',#2115,#2085,#2117,.T.);
#2115 = VERTEX_POINT('',#2116);
#2116 = CARTESIAN_POINT('',(24.34873046875,-11.7,6.438525390625));
#2117 = SURFACE_CURVE('',#2118,(#2122,#2129),.PCURVE_S1.);
#2118 = B_SPLINE_CURVE_WITH_KNOTS('',2,(#2119,#2120,#2121),
  .UNSPECIFIED.,.F.,.F.,(3,3),(0.,1.),.PIECEWISE_BEZIER_KNOTS.);
#2119 = CARTESIAN_POINT('',(24.34873046875,-11.7,6.438525390625));
#2120 = CARTESIAN_POINT('',(25.02255859375,-11.7,6.438525390625));
#2121 = CARTESIAN_POINT('',(25.363134765625,-11.7,6.143115234375));
#2122 = PCURVE('',#32,#2123);
#2123 = DEFINITIONAL_REPRESENTATION('',(#2124),#2128);
#2124 = B_SPLINE_CURVE_WITH_KNOTS('',2,(#2125,#2126,#2127),
  .UNSPECIFIED.,.F.,.F.,(3,3),(0.,1.),.PIECEWISE_BEZIER_KNOTS.);
#2125 = CARTESIAN_POINT('',(6.438525390625,68.44873046875));
#2126 = CARTESIAN_POINT('',(6.438525390625,69.12255859375));
#2127 = CARTESIAN_POINT('',(6.143115234375,69.463134765625));
#2128 = ( GEOMETRIC_REPRESENTATION_CONTEXT(2) 
PARAMETRIC_REPRESENTATION_CONTEXT() REPRESENTATION_CONTEXT('2D SPACE',''
  ) );
#2129 = PCURVE('',#2130,#2137);
#2130 = SURFACE_OF_LINEAR_EXTRUSION('',#2131,#2135);
#2131 = B_SPLINE_CURVE_WITH_KNOTS('',2,(#2132,#2133,#2134),
  .UNSPECIFIED.,.F.,.F.,(3,3),(0.,1.),.PIECEWISE_BEZIER_KNOTS.);
#2132 = CARTESIAN_POINT('',(24.34873046875,-11.7,6.438525390625));
#2133 = CARTESIAN_POINT('',(25.02255859375,-11.7,6.438525390625));
#2134 = CARTESIAN_POINT('',(25.363134765625,-11.7,6.143115234375));
#2135 = VECTOR('',#2136,1.);
#2136 = DIRECTION('',(0.,-1.,0.));
#2137 = DEFINITIONAL_REPRESENTATION('',(#2138),#2142);
#2138 = LINE('',#2139,#2140);
#2139 = CARTESIAN_POINT('',(0.,0.));
#2140 = VECTOR('',#2141,1.);
#2141 = DIRECTION('',(1.,0.));
#2142 = ( GEOMETRIC_REPRESENTATION_CONTEXT(2) 
PARAMETRIC_REPRESENTATION_CONTEXT() REPRESENTATION_CONTEXT('2D SPACE',''
  ) );
#2143 = ORIENTED_EDGE('',*,*,#2144,.F.);
#2144 = EDGE_CURVE('',#2145,#2115,#2147,.T.);
#2145 = VERTEX_POINT('',#2146);
#2146 = CARTESIAN_POINT('',(23.644384765625,-11.7,6.314013671875));
#2147 = SURFACE_CURVE('',#2148,(#2152,#2159),.PCURVE_S1.);
#2148 = B_SPLINE_CURVE_WITH_KNOTS('',2,(#2149,#2150,#2151),
  .UNSPECIFIED.,.F.,.F.,(3,3),(0.,1.),.PIECEWISE_BEZIER_KNOTS.);
#2149 = CARTESIAN_POINT('',(23.644384765625,-11.7,6.314013671875));
#2150 = CARTESIAN_POINT('',(23.9361328125,-11.7,6.438525390625));
#2151 = CARTESIAN_POINT('',(24.34873046875,-11.7,6.438525390625));
#2152 = PCURVE('',#32,#2153);
#2153 = DEFINITIONAL_REPRESENTATION('',(#2154),#2158);
#2154 = B_SPLINE_CURVE_WITH_KNOTS('',2,(#2155,#2156,#2157),
  .UNSPECIFIED.,.F.,.F.,(3,3),(0.,1.),.PIECEWISE_BEZIER_KNOTS.);
#2155 = CARTESIAN_POINT('',(6.314013671875,67.744384765625));
#2156 = CARTESIAN_POINT('',(6.438525390625,68.0361328125));
#2157 = CARTESIAN_POINT('',(6.438525390625,68.44873046875));
#2158 = ( GEOMETRIC_REPRESENTATION_CONTEXT(2) 
PARAMETRIC_REPRESENTATION_CONTEXT() REPRESENTATION_CONTEXT('2D SPACE',''
  ) );
#2159 = PCURVE('',#2160,#2167);
#2160 = SURFACE_OF_LINEAR_EXTRUSION('',#2161,#2165);
#2161 = B_SPLINE_CURVE_WITH_KNOTS('',2,(#2162,#2163,#2164),
  .UNSPECIFIED.,.F.,.F.,(3,3),(0.,1.),.PIECEWISE_BEZIER_KNOTS.);
#2162 = CARTESIAN_POINT('',(23.644384765625,-11.7,6.314013671875));
#2163 = CARTESIAN_POINT('',(23.9361328125,-11.7,6.438525390625));
#2164 = CARTESIAN_POINT('',(24.34873046875,-11.7,6.438525390625));
#2165 = VECTOR('',#2166,1.);
#2166 = DIRECTION('',(0.,-1.,0.));
#2167 = DEFINITIONAL_REPRESENTATION('',(#2168),#2172);
#2168 = LINE('',#2169,#2170);
#2169 = CARTESIAN_POINT('',(0.,0.));
#2170 = VECTOR('',#2171,1.);
#2171 = DIRECTION('',(1.,0.));
#2172 = ( GEOMETRIC_REPRESENTATION_CONTEXT(2) 
PARAMETRIC_REPRESENTATION_CONTEXT() REPRESENTATION_CONTEXT('2D SPACE',''
  ) );
#2173 = ORIENTED_EDGE('',*,*,#2174,.F.);
#2174 = EDGE_CURVE('',#2175,#2145,#2177,.T.);
#2175 = VERTEX_POINT('',#2176);
#2176 = CARTESIAN_POINT('',(23.197607421875,-11.7,5.95146484375));
#2177 = SURFACE_CURVE('',#2178,(#2182,#2189),.PCURVE_S1.);
#2178 = B_SPLINE_CURVE_WITH_KNOTS('',2,(#2179,#2180,#2181),
  .UNSPECIFIED.,.F.,.F.,(3,3),(0.,1.),.PIECEWISE_BEZIER_KNOTS.);
#2179 = CARTESIAN_POINT('',(23.197607421875,-11.7,5.95146484375));
#2180 = CARTESIAN_POINT('',(23.35263671875,-11.7,6.189501953125));
#2181 = CARTESIAN_POINT('',(23.644384765625,-11.7,6.314013671875));
#2182 = PCURVE('',#32,#2183);
#2183 = DEFINITIONAL_REPRESENTATION('',(#2184),#2188);
#2184 = B_SPLINE_CURVE_WITH_KNOTS('',2,(#2185,#2186,#2187),
  .UNSPECIFIED.,.F.,.F.,(3,3),(0.,1.),.PIECEWISE_BEZIER_KNOTS.);
#2185 = CARTESIAN_POINT('',(5.95146484375,67.297607421875));
#2186 = CARTESIAN_POINT('',(6.189501953125,67.45263671875));
#2187 = CARTESIAN_POINT('',(6.314013671875,67.744384765625));
#2188 = ( GEOMETRIC_REPRESENTATION_CONTEXT(2) 
PARAMETRIC_REPRESENTATION_CONTEXT() REPRESENTATION_CONTEXT('2D SPACE',''
  ) );
#2189 = PCURVE('',#2190,#2197);
#2190 = SURFACE_OF_LINEAR_EXTRUSION('',#2191,#2195);
#2191 = B_SPLINE_CURVE_WITH_KNOTS('',2,(#2192,#2193,#2194),
  .UNSPECIFIED.,.F.,.F.,(3,3),(0.,1.),.PIECEWISE_BEZIER_KNOTS.);
#2192 = CARTESIAN_POINT('',(23.197607421875,-11.7,5.95146484375));
#2193 = CARTESIAN_POINT('',(23.35263671875,-11.7,6.189501953125));
#2194 = CARTESIAN_POINT('',(23.644384765625,-11.7,6.314013671875));
#2195 = VECTOR('',#2196,1.);
#2196 = DIRECTION('',(0.,-1.,0.));
#2197 = DEFINITIONAL_REPRESENTATION('',(#2198),#2202);
#2198 = LINE('',#2199,#2200);
#2199 = CARTESIAN_POINT('',(0.,0.));
#2200 = VECTOR('',#2201,1.);
#2201 = DIRECTION('',(1.,0.));
#2202 = ( GEOMETRIC_REPRESENTATION_CONTEXT(2) 
PARAMETRIC_REPRESENTATION_CONTEXT() REPRESENTATION_CONTEXT('2D SPACE',''
  ) );
#2203 = ORIENTED_EDGE('',*,*,#2204,.F.);
#2204 = EDGE_CURVE('',#2205,#2175,#2207,.T.);
#2205 = VERTEX_POINT('',#2206);
#2206 = CARTESIAN_POINT('',(23.042578125,-11.7,5.439990234375));
#2207 = SURFACE_CURVE('',#2208,(#2212,#2219),.PCURVE_S1.);
#2208 = B_SPLINE_CURVE_WITH_KNOTS('',2,(#2209,#2210,#2211),
  .UNSPECIFIED.,.F.,.F.,(3,3),(0.,1.),.PIECEWISE_BEZIER_KNOTS.);
#2209 = CARTESIAN_POINT('',(23.042578125,-11.7,5.439990234375));
#2210 = CARTESIAN_POINT('',(23.042578125,-11.7,5.713427734375));
#2211 = CARTESIAN_POINT('',(23.197607421875,-11.7,5.95146484375));
#2212 = PCURVE('',#32,#2213);
#2213 = DEFINITIONAL_REPRESENTATION('',(#2214),#2218);
#2214 = B_SPLINE_CURVE_WITH_KNOTS('',2,(#2215,#2216,#2217),
  .UNSPECIFIED.,.F.,.F.,(3,3),(0.,1.),.PIECEWISE_BEZIER_KNOTS.);
#2215 = CARTESIAN_POINT('',(5.439990234375,67.142578125));
#2216 = CARTESIAN_POINT('',(5.713427734375,67.142578125));
#2217 = CARTESIAN_POINT('',(5.95146484375,67.297607421875));
#2218 = ( GEOMETRIC_REPRESENTATION_CONTEXT(2) 
PARAMETRIC_REPRESENTATION_CONTEXT() REPRESENTATION_CONTEXT('2D SPACE',''
  ) );
#2219 = PCURVE('',#2220,#2227);
#2220 = SURFACE_OF_LINEAR_EXTRUSION('',#2221,#2225);
#2221 = B_SPLINE_CURVE_WITH_KNOTS('',2,(#2222,#2223,#2224),
  .UNSPECIFIED.,.F.,.F.,(3,3),(0.,1.),.PIECEWISE_BEZIER_KNOTS.);
#2222 = CARTESIAN_POINT('',(23.042578125,-11.7,5.439990234375));
#2223 = CARTESIAN_POINT('',(23.042578125,-11.7,5.713427734375));
#2224 = CARTESIAN_POINT('',(23.197607421875,-11.7,5.95146484375));
#2225 = VECTOR('',#2226,1.);
#2226 = DIRECTION('',(0.,-1.,0.));
#2227 = DEFINITIONAL_REPRESENTATION('',(#2228),#2232);
#2228 = LINE('',#2229,#2230);
#2229 = CARTESIAN_POINT('',(0.,0.));
#2230 = VECTOR('',#2231,1.);
#2231 = DIRECTION('',(1.,0.));
#2232 = ( GEOMETRIC_REPRESENTATION_CONTEXT(2) 
PARAMETRIC_REPRESENTATION_CONTEXT() REPRESENTATION_CONTEXT('2D SPACE',''
  ) );
#2233 = ORIENTED_EDGE('',*,*,#2234,.F.);
#2234 = EDGE_CURVE('',#2235,#2205,#2237,.T.);
#2235 = VERTEX_POINT('',#2236);
#2236 = CARTESIAN_POINT('',(23.37216796875,-11.7,4.719775390625));
#2237 = SURFACE_CURVE('',#2238,(#2242,#2249),.PCURVE_S1.);
#2238 = B_SPLINE_CURVE_WITH_KNOTS('',2,(#2239,#2240,#2241),
  .UNSPECIFIED.,.F.,.F.,(3,3),(0.,1.),.PIECEWISE_BEZIER_KNOTS.);
#2239 = CARTESIAN_POINT('',(23.37216796875,-11.7,4.719775390625));
#2240 = CARTESIAN_POINT('',(23.042578125,-11.7,5.015185546875));
#2241 = CARTESIAN_POINT('',(23.042578125,-11.7,5.439990234375));
#2242 = PCURVE('',#32,#2243);
#2243 = DEFINITIONAL_REPRESENTATION('',(#2244),#2248);
#2244 = B_SPLINE_CURVE_WITH_KNOTS('',2,(#2245,#2246,#2247),
  .UNSPECIFIED.,.F.,.F.,(3,3),(0.,1.),.PIECEWISE_BEZIER_KNOTS.);
#2245 = CARTESIAN_POINT('',(4.719775390625,67.47216796875));
#2246 = CARTESIAN_POINT('',(5.015185546875,67.142578125));
#2247 = CARTESIAN_POINT('',(5.439990234375,67.142578125));
#2248 = ( GEOMETRIC_REPRESENTATION_CONTEXT(2) 
PARAMETRIC_REPRESENTATION_CONTEXT() REPRESENTATION_CONTEXT('2D SPACE',''
  ) );
#2249 = PCURVE('',#2250,#2257);
#2250 = SURFACE_OF_LINEAR_EXTRUSION('',#2251,#2255);
#2251 = B_SPLINE_CURVE_WITH_KNOTS('',2,(#2252,#2253,#2254),
  .UNSPECIFIED.,.F.,.F.,(3,3),(0.,1.),.PIECEWISE_BEZIER_KNOTS.);
#2252 = CARTESIAN_POINT('',(23.37216796875,-11.7,4.719775390625));
#2253 = CARTESIAN_POINT('',(23.042578125,-11.7,5.015185546875));
#2254 = CARTESIAN_POINT('',(23.042578125,-11.7,5.439990234375));
#2255 = VECTOR('',#2256,1.);
#2256 = DIRECTION('',(0.,-1.,0.));
#2257 = DEFINITIONAL_REPRESENTATION('',(#2258),#2262);
#2258 = LINE('',#2259,#2260);
#2259 = CARTESIAN_POINT('',(0.,0.));
#2260 = VECTOR('',#2261,1.);
#2261 = DIRECTION('',(1.,0.));
#2262 = ( GEOMETRIC_REPRESENTATION_CONTEXT(2) 
PARAMETRIC_REPRESENTATION_CONTEXT() REPRESENTATION_CONTEXT('2D SPACE',''
  ) );
#2263 = ORIENTED_EDGE('',*,*,#2264,.F.);
#2264 = EDGE_CURVE('',#2265,#2235,#2267,.T.);
#2265 = VERTEX_POINT('',#2266);
#2266 = CARTESIAN_POINT('',(24.18759765625,-11.7,4.365771484375));
#2267 = SURFACE_CURVE('',#2268,(#2272,#2279),.PCURVE_S1.);
#2268 = B_SPLINE_CURVE_WITH_KNOTS('',2,(#2269,#2270,#2271),
  .UNSPECIFIED.,.F.,.F.,(3,3),(0.,1.),.PIECEWISE_BEZIER_KNOTS.);
#2269 = CARTESIAN_POINT('',(24.18759765625,-11.7,4.365771484375));
#2270 = CARTESIAN_POINT('',(23.60654296875,-11.7,4.509814453125));
#2271 = CARTESIAN_POINT('',(23.37216796875,-11.7,4.719775390625));
#2272 = PCURVE('',#32,#2273);
#2273 = DEFINITIONAL_REPRESENTATION('',(#2274),#2278);
#2274 = B_SPLINE_CURVE_WITH_KNOTS('',2,(#2275,#2276,#2277),
  .UNSPECIFIED.,.F.,.F.,(3,3),(0.,1.),.PIECEWISE_BEZIER_KNOTS.);
#2275 = CARTESIAN_POINT('',(4.365771484375,68.28759765625));
#2276 = CARTESIAN_POINT('',(4.509814453125,67.70654296875));
#2277 = CARTESIAN_POINT('',(4.719775390625,67.47216796875));
#2278 = ( GEOMETRIC_REPRESENTATION_CONTEXT(2) 
PARAMETRIC_REPRESENTATION_CONTEXT() REPRESENTATION_CONTEXT('2D SPACE',''
  ) );
#2279 = PCURVE('',#2280,#2287);
#2280 = SURFACE_OF_LINEAR_EXTRUSION('',#2281,#2285);
#2281 = B_SPLINE_CURVE_WITH_KNOTS('',2,(#2282,#2283,#2284),
  .UNSPECIFIED.,.F.,.F.,(3,3),(0.,1.),.PIECEWISE_BEZIER_KNOTS.);
#2282 = CARTESIAN_POINT('',(24.18759765625,-11.7,4.365771484375));
#2283 = CARTESIAN_POINT('',(23.60654296875,-11.7,4.509814453125));
#2284 = CARTESIAN_POINT('',(23.37216796875,-11.7,4.719775390625));
#2285 = VECTOR('',#2286,1.);
#2286 = DIRECTION('',(0.,-1.,0.));
#2287 = DEFINITIONAL_REPRESENTATION('',(#2288),#2292);
#2288 = LINE('',#2289,#2290);
#2289 = CARTESIAN_POINT('',(0.,0.));
#2290 = VECTOR('',#2291,1.);
#2291 = DIRECTION('',(1.,0.));
#2292 = ( GEOMETRIC_REPRESENTATION_CONTEXT(2) 
PARAMETRIC_REPRESENTATION_CONTEXT() REPRESENTATION_CONTEXT('2D SPACE',''
  ) );
#2293 = ORIENTED_EDGE('',*,*,#2294,.F.);
#2294 = EDGE_CURVE('',#2295,#2265,#2297,.T.);
#2295 = VERTEX_POINT('',#2296);
#2296 = CARTESIAN_POINT('',(24.7662109375,-11.7,4.209521484375));
#2297 = SURFACE_CURVE('',#2298,(#2302,#2309),.PCURVE_S1.);
#2298 = B_SPLINE_CURVE_WITH_KNOTS('',2,(#2299,#2300,#2301),
  .UNSPECIFIED.,.F.,.F.,(3,3),(0.,1.),.PIECEWISE_BEZIER_KNOTS.);
#2299 = CARTESIAN_POINT('',(24.7662109375,-11.7,4.209521484375));
#2300 = CARTESIAN_POINT('',(24.6392578125,-11.7,4.253466796875));
#2301 = CARTESIAN_POINT('',(24.18759765625,-11.7,4.365771484375));
#2302 = PCURVE('',#32,#2303);
#2303 = DEFINITIONAL_REPRESENTATION('',(#2304),#2308);
#2304 = B_SPLINE_CURVE_WITH_KNOTS('',2,(#2305,#2306,#2307),
  .UNSPECIFIED.,.F.,.F.,(3,3),(0.,1.),.PIECEWISE_BEZIER_KNOTS.);
#2305 = CARTESIAN_POINT('',(4.209521484375,68.8662109375));
#2306 = CARTESIAN_POINT('',(4.253466796875,68.7392578125));
#2307 = CARTESIAN_POINT('',(4.365771484375,68.28759765625));
#2308 = ( GEOMETRIC_REPRESENTATION_CONTEXT(2) 
PARAMETRIC_REPRESENTATION_CONTEXT() REPRESENTATION_CONTEXT('2D SPACE',''
  ) );
#2309 = PCURVE('',#2310,#2317);
#2310 = SURFACE_OF_LINEAR_EXTRUSION('',#2311,#2315);
#2311 = B_SPLINE_CURVE_WITH_KNOTS('',2,(#2312,#2313,#2314),
  .UNSPECIFIED.,.F.,.F.,(3,3),(0.,1.),.PIECEWISE_BEZIER_KNOTS.);
#2312 = CARTESIAN_POINT('',(24.7662109375,-11.7,4.209521484375));
#2313 = CARTESIAN_POINT('',(24.6392578125,-11.7,4.253466796875));
#2314 = CARTESIAN_POINT('',(24.18759765625,-11.7,4.365771484375));
#2315 = VECTOR('',#2316,1.);
#2316 = DIRECTION('',(0.,-1.,0.));
#2317 = DEFINITIONAL_REPRESENTATION('',(#2318),#2322);
#2318 = LINE('',#2319,#2320);
#2319 = CARTESIAN_POINT('',(0.,0.));
#2320 = VECTOR('',#2321,1.);
#2321 = DIRECTION('',(1.,0.));
#2322 = ( GEOMETRIC_REPRESENTATION_CONTEXT(2) 
PARAMETRIC_REPRESENTATION_CONTEXT() REPRESENTATION_CONTEXT('2D SPACE',''
  ) );
#2323 = ORIENTED_EDGE('',*,*,#2324,.F.);
#2324 = EDGE_CURVE('',#2325,#2295,#2327,.T.);
#2325 = VERTEX_POINT('',#2326);
#2326 = CARTESIAN_POINT('',(25.026220703125,-11.7,4.0544921875));
#2327 = SURFACE_CURVE('',#2328,(#2332,#2339),.PCURVE_S1.);
#2328 = B_SPLINE_CURVE_WITH_KNOTS('',2,(#2329,#2330,#2331),
  .UNSPECIFIED.,.F.,.F.,(3,3),(0.,1.),.PIECEWISE_BEZIER_KNOTS.);
#2329 = CARTESIAN_POINT('',(25.026220703125,-11.7,4.0544921875));
#2330 = CARTESIAN_POINT('',(24.9517578125,-11.7,4.143603515625));
#2331 = CARTESIAN_POINT('',(24.7662109375,-11.7,4.209521484375));
#2332 = PCURVE('',#32,#2333);
#2333 = DEFINITIONAL_REPRESENTATION('',(#2334),#2338);
#2334 = B_SPLINE_CURVE_WITH_KNOTS('',2,(#2335,#2336,#2337),
  .UNSPECIFIED.,.F.,.F.,(3,3),(0.,1.),.PIECEWISE_BEZIER_KNOTS.);
#2335 = CARTESIAN_POINT('',(4.0544921875,69.126220703125));
#2336 = CARTESIAN_POINT('',(4.143603515625,69.0517578125));
#2337 = CARTESIAN_POINT('',(4.209521484375,68.8662109375));
#2338 = ( GEOMETRIC_REPRESENTATION_CONTEXT(2) 
PARAMETRIC_REPRESENTATION_CONTEXT() REPRESENTATION_CONTEXT('2D SPACE',''
  ) );
#2339 = PCURVE('',#2340,#2347);
#2340 = SURFACE_OF_LINEAR_EXTRUSION('',#2341,#2345);
#2341 = B_SPLINE_CURVE_WITH_KNOTS('',2,(#2342,#2343,#2344),
  .UNSPECIFIED.,.F.,.F.,(3,3),(0.,1.),.PIECEWISE_BEZIER_KNOTS.);
#2342 = CARTESIAN_POINT('',(25.026220703125,-11.7,4.0544921875));
#2343 = CARTESIAN_POINT('',(24.9517578125,-11.7,4.143603515625));
#2344 = CARTESIAN_POINT('',(24.7662109375,-11.7,4.209521484375));
#2345 = VECTOR('',#2346,1.);
#2346 = DIRECTION('',(0.,-1.,0.));
#2347 = DEFINITIONAL_REPRESENTATION('',(#2348),#2352);
#2348 = LINE('',#2349,#2350);
#2349 = CARTESIAN_POINT('',(0.,0.));
#2350 = VECTOR('',#2351,1.);
#2351 = DIRECTION('',(1.,0.));
#2352 = ( GEOMETRIC_REPRESENTATION_CONTEXT(2) 
PARAMETRIC_REPRESENTATION_CONTEXT() REPRESENTATION_CONTEXT('2D SPACE',''
  ) );
#2353 = ORIENTED_EDGE('',*,*,#2354,.F.);
#2354 = EDGE_CURVE('',#2355,#2325,#2357,.T.);
#2355 = VERTEX_POINT('',#2356);
#2356 = CARTESIAN_POINT('',(25.10068359375,-11.7,3.838427734375));
#2357 = SURFACE_CURVE('',#2358,(#2362,#2369),.PCURVE_S1.);
#2358 = B_SPLINE_CURVE_WITH_KNOTS('',2,(#2359,#2360,#2361),
  .UNSPECIFIED.,.F.,.F.,(3,3),(0.,1.),.PIECEWISE_BEZIER_KNOTS.);
#2359 = CARTESIAN_POINT('',(25.10068359375,-11.7,3.838427734375));
#2360 = CARTESIAN_POINT('',(25.10068359375,-11.7,3.965380859375));
#2361 = CARTESIAN_POINT('',(25.026220703125,-11.7,4.0544921875));
#2362 = PCURVE('',#32,#2363);
#2363 = DEFINITIONAL_REPRESENTATION('',(#2364),#2368);
#2364 = B_SPLINE_CURVE_WITH_KNOTS('',2,(#2365,#2366,#2367),
  .UNSPECIFIED.,.F.,.F.,(3,3),(0.,1.),.PIECEWISE_BEZIER_KNOTS.);
#2365 = CARTESIAN_POINT('',(3.838427734375,69.20068359375));
#2366 = CARTESIAN_POINT('',(3.965380859375,69.20068359375));
#2367 = CARTESIAN_POINT('',(4.0544921875,69.126220703125));
#2368 = ( GEOMETRIC_REPRESENTATION_CONTEXT(2) 
PARAMETRIC_REPRESENTATION_CONTEXT() REPRESENTATION_CONTEXT('2D SPACE',''
  ) );
#2369 = PCURVE('',#2370,#2377);
#2370 = SURFACE_OF_LINEAR_EXTRUSION('',#2371,#2375);
#2371 = B_SPLINE_CURVE_WITH_KNOTS('',2,(#2372,#2373,#2374),
  .UNSPECIFIED.,.F.,.F.,(3,3),(0.,1.),.PIECEWISE_BEZIER_KNOTS.);
#2372 = CARTESIAN_POINT('',(25.10068359375,-11.7,3.838427734375));
#2373 = CARTESIAN_POINT('',(25.10068359375,-11.7,3.965380859375));
#2374 = CARTESIAN_POINT('',(25.026220703125,-11.7,4.0544921875));
#2375 = VECTOR('',#2376,1.);
#2376 = DIRECTION('',(0.,-1.,0.));
#2377 = DEFINITIONAL_REPRESENTATION('',(#2378),#2382);
#2378 = LINE('',#2379,#2380);
#2379 = CARTESIAN_POINT('',(0.,0.));
#2380 = VECTOR('',#2381,1.);
#2381 = DIRECTION('',(1.,0.));
#2382 = ( GEOMETRIC_REPRESENTATION_CONTEXT(2) 
PARAMETRIC_REPRESENTATION_CONTEXT() REPRESENTATION_CONTEXT('2D SPACE',''
  ) );
#2383 = ORIENTED_EDGE('',*,*,#2384,.F.);
#2384 = EDGE_CURVE('',#2385,#2355,#2387,.T.);
#2385 = VERTEX_POINT('',#2386);
#2386 = CARTESIAN_POINT('',(24.923681640625,-11.7,3.49296875));
#2387 = SURFACE_CURVE('',#2388,(#2392,#2399),.PCURVE_S1.);
#2388 = B_SPLINE_CURVE_WITH_KNOTS('',2,(#2389,#2390,#2391),
  .UNSPECIFIED.,.F.,.F.,(3,3),(0.,1.),.PIECEWISE_BEZIER_KNOTS.);
#2389 = CARTESIAN_POINT('',(24.923681640625,-11.7,3.49296875));
#2390 = CARTESIAN_POINT('',(25.10068359375,-11.7,3.640673828125));
#2391 = CARTESIAN_POINT('',(25.10068359375,-11.7,3.838427734375));
#2392 = PCURVE('',#32,#2393);
#2393 = DEFINITIONAL_REPRESENTATION('',(#2394),#2398);
#2394 = B_SPLINE_CURVE_WITH_KNOTS('',2,(#2395,#2396,#2397),
  .UNSPECIFIED.,.F.,.F.,(3,3),(0.,1.),.PIECEWISE_BEZIER_KNOTS.);
#2395 = CARTESIAN_POINT('',(3.49296875,69.023681640625));
#2396 = CARTESIAN_POINT('',(3.640673828125,69.20068359375));
#2397 = CARTESIAN_POINT('',(3.838427734375,69.20068359375));
#2398 = ( GEOMETRIC_REPRESENTATION_CONTEXT(2) 
PARAMETRIC_REPRESENTATION_CONTEXT() REPRESENTATION_CONTEXT('2D SPACE',''
  ) );
#2399 = PCURVE('',#2400,#2407);
#2400 = SURFACE_OF_LINEAR_EXTRUSION('',#2401,#2405);
#2401 = B_SPLINE_CURVE_WITH_KNOTS('',2,(#2402,#2403,#2404),
  .UNSPECIFIED.,.F.,.F.,(3,3),(0.,1.),.PIECEWISE_BEZIER_KNOTS.);
#2402 = CARTESIAN_POINT('',(24.923681640625,-11.7,3.49296875));
#2403 = CARTESIAN_POINT('',(25.10068359375,-11.7,3.640673828125));
#2404 = CARTESIAN_POINT('',(25.10068359375,-11.7,3.838427734375));
#2405 = VECTOR('',#2406,1.);
#2406 = DIRECTION('',(0.,-1.,0.));
#2407 = DEFINITIONAL_REPRESENTATION('',(#2408),#2412);
#2408 = LINE('',#2409,#2410);
#2409 = CARTESIAN_POINT('',(0.,0.));
#2410 = VECTOR('',#2411,1.);
#2411 = DIRECTION('',(1.,0.));
#2412 = ( GEOMETRIC_REPRESENTATION_CONTEXT(2) 
PARAMETRIC_REPRESENTATION_CONTEXT() REPRESENTATION_CONTEXT('2D SPACE',''
  ) );
#2413 = ORIENTED_EDGE('',*,*,#2414,.F.);
#2414 = EDGE_CURVE('',#2415,#2385,#2417,.T.);
#2415 = VERTEX_POINT('',#2416);
#2416 = CARTESIAN_POINT('',(24.39755859375,-11.7,3.345263671875));
#2417 = SURFACE_CURVE('',#2418,(#2422,#2429),.PCURVE_S1.);
#2418 = B_SPLINE_CURVE_WITH_KNOTS('',2,(#2419,#2420,#2421),
  .UNSPECIFIED.,.F.,.F.,(3,3),(0.,1.),.PIECEWISE_BEZIER_KNOTS.);
#2419 = CARTESIAN_POINT('',(24.39755859375,-11.7,3.345263671875));
#2420 = CARTESIAN_POINT('',(24.7466796875,-11.7,3.345263671875));
#2421 = CARTESIAN_POINT('',(24.923681640625,-11.7,3.49296875));
#2422 = PCURVE('',#32,#2423);
#2423 = DEFINITIONAL_REPRESENTATION('',(#2424),#2428);
#2424 = B_SPLINE_CURVE_WITH_KNOTS('',2,(#2425,#2426,#2427),
  .UNSPECIFIED.,.F.,.F.,(3,3),(0.,1.),.PIECEWISE_BEZIER_KNOTS.);
#2425 = CARTESIAN_POINT('',(3.345263671875,68.49755859375));
#2426 = CARTESIAN_POINT('',(3.345263671875,68.8466796875));
#2427 = CARTESIAN_POINT('',(3.49296875,69.023681640625));
#2428 = ( GEOMETRIC_REPRESENTATION_CONTEXT(2) 
PARAMETRIC_REPRESENTATION_CONTEXT() REPRESENTATION_CONTEXT('2D SPACE',''
  ) );
#2429 = PCURVE('',#2430,#2437);
#2430 = SURFACE_OF_LINEAR_EXTRUSION('',#2431,#2435);
#2431 = B_SPLINE_CURVE_WITH_KNOTS('',2,(#2432,#2433,#2434),
  .UNSPECIFIED.,.F.,.F.,(3,3),(0.,1.),.PIECEWISE_BEZIER_KNOTS.);
#2432 = CARTESIAN_POINT('',(24.39755859375,-11.7,3.345263671875));
#2433 = CARTESIAN_POINT('',(24.7466796875,-11.7,3.345263671875));
#2434 = CARTESIAN_POINT('',(24.923681640625,-11.7,3.49296875));
#2435 = VECTOR('',#2436,1.);
#2436 = DIRECTION('',(0.,-1.,0.));
#2437 = DEFINITIONAL_REPRESENTATION('',(#2438),#2442);
#2438 = LINE('',#2439,#2440);
#2439 = CARTESIAN_POINT('',(0.,0.));
#2440 = VECTOR('',#2441,1.);
#2441 = DIRECTION('',(1.,0.));
#2442 = ( GEOMETRIC_REPRESENTATION_CONTEXT(2) 
PARAMETRIC_REPRESENTATION_CONTEXT() REPRESENTATION_CONTEXT('2D SPACE',''
  ) );
#2443 = ORIENTED_EDGE('',*,*,#2444,.F.);
#2444 = EDGE_CURVE('',#2445,#2415,#2447,.T.);
#2445 = VERTEX_POINT('',#2446);
#2446 = CARTESIAN_POINT('',(23.873876953125,-11.7,3.511279296875));
#2447 = SURFACE_CURVE('',#2448,(#2452,#2459),.PCURVE_S1.);
#2448 = B_SPLINE_CURVE_WITH_KNOTS('',2,(#2449,#2450,#2451),
  .UNSPECIFIED.,.F.,.F.,(3,3),(0.,1.),.PIECEWISE_BEZIER_KNOTS.);
#2449 = CARTESIAN_POINT('',(23.873876953125,-11.7,3.511279296875));
#2450 = CARTESIAN_POINT('',(24.06796875,-11.7,3.345263671875));
#2451 = CARTESIAN_POINT('',(24.39755859375,-11.7,3.345263671875));
#2452 = PCURVE('',#32,#2453);
#2453 = DEFINITIONAL_REPRESENTATION('',(#2454),#2458);
#2454 = B_SPLINE_CURVE_WITH_KNOTS('',2,(#2455,#2456,#2457),
  .UNSPECIFIED.,.F.,.F.,(3,3),(0.,1.),.PIECEWISE_BEZIER_KNOTS.);
#2455 = CARTESIAN_POINT('',(3.511279296875,67.973876953125));
#2456 = CARTESIAN_POINT('',(3.345263671875,68.16796875));
#2457 = CARTESIAN_POINT('',(3.345263671875,68.49755859375));
#2458 = ( GEOMETRIC_REPRESENTATION_CONTEXT(2) 
PARAMETRIC_REPRESENTATION_CONTEXT() REPRESENTATION_CONTEXT('2D SPACE',''
  ) );
#2459 = PCURVE('',#2460,#2467);
#2460 = SURFACE_OF_LINEAR_EXTRUSION('',#2461,#2465);
#2461 = B_SPLINE_CURVE_WITH_KNOTS('',2,(#2462,#2463,#2464),
  .UNSPECIFIED.,.F.,.F.,(3,3),(0.,1.),.PIECEWISE_BEZIER_KNOTS.);
#2462 = CARTESIAN_POINT('',(23.873876953125,-11.7,3.511279296875));
#2463 = CARTESIAN_POINT('',(24.06796875,-11.7,3.345263671875));
#2464 = CARTESIAN_POINT('',(24.39755859375,-11.7,3.345263671875));
#2465 = VECTOR('',#2466,1.);
#2466 = DIRECTION('',(0.,-1.,0.));
#2467 = DEFINITIONAL_REPRESENTATION('',(#2468),#2472);
#2468 = LINE('',#2469,#2470);
#2469 = CARTESIAN_POINT('',(0.,0.));
#2470 = VECTOR('',#2471,1.);
#2471 = DIRECTION('',(1.,0.));
#2472 = ( GEOMETRIC_REPRESENTATION_CONTEXT(2) 
PARAMETRIC_REPRESENTATION_CONTEXT() REPRESENTATION_CONTEXT('2D SPACE',''
  ) );
#2473 = ORIENTED_EDGE('',*,*,#2474,.F.);
#2474 = EDGE_CURVE('',#1609,#2445,#2475,.T.);
#2475 = SURFACE_CURVE('',#2476,(#2480,#2487),.PCURVE_S1.);
#2476 = B_SPLINE_CURVE_WITH_KNOTS('',2,(#2477,#2478,#2479),
  .UNSPECIFIED.,.F.,.F.,(3,3),(0.,1.),.PIECEWISE_BEZIER_KNOTS.);
#2477 = CARTESIAN_POINT('',(23.61630859375,-11.7,4.031298828125));
#2478 = CARTESIAN_POINT('',(23.67978515625,-11.7,3.677294921875));
#2479 = CARTESIAN_POINT('',(23.873876953125,-11.7,3.511279296875));
#2480 = PCURVE('',#32,#2481);
#2481 = DEFINITIONAL_REPRESENTATION('',(#2482),#2486);
#2482 = B_SPLINE_CURVE_WITH_KNOTS('',2,(#2483,#2484,#2485),
  .UNSPECIFIED.,.F.,.F.,(3,3),(0.,1.),.PIECEWISE_BEZIER_KNOTS.);
#2483 = CARTESIAN_POINT('',(4.031298828125,67.71630859375));
#2484 = CARTESIAN_POINT('',(3.677294921875,67.77978515625));
#2485 = CARTESIAN_POINT('',(3.511279296875,67.973876953125));
#2486 = ( GEOMETRIC_REPRESENTATION_CONTEXT(2) 
PARAMETRIC_REPRESENTATION_CONTEXT() REPRESENTATION_CONTEXT('2D SPACE',''
  ) );
#2487 = PCURVE('',#2488,#2495);
#2488 = SURFACE_OF_LINEAR_EXTRUSION('',#2489,#2493);
#2489 = B_SPLINE_CURVE_WITH_KNOTS('',2,(#2490,#2491,#2492),
  .UNSPECIFIED.,.F.,.F.,(3,3),(0.,1.),.PIECEWISE_BEZIER_KNOTS.);
#2490 = CARTESIAN_POINT('',(23.61630859375,-11.7,4.031298828125));
#2491 = CARTESIAN_POINT('',(23.67978515625,-11.7,3.677294921875));
#2492 = CARTESIAN_POINT('',(23.873876953125,-11.7,3.511279296875));
#2493 = VECTOR('',#2494,1.);
#2494 = DIRECTION('',(0.,-1.,0.));
#2495 = DEFINITIONAL_REPRESENTATION('',(#2496),#2500);
#2496 = LINE('',#2497,#2498);
#2497 = CARTESIAN_POINT('',(0.,0.));
#2498 = VECTOR('',#2499,1.);
#2499 = DIRECTION('',(1.,0.));
#2500 = ( GEOMETRIC_REPRESENTATION_CONTEXT(2) 
PARAMETRIC_REPRESENTATION_CONTEXT() REPRESENTATION_CONTEXT('2D SPACE',''
  ) );
#2501 = FACE_BOUND('',#2502,.F.);
#2502 = EDGE_LOOP('',(#2503,#2533,#2563,#2593,#2623,#2653,#2683,#2713,
    #2743,#2773,#2803,#2833,#2863,#2893,#2923,#2953,#2981,#3011,#3041,
    #3071,#3101,#3131,#3161,#3191,#3221,#3251,#3281,#3311,#3341,#3371));
#2503 = ORIENTED_EDGE('',*,*,#2504,.F.);
#2504 = EDGE_CURVE('',#2505,#2507,#2509,.T.);
#2505 = VERTEX_POINT('',#2506);
#2506 = CARTESIAN_POINT('',(35.11318359375,-11.7,3.962939453125));
#2507 = VERTEX_POINT('',#2508);
#2508 = CARTESIAN_POINT('',(35.81630859375,-11.7,4.031298828125));
#2509 = SURFACE_CURVE('',#2510,(#2514,#2521),.PCURVE_S1.);
#2510 = LINE('',#2511,#2512);
#2511 = CARTESIAN_POINT('',(35.11318359375,-11.7,3.962939453125));
#2512 = VECTOR('',#2513,1.);
#2513 = DIRECTION('',(0.995307161767,0.,9.676597406065E-02));
#2514 = PCURVE('',#32,#2515);
#2515 = DEFINITIONAL_REPRESENTATION('',(#2516),#2520);
#2516 = LINE('',#2517,#2518);
#2517 = CARTESIAN_POINT('',(3.962939453125,79.21318359375));
#2518 = VECTOR('',#2519,1.);
#2519 = DIRECTION('',(9.676597406065E-02,0.995307161767));
#2520 = ( GEOMETRIC_REPRESENTATION_CONTEXT(2) 
PARAMETRIC_REPRESENTATION_CONTEXT() REPRESENTATION_CONTEXT('2D SPACE',''
  ) );
#2521 = PCURVE('',#2522,#2527);
#2522 = PLANE('',#2523);
#2523 = AXIS2_PLACEMENT_3D('',#2524,#2525,#2526);
#2524 = CARTESIAN_POINT('',(35.11318359375,-11.7,3.962939453125));
#2525 = DIRECTION('',(9.676597406065E-02,0.,-0.995307161767));
#2526 = DIRECTION('',(0.995307161767,0.,9.676597406065E-02));
#2527 = DEFINITIONAL_REPRESENTATION('',(#2528),#2532);
#2528 = LINE('',#2529,#2530);
#2529 = CARTESIAN_POINT('',(0.,0.));
#2530 = VECTOR('',#2531,1.);
#2531 = DIRECTION('',(1.,0.));
#2532 = ( GEOMETRIC_REPRESENTATION_CONTEXT(2) 
PARAMETRIC_REPRESENTATION_CONTEXT() REPRESENTATION_CONTEXT('2D SPACE',''
  ) );
#2533 = ORIENTED_EDGE('',*,*,#2534,.F.);
#2534 = EDGE_CURVE('',#2535,#2505,#2537,.T.);
#2535 = VERTEX_POINT('',#2536);
#2536 = CARTESIAN_POINT('',(35.54775390625,-11.7,3.0486328125));
#2537 = SURFACE_CURVE('',#2538,(#2542,#2549),.PCURVE_S1.);
#2538 = B_SPLINE_CURVE_WITH_KNOTS('',2,(#2539,#2540,#2541),
  .UNSPECIFIED.,.F.,.F.,(3,3),(0.,1.),.PIECEWISE_BEZIER_KNOTS.);
#2539 = CARTESIAN_POINT('',(35.54775390625,-11.7,3.0486328125));
#2540 = CARTESIAN_POINT('',(35.183984375,-11.7,3.362353515625));
#2541 = CARTESIAN_POINT('',(35.11318359375,-11.7,3.962939453125));
#2542 = PCURVE('',#32,#2543);
#2543 = DEFINITIONAL_REPRESENTATION('',(#2544),#2548);
#2544 = B_SPLINE_CURVE_WITH_KNOTS('',2,(#2545,#2546,#2547),
  .UNSPECIFIED.,.F.,.F.,(3,3),(0.,1.),.PIECEWISE_BEZIER_KNOTS.);
#2545 = CARTESIAN_POINT('',(3.0486328125,79.64775390625));
#2546 = CARTESIAN_POINT('',(3.362353515625,79.283984375));
#2547 = CARTESIAN_POINT('',(3.962939453125,79.21318359375));
#2548 = ( GEOMETRIC_REPRESENTATION_CONTEXT(2) 
PARAMETRIC_REPRESENTATION_CONTEXT() REPRESENTATION_CONTEXT('2D SPACE',''
  ) );
#2549 = PCURVE('',#2550,#2557);
#2550 = SURFACE_OF_LINEAR_EXTRUSION('',#2551,#2555);
#2551 = B_SPLINE_CURVE_WITH_KNOTS('',2,(#2552,#2553,#2554),
  .UNSPECIFIED.,.F.,.F.,(3,3),(0.,1.),.PIECEWISE_BEZIER_KNOTS.);
#2552 = CARTESIAN_POINT('',(35.54775390625,-11.7,3.0486328125));
#2553 = CARTESIAN_POINT('',(35.183984375,-11.7,3.362353515625));
#2554 = CARTESIAN_POINT('',(35.11318359375,-11.7,3.962939453125));
#2555 = VECTOR('',#2556,1.);
#2556 = DIRECTION('',(0.,-1.,0.));
#2557 = DEFINITIONAL_REPRESENTATION('',(#2558),#2562);
#2558 = LINE('',#2559,#2560);
#2559 = CARTESIAN_POINT('',(0.,0.));
#2560 = VECTOR('',#2561,1.);
#2561 = DIRECTION('',(1.,0.));
#2562 = ( GEOMETRIC_REPRESENTATION_CONTEXT(2) 
PARAMETRIC_REPRESENTATION_CONTEXT() REPRESENTATION_CONTEXT('2D SPACE',''
  ) );
#2563 = ORIENTED_EDGE('',*,*,#2564,.F.);
#2564 = EDGE_CURVE('',#2565,#2535,#2567,.T.);
#2565 = VERTEX_POINT('',#2566);
#2566 = CARTESIAN_POINT('',(36.590234375,-11.7,2.734912109375));
#2567 = SURFACE_CURVE('',#2568,(#2572,#2579),.PCURVE_S1.);
#2568 = B_SPLINE_CURVE_WITH_KNOTS('',2,(#2569,#2570,#2571),
  .UNSPECIFIED.,.F.,.F.,(3,3),(0.,1.),.PIECEWISE_BEZIER_KNOTS.);
#2569 = CARTESIAN_POINT('',(36.590234375,-11.7,2.734912109375));
#2570 = CARTESIAN_POINT('',(35.9115234375,-11.7,2.734912109375));
#2571 = CARTESIAN_POINT('',(35.54775390625,-11.7,3.0486328125));
#2572 = PCURVE('',#32,#2573);
#2573 = DEFINITIONAL_REPRESENTATION('',(#2574),#2578);
#2574 = B_SPLINE_CURVE_WITH_KNOTS('',2,(#2575,#2576,#2577),
  .UNSPECIFIED.,.F.,.F.,(3,3),(0.,1.),.PIECEWISE_BEZIER_KNOTS.);
#2575 = CARTESIAN_POINT('',(2.734912109375,80.690234375));
#2576 = CARTESIAN_POINT('',(2.734912109375,80.0115234375));
#2577 = CARTESIAN_POINT('',(3.0486328125,79.64775390625));
#2578 = ( GEOMETRIC_REPRESENTATION_CONTEXT(2) 
PARAMETRIC_REPRESENTATION_CONTEXT() REPRESENTATION_CONTEXT('2D SPACE',''
  ) );
#2579 = PCURVE('',#2580,#2587);
#2580 = SURFACE_OF_LINEAR_EXTRUSION('',#2581,#2585);
#2581 = B_SPLINE_CURVE_WITH_KNOTS('',2,(#2582,#2583,#2584),
  .UNSPECIFIED.,.F.,.F.,(3,3),(0.,1.),.PIECEWISE_BEZIER_KNOTS.);
#2582 = CARTESIAN_POINT('',(36.590234375,-11.7,2.734912109375));
#2583 = CARTESIAN_POINT('',(35.9115234375,-11.7,2.734912109375));
#2584 = CARTESIAN_POINT('',(35.54775390625,-11.7,3.0486328125));
#2585 = VECTOR('',#2586,1.);
#2586 = DIRECTION('',(0.,-1.,0.));
#2587 = DEFINITIONAL_REPRESENTATION('',(#2588),#2592);
#2588 = LINE('',#2589,#2590);
#2589 = CARTESIAN_POINT('',(0.,0.));
#2590 = VECTOR('',#2591,1.);
#2591 = DIRECTION('',(1.,0.));
#2592 = ( GEOMETRIC_REPRESENTATION_CONTEXT(2) 
PARAMETRIC_REPRESENTATION_CONTEXT() REPRESENTATION_CONTEXT('2D SPACE',''
  ) );
#2593 = ORIENTED_EDGE('',*,*,#2594,.F.);
#2594 = EDGE_CURVE('',#2595,#2565,#2597,.T.);
#2595 = VERTEX_POINT('',#2596);
#2596 = CARTESIAN_POINT('',(37.36904296875,-11.7,2.86552734375));
#2597 = SURFACE_CURVE('',#2598,(#2602,#2609),.PCURVE_S1.);
#2598 = B_SPLINE_CURVE_WITH_KNOTS('',2,(#2599,#2600,#2601),
  .UNSPECIFIED.,.F.,.F.,(3,3),(0.,1.),.PIECEWISE_BEZIER_KNOTS.);
#2599 = CARTESIAN_POINT('',(37.36904296875,-11.7,2.86552734375));
#2600 = CARTESIAN_POINT('',(37.05654296875,-11.7,2.734912109375));
#2601 = CARTESIAN_POINT('',(36.590234375,-11.7,2.734912109375));
#2602 = PCURVE('',#32,#2603);
#2603 = DEFINITIONAL_REPRESENTATION('',(#2604),#2608);
#2604 = B_SPLINE_CURVE_WITH_KNOTS('',2,(#2605,#2606,#2607),
  .UNSPECIFIED.,.F.,.F.,(3,3),(0.,1.),.PIECEWISE_BEZIER_KNOTS.);
#2605 = CARTESIAN_POINT('',(2.86552734375,81.46904296875));
#2606 = CARTESIAN_POINT('',(2.734912109375,81.15654296875));
#2607 = CARTESIAN_POINT('',(2.734912109375,80.690234375));
#2608 = ( GEOMETRIC_REPRESENTATION_CONTEXT(2) 
PARAMETRIC_REPRESENTATION_CONTEXT() REPRESENTATION_CONTEXT('2D SPACE',''
  ) );
#2609 = PCURVE('',#2610,#2617);
#2610 = SURFACE_OF_LINEAR_EXTRUSION('',#2611,#2615);
#2611 = B_SPLINE_CURVE_WITH_KNOTS('',2,(#2612,#2613,#2614),
  .UNSPECIFIED.,.F.,.F.,(3,3),(0.,1.),.PIECEWISE_BEZIER_KNOTS.);
#2612 = CARTESIAN_POINT('',(37.36904296875,-11.7,2.86552734375));
#2613 = CARTESIAN_POINT('',(37.05654296875,-11.7,2.734912109375));
#2614 = CARTESIAN_POINT('',(36.590234375,-11.7,2.734912109375));
#2615 = VECTOR('',#2616,1.);
#2616 = DIRECTION('',(0.,-1.,0.));
#2617 = DEFINITIONAL_REPRESENTATION('',(#2618),#2622);
#2618 = LINE('',#2619,#2620);
#2619 = CARTESIAN_POINT('',(0.,0.));
#2620 = VECTOR('',#2621,1.);
#2621 = DIRECTION('',(1.,0.));
#2622 = ( GEOMETRIC_REPRESENTATION_CONTEXT(2) 
PARAMETRIC_REPRESENTATION_CONTEXT() REPRESENTATION_CONTEXT('2D SPACE',''
  ) );
#2623 = ORIENTED_EDGE('',*,*,#2624,.F.);
#2624 = EDGE_CURVE('',#2625,#2595,#2627,.T.);
#2625 = VERTEX_POINT('',#2626);
#2626 = CARTESIAN_POINT('',(37.85244140625,-11.7,3.264697265625));
#2627 = SURFACE_CURVE('',#2628,(#2632,#2639),.PCURVE_S1.);
#2628 = B_SPLINE_CURVE_WITH_KNOTS('',2,(#2629,#2630,#2631),
  .UNSPECIFIED.,.F.,.F.,(3,3),(0.,1.),.PIECEWISE_BEZIER_KNOTS.);
#2629 = CARTESIAN_POINT('',(37.85244140625,-11.7,3.264697265625));
#2630 = CARTESIAN_POINT('',(37.68154296875,-11.7,2.996142578125));
#2631 = CARTESIAN_POINT('',(37.36904296875,-11.7,2.86552734375));
#2632 = PCURVE('',#32,#2633);
#2633 = DEFINITIONAL_REPRESENTATION('',(#2634),#2638);
#2634 = B_SPLINE_CURVE_WITH_KNOTS('',2,(#2635,#2636,#2637),
  .UNSPECIFIED.,.F.,.F.,(3,3),(0.,1.),.PIECEWISE_BEZIER_KNOTS.);
#2635 = CARTESIAN_POINT('',(3.264697265625,81.95244140625));
#2636 = CARTESIAN_POINT('',(2.996142578125,81.78154296875));
#2637 = CARTESIAN_POINT('',(2.86552734375,81.46904296875));
#2638 = ( GEOMETRIC_REPRESENTATION_CONTEXT(2) 
PARAMETRIC_REPRESENTATION_CONTEXT() REPRESENTATION_CONTEXT('2D SPACE',''
  ) );
#2639 = PCURVE('',#2640,#2647);
#2640 = SURFACE_OF_LINEAR_EXTRUSION('',#2641,#2645);
#2641 = B_SPLINE_CURVE_WITH_KNOTS('',2,(#2642,#2643,#2644),
  .UNSPECIFIED.,.F.,.F.,(3,3),(0.,1.),.PIECEWISE_BEZIER_KNOTS.);
#2642 = CARTESIAN_POINT('',(37.85244140625,-11.7,3.264697265625));
#2643 = CARTESIAN_POINT('',(37.68154296875,-11.7,2.996142578125));
#2644 = CARTESIAN_POINT('',(37.36904296875,-11.7,2.86552734375));
#2645 = VECTOR('',#2646,1.);
#2646 = DIRECTION('',(0.,-1.,0.));
#2647 = DEFINITIONAL_REPRESENTATION('',(#2648),#2652);
#2648 = LINE('',#2649,#2650);
#2649 = CARTESIAN_POINT('',(0.,0.));
#2650 = VECTOR('',#2651,1.);
#2651 = DIRECTION('',(1.,0.));
#2652 = ( GEOMETRIC_REPRESENTATION_CONTEXT(2) 
PARAMETRIC_REPRESENTATION_CONTEXT() REPRESENTATION_CONTEXT('2D SPACE',''
  ) );
#2653 = ORIENTED_EDGE('',*,*,#2654,.F.);
#2654 = EDGE_CURVE('',#2655,#2625,#2657,.T.);
#2655 = VERTEX_POINT('',#2656);
#2656 = CARTESIAN_POINT('',(38.02333984375,-11.7,3.840869140625));
#2657 = SURFACE_CURVE('',#2658,(#2662,#2669),.PCURVE_S1.);
#2658 = B_SPLINE_CURVE_WITH_KNOTS('',2,(#2659,#2660,#2661),
  .UNSPECIFIED.,.F.,.F.,(3,3),(0.,1.),.PIECEWISE_BEZIER_KNOTS.);
#2659 = CARTESIAN_POINT('',(38.02333984375,-11.7,3.840869140625));
#2660 = CARTESIAN_POINT('',(38.02333984375,-11.7,3.533251953125));
#2661 = CARTESIAN_POINT('',(37.85244140625,-11.7,3.264697265625));
#2662 = PCURVE('',#32,#2663);
#2663 = DEFINITIONAL_REPRESENTATION('',(#2664),#2668);
#2664 = B_SPLINE_CURVE_WITH_KNOTS('',2,(#2665,#2666,#2667),
  .UNSPECIFIED.,.F.,.F.,(3,3),(0.,1.),.PIECEWISE_BEZIER_KNOTS.);
#2665 = CARTESIAN_POINT('',(3.840869140625,82.12333984375));
#2666 = CARTESIAN_POINT('',(3.533251953125,82.12333984375));
#2667 = CARTESIAN_POINT('',(3.264697265625,81.95244140625));
#2668 = ( GEOMETRIC_REPRESENTATION_CONTEXT(2) 
PARAMETRIC_REPRESENTATION_CONTEXT() REPRESENTATION_CONTEXT('2D SPACE',''
  ) );
#2669 = PCURVE('',#2670,#2677);
#2670 = SURFACE_OF_LINEAR_EXTRUSION('',#2671,#2675);
#2671 = B_SPLINE_CURVE_WITH_KNOTS('',2,(#2672,#2673,#2674),
  .UNSPECIFIED.,.F.,.F.,(3,3),(0.,1.),.PIECEWISE_BEZIER_KNOTS.);
#2672 = CARTESIAN_POINT('',(38.02333984375,-11.7,3.840869140625));
#2673 = CARTESIAN_POINT('',(38.02333984375,-11.7,3.533251953125));
#2674 = CARTESIAN_POINT('',(37.85244140625,-11.7,3.264697265625));
#2675 = VECTOR('',#2676,1.);
#2676 = DIRECTION('',(0.,-1.,0.));
#2677 = DEFINITIONAL_REPRESENTATION('',(#2678),#2682);
#2678 = LINE('',#2679,#2680);
#2679 = CARTESIAN_POINT('',(0.,0.));
#2680 = VECTOR('',#2681,1.);
#2681 = DIRECTION('',(1.,0.));
#2682 = ( GEOMETRIC_REPRESENTATION_CONTEXT(2) 
PARAMETRIC_REPRESENTATION_CONTEXT() REPRESENTATION_CONTEXT('2D SPACE',''
  ) );
#2683 = ORIENTED_EDGE('',*,*,#2684,.F.);
#2684 = EDGE_CURVE('',#2685,#2655,#2687,.T.);
#2685 = VERTEX_POINT('',#2686);
#2686 = CARTESIAN_POINT('',(37.880517578125,-11.7,4.4109375));
#2687 = SURFACE_CURVE('',#2688,(#2692,#2699),.PCURVE_S1.);
#2688 = B_SPLINE_CURVE_WITH_KNOTS('',2,(#2689,#2690,#2691),
  .UNSPECIFIED.,.F.,.F.,(3,3),(0.,1.),.PIECEWISE_BEZIER_KNOTS.);
#2689 = CARTESIAN_POINT('',(37.880517578125,-11.7,4.4109375));
#2690 = CARTESIAN_POINT('',(38.02333984375,-11.7,4.180224609375));
#2691 = CARTESIAN_POINT('',(38.02333984375,-11.7,3.840869140625));
#2692 = PCURVE('',#32,#2693);
#2693 = DEFINITIONAL_REPRESENTATION('',(#2694),#2698);
#2694 = B_SPLINE_CURVE_WITH_KNOTS('',2,(#2695,#2696,#2697),
  .UNSPECIFIED.,.F.,.F.,(3,3),(0.,1.),.PIECEWISE_BEZIER_KNOTS.);
#2695 = CARTESIAN_POINT('',(4.4109375,81.980517578125));
#2696 = CARTESIAN_POINT('',(4.180224609375,82.12333984375));
#2697 = CARTESIAN_POINT('',(3.840869140625,82.12333984375));
#2698 = ( GEOMETRIC_REPRESENTATION_CONTEXT(2) 
PARAMETRIC_REPRESENTATION_CONTEXT() REPRESENTATION_CONTEXT('2D SPACE',''
  ) );
#2699 = PCURVE('',#2700,#2707);
#2700 = SURFACE_OF_LINEAR_EXTRUSION('',#2701,#2705);
#2701 = B_SPLINE_CURVE_WITH_KNOTS('',2,(#2702,#2703,#2704),
  .UNSPECIFIED.,.F.,.F.,(3,3),(0.,1.),.PIECEWISE_BEZIER_KNOTS.);
#2702 = CARTESIAN_POINT('',(37.880517578125,-11.7,4.4109375));
#2703 = CARTESIAN_POINT('',(38.02333984375,-11.7,4.180224609375));
#2704 = CARTESIAN_POINT('',(38.02333984375,-11.7,3.840869140625));
#2705 = VECTOR('',#2706,1.);
#2706 = DIRECTION('',(0.,-1.,0.));
#2707 = DEFINITIONAL_REPRESENTATION('',(#2708),#2712);
#2708 = LINE('',#2709,#2710);
#2709 = CARTESIAN_POINT('',(0.,0.));
#2710 = VECTOR('',#2711,1.);
#2711 = DIRECTION('',(1.,0.));
#2712 = ( GEOMETRIC_REPRESENTATION_CONTEXT(2) 
PARAMETRIC_REPRESENTATION_CONTEXT() REPRESENTATION_CONTEXT('2D SPACE',''
  ) );
#2713 = ORIENTED_EDGE('',*,*,#2714,.F.);
#2714 = EDGE_CURVE('',#2715,#2685,#2717,.T.);
#2715 = VERTEX_POINT('',#2716);
#2716 = CARTESIAN_POINT('',(37.485009765625,-11.7,4.77470703125));
#2717 = SURFACE_CURVE('',#2718,(#2722,#2729),.PCURVE_S1.);
#2718 = B_SPLINE_CURVE_WITH_KNOTS('',2,(#2719,#2720,#2721),
  .UNSPECIFIED.,.F.,.F.,(3,3),(0.,1.),.PIECEWISE_BEZIER_KNOTS.);
#2719 = CARTESIAN_POINT('',(37.485009765625,-11.7,4.77470703125));
#2720 = CARTESIAN_POINT('',(37.7376953125,-11.7,4.641650390625));
#2721 = CARTESIAN_POINT('',(37.880517578125,-11.7,4.4109375));
#2722 = PCURVE('',#32,#2723);
#2723 = DEFINITIONAL_REPRESENTATION('',(#2724),#2728);
#2724 = B_SPLINE_CURVE_WITH_KNOTS('',2,(#2725,#2726,#2727),
  .UNSPECIFIED.,.F.,.F.,(3,3),(0.,1.),.PIECEWISE_BEZIER_KNOTS.);
#2725 = CARTESIAN_POINT('',(4.77470703125,81.585009765625));
#2726 = CARTESIAN_POINT('',(4.641650390625,81.8376953125));
#2727 = CARTESIAN_POINT('',(4.4109375,81.980517578125));
#2728 = ( GEOMETRIC_REPRESENTATION_CONTEXT(2) 
PARAMETRIC_REPRESENTATION_CONTEXT() REPRESENTATION_CONTEXT('2D SPACE',''
  ) );
#2729 = PCURVE('',#2730,#2737);
#2730 = SURFACE_OF_LINEAR_EXTRUSION('',#2731,#2735);
#2731 = B_SPLINE_CURVE_WITH_KNOTS('',2,(#2732,#2733,#2734),
  .UNSPECIFIED.,.F.,.F.,(3,3),(0.,1.),.PIECEWISE_BEZIER_KNOTS.);
#2732 = CARTESIAN_POINT('',(37.485009765625,-11.7,4.77470703125));
#2733 = CARTESIAN_POINT('',(37.7376953125,-11.7,4.641650390625));
#2734 = CARTESIAN_POINT('',(37.880517578125,-11.7,4.4109375));
#2735 = VECTOR('',#2736,1.);
#2736 = DIRECTION('',(0.,-1.,0.));
#2737 = DEFINITIONAL_REPRESENTATION('',(#2738),#2742);
#2738 = LINE('',#2739,#2740);
#2739 = CARTESIAN_POINT('',(0.,0.));
#2740 = VECTOR('',#2741,1.);
#2741 = DIRECTION('',(1.,0.));
#2742 = ( GEOMETRIC_REPRESENTATION_CONTEXT(2) 
PARAMETRIC_REPRESENTATION_CONTEXT() REPRESENTATION_CONTEXT('2D SPACE',''
  ) );
#2743 = ORIENTED_EDGE('',*,*,#2744,.F.);
#2744 = EDGE_CURVE('',#2745,#2715,#2747,.T.);
#2745 = VERTEX_POINT('',#2746);
#2746 = CARTESIAN_POINT('',(36.70498046875,-11.7,5.032275390625));
#2747 = SURFACE_CURVE('',#2748,(#2752,#2759),.PCURVE_S1.);
#2748 = B_SPLINE_CURVE_WITH_KNOTS('',2,(#2749,#2750,#2751),
  .UNSPECIFIED.,.F.,.F.,(3,3),(0.,1.),.PIECEWISE_BEZIER_KNOTS.);
#2749 = CARTESIAN_POINT('',(36.70498046875,-11.7,5.032275390625));
#2750 = CARTESIAN_POINT('',(37.23232421875,-11.7,4.907763671875));
#2751 = CARTESIAN_POINT('',(37.485009765625,-11.7,4.77470703125));
#2752 = PCURVE('',#32,#2753);
#2753 = DEFINITIONAL_REPRESENTATION('',(#2754),#2758);
#2754 = B_SPLINE_CURVE_WITH_KNOTS('',2,(#2755,#2756,#2757),
  .UNSPECIFIED.,.F.,.F.,(3,3),(0.,1.),.PIECEWISE_BEZIER_KNOTS.);
#2755 = CARTESIAN_POINT('',(5.032275390625,80.80498046875));
#2756 = CARTESIAN_POINT('',(4.907763671875,81.33232421875));
#2757 = CARTESIAN_POINT('',(4.77470703125,81.585009765625));
#2758 = ( GEOMETRIC_REPRESENTATION_CONTEXT(2) 
PARAMETRIC_REPRESENTATION_CONTEXT() REPRESENTATION_CONTEXT('2D SPACE',''
  ) );
#2759 = PCURVE('',#2760,#2767);
#2760 = SURFACE_OF_LINEAR_EXTRUSION('',#2761,#2765);
#2761 = B_SPLINE_CURVE_WITH_KNOTS('',2,(#2762,#2763,#2764),
  .UNSPECIFIED.,.F.,.F.,(3,3),(0.,1.),.PIECEWISE_BEZIER_KNOTS.);
#2762 = CARTESIAN_POINT('',(36.70498046875,-11.7,5.032275390625));
#2763 = CARTESIAN_POINT('',(37.23232421875,-11.7,4.907763671875));
#2764 = CARTESIAN_POINT('',(37.485009765625,-11.7,4.77470703125));
#2765 = VECTOR('',#2766,1.);
#2766 = DIRECTION('',(0.,-1.,0.));
#2767 = DEFINITIONAL_REPRESENTATION('',(#2768),#2772);
#2768 = LINE('',#2769,#2770);
#2769 = CARTESIAN_POINT('',(0.,0.));
#2770 = VECTOR('',#2771,1.);
#2771 = DIRECTION('',(1.,0.));
#2772 = ( GEOMETRIC_REPRESENTATION_CONTEXT(2) 
PARAMETRIC_REPRESENTATION_CONTEXT() REPRESENTATION_CONTEXT('2D SPACE',''
  ) );
#2773 = ORIENTED_EDGE('',*,*,#2774,.F.);
#2774 = EDGE_CURVE('',#2775,#2745,#2777,.T.);
#2775 = VERTEX_POINT('',#2776);
#2776 = CARTESIAN_POINT('',(36.04091796875,-11.7,5.271533203125));
#2777 = SURFACE_CURVE('',#2778,(#2782,#2789),.PCURVE_S1.);
#2778 = B_SPLINE_CURVE_WITH_KNOTS('',2,(#2779,#2780,#2781),
  .UNSPECIFIED.,.F.,.F.,(3,3),(0.,1.),.PIECEWISE_BEZIER_KNOTS.);
#2779 = CARTESIAN_POINT('',(36.04091796875,-11.7,5.271533203125));
#2780 = CARTESIAN_POINT('',(36.17763671875,-11.7,5.156787109375));
#2781 = CARTESIAN_POINT('',(36.70498046875,-11.7,5.032275390625));
#2782 = PCURVE('',#32,#2783);
#2783 = DEFINITIONAL_REPRESENTATION('',(#2784),#2788);
#2784 = B_SPLINE_CURVE_WITH_KNOTS('',2,(#2785,#2786,#2787),
  .UNSPECIFIED.,.F.,.F.,(3,3),(0.,1.),.PIECEWISE_BEZIER_KNOTS.);
#2785 = CARTESIAN_POINT('',(5.271533203125,80.14091796875));
#2786 = CARTESIAN_POINT('',(5.156787109375,80.27763671875));
#2787 = CARTESIAN_POINT('',(5.032275390625,80.80498046875));
#2788 = ( GEOMETRIC_REPRESENTATION_CONTEXT(2) 
PARAMETRIC_REPRESENTATION_CONTEXT() REPRESENTATION_CONTEXT('2D SPACE',''
  ) );
#2789 = PCURVE('',#2790,#2797);
#2790 = SURFACE_OF_LINEAR_EXTRUSION('',#2791,#2795);
#2791 = B_SPLINE_CURVE_WITH_KNOTS('',2,(#2792,#2793,#2794),
  .UNSPECIFIED.,.F.,.F.,(3,3),(0.,1.),.PIECEWISE_BEZIER_KNOTS.);
#2792 = CARTESIAN_POINT('',(36.04091796875,-11.7,5.271533203125));
#2793 = CARTESIAN_POINT('',(36.17763671875,-11.7,5.156787109375));
#2794 = CARTESIAN_POINT('',(36.70498046875,-11.7,5.032275390625));
#2795 = VECTOR('',#2796,1.);
#2796 = DIRECTION('',(0.,-1.,0.));
#2797 = DEFINITIONAL_REPRESENTATION('',(#2798),#2802);
#2798 = LINE('',#2799,#2800);
#2799 = CARTESIAN_POINT('',(0.,0.));
#2800 = VECTOR('',#2801,1.);
#2801 = DIRECTION('',(1.,0.));
#2802 = ( GEOMETRIC_REPRESENTATION_CONTEXT(2) 
PARAMETRIC_REPRESENTATION_CONTEXT() REPRESENTATION_CONTEXT('2D SPACE',''
  ) );
#2803 = ORIENTED_EDGE('',*,*,#2804,.F.);
#2804 = EDGE_CURVE('',#2805,#2775,#2807,.T.);
#2805 = VERTEX_POINT('',#2806);
#2806 = CARTESIAN_POINT('',(35.93349609375,-11.7,5.488818359375));
#2807 = SURFACE_CURVE('',#2808,(#2812,#2819),.PCURVE_S1.);
#2808 = B_SPLINE_CURVE_WITH_KNOTS('',2,(#2809,#2810,#2811),
  .UNSPECIFIED.,.F.,.F.,(3,3),(0.,1.),.PIECEWISE_BEZIER_KNOTS.);
#2809 = CARTESIAN_POINT('',(35.93349609375,-11.7,5.488818359375));
#2810 = CARTESIAN_POINT('',(35.93349609375,-11.7,5.361865234375));
#2811 = CARTESIAN_POINT('',(36.04091796875,-11.7,5.271533203125));
#2812 = PCURVE('',#32,#2813);
#2813 = DEFINITIONAL_REPRESENTATION('',(#2814),#2818);
#2814 = B_SPLINE_CURVE_WITH_KNOTS('',2,(#2815,#2816,#2817),
  .UNSPECIFIED.,.F.,.F.,(3,3),(0.,1.),.PIECEWISE_BEZIER_KNOTS.);
#2815 = CARTESIAN_POINT('',(5.488818359375,80.03349609375));
#2816 = CARTESIAN_POINT('',(5.361865234375,80.03349609375));
#2817 = CARTESIAN_POINT('',(5.271533203125,80.14091796875));
#2818 = ( GEOMETRIC_REPRESENTATION_CONTEXT(2) 
PARAMETRIC_REPRESENTATION_CONTEXT() REPRESENTATION_CONTEXT('2D SPACE',''
  ) );
#2819 = PCURVE('',#2820,#2827);
#2820 = SURFACE_OF_LINEAR_EXTRUSION('',#2821,#2825);
#2821 = B_SPLINE_CURVE_WITH_KNOTS('',2,(#2822,#2823,#2824),
  .UNSPECIFIED.,.F.,.F.,(3,3),(0.,1.),.PIECEWISE_BEZIER_KNOTS.);
#2822 = CARTESIAN_POINT('',(35.93349609375,-11.7,5.488818359375));
#2823 = CARTESIAN_POINT('',(35.93349609375,-11.7,5.361865234375));
#2824 = CARTESIAN_POINT('',(36.04091796875,-11.7,5.271533203125));
#2825 = VECTOR('',#2826,1.);
#2826 = DIRECTION('',(0.,-1.,0.));
#2827 = DEFINITIONAL_REPRESENTATION('',(#2828),#2832);
#2828 = LINE('',#2829,#2830);
#2829 = CARTESIAN_POINT('',(0.,0.));
#2830 = VECTOR('',#2831,1.);
#2831 = DIRECTION('',(1.,0.));
#2832 = ( GEOMETRIC_REPRESENTATION_CONTEXT(2) 
PARAMETRIC_REPRESENTATION_CONTEXT() REPRESENTATION_CONTEXT('2D SPACE',''
  ) );
#2833 = ORIENTED_EDGE('',*,*,#2834,.F.);
#2834 = EDGE_CURVE('',#2835,#2805,#2837,.T.);
#2835 = VERTEX_POINT('',#2836);
#2836 = CARTESIAN_POINT('',(36.0482421875,-11.7,5.710986328125));
#2837 = SURFACE_CURVE('',#2838,(#2842,#2849),.PCURVE_S1.);
#2838 = B_SPLINE_CURVE_WITH_KNOTS('',2,(#2839,#2840,#2841),
  .UNSPECIFIED.,.F.,.F.,(3,3),(0.,1.),.PIECEWISE_BEZIER_KNOTS.);
#2839 = CARTESIAN_POINT('',(36.0482421875,-11.7,5.710986328125));
#2840 = CARTESIAN_POINT('',(35.93349609375,-11.7,5.627978515625));
#2841 = CARTESIAN_POINT('',(35.93349609375,-11.7,5.488818359375));
#2842 = PCURVE('',#32,#2843);
#2843 = DEFINITIONAL_REPRESENTATION('',(#2844),#2848);
#2844 = B_SPLINE_CURVE_WITH_KNOTS('',2,(#2845,#2846,#2847),
  .UNSPECIFIED.,.F.,.F.,(3,3),(0.,1.),.PIECEWISE_BEZIER_KNOTS.);
#2845 = CARTESIAN_POINT('',(5.710986328125,80.1482421875));
#2846 = CARTESIAN_POINT('',(5.627978515625,80.03349609375));
#2847 = CARTESIAN_POINT('',(5.488818359375,80.03349609375));
#2848 = ( GEOMETRIC_REPRESENTATION_CONTEXT(2) 
PARAMETRIC_REPRESENTATION_CONTEXT() REPRESENTATION_CONTEXT('2D SPACE',''
  ) );
#2849 = PCURVE('',#2850,#2857);
#2850 = SURFACE_OF_LINEAR_EXTRUSION('',#2851,#2855);
#2851 = B_SPLINE_CURVE_WITH_KNOTS('',2,(#2852,#2853,#2854),
  .UNSPECIFIED.,.F.,.F.,(3,3),(0.,1.),.PIECEWISE_BEZIER_KNOTS.);
#2852 = CARTESIAN_POINT('',(36.0482421875,-11.7,5.710986328125));
#2853 = CARTESIAN_POINT('',(35.93349609375,-11.7,5.627978515625));
#2854 = CARTESIAN_POINT('',(35.93349609375,-11.7,5.488818359375));
#2855 = VECTOR('',#2856,1.);
#2856 = DIRECTION('',(0.,-1.,0.));
#2857 = DEFINITIONAL_REPRESENTATION('',(#2858),#2862);
#2858 = LINE('',#2859,#2860);
#2859 = CARTESIAN_POINT('',(0.,0.));
#2860 = VECTOR('',#2861,1.);
#2861 = DIRECTION('',(1.,0.));
#2862 = ( GEOMETRIC_REPRESENTATION_CONTEXT(2) 
PARAMETRIC_REPRESENTATION_CONTEXT() REPRESENTATION_CONTEXT('2D SPACE',''
  ) );
#2863 = ORIENTED_EDGE('',*,*,#2864,.F.);
#2864 = EDGE_CURVE('',#2865,#2835,#2867,.T.);
#2865 = VERTEX_POINT('',#2866);
#2866 = CARTESIAN_POINT('',(36.54140625,-11.7,5.840380859375));
#2867 = SURFACE_CURVE('',#2868,(#2872,#2879),.PCURVE_S1.);
#2868 = B_SPLINE_CURVE_WITH_KNOTS('',2,(#2869,#2870,#2871),
  .UNSPECIFIED.,.F.,.F.,(3,3),(0.,1.),.PIECEWISE_BEZIER_KNOTS.);
#2869 = CARTESIAN_POINT('',(36.54140625,-11.7,5.840380859375));
#2870 = CARTESIAN_POINT('',(36.22646484375,-11.7,5.840380859375));
#2871 = CARTESIAN_POINT('',(36.0482421875,-11.7,5.710986328125));
#2872 = PCURVE('',#32,#2873);
#2873 = DEFINITIONAL_REPRESENTATION('',(#2874),#2878);
#2874 = B_SPLINE_CURVE_WITH_KNOTS('',2,(#2875,#2876,#2877),
  .UNSPECIFIED.,.F.,.F.,(3,3),(0.,1.),.PIECEWISE_BEZIER_KNOTS.);
#2875 = CARTESIAN_POINT('',(5.840380859375,80.64140625));
#2876 = CARTESIAN_POINT('',(5.840380859375,80.32646484375));
#2877 = CARTESIAN_POINT('',(5.710986328125,80.1482421875));
#2878 = ( GEOMETRIC_REPRESENTATION_CONTEXT(2) 
PARAMETRIC_REPRESENTATION_CONTEXT() REPRESENTATION_CONTEXT('2D SPACE',''
  ) );
#2879 = PCURVE('',#2880,#2887);
#2880 = SURFACE_OF_LINEAR_EXTRUSION('',#2881,#2885);
#2881 = B_SPLINE_CURVE_WITH_KNOTS('',2,(#2882,#2883,#2884),
  .UNSPECIFIED.,.F.,.F.,(3,3),(0.,1.),.PIECEWISE_BEZIER_KNOTS.);
#2882 = CARTESIAN_POINT('',(36.54140625,-11.7,5.840380859375));
#2883 = CARTESIAN_POINT('',(36.22646484375,-11.7,5.840380859375));
#2884 = CARTESIAN_POINT('',(36.0482421875,-11.7,5.710986328125));
#2885 = VECTOR('',#2886,1.);
#2886 = DIRECTION('',(0.,-1.,0.));
#2887 = DEFINITIONAL_REPRESENTATION('',(#2888),#2892);
#2888 = LINE('',#2889,#2890);
#2889 = CARTESIAN_POINT('',(0.,0.));
#2890 = VECTOR('',#2891,1.);
#2891 = DIRECTION('',(1.,0.));
#2892 = ( GEOMETRIC_REPRESENTATION_CONTEXT(2) 
PARAMETRIC_REPRESENTATION_CONTEXT() REPRESENTATION_CONTEXT('2D SPACE',''
  ) );
#2893 = ORIENTED_EDGE('',*,*,#2894,.F.);
#2894 = EDGE_CURVE('',#2895,#2865,#2897,.T.);
#2895 = VERTEX_POINT('',#2896);
#2896 = CARTESIAN_POINT('',(36.999169921875,-11.7,5.71953125));
#2897 = SURFACE_CURVE('',#2898,(#2902,#2909),.PCURVE_S1.);
#2898 = B_SPLINE_CURVE_WITH_KNOTS('',2,(#2899,#2900,#2901),
  .UNSPECIFIED.,.F.,.F.,(3,3),(0.,1.),.PIECEWISE_BEZIER_KNOTS.);
#2899 = CARTESIAN_POINT('',(36.999169921875,-11.7,5.71953125));
#2900 = CARTESIAN_POINT('',(36.84658203125,-11.7,5.840380859375));
#2901 = CARTESIAN_POINT('',(36.54140625,-11.7,5.840380859375));
#2902 = PCURVE('',#32,#2903);
#2903 = DEFINITIONAL_REPRESENTATION('',(#2904),#2908);
#2904 = B_SPLINE_CURVE_WITH_KNOTS('',2,(#2905,#2906,#2907),
  .UNSPECIFIED.,.F.,.F.,(3,3),(0.,1.),.PIECEWISE_BEZIER_KNOTS.);
#2905 = CARTESIAN_POINT('',(5.71953125,81.099169921875));
#2906 = CARTESIAN_POINT('',(5.840380859375,80.94658203125));
#2907 = CARTESIAN_POINT('',(5.840380859375,80.64140625));
#2908 = ( GEOMETRIC_REPRESENTATION_CONTEXT(2) 
PARAMETRIC_REPRESENTATION_CONTEXT() REPRESENTATION_CONTEXT('2D SPACE',''
  ) );
#2909 = PCURVE('',#2910,#2917);
#2910 = SURFACE_OF_LINEAR_EXTRUSION('',#2911,#2915);
#2911 = B_SPLINE_CURVE_WITH_KNOTS('',2,(#2912,#2913,#2914),
  .UNSPECIFIED.,.F.,.F.,(3,3),(0.,1.),.PIECEWISE_BEZIER_KNOTS.);
#2912 = CARTESIAN_POINT('',(36.999169921875,-11.7,5.71953125));
#2913 = CARTESIAN_POINT('',(36.84658203125,-11.7,5.840380859375));
#2914 = CARTESIAN_POINT('',(36.54140625,-11.7,5.840380859375));
#2915 = VECTOR('',#2916,1.);
#2916 = DIRECTION('',(0.,-1.,0.));
#2917 = DEFINITIONAL_REPRESENTATION('',(#2918),#2922);
#2918 = LINE('',#2919,#2920);
#2919 = CARTESIAN_POINT('',(0.,0.));
#2920 = VECTOR('',#2921,1.);
#2921 = DIRECTION('',(1.,0.));
#2922 = ( GEOMETRIC_REPRESENTATION_CONTEXT(2) 
PARAMETRIC_REPRESENTATION_CONTEXT() REPRESENTATION_CONTEXT('2D SPACE',''
  ) );
#2923 = ORIENTED_EDGE('',*,*,#2924,.F.);
#2924 = EDGE_CURVE('',#2925,#2895,#2927,.T.);
#2925 = VERTEX_POINT('',#2926);
#2926 = CARTESIAN_POINT('',(37.19814453125,-11.7,5.322802734375));
#2927 = SURFACE_CURVE('',#2928,(#2932,#2939),.PCURVE_S1.);
#2928 = B_SPLINE_CURVE_WITH_KNOTS('',2,(#2929,#2930,#2931),
  .UNSPECIFIED.,.F.,.F.,(3,3),(0.,1.),.PIECEWISE_BEZIER_KNOTS.);
#2929 = CARTESIAN_POINT('',(37.19814453125,-11.7,5.322802734375));
#2930 = CARTESIAN_POINT('',(37.1517578125,-11.7,5.598681640625));
#2931 = CARTESIAN_POINT('',(36.999169921875,-11.7,5.71953125));
#2932 = PCURVE('',#32,#2933);
#2933 = DEFINITIONAL_REPRESENTATION('',(#2934),#2938);
#2934 = B_SPLINE_CURVE_WITH_KNOTS('',2,(#2935,#2936,#2937),
  .UNSPECIFIED.,.F.,.F.,(3,3),(0.,1.),.PIECEWISE_BEZIER_KNOTS.);
#2935 = CARTESIAN_POINT('',(5.322802734375,81.29814453125));
#2936 = CARTESIAN_POINT('',(5.598681640625,81.2517578125));
#2937 = CARTESIAN_POINT('',(5.71953125,81.099169921875));
#2938 = ( GEOMETRIC_REPRESENTATION_CONTEXT(2) 
PARAMETRIC_REPRESENTATION_CONTEXT() REPRESENTATION_CONTEXT('2D SPACE',''
  ) );
#2939 = PCURVE('',#2940,#2947);
#2940 = SURFACE_OF_LINEAR_EXTRUSION('',#2941,#2945);
#2941 = B_SPLINE_CURVE_WITH_KNOTS('',2,(#2942,#2943,#2944),
  .UNSPECIFIED.,.F.,.F.,(3,3),(0.,1.),.PIECEWISE_BEZIER_KNOTS.);
#2942 = CARTESIAN_POINT('',(37.19814453125,-11.7,5.322802734375));
#2943 = CARTESIAN_POINT('',(37.1517578125,-11.7,5.598681640625));
#2944 = CARTESIAN_POINT('',(36.999169921875,-11.7,5.71953125));
#2945 = VECTOR('',#2946,1.);
#2946 = DIRECTION('',(0.,-1.,0.));
#2947 = DEFINITIONAL_REPRESENTATION('',(#2948),#2952);
#2948 = LINE('',#2949,#2950);
#2949 = CARTESIAN_POINT('',(0.,0.));
#2950 = VECTOR('',#2951,1.);
#2951 = DIRECTION('',(1.,0.));
#2952 = ( GEOMETRIC_REPRESENTATION_CONTEXT(2) 
PARAMETRIC_REPRESENTATION_CONTEXT() REPRESENTATION_CONTEXT('2D SPACE',''
  ) );
#2953 = ORIENTED_EDGE('',*,*,#2954,.F.);
#2954 = EDGE_CURVE('',#2955,#2925,#2957,.T.);
#2955 = VERTEX_POINT('',#2956);
#2956 = CARTESIAN_POINT('',(37.92080078125,-11.7,5.354541015625));
#2957 = SURFACE_CURVE('',#2958,(#2962,#2969),.PCURVE_S1.);
#2958 = LINE('',#2959,#2960);
#2959 = CARTESIAN_POINT('',(37.92080078125,-11.7,5.354541015625));
#2960 = VECTOR('',#2961,1.);
#2961 = DIRECTION('',(-0.999036957246,-0.,-4.387662312229E-02));
#2962 = PCURVE('',#32,#2963);
#2963 = DEFINITIONAL_REPRESENTATION('',(#2964),#2968);
#2964 = LINE('',#2965,#2966);
#2965 = CARTESIAN_POINT('',(5.354541015625,82.02080078125));
#2966 = VECTOR('',#2967,1.);
#2967 = DIRECTION('',(-4.387662312229E-02,-0.999036957246));
#2968 = ( GEOMETRIC_REPRESENTATION_CONTEXT(2) 
PARAMETRIC_REPRESENTATION_CONTEXT() REPRESENTATION_CONTEXT('2D SPACE',''
  ) );
#2969 = PCURVE('',#2970,#2975);
#2970 = PLANE('',#2971);
#2971 = AXIS2_PLACEMENT_3D('',#2972,#2973,#2974);
#2972 = CARTESIAN_POINT('',(37.92080078125,-11.7,5.354541015625));
#2973 = DIRECTION('',(-4.387662312229E-02,0.,0.999036957246));
#2974 = DIRECTION('',(-0.999036957246,0.,-4.387662312229E-02));
#2975 = DEFINITIONAL_REPRESENTATION('',(#2976),#2980);
#2976 = LINE('',#2977,#2978);
#2977 = CARTESIAN_POINT('',(0.,0.));
#2978 = VECTOR('',#2979,1.);
#2979 = DIRECTION('',(1.,0.));
#2980 = ( GEOMETRIC_REPRESENTATION_CONTEXT(2) 
PARAMETRIC_REPRESENTATION_CONTEXT() REPRESENTATION_CONTEXT('2D SPACE',''
  ) );
#2981 = ORIENTED_EDGE('',*,*,#2982,.F.);
#2982 = EDGE_CURVE('',#2983,#2955,#2985,.T.);
#2983 = VERTEX_POINT('',#2984);
#2984 = CARTESIAN_POINT('',(37.563134765625,-11.7,6.143115234375));
#2985 = SURFACE_CURVE('',#2986,(#2990,#2997),.PCURVE_S1.);
#2986 = B_SPLINE_CURVE_WITH_KNOTS('',2,(#2987,#2988,#2989),
  .UNSPECIFIED.,.F.,.F.,(3,3),(0.,1.),.PIECEWISE_BEZIER_KNOTS.);
#2987 = CARTESIAN_POINT('',(37.563134765625,-11.7,6.143115234375));
#2988 = CARTESIAN_POINT('',(37.9037109375,-11.7,5.847705078125));
#2989 = CARTESIAN_POINT('',(37.92080078125,-11.7,5.354541015625));
#2990 = PCURVE('',#32,#2991);
#2991 = DEFINITIONAL_REPRESENTATION('',(#2992),#2996);
#2992 = B_SPLINE_CURVE_WITH_KNOTS('',2,(#2993,#2994,#2995),
  .UNSPECIFIED.,.F.,.F.,(3,3),(0.,1.),.PIECEWISE_BEZIER_KNOTS.);
#2993 = CARTESIAN_POINT('',(6.143115234375,81.663134765625));
#2994 = CARTESIAN_POINT('',(5.847705078125,82.0037109375));
#2995 = CARTESIAN_POINT('',(5.354541015625,82.02080078125));
#2996 = ( GEOMETRIC_REPRESENTATION_CONTEXT(2) 
PARAMETRIC_REPRESENTATION_CONTEXT() REPRESENTATION_CONTEXT('2D SPACE',''
  ) );
#2997 = PCURVE('',#2998,#3005);
#2998 = SURFACE_OF_LINEAR_EXTRUSION('',#2999,#3003);
#2999 = B_SPLINE_CURVE_WITH_KNOTS('',2,(#3000,#3001,#3002),
  .UNSPECIFIED.,.F.,.F.,(3,3),(0.,1.),.PIECEWISE_BEZIER_KNOTS.);
#3000 = CARTESIAN_POINT('',(37.563134765625,-11.7,6.143115234375));
#3001 = CARTESIAN_POINT('',(37.9037109375,-11.7,5.847705078125));
#3002 = CARTESIAN_POINT('',(37.92080078125,-11.7,5.354541015625));
#3003 = VECTOR('',#3004,1.);
#3004 = DIRECTION('',(0.,-1.,0.));
#3005 = DEFINITIONAL_REPRESENTATION('',(#3006),#3010);
#3006 = LINE('',#3007,#3008);
#3007 = CARTESIAN_POINT('',(0.,0.));
#3008 = VECTOR('',#3009,1.);
#3009 = DIRECTION('',(1.,0.));
#3010 = ( GEOMETRIC_REPRESENTATION_CONTEXT(2) 
PARAMETRIC_REPRESENTATION_CONTEXT() REPRESENTATION_CONTEXT('2D SPACE',''
  ) );
#3011 = ORIENTED_EDGE('',*,*,#3012,.F.);
#3012 = EDGE_CURVE('',#3013,#2983,#3015,.T.);
#3013 = VERTEX_POINT('',#3014);
#3014 = CARTESIAN_POINT('',(36.54873046875,-11.7,6.438525390625));
#3015 = SURFACE_CURVE('',#3016,(#3020,#3027),.PCURVE_S1.);
#3016 = B_SPLINE_CURVE_WITH_KNOTS('',2,(#3017,#3018,#3019),
  .UNSPECIFIED.,.F.,.F.,(3,3),(0.,1.),.PIECEWISE_BEZIER_KNOTS.);
#3017 = CARTESIAN_POINT('',(36.54873046875,-11.7,6.438525390625));
#3018 = CARTESIAN_POINT('',(37.22255859375,-11.7,6.438525390625));
#3019 = CARTESIAN_POINT('',(37.563134765625,-11.7,6.143115234375));
#3020 = PCURVE('',#32,#3021);
#3021 = DEFINITIONAL_REPRESENTATION('',(#3022),#3026);
#3022 = B_SPLINE_CURVE_WITH_KNOTS('',2,(#3023,#3024,#3025),
  .UNSPECIFIED.,.F.,.F.,(3,3),(0.,1.),.PIECEWISE_BEZIER_KNOTS.);
#3023 = CARTESIAN_POINT('',(6.438525390625,80.64873046875));
#3024 = CARTESIAN_POINT('',(6.438525390625,81.32255859375));
#3025 = CARTESIAN_POINT('',(6.143115234375,81.663134765625));
#3026 = ( GEOMETRIC_REPRESENTATION_CONTEXT(2) 
PARAMETRIC_REPRESENTATION_CONTEXT() REPRESENTATION_CONTEXT('2D SPACE',''
  ) );
#3027 = PCURVE('',#3028,#3035);
#3028 = SURFACE_OF_LINEAR_EXTRUSION('',#3029,#3033);
#3029 = B_SPLINE_CURVE_WITH_KNOTS('',2,(#3030,#3031,#3032),
  .UNSPECIFIED.,.F.,.F.,(3,3),(0.,1.),.PIECEWISE_BEZIER_KNOTS.);
#3030 = CARTESIAN_POINT('',(36.54873046875,-11.7,6.438525390625));
#3031 = CARTESIAN_POINT('',(37.22255859375,-11.7,6.438525390625));
#3032 = CARTESIAN_POINT('',(37.563134765625,-11.7,6.143115234375));
#3033 = VECTOR('',#3034,1.);
#3034 = DIRECTION('',(0.,-1.,0.));
#3035 = DEFINITIONAL_REPRESENTATION('',(#3036),#3040);
#3036 = LINE('',#3037,#3038);
#3037 = CARTESIAN_POINT('',(0.,0.));
#3038 = VECTOR('',#3039,1.);
#3039 = DIRECTION('',(1.,0.));
#3040 = ( GEOMETRIC_REPRESENTATION_CONTEXT(2) 
PARAMETRIC_REPRESENTATION_CONTEXT() REPRESENTATION_CONTEXT('2D SPACE',''
  ) );
#3041 = ORIENTED_EDGE('',*,*,#3042,.F.);
#3042 = EDGE_CURVE('',#3043,#3013,#3045,.T.);
#3043 = VERTEX_POINT('',#3044);
#3044 = CARTESIAN_POINT('',(35.844384765625,-11.7,6.314013671875));
#3045 = SURFACE_CURVE('',#3046,(#3050,#3057),.PCURVE_S1.);
#3046 = B_SPLINE_CURVE_WITH_KNOTS('',2,(#3047,#3048,#3049),
  .UNSPECIFIED.,.F.,.F.,(3,3),(0.,1.),.PIECEWISE_BEZIER_KNOTS.);
#3047 = CARTESIAN_POINT('',(35.844384765625,-11.7,6.314013671875));
#3048 = CARTESIAN_POINT('',(36.1361328125,-11.7,6.438525390625));
#3049 = CARTESIAN_POINT('',(36.54873046875,-11.7,6.438525390625));
#3050 = PCURVE('',#32,#3051);
#3051 = DEFINITIONAL_REPRESENTATION('',(#3052),#3056);
#3052 = B_SPLINE_CURVE_WITH_KNOTS('',2,(#3053,#3054,#3055),
  .UNSPECIFIED.,.F.,.F.,(3,3),(0.,1.),.PIECEWISE_BEZIER_KNOTS.);
#3053 = CARTESIAN_POINT('',(6.314013671875,79.944384765625));
#3054 = CARTESIAN_POINT('',(6.438525390625,80.2361328125));
#3055 = CARTESIAN_POINT('',(6.438525390625,80.64873046875));
#3056 = ( GEOMETRIC_REPRESENTATION_CONTEXT(2) 
PARAMETRIC_REPRESENTATION_CONTEXT() REPRESENTATION_CONTEXT('2D SPACE',''
  ) );
#3057 = PCURVE('',#3058,#3065);
#3058 = SURFACE_OF_LINEAR_EXTRUSION('',#3059,#3063);
#3059 = B_SPLINE_CURVE_WITH_KNOTS('',2,(#3060,#3061,#3062),
  .UNSPECIFIED.,.F.,.F.,(3,3),(0.,1.),.PIECEWISE_BEZIER_KNOTS.);
#3060 = CARTESIAN_POINT('',(35.844384765625,-11.7,6.314013671875));
#3061 = CARTESIAN_POINT('',(36.1361328125,-11.7,6.438525390625));
#3062 = CARTESIAN_POINT('',(36.54873046875,-11.7,6.438525390625));
#3063 = VECTOR('',#3064,1.);
#3064 = DIRECTION('',(0.,-1.,0.));
#3065 = DEFINITIONAL_REPRESENTATION('',(#3066),#3070);
#3066 = LINE('',#3067,#3068);
#3067 = CARTESIAN_POINT('',(0.,0.));
#3068 = VECTOR('',#3069,1.);
#3069 = DIRECTION('',(1.,0.));
#3070 = ( GEOMETRIC_REPRESENTATION_CONTEXT(2) 
PARAMETRIC_REPRESENTATION_CONTEXT() REPRESENTATION_CONTEXT('2D SPACE',''
  ) );
#3071 = ORIENTED_EDGE('',*,*,#3072,.F.);
#3072 = EDGE_CURVE('',#3073,#3043,#3075,.T.);
#3073 = VERTEX_POINT('',#3074);
#3074 = CARTESIAN_POINT('',(35.397607421875,-11.7,5.95146484375));
#3075 = SURFACE_CURVE('',#3076,(#3080,#3087),.PCURVE_S1.);
#3076 = B_SPLINE_CURVE_WITH_KNOTS('',2,(#3077,#3078,#3079),
  .UNSPECIFIED.,.F.,.F.,(3,3),(0.,1.),.PIECEWISE_BEZIER_KNOTS.);
#3077 = CARTESIAN_POINT('',(35.397607421875,-11.7,5.95146484375));
#3078 = CARTESIAN_POINT('',(35.55263671875,-11.7,6.189501953125));
#3079 = CARTESIAN_POINT('',(35.844384765625,-11.7,6.314013671875));
#3080 = PCURVE('',#32,#3081);
#3081 = DEFINITIONAL_REPRESENTATION('',(#3082),#3086);
#3082 = B_SPLINE_CURVE_WITH_KNOTS('',2,(#3083,#3084,#3085),
  .UNSPECIFIED.,.F.,.F.,(3,3),(0.,1.),.PIECEWISE_BEZIER_KNOTS.);
#3083 = CARTESIAN_POINT('',(5.95146484375,79.497607421875));
#3084 = CARTESIAN_POINT('',(6.189501953125,79.65263671875));
#3085 = CARTESIAN_POINT('',(6.314013671875,79.944384765625));
#3086 = ( GEOMETRIC_REPRESENTATION_CONTEXT(2) 
PARAMETRIC_REPRESENTATION_CONTEXT() REPRESENTATION_CONTEXT('2D SPACE',''
  ) );
#3087 = PCURVE('',#3088,#3095);
#3088 = SURFACE_OF_LINEAR_EXTRUSION('',#3089,#3093);
#3089 = B_SPLINE_CURVE_WITH_KNOTS('',2,(#3090,#3091,#3092),
  .UNSPECIFIED.,.F.,.F.,(3,3),(0.,1.),.PIECEWISE_BEZIER_KNOTS.);
#3090 = CARTESIAN_POINT('',(35.397607421875,-11.7,5.95146484375));
#3091 = CARTESIAN_POINT('',(35.55263671875,-11.7,6.189501953125));
#3092 = CARTESIAN_POINT('',(35.844384765625,-11.7,6.314013671875));
#3093 = VECTOR('',#3094,1.);
#3094 = DIRECTION('',(0.,-1.,0.));
#3095 = DEFINITIONAL_REPRESENTATION('',(#3096),#3100);
#3096 = LINE('',#3097,#3098);
#3097 = CARTESIAN_POINT('',(0.,0.));
#3098 = VECTOR('',#3099,1.);
#3099 = DIRECTION('',(1.,0.));
#3100 = ( GEOMETRIC_REPRESENTATION_CONTEXT(2) 
PARAMETRIC_REPRESENTATION_CONTEXT() REPRESENTATION_CONTEXT('2D SPACE',''
  ) );
#3101 = ORIENTED_EDGE('',*,*,#3102,.F.);
#3102 = EDGE_CURVE('',#3103,#3073,#3105,.T.);
#3103 = VERTEX_POINT('',#3104);
#3104 = CARTESIAN_POINT('',(35.242578125,-11.7,5.439990234375));
#3105 = SURFACE_CURVE('',#3106,(#3110,#3117),.PCURVE_S1.);
#3106 = B_SPLINE_CURVE_WITH_KNOTS('',2,(#3107,#3108,#3109),
  .UNSPECIFIED.,.F.,.F.,(3,3),(0.,1.),.PIECEWISE_BEZIER_KNOTS.);
#3107 = CARTESIAN_POINT('',(35.242578125,-11.7,5.439990234375));
#3108 = CARTESIAN_POINT('',(35.242578125,-11.7,5.713427734375));
#3109 = CARTESIAN_POINT('',(35.397607421875,-11.7,5.95146484375));
#3110 = PCURVE('',#32,#3111);
#3111 = DEFINITIONAL_REPRESENTATION('',(#3112),#3116);
#3112 = B_SPLINE_CURVE_WITH_KNOTS('',2,(#3113,#3114,#3115),
  .UNSPECIFIED.,.F.,.F.,(3,3),(0.,1.),.PIECEWISE_BEZIER_KNOTS.);
#3113 = CARTESIAN_POINT('',(5.439990234375,79.342578125));
#3114 = CARTESIAN_POINT('',(5.713427734375,79.342578125));
#3115 = CARTESIAN_POINT('',(5.95146484375,79.497607421875));
#3116 = ( GEOMETRIC_REPRESENTATION_CONTEXT(2) 
PARAMETRIC_REPRESENTATION_CONTEXT() REPRESENTATION_CONTEXT('2D SPACE',''
  ) );
#3117 = PCURVE('',#3118,#3125);
#3118 = SURFACE_OF_LINEAR_EXTRUSION('',#3119,#3123);
#3119 = B_SPLINE_CURVE_WITH_KNOTS('',2,(#3120,#3121,#3122),
  .UNSPECIFIED.,.F.,.F.,(3,3),(0.,1.),.PIECEWISE_BEZIER_KNOTS.);
#3120 = CARTESIAN_POINT('',(35.242578125,-11.7,5.439990234375));
#3121 = CARTESIAN_POINT('',(35.242578125,-11.7,5.713427734375));
#3122 = CARTESIAN_POINT('',(35.397607421875,-11.7,5.95146484375));
#3123 = VECTOR('',#3124,1.);
#3124 = DIRECTION('',(0.,-1.,0.));
#3125 = DEFINITIONAL_REPRESENTATION('',(#3126),#3130);
#3126 = LINE('',#3127,#3128);
#3127 = CARTESIAN_POINT('',(0.,0.));
#3128 = VECTOR('',#3129,1.);
#3129 = DIRECTION('',(1.,0.));
#3130 = ( GEOMETRIC_REPRESENTATION_CONTEXT(2) 
PARAMETRIC_REPRESENTATION_CONTEXT() REPRESENTATION_CONTEXT('2D SPACE',''
  ) );
#3131 = ORIENTED_EDGE('',*,*,#3132,.F.);
#3132 = EDGE_CURVE('',#3133,#3103,#3135,.T.);
#3133 = VERTEX_POINT('',#3134);
#3134 = CARTESIAN_POINT('',(35.57216796875,-11.7,4.719775390625));
#3135 = SURFACE_CURVE('',#3136,(#3140,#3147),.PCURVE_S1.);
#3136 = B_SPLINE_CURVE_WITH_KNOTS('',2,(#3137,#3138,#3139),
  .UNSPECIFIED.,.F.,.F.,(3,3),(0.,1.),.PIECEWISE_BEZIER_KNOTS.);
#3137 = CARTESIAN_POINT('',(35.57216796875,-11.7,4.719775390625));
#3138 = CARTESIAN_POINT('',(35.242578125,-11.7,5.015185546875));
#3139 = CARTESIAN_POINT('',(35.242578125,-11.7,5.439990234375));
#3140 = PCURVE('',#32,#3141);
#3141 = DEFINITIONAL_REPRESENTATION('',(#3142),#3146);
#3142 = B_SPLINE_CURVE_WITH_KNOTS('',2,(#3143,#3144,#3145),
  .UNSPECIFIED.,.F.,.F.,(3,3),(0.,1.),.PIECEWISE_BEZIER_KNOTS.);
#3143 = CARTESIAN_POINT('',(4.719775390625,79.67216796875));
#3144 = CARTESIAN_POINT('',(5.015185546875,79.342578125));
#3145 = CARTESIAN_POINT('',(5.439990234375,79.342578125));
#3146 = ( GEOMETRIC_REPRESENTATION_CONTEXT(2) 
PARAMETRIC_REPRESENTATION_CONTEXT() REPRESENTATION_CONTEXT('2D SPACE',''
  ) );
#3147 = PCURVE('',#3148,#3155);
#3148 = SURFACE_OF_LINEAR_EXTRUSION('',#3149,#3153);
#3149 = B_SPLINE_CURVE_WITH_KNOTS('',2,(#3150,#3151,#3152),
  .UNSPECIFIED.,.F.,.F.,(3,3),(0.,1.),.PIECEWISE_BEZIER_KNOTS.);
#3150 = CARTESIAN_POINT('',(35.57216796875,-11.7,4.719775390625));
#3151 = CARTESIAN_POINT('',(35.242578125,-11.7,5.015185546875));
#3152 = CARTESIAN_POINT('',(35.242578125,-11.7,5.439990234375));
#3153 = VECTOR('',#3154,1.);
#3154 = DIRECTION('',(0.,-1.,0.));
#3155 = DEFINITIONAL_REPRESENTATION('',(#3156),#3160);
#3156 = LINE('',#3157,#3158);
#3157 = CARTESIAN_POINT('',(0.,0.));
#3158 = VECTOR('',#3159,1.);
#3159 = DIRECTION('',(1.,0.));
#3160 = ( GEOMETRIC_REPRESENTATION_CONTEXT(2) 
PARAMETRIC_REPRESENTATION_CONTEXT() REPRESENTATION_CONTEXT('2D SPACE',''
  ) );
#3161 = ORIENTED_EDGE('',*,*,#3162,.F.);
#3162 = EDGE_CURVE('',#3163,#3133,#3165,.T.);
#3163 = VERTEX_POINT('',#3164);
#3164 = CARTESIAN_POINT('',(36.38759765625,-11.7,4.365771484375));
#3165 = SURFACE_CURVE('',#3166,(#3170,#3177),.PCURVE_S1.);
#3166 = B_SPLINE_CURVE_WITH_KNOTS('',2,(#3167,#3168,#3169),
  .UNSPECIFIED.,.F.,.F.,(3,3),(0.,1.),.PIECEWISE_BEZIER_KNOTS.);
#3167 = CARTESIAN_POINT('',(36.38759765625,-11.7,4.365771484375));
#3168 = CARTESIAN_POINT('',(35.80654296875,-11.7,4.509814453125));
#3169 = CARTESIAN_POINT('',(35.57216796875,-11.7,4.719775390625));
#3170 = PCURVE('',#32,#3171);
#3171 = DEFINITIONAL_REPRESENTATION('',(#3172),#3176);
#3172 = B_SPLINE_CURVE_WITH_KNOTS('',2,(#3173,#3174,#3175),
  .UNSPECIFIED.,.F.,.F.,(3,3),(0.,1.),.PIECEWISE_BEZIER_KNOTS.);
#3173 = CARTESIAN_POINT('',(4.365771484375,80.48759765625));
#3174 = CARTESIAN_POINT('',(4.509814453125,79.90654296875));
#3175 = CARTESIAN_POINT('',(4.719775390625,79.67216796875));
#3176 = ( GEOMETRIC_REPRESENTATION_CONTEXT(2) 
PARAMETRIC_REPRESENTATION_CONTEXT() REPRESENTATION_CONTEXT('2D SPACE',''
  ) );
#3177 = PCURVE('',#3178,#3185);
#3178 = SURFACE_OF_LINEAR_EXTRUSION('',#3179,#3183);
#3179 = B_SPLINE_CURVE_WITH_KNOTS('',2,(#3180,#3181,#3182),
  .UNSPECIFIED.,.F.,.F.,(3,3),(0.,1.),.PIECEWISE_BEZIER_KNOTS.);
#3180 = CARTESIAN_POINT('',(36.38759765625,-11.7,4.365771484375));
#3181 = CARTESIAN_POINT('',(35.80654296875,-11.7,4.509814453125));
#3182 = CARTESIAN_POINT('',(35.57216796875,-11.7,4.719775390625));
#3183 = VECTOR('',#3184,1.);
#3184 = DIRECTION('',(0.,-1.,0.));
#3185 = DEFINITIONAL_REPRESENTATION('',(#3186),#3190);
#3186 = LINE('',#3187,#3188);
#3187 = CARTESIAN_POINT('',(0.,0.));
#3188 = VECTOR('',#3189,1.);
#3189 = DIRECTION('',(1.,0.));
#3190 = ( GEOMETRIC_REPRESENTATION_CONTEXT(2) 
PARAMETRIC_REPRESENTATION_CONTEXT() REPRESENTATION_CONTEXT('2D SPACE',''
  ) );
#3191 = ORIENTED_EDGE('',*,*,#3192,.F.);
#3192 = EDGE_CURVE('',#3193,#3163,#3195,.T.);
#3193 = VERTEX_POINT('',#3194);
#3194 = CARTESIAN_POINT('',(36.9662109375,-11.7,4.209521484375));
#3195 = SURFACE_CURVE('',#3196,(#3200,#3207),.PCURVE_S1.);
#3196 = B_SPLINE_CURVE_WITH_KNOTS('',2,(#3197,#3198,#3199),
  .UNSPECIFIED.,.F.,.F.,(3,3),(0.,1.),.PIECEWISE_BEZIER_KNOTS.);
#3197 = CARTESIAN_POINT('',(36.9662109375,-11.7,4.209521484375));
#3198 = CARTESIAN_POINT('',(36.8392578125,-11.7,4.253466796875));
#3199 = CARTESIAN_POINT('',(36.38759765625,-11.7,4.365771484375));
#3200 = PCURVE('',#32,#3201);
#3201 = DEFINITIONAL_REPRESENTATION('',(#3202),#3206);
#3202 = B_SPLINE_CURVE_WITH_KNOTS('',2,(#3203,#3204,#3205),
  .UNSPECIFIED.,.F.,.F.,(3,3),(0.,1.),.PIECEWISE_BEZIER_KNOTS.);
#3203 = CARTESIAN_POINT('',(4.209521484375,81.0662109375));
#3204 = CARTESIAN_POINT('',(4.253466796875,80.9392578125));
#3205 = CARTESIAN_POINT('',(4.365771484375,80.48759765625));
#3206 = ( GEOMETRIC_REPRESENTATION_CONTEXT(2) 
PARAMETRIC_REPRESENTATION_CONTEXT() REPRESENTATION_CONTEXT('2D SPACE',''
  ) );
#3207 = PCURVE('',#3208,#3215);
#3208 = SURFACE_OF_LINEAR_EXTRUSION('',#3209,#3213);
#3209 = B_SPLINE_CURVE_WITH_KNOTS('',2,(#3210,#3211,#3212),
  .UNSPECIFIED.,.F.,.F.,(3,3),(0.,1.),.PIECEWISE_BEZIER_KNOTS.);
#3210 = CARTESIAN_POINT('',(36.9662109375,-11.7,4.209521484375));
#3211 = CARTESIAN_POINT('',(36.8392578125,-11.7,4.253466796875));
#3212 = CARTESIAN_POINT('',(36.38759765625,-11.7,4.365771484375));
#3213 = VECTOR('',#3214,1.);
#3214 = DIRECTION('',(0.,-1.,0.));
#3215 = DEFINITIONAL_REPRESENTATION('',(#3216),#3220);
#3216 = LINE('',#3217,#3218);
#3217 = CARTESIAN_POINT('',(0.,0.));
#3218 = VECTOR('',#3219,1.);
#3219 = DIRECTION('',(1.,0.));
#3220 = ( GEOMETRIC_REPRESENTATION_CONTEXT(2) 
PARAMETRIC_REPRESENTATION_CONTEXT() REPRESENTATION_CONTEXT('2D SPACE',''
  ) );
#3221 = ORIENTED_EDGE('',*,*,#3222,.F.);
#3222 = EDGE_CURVE('',#3223,#3193,#3225,.T.);
#3223 = VERTEX_POINT('',#3224);
#3224 = CARTESIAN_POINT('',(37.226220703125,-11.7,4.0544921875));
#3225 = SURFACE_CURVE('',#3226,(#3230,#3237),.PCURVE_S1.);
#3226 = B_SPLINE_CURVE_WITH_KNOTS('',2,(#3227,#3228,#3229),
  .UNSPECIFIED.,.F.,.F.,(3,3),(0.,1.),.PIECEWISE_BEZIER_KNOTS.);
#3227 = CARTESIAN_POINT('',(37.226220703125,-11.7,4.0544921875));
#3228 = CARTESIAN_POINT('',(37.1517578125,-11.7,4.143603515625));
#3229 = CARTESIAN_POINT('',(36.9662109375,-11.7,4.209521484375));
#3230 = PCURVE('',#32,#3231);
#3231 = DEFINITIONAL_REPRESENTATION('',(#3232),#3236);
#3232 = B_SPLINE_CURVE_WITH_KNOTS('',2,(#3233,#3234,#3235),
  .UNSPECIFIED.,.F.,.F.,(3,3),(0.,1.),.PIECEWISE_BEZIER_KNOTS.);
#3233 = CARTESIAN_POINT('',(4.0544921875,81.326220703125));
#3234 = CARTESIAN_POINT('',(4.143603515625,81.2517578125));
#3235 = CARTESIAN_POINT('',(4.209521484375,81.0662109375));
#3236 = ( GEOMETRIC_REPRESENTATION_CONTEXT(2) 
PARAMETRIC_REPRESENTATION_CONTEXT() REPRESENTATION_CONTEXT('2D SPACE',''
  ) );
#3237 = PCURVE('',#3238,#3245);
#3238 = SURFACE_OF_LINEAR_EXTRUSION('',#3239,#3243);
#3239 = B_SPLINE_CURVE_WITH_KNOTS('',2,(#3240,#3241,#3242),
  .UNSPECIFIED.,.F.,.F.,(3,3),(0.,1.),.PIECEWISE_BEZIER_KNOTS.);
#3240 = CARTESIAN_POINT('',(37.226220703125,-11.7,4.0544921875));
#3241 = CARTESIAN_POINT('',(37.1517578125,-11.7,4.143603515625));
#3242 = CARTESIAN_POINT('',(36.9662109375,-11.7,4.209521484375));
#3243 = VECTOR('',#3244,1.);
#3244 = DIRECTION('',(0.,-1.,0.));
#3245 = DEFINITIONAL_REPRESENTATION('',(#3246),#3250);
#3246 = LINE('',#3247,#3248);
#3247 = CARTESIAN_POINT('',(0.,0.));
#3248 = VECTOR('',#3249,1.);
#3249 = DIRECTION('',(1.,0.));
#3250 = ( GEOMETRIC_REPRESENTATION_CONTEXT(2) 
PARAMETRIC_REPRESENTATION_CONTEXT() REPRESENTATION_CONTEXT('2D SPACE',''
  ) );
#3251 = ORIENTED_EDGE('',*,*,#3252,.F.);
#3252 = EDGE_CURVE('',#3253,#3223,#3255,.T.);
#3253 = VERTEX_POINT('',#3254);
#3254 = CARTESIAN_POINT('',(37.30068359375,-11.7,3.838427734375));
#3255 = SURFACE_CURVE('',#3256,(#3260,#3267),.PCURVE_S1.);
#3256 = B_SPLINE_CURVE_WITH_KNOTS('',2,(#3257,#3258,#3259),
  .UNSPECIFIED.,.F.,.F.,(3,3),(0.,1.),.PIECEWISE_BEZIER_KNOTS.);
#3257 = CARTESIAN_POINT('',(37.30068359375,-11.7,3.838427734375));
#3258 = CARTESIAN_POINT('',(37.30068359375,-11.7,3.965380859375));
#3259 = CARTESIAN_POINT('',(37.226220703125,-11.7,4.0544921875));
#3260 = PCURVE('',#32,#3261);
#3261 = DEFINITIONAL_REPRESENTATION('',(#3262),#3266);
#3262 = B_SPLINE_CURVE_WITH_KNOTS('',2,(#3263,#3264,#3265),
  .UNSPECIFIED.,.F.,.F.,(3,3),(0.,1.),.PIECEWISE_BEZIER_KNOTS.);
#3263 = CARTESIAN_POINT('',(3.838427734375,81.40068359375));
#3264 = CARTESIAN_POINT('',(3.965380859375,81.40068359375));
#3265 = CARTESIAN_POINT('',(4.0544921875,81.326220703125));
#3266 = ( GEOMETRIC_REPRESENTATION_CONTEXT(2) 
PARAMETRIC_REPRESENTATION_CONTEXT() REPRESENTATION_CONTEXT('2D SPACE',''
  ) );
#3267 = PCURVE('',#3268,#3275);
#3268 = SURFACE_OF_LINEAR_EXTRUSION('',#3269,#3273);
#3269 = B_SPLINE_CURVE_WITH_KNOTS('',2,(#3270,#3271,#3272),
  .UNSPECIFIED.,.F.,.F.,(3,3),(0.,1.),.PIECEWISE_BEZIER_KNOTS.);
#3270 = CARTESIAN_POINT('',(37.30068359375,-11.7,3.838427734375));
#3271 = CARTESIAN_POINT('',(37.30068359375,-11.7,3.965380859375));
#3272 = CARTESIAN_POINT('',(37.226220703125,-11.7,4.0544921875));
#3273 = VECTOR('',#3274,1.);
#3274 = DIRECTION('',(0.,-1.,0.));
#3275 = DEFINITIONAL_REPRESENTATION('',(#3276),#3280);
#3276 = LINE('',#3277,#3278);
#3277 = CARTESIAN_POINT('',(0.,0.));
#3278 = VECTOR('',#3279,1.);
#3279 = DIRECTION('',(1.,0.));
#3280 = ( GEOMETRIC_REPRESENTATION_CONTEXT(2) 
PARAMETRIC_REPRESENTATION_CONTEXT() REPRESENTATION_CONTEXT('2D SPACE',''
  ) );
#3281 = ORIENTED_EDGE('',*,*,#3282,.F.);
#3282 = EDGE_CURVE('',#3283,#3253,#3285,.T.);
#3283 = VERTEX_POINT('',#3284);
#3284 = CARTESIAN_POINT('',(37.123681640625,-11.7,3.49296875));
#3285 = SURFACE_CURVE('',#3286,(#3290,#3297),.PCURVE_S1.);
#3286 = B_SPLINE_CURVE_WITH_KNOTS('',2,(#3287,#3288,#3289),
  .UNSPECIFIED.,.F.,.F.,(3,3),(0.,1.),.PIECEWISE_BEZIER_KNOTS.);
#3287 = CARTESIAN_POINT('',(37.123681640625,-11.7,3.49296875));
#3288 = CARTESIAN_POINT('',(37.30068359375,-11.7,3.640673828125));
#3289 = CARTESIAN_POINT('',(37.30068359375,-11.7,3.838427734375));
#3290 = PCURVE('',#32,#3291);
#3291 = DEFINITIONAL_REPRESENTATION('',(#3292),#3296);
#3292 = B_SPLINE_CURVE_WITH_KNOTS('',2,(#3293,#3294,#3295),
  .UNSPECIFIED.,.F.,.F.,(3,3),(0.,1.),.PIECEWISE_BEZIER_KNOTS.);
#3293 = CARTESIAN_POINT('',(3.49296875,81.223681640625));
#3294 = CARTESIAN_POINT('',(3.640673828125,81.40068359375));
#3295 = CARTESIAN_POINT('',(3.838427734375,81.40068359375));
#3296 = ( GEOMETRIC_REPRESENTATION_CONTEXT(2) 
PARAMETRIC_REPRESENTATION_CONTEXT() REPRESENTATION_CONTEXT('2D SPACE',''
  ) );
#3297 = PCURVE('',#3298,#3305);
#3298 = SURFACE_OF_LINEAR_EXTRUSION('',#3299,#3303);
#3299 = B_SPLINE_CURVE_WITH_KNOTS('',2,(#3300,#3301,#3302),
  .UNSPECIFIED.,.F.,.F.,(3,3),(0.,1.),.PIECEWISE_BEZIER_KNOTS.);
#3300 = CARTESIAN_POINT('',(37.123681640625,-11.7,3.49296875));
#3301 = CARTESIAN_POINT('',(37.30068359375,-11.7,3.640673828125));
#3302 = CARTESIAN_POINT('',(37.30068359375,-11.7,3.838427734375));
#3303 = VECTOR('',#3304,1.);
#3304 = DIRECTION('',(0.,-1.,0.));
#3305 = DEFINITIONAL_REPRESENTATION('',(#3306),#3310);
#3306 = LINE('',#3307,#3308);
#3307 = CARTESIAN_POINT('',(0.,0.));
#3308 = VECTOR('',#3309,1.);
#3309 = DIRECTION('',(1.,0.));
#3310 = ( GEOMETRIC_REPRESENTATION_CONTEXT(2) 
PARAMETRIC_REPRESENTATION_CONTEXT() REPRESENTATION_CONTEXT('2D SPACE',''
  ) );
#3311 = ORIENTED_EDGE('',*,*,#3312,.F.);
#3312 = EDGE_CURVE('',#3313,#3283,#3315,.T.);
#3313 = VERTEX_POINT('',#3314);
#3314 = CARTESIAN_POINT('',(36.59755859375,-11.7,3.345263671875));
#3315 = SURFACE_CURVE('',#3316,(#3320,#3327),.PCURVE_S1.);
#3316 = B_SPLINE_CURVE_WITH_KNOTS('',2,(#3317,#3318,#3319),
  .UNSPECIFIED.,.F.,.F.,(3,3),(0.,1.),.PIECEWISE_BEZIER_KNOTS.);
#3317 = CARTESIAN_POINT('',(36.59755859375,-11.7,3.345263671875));
#3318 = CARTESIAN_POINT('',(36.9466796875,-11.7,3.345263671875));
#3319 = CARTESIAN_POINT('',(37.123681640625,-11.7,3.49296875));
#3320 = PCURVE('',#32,#3321);
#3321 = DEFINITIONAL_REPRESENTATION('',(#3322),#3326);
#3322 = B_SPLINE_CURVE_WITH_KNOTS('',2,(#3323,#3324,#3325),
  .UNSPECIFIED.,.F.,.F.,(3,3),(0.,1.),.PIECEWISE_BEZIER_KNOTS.);
#3323 = CARTESIAN_POINT('',(3.345263671875,80.69755859375));
#3324 = CARTESIAN_POINT('',(3.345263671875,81.0466796875));
#3325 = CARTESIAN_POINT('',(3.49296875,81.223681640625));
#3326 = ( GEOMETRIC_REPRESENTATION_CONTEXT(2) 
PARAMETRIC_REPRESENTATION_CONTEXT() REPRESENTATION_CONTEXT('2D SPACE',''
  ) );
#3327 = PCURVE('',#3328,#3335);
#3328 = SURFACE_OF_LINEAR_EXTRUSION('',#3329,#3333);
#3329 = B_SPLINE_CURVE_WITH_KNOTS('',2,(#3330,#3331,#3332),
  .UNSPECIFIED.,.F.,.F.,(3,3),(0.,1.),.PIECEWISE_BEZIER_KNOTS.);
#3330 = CARTESIAN_POINT('',(36.59755859375,-11.7,3.345263671875));
#3331 = CARTESIAN_POINT('',(36.9466796875,-11.7,3.345263671875));
#3332 = CARTESIAN_POINT('',(37.123681640625,-11.7,3.49296875));
#3333 = VECTOR('',#3334,1.);
#3334 = DIRECTION('',(0.,-1.,0.));
#3335 = DEFINITIONAL_REPRESENTATION('',(#3336),#3340);
#3336 = LINE('',#3337,#3338);
#3337 = CARTESIAN_POINT('',(0.,0.));
#3338 = VECTOR('',#3339,1.);
#3339 = DIRECTION('',(1.,0.));
#3340 = ( GEOMETRIC_REPRESENTATION_CONTEXT(2) 
PARAMETRIC_REPRESENTATION_CONTEXT() REPRESENTATION_CONTEXT('2D SPACE',''
  ) );
#3341 = ORIENTED_EDGE('',*,*,#3342,.F.);
#3342 = EDGE_CURVE('',#3343,#3313,#3345,.T.);
#3343 = VERTEX_POINT('',#3344);
#3344 = CARTESIAN_POINT('',(36.073876953125,-11.7,3.511279296875));
#3345 = SURFACE_CURVE('',#3346,(#3350,#3357),.PCURVE_S1.);
#3346 = B_SPLINE_CURVE_WITH_KNOTS('',2,(#3347,#3348,#3349),
  .UNSPECIFIED.,.F.,.F.,(3,3),(0.,1.),.PIECEWISE_BEZIER_KNOTS.);
#3347 = CARTESIAN_POINT('',(36.073876953125,-11.7,3.511279296875));
#3348 = CARTESIAN_POINT('',(36.26796875,-11.7,3.345263671875));
#3349 = CARTESIAN_POINT('',(36.59755859375,-11.7,3.345263671875));
#3350 = PCURVE('',#32,#3351);
#3351 = DEFINITIONAL_REPRESENTATION('',(#3352),#3356);
#3352 = B_SPLINE_CURVE_WITH_KNOTS('',2,(#3353,#3354,#3355),
  .UNSPECIFIED.,.F.,.F.,(3,3),(0.,1.),.PIECEWISE_BEZIER_KNOTS.);
#3353 = CARTESIAN_POINT('',(3.511279296875,80.173876953125));
#3354 = CARTESIAN_POINT('',(3.345263671875,80.36796875));
#3355 = CARTESIAN_POINT('',(3.345263671875,80.69755859375));
#3356 = ( GEOMETRIC_REPRESENTATION_CONTEXT(2) 
PARAMETRIC_REPRESENTATION_CONTEXT() REPRESENTATION_CONTEXT('2D SPACE',''
  ) );
#3357 = PCURVE('',#3358,#3365);
#3358 = SURFACE_OF_LINEAR_EXTRUSION('',#3359,#3363);
#3359 = B_SPLINE_CURVE_WITH_KNOTS('',2,(#3360,#3361,#3362),
  .UNSPECIFIED.,.F.,.F.,(3,3),(0.,1.),.PIECEWISE_BEZIER_KNOTS.);
#3360 = CARTESIAN_POINT('',(36.073876953125,-11.7,3.511279296875));
#3361 = CARTESIAN_POINT('',(36.26796875,-11.7,3.345263671875));
#3362 = CARTESIAN_POINT('',(36.59755859375,-11.7,3.345263671875));
#3363 = VECTOR('',#3364,1.);
#3364 = DIRECTION('',(0.,-1.,0.));
#3365 = DEFINITIONAL_REPRESENTATION('',(#3366),#3370);
#3366 = LINE('',#3367,#3368);
#3367 = CARTESIAN_POINT('',(0.,0.));
#3368 = VECTOR('',#3369,1.);
#3369 = DIRECTION('',(1.,0.));
#3370 = ( GEOMETRIC_REPRESENTATION_CONTEXT(2) 
PARAMETRIC_REPRESENTATION_CONTEXT() REPRESENTATION_CONTEXT('2D SPACE',''
  ) );
#3371 = ORIENTED_EDGE('',*,*,#3372,.F.);
#3372 = EDGE_CURVE('',#2507,#3343,#3373,.T.);
#3373 = SURFACE_CURVE('',#3374,(#3378,#3385),.PCURVE_S1.);
#3374 = B_SPLINE_CURVE_WITH_KNOTS('',2,(#3375,#3376,#3377),
  .UNSPECIFIED.,.F.,.F.,(3,3),(0.,1.),.PIECEWISE_BEZIER_KNOTS.);
#3375 = CARTESIAN_POINT('',(35.81630859375,-11.7,4.031298828125));
#3376 = CARTESIAN_POINT('',(35.87978515625,-11.7,3.677294921875));
#3377 = CARTESIAN_POINT('',(36.073876953125,-11.7,3.511279296875));
#3378 = PCURVE('',#32,#3379);
#3379 = DEFINITIONAL_REPRESENTATION('',(#3380),#3384);
#3380 = B_SPLINE_CURVE_WITH_KNOTS('',2,(#3381,#3382,#3383),
  .UNSPECIFIED.,.F.,.F.,(3,3),(0.,1.),.PIECEWISE_BEZIER_KNOTS.);
#3381 = CARTESIAN_POINT('',(4.031298828125,79.91630859375));
#3382 = CARTESIAN_POINT('',(3.677294921875,79.97978515625));
#3383 = CARTESIAN_POINT('',(3.511279296875,80.173876953125));
#3384 = ( GEOMETRIC_REPRESENTATION_CONTEXT(2) 
PARAMETRIC_REPRESENTATION_CONTEXT() REPRESENTATION_CONTEXT('2D SPACE',''
  ) );
#3385 = PCURVE('',#3386,#3393);
#3386 = SURFACE_OF_LINEAR_EXTRUSION('',#3387,#3391);
#3387 = B_SPLINE_CURVE_WITH_KNOTS('',2,(#3388,#3389,#3390),
  .UNSPECIFIED.,.F.,.F.,(3,3),(0.,1.),.PIECEWISE_BEZIER_KNOTS.);
#3388 = CARTESIAN_POINT('',(35.81630859375,-11.7,4.031298828125));
#3389 = CARTESIAN_POINT('',(35.87978515625,-11.7,3.677294921875));
#3390 = CARTESIAN_POINT('',(36.073876953125,-11.7,3.511279296875));
#3391 = VECTOR('',#3392,1.);
#3392 = DIRECTION('',(0.,-1.,0.));
#3393 = DEFINITIONAL_REPRESENTATION('',(#3394),#3398);
#3394 = LINE('',#3395,#3396);
#3395 = CARTESIAN_POINT('',(0.,0.));
#3396 = VECTOR('',#3397,1.);
#3397 = DIRECTION('',(1.,0.));
#3398 = ( GEOMETRIC_REPRESENTATION_CONTEXT(2) 
PARAMETRIC_REPRESENTATION_CONTEXT() REPRESENTATION_CONTEXT('2D SPACE',''
  ) );
#3399 = ADVANCED_FACE('',(#3400),#44,.T.);
#3400 = FACE_BOUND('',#3401,.T.);
#3401 = EDGE_LOOP('',(#3402,#3403,#3432,#3460));
#3402 = ORIENTED_EDGE('',*,*,#21,.F.);
#3403 = ORIENTED_EDGE('',*,*,#3404,.T.);
#3404 = EDGE_CURVE('',#22,#3405,#3407,.T.);
#3405 = VERTEX_POINT('',#3406);
#3406 = CARTESIAN_POINT('',(44.1,-10.7,0.4));
#3407 = SURFACE_CURVE('',#3408,(#3413,#3420),.PCURVE_S1.);
#3408 = CIRCLE('',#3409,1.);
#3409 = AXIS2_PLACEMENT_3D('',#3410,#3411,#3412);
#3410 = CARTESIAN_POINT('',(43.1,-10.7,0.4));
#3411 = DIRECTION('',(0.,0.,1.));
#3412 = DIRECTION('',(0.,-1.,0.));
#3413 = PCURVE('',#44,#3414);
#3414 = DEFINITIONAL_REPRESENTATION('',(#3415),#3419);
#3415 = LINE('',#3416,#3417);
#3416 = CARTESIAN_POINT('',(0.,0.4));
#3417 = VECTOR('',#3418,1.);
#3418 = DIRECTION('',(1.,0.));
#3419 = ( GEOMETRIC_REPRESENTATION_CONTEXT(2) 
PARAMETRIC_REPRESENTATION_CONTEXT() REPRESENTATION_CONTEXT('2D SPACE',''
  ) );
#3420 = PCURVE('',#3421,#3426);
#3421 = CONICAL_SURFACE('',#3422,1.,0.785398163397);
#3422 = AXIS2_PLACEMENT_3D('',#3423,#3424,#3425);
#3423 = CARTESIAN_POINT('',(43.1,-10.7,0.4));
#3424 = DIRECTION('',(0.,0.,1.));
#3425 = DIRECTION('',(0.,-1.,0.));
#3426 = DEFINITIONAL_REPRESENTATION('',(#3427),#3431);
#3427 = LINE('',#3428,#3429);
#3428 = CARTESIAN_POINT('',(0.,-0.));
#3429 = VECTOR('',#3430,1.);
#3430 = DIRECTION('',(1.,-0.));
#3431 = ( GEOMETRIC_REPRESENTATION_CONTEXT(2) 
PARAMETRIC_REPRESENTATION_CONTEXT() REPRESENTATION_CONTEXT('2D SPACE',''
  ) );
#3432 = ORIENTED_EDGE('',*,*,#3433,.T.);
#3433 = EDGE_CURVE('',#3405,#3434,#3436,.T.);
#3434 = VERTEX_POINT('',#3435);
#3435 = CARTESIAN_POINT('',(44.1,-10.7,9.7));
#3436 = SURFACE_CURVE('',#3437,(#3441,#3448),.PCURVE_S1.);
#3437 = LINE('',#3438,#3439);
#3438 = CARTESIAN_POINT('',(44.1,-10.7,0.));
#3439 = VECTOR('',#3440,1.);
#3440 = DIRECTION('',(0.,0.,1.));
#3441 = PCURVE('',#44,#3442);
#3442 = DEFINITIONAL_REPRESENTATION('',(#3443),#3447);
#3443 = LINE('',#3444,#3445);
#3444 = CARTESIAN_POINT('',(1.570796326795,0.));
#3445 = VECTOR('',#3446,1.);
#3446 = DIRECTION('',(0.,1.));
#3447 = ( GEOMETRIC_REPRESENTATION_CONTEXT(2) 
PARAMETRIC_REPRESENTATION_CONTEXT() REPRESENTATION_CONTEXT('2D SPACE',''
  ) );
#3448 = PCURVE('',#3449,#3454);
#3449 = PLANE('',#3450);
#3450 = AXIS2_PLACEMENT_3D('',#3451,#3452,#3453);
#3451 = CARTESIAN_POINT('',(44.1,-11.7,0.));
#3452 = DIRECTION('',(1.,0.,-0.));
#3453 = DIRECTION('',(0.,0.,1.));
#3454 = DEFINITIONAL_REPRESENTATION('',(#3455),#3459);
#3455 = LINE('',#3456,#3457);
#3456 = CARTESIAN_POINT('',(0.,-1.));
#3457 = VECTOR('',#3458,1.);
#3458 = DIRECTION('',(1.,0.));
#3459 = ( GEOMETRIC_REPRESENTATION_CONTEXT(2) 
PARAMETRIC_REPRESENTATION_CONTEXT() REPRESENTATION_CONTEXT('2D SPACE',''
  ) );
#3460 = ORIENTED_EDGE('',*,*,#3461,.F.);
#3461 = EDGE_CURVE('',#24,#3434,#3462,.T.);
#3462 = SURFACE_CURVE('',#3463,(#3468,#3475),.PCURVE_S1.);
#3463 = CIRCLE('',#3464,1.);
#3464 = AXIS2_PLACEMENT_3D('',#3465,#3466,#3467);
#3465 = CARTESIAN_POINT('',(43.1,-10.7,9.7));
#3466 = DIRECTION('',(0.,0.,1.));
#3467 = DIRECTION('',(0.,-1.,0.));
#3468 = PCURVE('',#44,#3469);
#3469 = DEFINITIONAL_REPRESENTATION('',(#3470),#3474);
#3470 = LINE('',#3471,#3472);
#3471 = CARTESIAN_POINT('',(0.,9.7));
#3472 = VECTOR('',#3473,1.);
#3473 = DIRECTION('',(1.,0.));
#3474 = ( GEOMETRIC_REPRESENTATION_CONTEXT(2) 
PARAMETRIC_REPRESENTATION_CONTEXT() REPRESENTATION_CONTEXT('2D SPACE',''
  ) );
#3475 = PCURVE('',#126,#3476);
#3476 = DEFINITIONAL_REPRESENTATION('',(#3477),#3481);
#3477 = CIRCLE('',#3478,1.);
#3478 = AXIS2_PLACEMENT_2D('',#3479,#3480);
#3479 = CARTESIAN_POINT('',(87.2,1.));
#3480 = DIRECTION('',(0.,-1.));
#3481 = ( GEOMETRIC_REPRESENTATION_CONTEXT(2) 
PARAMETRIC_REPRESENTATION_CONTEXT() REPRESENTATION_CONTEXT('2D SPACE',''
  ) );
#3482 = ADVANCED_FACE('',(#3483),#72,.T.);
#3483 = FACE_BOUND('',#3484,.F.);
#3484 = EDGE_LOOP('',(#3485,#3511,#3512,#3533));
#3485 = ORIENTED_EDGE('',*,*,#3486,.F.);
#3486 = EDGE_CURVE('',#57,#3487,#3489,.T.);
#3487 = VERTEX_POINT('',#3488);
#3488 = CARTESIAN_POINT('',(-41.1,-11.3,-7.771561172376E-16));
#3489 = SURFACE_CURVE('',#3490,(#3494,#3500),.PCURVE_S1.);
#3490 = LINE('',#3491,#3492);
#3491 = CARTESIAN_POINT('',(-41.1,-11.5,0.2));
#3492 = VECTOR('',#3493,1.);
#3493 = DIRECTION('',(-3.148982773777E-35,0.707106781187,-0.707106781187
    ));
#3494 = PCURVE('',#72,#3495);
#3495 = DEFINITIONAL_REPRESENTATION('',(#3496),#3499);
#3496 = B_SPLINE_CURVE_WITH_KNOTS('',1,(#3497,#3498),.UNSPECIFIED.,.F.,
  .F.,(2,2),(-0.282842712475,0.282842712475),.PIECEWISE_BEZIER_KNOTS.);
#3497 = CARTESIAN_POINT('',(0.,-0.282842712475));
#3498 = CARTESIAN_POINT('',(0.,0.282842712475));
#3499 = ( GEOMETRIC_REPRESENTATION_CONTEXT(2) 
PARAMETRIC_REPRESENTATION_CONTEXT() REPRESENTATION_CONTEXT('2D SPACE',''
  ) );
#3500 = PCURVE('',#3501,#3506);
#3501 = CONICAL_SURFACE('',#3502,3.,0.785398163397);
#3502 = AXIS2_PLACEMENT_3D('',#3503,#3504,#3505);
#3503 = CARTESIAN_POINT('',(-41.1,-8.7,0.4));
#3504 = DIRECTION('',(0.,0.,1.));
#3505 = DIRECTION('',(-1.,0.,0.));
#3506 = DEFINITIONAL_REPRESENTATION('',(#3507),#3510);
#3507 = B_SPLINE_CURVE_WITH_KNOTS('',1,(#3508,#3509),.UNSPECIFIED.,.F.,
  .F.,(2,2),(-0.282842712475,0.282842712475),.PIECEWISE_BEZIER_KNOTS.);
#3508 = CARTESIAN_POINT('',(1.570796326795,0.));
#3509 = CARTESIAN_POINT('',(1.570796326795,-0.4));
#3510 = ( GEOMETRIC_REPRESENTATION_CONTEXT(2) 
PARAMETRIC_REPRESENTATION_CONTEXT() REPRESENTATION_CONTEXT('2D SPACE',''
  ) );
#3511 = ORIENTED_EDGE('',*,*,#56,.T.);
#3512 = ORIENTED_EDGE('',*,*,#3513,.T.);
#3513 = EDGE_CURVE('',#22,#3514,#3516,.T.);
#3514 = VERTEX_POINT('',#3515);
#3515 = CARTESIAN_POINT('',(43.1,-11.3,-8.881784197001E-16));
#3516 = SURFACE_CURVE('',#3517,(#3521,#3527),.PCURVE_S1.);
#3517 = LINE('',#3518,#3519);
#3518 = CARTESIAN_POINT('',(43.1,-11.5,0.2));
#3519 = VECTOR('',#3520,1.);
#3520 = DIRECTION('',(-3.148982773777E-35,0.707106781187,-0.707106781187
    ));
#3521 = PCURVE('',#72,#3522);
#3522 = DEFINITIONAL_REPRESENTATION('',(#3523),#3526);
#3523 = B_SPLINE_CURVE_WITH_KNOTS('',1,(#3524,#3525),.UNSPECIFIED.,.F.,
  .F.,(2,2),(-0.282842712475,0.282842712475),.PIECEWISE_BEZIER_KNOTS.);
#3524 = CARTESIAN_POINT('',(-84.2,-0.282842712475));
#3525 = CARTESIAN_POINT('',(-84.2,0.282842712475));
#3526 = ( GEOMETRIC_REPRESENTATION_CONTEXT(2) 
PARAMETRIC_REPRESENTATION_CONTEXT() REPRESENTATION_CONTEXT('2D SPACE',''
  ) );
#3527 = PCURVE('',#3421,#3528);
#3528 = DEFINITIONAL_REPRESENTATION('',(#3529),#3532);
#3529 = B_SPLINE_CURVE_WITH_KNOTS('',1,(#3530,#3531),.UNSPECIFIED.,.F.,
  .F.,(2,2),(-0.282842712475,0.282842712475),.PIECEWISE_BEZIER_KNOTS.);
#3530 = CARTESIAN_POINT('',(0.,0.));
#3531 = CARTESIAN_POINT('',(0.,-0.4));
#3532 = ( GEOMETRIC_REPRESENTATION_CONTEXT(2) 
PARAMETRIC_REPRESENTATION_CONTEXT() REPRESENTATION_CONTEXT('2D SPACE',''
  ) );
#3533 = ORIENTED_EDGE('',*,*,#3534,.F.);
#3534 = EDGE_CURVE('',#3487,#3514,#3535,.T.);
#3535 = SURFACE_CURVE('',#3536,(#3540,#3547),.PCURVE_S1.);
#3536 = LINE('',#3537,#3538);
#3537 = CARTESIAN_POINT('',(-41.1,-11.3,0.));
#3538 = VECTOR('',#3539,1.);
#3539 = DIRECTION('',(1.,0.,-0.));
#3540 = PCURVE('',#72,#3541);
#3541 = DEFINITIONAL_REPRESENTATION('',(#3542),#3546);
#3542 = LINE('',#3543,#3544);
#3543 = CARTESIAN_POINT('',(-0.,0.282842712475));
#3544 = VECTOR('',#3545,1.);
#3545 = DIRECTION('',(-1.,0.));
#3546 = ( GEOMETRIC_REPRESENTATION_CONTEXT(2) 
PARAMETRIC_REPRESENTATION_CONTEXT() REPRESENTATION_CONTEXT('2D SPACE',''
  ) );
#3547 = PCURVE('',#3548,#3553);
#3548 = PLANE('',#3549);
#3549 = AXIS2_PLACEMENT_3D('',#3550,#3551,#3552);
#3550 = CARTESIAN_POINT('',(-44.1,-11.7,0.));
#3551 = DIRECTION('',(0.,0.,1.));
#3552 = DIRECTION('',(1.,0.,-0.));
#3553 = DEFINITIONAL_REPRESENTATION('',(#3554),#3558);
#3554 = LINE('',#3555,#3556);
#3555 = CARTESIAN_POINT('',(3.,0.4));
#3556 = VECTOR('',#3557,1.);
#3557 = DIRECTION('',(1.,0.));
#3558 = ( GEOMETRIC_REPRESENTATION_CONTEXT(2) 
PARAMETRIC_REPRESENTATION_CONTEXT() REPRESENTATION_CONTEXT('2D SPACE',''
  ) );
#3559 = ADVANCED_FACE('',(#3560),#126,.T.);
#3560 = FACE_BOUND('',#3561,.T.);
#3561 = EDGE_LOOP('',(#3562,#3563,#3564,#3587,#3615,#3642,#3670,#3693,
    #3726,#3754,#3787,#3815));
#3562 = ORIENTED_EDGE('',*,*,#112,.T.);
#3563 = ORIENTED_EDGE('',*,*,#3461,.T.);
#3564 = ORIENTED_EDGE('',*,*,#3565,.T.);
#3565 = EDGE_CURVE('',#3434,#3566,#3568,.T.);
#3566 = VERTEX_POINT('',#3567);
#3567 = CARTESIAN_POINT('',(44.1,-8.5,9.7));
#3568 = SURFACE_CURVE('',#3569,(#3573,#3580),.PCURVE_S1.);
#3569 = LINE('',#3570,#3571);
#3570 = CARTESIAN_POINT('',(44.1,-11.7,9.7));
#3571 = VECTOR('',#3572,1.);
#3572 = DIRECTION('',(-0.,1.,0.));
#3573 = PCURVE('',#126,#3574);
#3574 = DEFINITIONAL_REPRESENTATION('',(#3575),#3579);
#3575 = LINE('',#3576,#3577);
#3576 = CARTESIAN_POINT('',(88.2,0.));
#3577 = VECTOR('',#3578,1.);
#3578 = DIRECTION('',(0.,1.));
#3579 = ( GEOMETRIC_REPRESENTATION_CONTEXT(2) 
PARAMETRIC_REPRESENTATION_CONTEXT() REPRESENTATION_CONTEXT('2D SPACE',''
  ) );
#3580 = PCURVE('',#3449,#3581);
#3581 = DEFINITIONAL_REPRESENTATION('',(#3582),#3586);
#3582 = LINE('',#3583,#3584);
#3583 = CARTESIAN_POINT('',(9.7,0.));
#3584 = VECTOR('',#3585,1.);
#3585 = DIRECTION('',(0.,-1.));
#3586 = ( GEOMETRIC_REPRESENTATION_CONTEXT(2) 
PARAMETRIC_REPRESENTATION_CONTEXT() REPRESENTATION_CONTEXT('2D SPACE',''
  ) );
#3587 = ORIENTED_EDGE('',*,*,#3588,.F.);
#3588 = EDGE_CURVE('',#3589,#3566,#3591,.T.);
#3589 = VERTEX_POINT('',#3590);
#3590 = CARTESIAN_POINT('',(-42.1,-8.5,9.7));
#3591 = SURFACE_CURVE('',#3592,(#3596,#3603),.PCURVE_S1.);
#3592 = LINE('',#3593,#3594);
#3593 = CARTESIAN_POINT('',(-42.1,-8.5,9.7));
#3594 = VECTOR('',#3595,1.);
#3595 = DIRECTION('',(1.,0.,0.));
#3596 = PCURVE('',#126,#3597);
#3597 = DEFINITIONAL_REPRESENTATION('',(#3598),#3602);
#3598 = LINE('',#3599,#3600);
#3599 = CARTESIAN_POINT('',(2.,3.2));
#3600 = VECTOR('',#3601,1.);
#3601 = DIRECTION('',(1.,0.));
#3602 = ( GEOMETRIC_REPRESENTATION_CONTEXT(2) 
PARAMETRIC_REPRESENTATION_CONTEXT() REPRESENTATION_CONTEXT('2D SPACE',''
  ) );
#3603 = PCURVE('',#3604,#3609);
#3604 = PLANE('',#3605);
#3605 = AXIS2_PLACEMENT_3D('',#3606,#3607,#3608);
#3606 = CARTESIAN_POINT('',(-42.1,-8.5,9.7));
#3607 = DIRECTION('',(0.,0.857492925713,-0.514495755428));
#3608 = DIRECTION('',(0.,-0.514495755428,-0.857492925713));
#3609 = DEFINITIONAL_REPRESENTATION('',(#3610),#3614);
#3610 = LINE('',#3611,#3612);
#3611 = CARTESIAN_POINT('',(0.,0.));
#3612 = VECTOR('',#3613,1.);
#3613 = DIRECTION('',(0.,-1.));
#3614 = ( GEOMETRIC_REPRESENTATION_CONTEXT(2) 
PARAMETRIC_REPRESENTATION_CONTEXT() REPRESENTATION_CONTEXT('2D SPACE',''
  ) );
#3615 = ORIENTED_EDGE('',*,*,#3616,.T.);
#3616 = EDGE_CURVE('',#3589,#3617,#3619,.T.);
#3617 = VERTEX_POINT('',#3618);
#3618 = CARTESIAN_POINT('',(-42.1,8.5,9.7));
#3619 = SURFACE_CURVE('',#3620,(#3624,#3630),.PCURVE_S1.);
#3620 = LINE('',#3621,#3622);
#3621 = CARTESIAN_POINT('',(-42.1,-5.85,9.7));
#3622 = VECTOR('',#3623,1.);
#3623 = DIRECTION('',(0.,1.,0.));
#3624 = PCURVE('',#126,#3625);
#3625 = DEFINITIONAL_REPRESENTATION('',(#3626),#3629);
#3626 = B_SPLINE_CURVE_WITH_KNOTS('',1,(#3627,#3628),.UNSPECIFIED.,.F.,
  .F.,(2,2),(-3.85,15.55),.PIECEWISE_BEZIER_KNOTS.);
#3627 = CARTESIAN_POINT('',(2.,2.));
#3628 = CARTESIAN_POINT('',(2.,21.4));
#3629 = ( GEOMETRIC_REPRESENTATION_CONTEXT(2) 
PARAMETRIC_REPRESENTATION_CONTEXT() REPRESENTATION_CONTEXT('2D SPACE',''
  ) );
#3630 = PCURVE('',#3631,#3636);
#3631 = PLANE('',#3632);
#3632 = AXIS2_PLACEMENT_3D('',#3633,#3634,#3635);
#3633 = CARTESIAN_POINT('',(-42.1,2.06242502788E-16,9.10868680983));
#3634 = DIRECTION('',(1.,0.,0.));
#3635 = DIRECTION('',(0.,1.,0.));
#3636 = DEFINITIONAL_REPRESENTATION('',(#3637),#3641);
#3637 = LINE('',#3638,#3639);
#3638 = CARTESIAN_POINT('',(-5.85,0.59131319017));
#3639 = VECTOR('',#3640,1.);
#3640 = DIRECTION('',(1.,0.));
#3641 = ( GEOMETRIC_REPRESENTATION_CONTEXT(2) 
PARAMETRIC_REPRESENTATION_CONTEXT() REPRESENTATION_CONTEXT('2D SPACE',''
  ) );
#3642 = ORIENTED_EDGE('',*,*,#3643,.T.);
#3643 = EDGE_CURVE('',#3617,#3644,#3646,.T.);
#3644 = VERTEX_POINT('',#3645);
#3645 = CARTESIAN_POINT('',(44.1,8.5,9.7));
#3646 = SURFACE_CURVE('',#3647,(#3651,#3658),.PCURVE_S1.);
#3647 = LINE('',#3648,#3649);
#3648 = CARTESIAN_POINT('',(-42.1,8.5,9.7));
#3649 = VECTOR('',#3650,1.);
#3650 = DIRECTION('',(1.,0.,0.));
#3651 = PCURVE('',#126,#3652);
#3652 = DEFINITIONAL_REPRESENTATION('',(#3653),#3657);
#3653 = LINE('',#3654,#3655);
#3654 = CARTESIAN_POINT('',(2.,20.2));
#3655 = VECTOR('',#3656,1.);
#3656 = DIRECTION('',(1.,0.));
#3657 = ( GEOMETRIC_REPRESENTATION_CONTEXT(2) 
PARAMETRIC_REPRESENTATION_CONTEXT() REPRESENTATION_CONTEXT('2D SPACE',''
  ) );
#3658 = PCURVE('',#3659,#3664);
#3659 = PLANE('',#3660);
#3660 = AXIS2_PLACEMENT_3D('',#3661,#3662,#3663);
#3661 = CARTESIAN_POINT('',(-42.1,9.7,7.7));
#3662 = DIRECTION('',(0.,-0.857492925713,-0.514495755428));
#3663 = DIRECTION('',(0.,-0.514495755428,0.857492925713));
#3664 = DEFINITIONAL_REPRESENTATION('',(#3665),#3669);
#3665 = LINE('',#3666,#3667);
#3666 = CARTESIAN_POINT('',(2.332380757938,0.));
#3667 = VECTOR('',#3668,1.);
#3668 = DIRECTION('',(0.,-1.));
#3669 = ( GEOMETRIC_REPRESENTATION_CONTEXT(2) 
PARAMETRIC_REPRESENTATION_CONTEXT() REPRESENTATION_CONTEXT('2D SPACE',''
  ) );
#3670 = ORIENTED_EDGE('',*,*,#3671,.T.);
#3671 = EDGE_CURVE('',#3644,#3672,#3674,.T.);
#3672 = VERTEX_POINT('',#3673);
#3673 = CARTESIAN_POINT('',(44.1,10.7,9.7));
#3674 = SURFACE_CURVE('',#3675,(#3679,#3686),.PCURVE_S1.);
#3675 = LINE('',#3676,#3677);
#3676 = CARTESIAN_POINT('',(44.1,-11.7,9.7));
#3677 = VECTOR('',#3678,1.);
#3678 = DIRECTION('',(-0.,1.,0.));
#3679 = PCURVE('',#126,#3680);
#3680 = DEFINITIONAL_REPRESENTATION('',(#3681),#3685);
#3681 = LINE('',#3682,#3683);
#3682 = CARTESIAN_POINT('',(88.2,0.));
#3683 = VECTOR('',#3684,1.);
#3684 = DIRECTION('',(0.,1.));
#3685 = ( GEOMETRIC_REPRESENTATION_CONTEXT(2) 
PARAMETRIC_REPRESENTATION_CONTEXT() REPRESENTATION_CONTEXT('2D SPACE',''
  ) );
#3686 = PCURVE('',#3449,#3687);
#3687 = DEFINITIONAL_REPRESENTATION('',(#3688),#3692);
#3688 = LINE('',#3689,#3690);
#3689 = CARTESIAN_POINT('',(9.7,0.));
#3690 = VECTOR('',#3691,1.);
#3691 = DIRECTION('',(0.,-1.));
#3692 = ( GEOMETRIC_REPRESENTATION_CONTEXT(2) 
PARAMETRIC_REPRESENTATION_CONTEXT() REPRESENTATION_CONTEXT('2D SPACE',''
  ) );
#3693 = ORIENTED_EDGE('',*,*,#3694,.F.);
#3694 = EDGE_CURVE('',#3695,#3672,#3697,.T.);
#3695 = VERTEX_POINT('',#3696);
#3696 = CARTESIAN_POINT('',(43.1,11.7,9.7));
#3697 = SURFACE_CURVE('',#3698,(#3703,#3714),.PCURVE_S1.);
#3698 = CIRCLE('',#3699,1.);
#3699 = AXIS2_PLACEMENT_3D('',#3700,#3701,#3702);
#3700 = CARTESIAN_POINT('',(43.1,10.7,9.7));
#3701 = DIRECTION('',(-0.,-0.,-1.));
#3702 = DIRECTION('',(0.,-1.,0.));
#3703 = PCURVE('',#126,#3704);
#3704 = DEFINITIONAL_REPRESENTATION('',(#3705),#3713);
#3705 = ( BOUNDED_CURVE() B_SPLINE_CURVE(2,(#3706,#3707,#3708,#3709,
#3710,#3711,#3712),.UNSPECIFIED.,.T.,.F.) B_SPLINE_CURVE_WITH_KNOTS((1,2
    ,2,2,2,1),(-2.094395102393,0.,2.094395102393,4.188790204786,
6.28318530718,8.377580409573),.UNSPECIFIED.) CURVE() 
GEOMETRIC_REPRESENTATION_ITEM() RATIONAL_B_SPLINE_CURVE((1.,0.5,1.,0.5,
1.,0.5,1.)) REPRESENTATION_ITEM('') );
#3706 = CARTESIAN_POINT('',(87.2,21.4));
#3707 = CARTESIAN_POINT('',(85.467949192431,21.4));
#3708 = CARTESIAN_POINT('',(86.333974596216,22.9));
#3709 = CARTESIAN_POINT('',(87.2,24.4));
#3710 = CARTESIAN_POINT('',(88.066025403784,22.9));
#3711 = CARTESIAN_POINT('',(88.932050807569,21.4));
#3712 = CARTESIAN_POINT('',(87.2,21.4));
#3713 = ( GEOMETRIC_REPRESENTATION_CONTEXT(2) 
PARAMETRIC_REPRESENTATION_CONTEXT() REPRESENTATION_CONTEXT('2D SPACE',''
  ) );
#3714 = PCURVE('',#3715,#3720);
#3715 = CYLINDRICAL_SURFACE('',#3716,1.);
#3716 = AXIS2_PLACEMENT_3D('',#3717,#3718,#3719);
#3717 = CARTESIAN_POINT('',(43.1,10.7,0.));
#3718 = DIRECTION('',(0.,0.,1.));
#3719 = DIRECTION('',(-0.,1.,0.));
#3720 = DEFINITIONAL_REPRESENTATION('',(#3721),#3725);
#3721 = LINE('',#3722,#3723);
#3722 = CARTESIAN_POINT('',(3.14159265359,9.7));
#3723 = VECTOR('',#3724,1.);
#3724 = DIRECTION('',(-1.,0.));
#3725 = ( GEOMETRIC_REPRESENTATION_CONTEXT(2) 
PARAMETRIC_REPRESENTATION_CONTEXT() REPRESENTATION_CONTEXT('2D SPACE',''
  ) );
#3726 = ORIENTED_EDGE('',*,*,#3727,.F.);
#3727 = EDGE_CURVE('',#3728,#3695,#3730,.T.);
#3728 = VERTEX_POINT('',#3729);
#3729 = CARTESIAN_POINT('',(-41.1,11.7,9.7));
#3730 = SURFACE_CURVE('',#3731,(#3735,#3742),.PCURVE_S1.);
#3731 = LINE('',#3732,#3733);
#3732 = CARTESIAN_POINT('',(-44.1,11.7,9.7));
#3733 = VECTOR('',#3734,1.);
#3734 = DIRECTION('',(1.,0.,-0.));
#3735 = PCURVE('',#126,#3736);
#3736 = DEFINITIONAL_REPRESENTATION('',(#3737),#3741);
#3737 = LINE('',#3738,#3739);
#3738 = CARTESIAN_POINT('',(0.,23.4));
#3739 = VECTOR('',#3740,1.);
#3740 = DIRECTION('',(1.,0.));
#3741 = ( GEOMETRIC_REPRESENTATION_CONTEXT(2) 
PARAMETRIC_REPRESENTATION_CONTEXT() REPRESENTATION_CONTEXT('2D SPACE',''
  ) );
#3742 = PCURVE('',#3743,#3748);
#3743 = PLANE('',#3744);
#3744 = AXIS2_PLACEMENT_3D('',#3745,#3746,#3747);
#3745 = CARTESIAN_POINT('',(-44.1,11.7,0.));
#3746 = DIRECTION('',(-0.,1.,0.));
#3747 = DIRECTION('',(0.,0.,1.));
#3748 = DEFINITIONAL_REPRESENTATION('',(#3749),#3753);
#3749 = LINE('',#3750,#3751);
#3750 = CARTESIAN_POINT('',(9.7,0.));
#3751 = VECTOR('',#3752,1.);
#3752 = DIRECTION('',(0.,1.));
#3753 = ( GEOMETRIC_REPRESENTATION_CONTEXT(2) 
PARAMETRIC_REPRESENTATION_CONTEXT() REPRESENTATION_CONTEXT('2D SPACE',''
  ) );
#3754 = ORIENTED_EDGE('',*,*,#3755,.F.);
#3755 = EDGE_CURVE('',#3756,#3728,#3758,.T.);
#3756 = VERTEX_POINT('',#3757);
#3757 = CARTESIAN_POINT('',(-44.1,8.7,9.7));
#3758 = SURFACE_CURVE('',#3759,(#3764,#3775),.PCURVE_S1.);
#3759 = CIRCLE('',#3760,3.);
#3760 = AXIS2_PLACEMENT_3D('',#3761,#3762,#3763);
#3761 = CARTESIAN_POINT('',(-41.1,8.7,9.7));
#3762 = DIRECTION('',(-0.,-0.,-1.));
#3763 = DIRECTION('',(0.,-1.,0.));
#3764 = PCURVE('',#126,#3765);
#3765 = DEFINITIONAL_REPRESENTATION('',(#3766),#3774);
#3766 = ( BOUNDED_CURVE() B_SPLINE_CURVE(2,(#3767,#3768,#3769,#3770,
#3771,#3772,#3773),.UNSPECIFIED.,.T.,.F.) B_SPLINE_CURVE_WITH_KNOTS((1,2
    ,2,2,2,1),(-2.094395102393,0.,2.094395102393,4.188790204786,
6.28318530718,8.377580409573),.UNSPECIFIED.) CURVE() 
GEOMETRIC_REPRESENTATION_ITEM() RATIONAL_B_SPLINE_CURVE((1.,0.5,1.,0.5,
1.,0.5,1.)) REPRESENTATION_ITEM('') );
#3767 = CARTESIAN_POINT('',(3.,17.4));
#3768 = CARTESIAN_POINT('',(-2.196152422707,17.4));
#3769 = CARTESIAN_POINT('',(0.401923788647,21.9));
#3770 = CARTESIAN_POINT('',(3.,26.4));
#3771 = CARTESIAN_POINT('',(5.598076211353,21.9));
#3772 = CARTESIAN_POINT('',(8.196152422707,17.4));
#3773 = CARTESIAN_POINT('',(3.,17.4));
#3774 = ( GEOMETRIC_REPRESENTATION_CONTEXT(2) 
PARAMETRIC_REPRESENTATION_CONTEXT() REPRESENTATION_CONTEXT('2D SPACE',''
  ) );
#3775 = PCURVE('',#3776,#3781);
#3776 = CYLINDRICAL_SURFACE('',#3777,3.);
#3777 = AXIS2_PLACEMENT_3D('',#3778,#3779,#3780);
#3778 = CARTESIAN_POINT('',(-41.1,8.7,0.));
#3779 = DIRECTION('',(0.,0.,1.));
#3780 = DIRECTION('',(-1.,-0.,0.));
#3781 = DEFINITIONAL_REPRESENTATION('',(#3782),#3786);
#3782 = LINE('',#3783,#3784);
#3783 = CARTESIAN_POINT('',(1.570796326795,9.7));
#3784 = VECTOR('',#3785,1.);
#3785 = DIRECTION('',(-1.,0.));
#3786 = ( GEOMETRIC_REPRESENTATION_CONTEXT(2) 
PARAMETRIC_REPRESENTATION_CONTEXT() REPRESENTATION_CONTEXT('2D SPACE',''
  ) );
#3787 = ORIENTED_EDGE('',*,*,#3788,.F.);
#3788 = EDGE_CURVE('',#3789,#3756,#3791,.T.);
#3789 = VERTEX_POINT('',#3790);
#3790 = CARTESIAN_POINT('',(-44.1,-8.7,9.7));
#3791 = SURFACE_CURVE('',#3792,(#3796,#3803),.PCURVE_S1.);
#3792 = LINE('',#3793,#3794);
#3793 = CARTESIAN_POINT('',(-44.1,-11.7,9.7));
#3794 = VECTOR('',#3795,1.);
#3795 = DIRECTION('',(-0.,1.,0.));
#3796 = PCURVE('',#126,#3797);
#3797 = DEFINITIONAL_REPRESENTATION('',(#3798),#3802);
#3798 = LINE('',#3799,#3800);
#3799 = CARTESIAN_POINT('',(0.,0.));
#3800 = VECTOR('',#3801,1.);
#3801 = DIRECTION('',(0.,1.));
#3802 = ( GEOMETRIC_REPRESENTATION_CONTEXT(2) 
PARAMETRIC_REPRESENTATION_CONTEXT() REPRESENTATION_CONTEXT('2D SPACE',''
  ) );
#3803 = PCURVE('',#3804,#3809);
#3804 = PLANE('',#3805);
#3805 = AXIS2_PLACEMENT_3D('',#3806,#3807,#3808);
#3806 = CARTESIAN_POINT('',(-44.1,-11.7,0.));
#3807 = DIRECTION('',(1.,0.,-0.));
#3808 = DIRECTION('',(0.,0.,1.));
#3809 = DEFINITIONAL_REPRESENTATION('',(#3810),#3814);
#3810 = LINE('',#3811,#3812);
#3811 = CARTESIAN_POINT('',(9.7,0.));
#3812 = VECTOR('',#3813,1.);
#3813 = DIRECTION('',(0.,-1.));
#3814 = ( GEOMETRIC_REPRESENTATION_CONTEXT(2) 
PARAMETRIC_REPRESENTATION_CONTEXT() REPRESENTATION_CONTEXT('2D SPACE',''
  ) );
#3815 = ORIENTED_EDGE('',*,*,#3816,.T.);
#3816 = EDGE_CURVE('',#3789,#85,#3817,.T.);
#3817 = SURFACE_CURVE('',#3818,(#3823,#3830),.PCURVE_S1.);
#3818 = CIRCLE('',#3819,3.);
#3819 = AXIS2_PLACEMENT_3D('',#3820,#3821,#3822);
#3820 = CARTESIAN_POINT('',(-41.1,-8.7,9.7));
#3821 = DIRECTION('',(0.,0.,1.));
#3822 = DIRECTION('',(0.,-1.,0.));
#3823 = PCURVE('',#126,#3824);
#3824 = DEFINITIONAL_REPRESENTATION('',(#3825),#3829);
#3825 = CIRCLE('',#3826,3.);
#3826 = AXIS2_PLACEMENT_2D('',#3827,#3828);
#3827 = CARTESIAN_POINT('',(3.,3.));
#3828 = DIRECTION('',(0.,-1.));
#3829 = ( GEOMETRIC_REPRESENTATION_CONTEXT(2) 
PARAMETRIC_REPRESENTATION_CONTEXT() REPRESENTATION_CONTEXT('2D SPACE',''
  ) );
#3830 = PCURVE('',#100,#3831);
#3831 = DEFINITIONAL_REPRESENTATION('',(#3832),#3836);
#3832 = LINE('',#3833,#3834);
#3833 = CARTESIAN_POINT('',(-4.712388980385,9.7));
#3834 = VECTOR('',#3835,1.);
#3835 = DIRECTION('',(1.,0.));
#3836 = ( GEOMETRIC_REPRESENTATION_CONTEXT(2) 
PARAMETRIC_REPRESENTATION_CONTEXT() REPRESENTATION_CONTEXT('2D SPACE',''
  ) );
#3837 = ADVANCED_FACE('',(#3838),#100,.T.);
#3838 = FACE_BOUND('',#3839,.T.);
#3839 = EDGE_LOOP('',(#3840,#3863,#3885,#3886));
#3840 = ORIENTED_EDGE('',*,*,#3841,.F.);
#3841 = EDGE_CURVE('',#3842,#3789,#3844,.T.);
#3842 = VERTEX_POINT('',#3843);
#3843 = CARTESIAN_POINT('',(-44.1,-8.7,0.4));
#3844 = SURFACE_CURVE('',#3845,(#3849,#3856),.PCURVE_S1.);
#3845 = LINE('',#3846,#3847);
#3846 = CARTESIAN_POINT('',(-44.1,-8.7,0.));
#3847 = VECTOR('',#3848,1.);
#3848 = DIRECTION('',(0.,0.,1.));
#3849 = PCURVE('',#100,#3850);
#3850 = DEFINITIONAL_REPRESENTATION('',(#3851),#3855);
#3851 = LINE('',#3852,#3853);
#3852 = CARTESIAN_POINT('',(0.,0.));
#3853 = VECTOR('',#3854,1.);
#3854 = DIRECTION('',(0.,1.));
#3855 = ( GEOMETRIC_REPRESENTATION_CONTEXT(2) 
PARAMETRIC_REPRESENTATION_CONTEXT() REPRESENTATION_CONTEXT('2D SPACE',''
  ) );
#3856 = PCURVE('',#3804,#3857);
#3857 = DEFINITIONAL_REPRESENTATION('',(#3858),#3862);
#3858 = LINE('',#3859,#3860);
#3859 = CARTESIAN_POINT('',(0.,-3.));
#3860 = VECTOR('',#3861,1.);
#3861 = DIRECTION('',(1.,0.));
#3862 = ( GEOMETRIC_REPRESENTATION_CONTEXT(2) 
PARAMETRIC_REPRESENTATION_CONTEXT() REPRESENTATION_CONTEXT('2D SPACE',''
  ) );
#3863 = ORIENTED_EDGE('',*,*,#3864,.T.);
#3864 = EDGE_CURVE('',#3842,#57,#3865,.T.);
#3865 = SURFACE_CURVE('',#3866,(#3871,#3878),.PCURVE_S1.);
#3866 = CIRCLE('',#3867,3.);
#3867 = AXIS2_PLACEMENT_3D('',#3868,#3869,#3870);
#3868 = CARTESIAN_POINT('',(-41.1,-8.7,0.4));
#3869 = DIRECTION('',(0.,0.,1.));
#3870 = DIRECTION('',(-1.,0.,0.));
#3871 = PCURVE('',#100,#3872);
#3872 = DEFINITIONAL_REPRESENTATION('',(#3873),#3877);
#3873 = LINE('',#3874,#3875);
#3874 = CARTESIAN_POINT('',(0.,0.4));
#3875 = VECTOR('',#3876,1.);
#3876 = DIRECTION('',(1.,0.));
#3877 = ( GEOMETRIC_REPRESENTATION_CONTEXT(2) 
PARAMETRIC_REPRESENTATION_CONTEXT() REPRESENTATION_CONTEXT('2D SPACE',''
  ) );
#3878 = PCURVE('',#3501,#3879);
#3879 = DEFINITIONAL_REPRESENTATION('',(#3880),#3884);
#3880 = LINE('',#3881,#3882);
#3881 = CARTESIAN_POINT('',(0.,-0.));
#3882 = VECTOR('',#3883,1.);
#3883 = DIRECTION('',(1.,-0.));
#3884 = ( GEOMETRIC_REPRESENTATION_CONTEXT(2) 
PARAMETRIC_REPRESENTATION_CONTEXT() REPRESENTATION_CONTEXT('2D SPACE',''
  ) );
#3885 = ORIENTED_EDGE('',*,*,#84,.T.);
#3886 = ORIENTED_EDGE('',*,*,#3816,.F.);
#3887 = ADVANCED_FACE('',(#3888),#158,.T.);
#3888 = FACE_BOUND('',#3889,.T.);
#3889 = EDGE_LOOP('',(#3890,#3913,#3941,#3962));
#3890 = ORIENTED_EDGE('',*,*,#3891,.T.);
#3891 = EDGE_CURVE('',#141,#3892,#3894,.T.);
#3892 = VERTEX_POINT('',#3893);
#3893 = CARTESIAN_POINT('',(-37.65712890625,-11.2,2.798388671875));
#3894 = SURFACE_CURVE('',#3895,(#3899,#3906),.PCURVE_S1.);
#3895 = LINE('',#3896,#3897);
#3896 = CARTESIAN_POINT('',(-37.65712890625,-11.7,2.798388671875));
#3897 = VECTOR('',#3898,1.);
#3898 = DIRECTION('',(-0.,1.,-0.));
#3899 = PCURVE('',#158,#3900);
#3900 = DEFINITIONAL_REPRESENTATION('',(#3901),#3905);
#3901 = LINE('',#3902,#3903);
#3902 = CARTESIAN_POINT('',(0.,0.));
#3903 = VECTOR('',#3904,1.);
#3904 = DIRECTION('',(0.,-1.));
#3905 = ( GEOMETRIC_REPRESENTATION_CONTEXT(2) 
PARAMETRIC_REPRESENTATION_CONTEXT() REPRESENTATION_CONTEXT('2D SPACE',''
  ) );
#3906 = PCURVE('',#186,#3907);
#3907 = DEFINITIONAL_REPRESENTATION('',(#3908),#3912);
#3908 = LINE('',#3909,#3910);
#3909 = CARTESIAN_POINT('',(2.8173828125,0.));
#3910 = VECTOR('',#3911,1.);
#3911 = DIRECTION('',(0.,-1.));
#3912 = ( GEOMETRIC_REPRESENTATION_CONTEXT(2) 
PARAMETRIC_REPRESENTATION_CONTEXT() REPRESENTATION_CONTEXT('2D SPACE',''
  ) );
#3913 = ORIENTED_EDGE('',*,*,#3914,.T.);
#3914 = EDGE_CURVE('',#3892,#3915,#3917,.T.);
#3915 = VERTEX_POINT('',#3916);
#3916 = CARTESIAN_POINT('',(-38.328515625,-11.2,2.798388671875));
#3917 = SURFACE_CURVE('',#3918,(#3922,#3929),.PCURVE_S1.);
#3918 = LINE('',#3919,#3920);
#3919 = CARTESIAN_POINT('',(-37.65712890625,-11.2,2.798388671875));
#3920 = VECTOR('',#3921,1.);
#3921 = DIRECTION('',(-1.,0.,0.));
#3922 = PCURVE('',#158,#3923);
#3923 = DEFINITIONAL_REPRESENTATION('',(#3924),#3928);
#3924 = LINE('',#3925,#3926);
#3925 = CARTESIAN_POINT('',(0.,-0.5));
#3926 = VECTOR('',#3927,1.);
#3927 = DIRECTION('',(1.,0.));
#3928 = ( GEOMETRIC_REPRESENTATION_CONTEXT(2) 
PARAMETRIC_REPRESENTATION_CONTEXT() REPRESENTATION_CONTEXT('2D SPACE',''
  ) );
#3929 = PCURVE('',#3930,#3935);
#3930 = PLANE('',#3931);
#3931 = AXIS2_PLACEMENT_3D('',#3932,#3933,#3934);
#3932 = CARTESIAN_POINT('',(-38.68251953125,-11.2,2.798388671875));
#3933 = DIRECTION('',(0.,-1.,0.));
#3934 = DIRECTION('',(1.,0.,0.));
#3935 = DEFINITIONAL_REPRESENTATION('',(#3936),#3940);
#3936 = LINE('',#3937,#3938);
#3937 = CARTESIAN_POINT('',(1.025390625,0.));
#3938 = VECTOR('',#3939,1.);
#3939 = DIRECTION('',(-1.,0.));
#3940 = ( GEOMETRIC_REPRESENTATION_CONTEXT(2) 
PARAMETRIC_REPRESENTATION_CONTEXT() REPRESENTATION_CONTEXT('2D SPACE',''
  ) );
#3941 = ORIENTED_EDGE('',*,*,#3942,.F.);
#3942 = EDGE_CURVE('',#143,#3915,#3943,.T.);
#3943 = SURFACE_CURVE('',#3944,(#3948,#3955),.PCURVE_S1.);
#3944 = LINE('',#3945,#3946);
#3945 = CARTESIAN_POINT('',(-38.328515625,-11.7,2.798388671875));
#3946 = VECTOR('',#3947,1.);
#3947 = DIRECTION('',(-0.,1.,-0.));
#3948 = PCURVE('',#158,#3949);
#3949 = DEFINITIONAL_REPRESENTATION('',(#3950),#3954);
#3950 = LINE('',#3951,#3952);
#3951 = CARTESIAN_POINT('',(0.67138671875,0.));
#3952 = VECTOR('',#3953,1.);
#3953 = DIRECTION('',(0.,-1.));
#3954 = ( GEOMETRIC_REPRESENTATION_CONTEXT(2) 
PARAMETRIC_REPRESENTATION_CONTEXT() REPRESENTATION_CONTEXT('2D SPACE',''
  ) );
#3955 = PCURVE('',#492,#3956);
#3956 = DEFINITIONAL_REPRESENTATION('',(#3957),#3961);
#3957 = LINE('',#3958,#3959);
#3958 = CARTESIAN_POINT('',(0.,0.));
#3959 = VECTOR('',#3960,1.);
#3960 = DIRECTION('',(0.,-1.));
#3961 = ( GEOMETRIC_REPRESENTATION_CONTEXT(2) 
PARAMETRIC_REPRESENTATION_CONTEXT() REPRESENTATION_CONTEXT('2D SPACE',''
  ) );
#3962 = ORIENTED_EDGE('',*,*,#140,.F.);
#3963 = ADVANCED_FACE('',(#3964),#186,.T.);
#3964 = FACE_BOUND('',#3965,.T.);
#3965 = EDGE_LOOP('',(#3966,#3989,#4010,#4011));
#3966 = ORIENTED_EDGE('',*,*,#3967,.T.);
#3967 = EDGE_CURVE('',#171,#3968,#3970,.T.);
#3968 = VERTEX_POINT('',#3969);
#3969 = CARTESIAN_POINT('',(-37.65712890625,-11.2,5.615771484375));
#3970 = SURFACE_CURVE('',#3971,(#3975,#3982),.PCURVE_S1.);
#3971 = LINE('',#3972,#3973);
#3972 = CARTESIAN_POINT('',(-37.65712890625,-11.7,5.615771484375));
#3973 = VECTOR('',#3974,1.);
#3974 = DIRECTION('',(-0.,1.,-0.));
#3975 = PCURVE('',#186,#3976);
#3976 = DEFINITIONAL_REPRESENTATION('',(#3977),#3981);
#3977 = LINE('',#3978,#3979);
#3978 = CARTESIAN_POINT('',(0.,0.));
#3979 = VECTOR('',#3980,1.);
#3980 = DIRECTION('',(0.,-1.));
#3981 = ( GEOMETRIC_REPRESENTATION_CONTEXT(2) 
PARAMETRIC_REPRESENTATION_CONTEXT() REPRESENTATION_CONTEXT('2D SPACE',''
  ) );
#3982 = PCURVE('',#214,#3983);
#3983 = DEFINITIONAL_REPRESENTATION('',(#3984),#3988);
#3984 = LINE('',#3985,#3986);
#3985 = CARTESIAN_POINT('',(2.904982095424,0.));
#3986 = VECTOR('',#3987,1.);
#3987 = DIRECTION('',(0.,-1.));
#3988 = ( GEOMETRIC_REPRESENTATION_CONTEXT(2) 
PARAMETRIC_REPRESENTATION_CONTEXT() REPRESENTATION_CONTEXT('2D SPACE',''
  ) );
#3989 = ORIENTED_EDGE('',*,*,#3990,.T.);
#3990 = EDGE_CURVE('',#3968,#3892,#3991,.T.);
#3991 = SURFACE_CURVE('',#3992,(#3996,#4003),.PCURVE_S1.);
#3992 = LINE('',#3993,#3994);
#3993 = CARTESIAN_POINT('',(-37.65712890625,-11.2,5.615771484375));
#3994 = VECTOR('',#3995,1.);
#3995 = DIRECTION('',(0.,0.,-1.));
#3996 = PCURVE('',#186,#3997);
#3997 = DEFINITIONAL_REPRESENTATION('',(#3998),#4002);
#3998 = LINE('',#3999,#4000);
#3999 = CARTESIAN_POINT('',(0.,-0.5));
#4000 = VECTOR('',#4001,1.);
#4001 = DIRECTION('',(1.,0.));
#4002 = ( GEOMETRIC_REPRESENTATION_CONTEXT(2) 
PARAMETRIC_REPRESENTATION_CONTEXT() REPRESENTATION_CONTEXT('2D SPACE',''
  ) );
#4003 = PCURVE('',#3930,#4004);
#4004 = DEFINITIONAL_REPRESENTATION('',(#4005),#4009);
#4005 = LINE('',#4006,#4007);
#4006 = CARTESIAN_POINT('',(1.025390625,2.8173828125));
#4007 = VECTOR('',#4008,1.);
#4008 = DIRECTION('',(0.,-1.));
#4009 = ( GEOMETRIC_REPRESENTATION_CONTEXT(2) 
PARAMETRIC_REPRESENTATION_CONTEXT() REPRESENTATION_CONTEXT('2D SPACE',''
  ) );
#4010 = ORIENTED_EDGE('',*,*,#3891,.F.);
#4011 = ORIENTED_EDGE('',*,*,#170,.F.);
#4012 = ADVANCED_FACE('',(#4013),#492,.T.);
#4013 = FACE_BOUND('',#4014,.T.);
#4014 = EDGE_LOOP('',(#4015,#4016,#4039,#4060));
#4015 = ORIENTED_EDGE('',*,*,#3942,.T.);
#4016 = ORIENTED_EDGE('',*,*,#4017,.T.);
#4017 = EDGE_CURVE('',#3915,#4018,#4020,.T.);
#4018 = VERTEX_POINT('',#4019);
#4019 = CARTESIAN_POINT('',(-38.328515625,-11.2,6.377490234375));
#4020 = SURFACE_CURVE('',#4021,(#4025,#4032),.PCURVE_S1.);
#4021 = LINE('',#4022,#4023);
#4022 = CARTESIAN_POINT('',(-38.328515625,-11.2,2.798388671875));
#4023 = VECTOR('',#4024,1.);
#4024 = DIRECTION('',(0.,0.,1.));
#4025 = PCURVE('',#492,#4026);
#4026 = DEFINITIONAL_REPRESENTATION('',(#4027),#4031);
#4027 = LINE('',#4028,#4029);
#4028 = CARTESIAN_POINT('',(0.,-0.5));
#4029 = VECTOR('',#4030,1.);
#4030 = DIRECTION('',(1.,0.));
#4031 = ( GEOMETRIC_REPRESENTATION_CONTEXT(2) 
PARAMETRIC_REPRESENTATION_CONTEXT() REPRESENTATION_CONTEXT('2D SPACE',''
  ) );
#4032 = PCURVE('',#3930,#4033);
#4033 = DEFINITIONAL_REPRESENTATION('',(#4034),#4038);
#4034 = LINE('',#4035,#4036);
#4035 = CARTESIAN_POINT('',(0.35400390625,0.));
#4036 = VECTOR('',#4037,1.);
#4037 = DIRECTION('',(0.,1.));
#4038 = ( GEOMETRIC_REPRESENTATION_CONTEXT(2) 
PARAMETRIC_REPRESENTATION_CONTEXT() REPRESENTATION_CONTEXT('2D SPACE',''
  ) );
#4039 = ORIENTED_EDGE('',*,*,#4040,.F.);
#4040 = EDGE_CURVE('',#451,#4018,#4041,.T.);
#4041 = SURFACE_CURVE('',#4042,(#4046,#4053),.PCURVE_S1.);
#4042 = LINE('',#4043,#4044);
#4043 = CARTESIAN_POINT('',(-38.328515625,-11.7,6.377490234375));
#4044 = VECTOR('',#4045,1.);
#4045 = DIRECTION('',(-0.,1.,-0.));
#4046 = PCURVE('',#492,#4047);
#4047 = DEFINITIONAL_REPRESENTATION('',(#4048),#4052);
#4048 = LINE('',#4049,#4050);
#4049 = CARTESIAN_POINT('',(3.5791015625,0.));
#4050 = VECTOR('',#4051,1.);
#4051 = DIRECTION('',(0.,-1.));
#4052 = ( GEOMETRIC_REPRESENTATION_CONTEXT(2) 
PARAMETRIC_REPRESENTATION_CONTEXT() REPRESENTATION_CONTEXT('2D SPACE',''
  ) );
#4053 = PCURVE('',#466,#4054);
#4054 = DEFINITIONAL_REPRESENTATION('',(#4055),#4059);
#4055 = LINE('',#4056,#4057);
#4056 = CARTESIAN_POINT('',(0.,0.));
#4057 = VECTOR('',#4058,1.);
#4058 = DIRECTION('',(0.,-1.));
#4059 = ( GEOMETRIC_REPRESENTATION_CONTEXT(2) 
PARAMETRIC_REPRESENTATION_CONTEXT() REPRESENTATION_CONTEXT('2D SPACE',''
  ) );
#4060 = ORIENTED_EDGE('',*,*,#478,.F.);
#4061 = ADVANCED_FACE('',(#4062),#214,.T.);
#4062 = FACE_BOUND('',#4063,.T.);
#4063 = EDGE_LOOP('',(#4064,#4087,#4108,#4109));
#4064 = ORIENTED_EDGE('',*,*,#4065,.T.);
#4065 = EDGE_CURVE('',#199,#4066,#4068,.T.);
#4066 = VERTEX_POINT('',#4067);
#4067 = CARTESIAN_POINT('',(-36.94912109375,-11.2,2.798388671875));
#4068 = SURFACE_CURVE('',#4069,(#4073,#4080),.PCURVE_S1.);
#4069 = LINE('',#4070,#4071);
#4070 = CARTESIAN_POINT('',(-36.94912109375,-11.7,2.798388671875));
#4071 = VECTOR('',#4072,1.);
#4072 = DIRECTION('',(-0.,1.,-0.));
#4073 = PCURVE('',#214,#4074);
#4074 = DEFINITIONAL_REPRESENTATION('',(#4075),#4079);
#4075 = LINE('',#4076,#4077);
#4076 = CARTESIAN_POINT('',(0.,0.));
#4077 = VECTOR('',#4078,1.);
#4078 = DIRECTION('',(0.,-1.));
#4079 = ( GEOMETRIC_REPRESENTATION_CONTEXT(2) 
PARAMETRIC_REPRESENTATION_CONTEXT() REPRESENTATION_CONTEXT('2D SPACE',''
  ) );
#4080 = PCURVE('',#242,#4081);
#4081 = DEFINITIONAL_REPRESENTATION('',(#4082),#4086);
#4082 = LINE('',#4083,#4084);
#4083 = CARTESIAN_POINT('',(0.69580078125,0.));
#4084 = VECTOR('',#4085,1.);
#4085 = DIRECTION('',(0.,-1.));
#4086 = ( GEOMETRIC_REPRESENTATION_CONTEXT(2) 
PARAMETRIC_REPRESENTATION_CONTEXT() REPRESENTATION_CONTEXT('2D SPACE',''
  ) );
#4087 = ORIENTED_EDGE('',*,*,#4088,.T.);
#4088 = EDGE_CURVE('',#4066,#3968,#4089,.T.);
#4089 = SURFACE_CURVE('',#4090,(#4094,#4101),.PCURVE_S1.);
#4090 = LINE('',#4091,#4092);
#4091 = CARTESIAN_POINT('',(-36.94912109375,-11.2,2.798388671875));
#4092 = VECTOR('',#4093,1.);
#4093 = DIRECTION('',(-0.243721919531,0.,0.969845155651));
#4094 = PCURVE('',#214,#4095);
#4095 = DEFINITIONAL_REPRESENTATION('',(#4096),#4100);
#4096 = LINE('',#4097,#4098);
#4097 = CARTESIAN_POINT('',(0.,-0.5));
#4098 = VECTOR('',#4099,1.);
#4099 = DIRECTION('',(1.,0.));
#4100 = ( GEOMETRIC_REPRESENTATION_CONTEXT(2) 
PARAMETRIC_REPRESENTATION_CONTEXT() REPRESENTATION_CONTEXT('2D SPACE',''
  ) );
#4101 = PCURVE('',#3930,#4102);
#4102 = DEFINITIONAL_REPRESENTATION('',(#4103),#4107);
#4103 = LINE('',#4104,#4105);
#4104 = CARTESIAN_POINT('',(1.7333984375,0.));
#4105 = VECTOR('',#4106,1.);
#4106 = DIRECTION('',(-0.243721919531,0.969845155651));
#4107 = ( GEOMETRIC_REPRESENTATION_CONTEXT(2) 
PARAMETRIC_REPRESENTATION_CONTEXT() REPRESENTATION_CONTEXT('2D SPACE',''
  ) );
#4108 = ORIENTED_EDGE('',*,*,#3967,.F.);
#4109 = ORIENTED_EDGE('',*,*,#198,.F.);
#4110 = ADVANCED_FACE('',(#4111),#466,.T.);
#4111 = FACE_BOUND('',#4112,.T.);
#4112 = EDGE_LOOP('',(#4113,#4114,#4137,#4158));
#4113 = ORIENTED_EDGE('',*,*,#4040,.T.);
#4114 = ORIENTED_EDGE('',*,*,#4115,.T.);
#4115 = EDGE_CURVE('',#4018,#4116,#4118,.T.);
#4116 = VERTEX_POINT('',#4117);
#4117 = CARTESIAN_POINT('',(-37.24697265625,-11.2,6.377490234375));
#4118 = SURFACE_CURVE('',#4119,(#4123,#4130),.PCURVE_S1.);
#4119 = LINE('',#4120,#4121);
#4120 = CARTESIAN_POINT('',(-38.328515625,-11.2,6.377490234375));
#4121 = VECTOR('',#4122,1.);
#4122 = DIRECTION('',(1.,0.,0.));
#4123 = PCURVE('',#466,#4124);
#4124 = DEFINITIONAL_REPRESENTATION('',(#4125),#4129);
#4125 = LINE('',#4126,#4127);
#4126 = CARTESIAN_POINT('',(0.,-0.5));
#4127 = VECTOR('',#4128,1.);
#4128 = DIRECTION('',(1.,0.));
#4129 = ( GEOMETRIC_REPRESENTATION_CONTEXT(2) 
PARAMETRIC_REPRESENTATION_CONTEXT() REPRESENTATION_CONTEXT('2D SPACE',''
  ) );
#4130 = PCURVE('',#3930,#4131);
#4131 = DEFINITIONAL_REPRESENTATION('',(#4132),#4136);
#4132 = LINE('',#4133,#4134);
#4133 = CARTESIAN_POINT('',(0.35400390625,3.5791015625));
#4134 = VECTOR('',#4135,1.);
#4135 = DIRECTION('',(1.,0.));
#4136 = ( GEOMETRIC_REPRESENTATION_CONTEXT(2) 
PARAMETRIC_REPRESENTATION_CONTEXT() REPRESENTATION_CONTEXT('2D SPACE',''
  ) );
#4137 = ORIENTED_EDGE('',*,*,#4138,.F.);
#4138 = EDGE_CURVE('',#423,#4116,#4139,.T.);
#4139 = SURFACE_CURVE('',#4140,(#4144,#4151),.PCURVE_S1.);
#4140 = LINE('',#4141,#4142);
#4141 = CARTESIAN_POINT('',(-37.24697265625,-11.7,6.377490234375));
#4142 = VECTOR('',#4143,1.);
#4143 = DIRECTION('',(-0.,1.,-0.));
#4144 = PCURVE('',#466,#4145);
#4145 = DEFINITIONAL_REPRESENTATION('',(#4146),#4150);
#4146 = LINE('',#4147,#4148);
#4147 = CARTESIAN_POINT('',(1.08154296875,0.));
#4148 = VECTOR('',#4149,1.);
#4149 = DIRECTION('',(0.,-1.));
#4150 = ( GEOMETRIC_REPRESENTATION_CONTEXT(2) 
PARAMETRIC_REPRESENTATION_CONTEXT() REPRESENTATION_CONTEXT('2D SPACE',''
  ) );
#4151 = PCURVE('',#438,#4152);
#4152 = DEFINITIONAL_REPRESENTATION('',(#4153),#4157);
#4153 = LINE('',#4154,#4155);
#4154 = CARTESIAN_POINT('',(0.,0.));
#4155 = VECTOR('',#4156,1.);
#4156 = DIRECTION('',(0.,-1.));
#4157 = ( GEOMETRIC_REPRESENTATION_CONTEXT(2) 
PARAMETRIC_REPRESENTATION_CONTEXT() REPRESENTATION_CONTEXT('2D SPACE',''
  ) );
#4158 = ORIENTED_EDGE('',*,*,#450,.F.);
#4159 = ADVANCED_FACE('',(#4160),#242,.T.);
#4160 = FACE_BOUND('',#4161,.T.);
#4161 = EDGE_LOOP('',(#4162,#4185,#4206,#4207));
#4162 = ORIENTED_EDGE('',*,*,#4163,.T.);
#4163 = EDGE_CURVE('',#227,#4164,#4166,.T.);
#4164 = VERTEX_POINT('',#4165);
#4165 = CARTESIAN_POINT('',(-36.2533203125,-11.2,2.798388671875));
#4166 = SURFACE_CURVE('',#4167,(#4171,#4178),.PCURVE_S1.);
#4167 = LINE('',#4168,#4169);
#4168 = CARTESIAN_POINT('',(-36.2533203125,-11.7,2.798388671875));
#4169 = VECTOR('',#4170,1.);
#4170 = DIRECTION('',(-0.,1.,-0.));
#4171 = PCURVE('',#242,#4172);
#4172 = DEFINITIONAL_REPRESENTATION('',(#4173),#4177);
#4173 = LINE('',#4174,#4175);
#4174 = CARTESIAN_POINT('',(0.,0.));
#4175 = VECTOR('',#4176,1.);
#4176 = DIRECTION('',(0.,-1.));
#4177 = ( GEOMETRIC_REPRESENTATION_CONTEXT(2) 
PARAMETRIC_REPRESENTATION_CONTEXT() REPRESENTATION_CONTEXT('2D SPACE',''
  ) );
#4178 = PCURVE('',#270,#4179);
#4179 = DEFINITIONAL_REPRESENTATION('',(#4180),#4184);
#4180 = LINE('',#4181,#4182);
#4181 = CARTESIAN_POINT('',(2.905578084408,0.));
#4182 = VECTOR('',#4183,1.);
#4183 = DIRECTION('',(0.,-1.));
#4184 = ( GEOMETRIC_REPRESENTATION_CONTEXT(2) 
PARAMETRIC_REPRESENTATION_CONTEXT() REPRESENTATION_CONTEXT('2D SPACE',''
  ) );
#4185 = ORIENTED_EDGE('',*,*,#4186,.T.);
#4186 = EDGE_CURVE('',#4164,#4066,#4187,.T.);
#4187 = SURFACE_CURVE('',#4188,(#4192,#4199),.PCURVE_S1.);
#4188 = LINE('',#4189,#4190);
#4189 = CARTESIAN_POINT('',(-36.2533203125,-11.2,2.798388671875));
#4190 = VECTOR('',#4191,1.);
#4191 = DIRECTION('',(-1.,0.,0.));
#4192 = PCURVE('',#242,#4193);
#4193 = DEFINITIONAL_REPRESENTATION('',(#4194),#4198);
#4194 = LINE('',#4195,#4196);
#4195 = CARTESIAN_POINT('',(0.,-0.5));
#4196 = VECTOR('',#4197,1.);
#4197 = DIRECTION('',(1.,0.));
#4198 = ( GEOMETRIC_REPRESENTATION_CONTEXT(2) 
PARAMETRIC_REPRESENTATION_CONTEXT() REPRESENTATION_CONTEXT('2D SPACE',''
  ) );
#4199 = PCURVE('',#3930,#4200);
#4200 = DEFINITIONAL_REPRESENTATION('',(#4201),#4205);
#4201 = LINE('',#4202,#4203);
#4202 = CARTESIAN_POINT('',(2.42919921875,0.));
#4203 = VECTOR('',#4204,1.);
#4204 = DIRECTION('',(-1.,0.));
#4205 = ( GEOMETRIC_REPRESENTATION_CONTEXT(2) 
PARAMETRIC_REPRESENTATION_CONTEXT() REPRESENTATION_CONTEXT('2D SPACE',''
  ) );
#4206 = ORIENTED_EDGE('',*,*,#4065,.F.);
#4207 = ORIENTED_EDGE('',*,*,#226,.F.);
#4208 = ADVANCED_FACE('',(#4209),#438,.T.);
#4209 = FACE_BOUND('',#4210,.T.);
#4210 = EDGE_LOOP('',(#4211,#4212,#4235,#4256));
#4211 = ORIENTED_EDGE('',*,*,#4138,.T.);
#4212 = ORIENTED_EDGE('',*,*,#4213,.T.);
#4213 = EDGE_CURVE('',#4116,#4214,#4216,.T.);
#4214 = VERTEX_POINT('',#4215);
#4215 = CARTESIAN_POINT('',(-36.59755859375,-11.2,3.936083984375));
#4216 = SURFACE_CURVE('',#4217,(#4221,#4228),.PCURVE_S1.);
#4217 = LINE('',#4218,#4219);
#4218 = CARTESIAN_POINT('',(-37.24697265625,-11.2,6.377490234375));
#4219 = VECTOR('',#4220,1.);
#4220 = DIRECTION('',(0.257061109879,0.,-0.96639514992));
#4221 = PCURVE('',#438,#4222);
#4222 = DEFINITIONAL_REPRESENTATION('',(#4223),#4227);
#4223 = LINE('',#4224,#4225);
#4224 = CARTESIAN_POINT('',(0.,-0.5));
#4225 = VECTOR('',#4226,1.);
#4226 = DIRECTION('',(1.,0.));
#4227 = ( GEOMETRIC_REPRESENTATION_CONTEXT(2) 
PARAMETRIC_REPRESENTATION_CONTEXT() REPRESENTATION_CONTEXT('2D SPACE',''
  ) );
#4228 = PCURVE('',#3930,#4229);
#4229 = DEFINITIONAL_REPRESENTATION('',(#4230),#4234);
#4230 = LINE('',#4231,#4232);
#4231 = CARTESIAN_POINT('',(1.435546875,3.5791015625));
#4232 = VECTOR('',#4233,1.);
#4233 = DIRECTION('',(0.257061109879,-0.96639514992));
#4234 = ( GEOMETRIC_REPRESENTATION_CONTEXT(2) 
PARAMETRIC_REPRESENTATION_CONTEXT() REPRESENTATION_CONTEXT('2D SPACE',''
  ) );
#4235 = ORIENTED_EDGE('',*,*,#4236,.F.);
#4236 = EDGE_CURVE('',#395,#4214,#4237,.T.);
#4237 = SURFACE_CURVE('',#4238,(#4242,#4249),.PCURVE_S1.);
#4238 = LINE('',#4239,#4240);
#4239 = CARTESIAN_POINT('',(-36.59755859375,-11.7,3.936083984375));
#4240 = VECTOR('',#4241,1.);
#4241 = DIRECTION('',(-0.,1.,-0.));
#4242 = PCURVE('',#438,#4243);
#4243 = DEFINITIONAL_REPRESENTATION('',(#4244),#4248);
#4244 = LINE('',#4245,#4246);
#4245 = CARTESIAN_POINT('',(2.52630225866,0.));
#4246 = VECTOR('',#4247,1.);
#4247 = DIRECTION('',(0.,-1.));
#4248 = ( GEOMETRIC_REPRESENTATION_CONTEXT(2) 
PARAMETRIC_REPRESENTATION_CONTEXT() REPRESENTATION_CONTEXT('2D SPACE',''
  ) );
#4249 = PCURVE('',#410,#4250);
#4250 = DEFINITIONAL_REPRESENTATION('',(#4251),#4255);
#4251 = LINE('',#4252,#4253);
#4252 = CARTESIAN_POINT('',(0.,0.));
#4253 = VECTOR('',#4254,1.);
#4254 = DIRECTION('',(0.,-1.));
#4255 = ( GEOMETRIC_REPRESENTATION_CONTEXT(2) 
PARAMETRIC_REPRESENTATION_CONTEXT() REPRESENTATION_CONTEXT('2D SPACE',''
  ) );
#4256 = ORIENTED_EDGE('',*,*,#422,.F.);
#4257 = ADVANCED_FACE('',(#4258),#270,.T.);
#4258 = FACE_BOUND('',#4259,.T.);
#4259 = EDGE_LOOP('',(#4260,#4283,#4304,#4305));
#4260 = ORIENTED_EDGE('',*,*,#4261,.T.);
#4261 = EDGE_CURVE('',#255,#4262,#4264,.T.);
#4262 = VERTEX_POINT('',#4263);
#4263 = CARTESIAN_POINT('',(-35.54287109375,-11.2,5.615771484375));
#4264 = SURFACE_CURVE('',#4265,(#4269,#4276),.PCURVE_S1.);
#4265 = LINE('',#4266,#4267);
#4266 = CARTESIAN_POINT('',(-35.54287109375,-11.7,5.615771484375));
#4267 = VECTOR('',#4268,1.);
#4268 = DIRECTION('',(-0.,1.,-0.));
#4269 = PCURVE('',#270,#4270);
#4270 = DEFINITIONAL_REPRESENTATION('',(#4271),#4275);
#4271 = LINE('',#4272,#4273);
#4272 = CARTESIAN_POINT('',(0.,0.));
#4273 = VECTOR('',#4274,1.);
#4274 = DIRECTION('',(0.,-1.));
#4275 = ( GEOMETRIC_REPRESENTATION_CONTEXT(2) 
PARAMETRIC_REPRESENTATION_CONTEXT() REPRESENTATION_CONTEXT('2D SPACE',''
  ) );
#4276 = PCURVE('',#298,#4277);
#4277 = DEFINITIONAL_REPRESENTATION('',(#4278),#4282);
#4278 = LINE('',#4279,#4280);
#4279 = CARTESIAN_POINT('',(2.8173828125,0.));
#4280 = VECTOR('',#4281,1.);
#4281 = DIRECTION('',(0.,-1.));
#4282 = ( GEOMETRIC_REPRESENTATION_CONTEXT(2) 
PARAMETRIC_REPRESENTATION_CONTEXT() REPRESENTATION_CONTEXT('2D SPACE',''
  ) );
#4283 = ORIENTED_EDGE('',*,*,#4284,.T.);
#4284 = EDGE_CURVE('',#4262,#4164,#4285,.T.);
#4285 = SURFACE_CURVE('',#4286,(#4290,#4297),.PCURVE_S1.);
#4286 = LINE('',#4287,#4288);
#4287 = CARTESIAN_POINT('',(-35.54287109375,-11.2,5.615771484375));
#4288 = VECTOR('',#4289,1.);
#4289 = DIRECTION('',(-0.244512175585,-0.,-0.969646222078));
#4290 = PCURVE('',#270,#4291);
#4291 = DEFINITIONAL_REPRESENTATION('',(#4292),#4296);
#4292 = LINE('',#4293,#4294);
#4293 = CARTESIAN_POINT('',(0.,-0.5));
#4294 = VECTOR('',#4295,1.);
#4295 = DIRECTION('',(1.,0.));
#4296 = ( GEOMETRIC_REPRESENTATION_CONTEXT(2) 
PARAMETRIC_REPRESENTATION_CONTEXT() REPRESENTATION_CONTEXT('2D SPACE',''
  ) );
#4297 = PCURVE('',#3930,#4298);
#4298 = DEFINITIONAL_REPRESENTATION('',(#4299),#4303);
#4299 = LINE('',#4300,#4301);
#4300 = CARTESIAN_POINT('',(3.1396484375,2.8173828125));
#4301 = VECTOR('',#4302,1.);
#4302 = DIRECTION('',(-0.244512175585,-0.969646222078));
#4303 = ( GEOMETRIC_REPRESENTATION_CONTEXT(2) 
PARAMETRIC_REPRESENTATION_CONTEXT() REPRESENTATION_CONTEXT('2D SPACE',''
  ) );
#4304 = ORIENTED_EDGE('',*,*,#4163,.F.);
#4305 = ORIENTED_EDGE('',*,*,#254,.F.);
#4306 = ADVANCED_FACE('',(#4307),#410,.T.);
#4307 = FACE_BOUND('',#4308,.T.);
#4308 = EDGE_LOOP('',(#4309,#4310,#4333,#4354));
#4309 = ORIENTED_EDGE('',*,*,#4236,.T.);
#4310 = ORIENTED_EDGE('',*,*,#4311,.T.);
#4311 = EDGE_CURVE('',#4214,#4312,#4314,.T.);
#4312 = VERTEX_POINT('',#4313);
#4313 = CARTESIAN_POINT('',(-35.95546875,-11.2,6.377490234375));
#4314 = SURFACE_CURVE('',#4315,(#4319,#4326),.PCURVE_S1.);
#4315 = LINE('',#4316,#4317);
#4316 = CARTESIAN_POINT('',(-36.59755859375,-11.2,3.936083984375));
#4317 = VECTOR('',#4318,1.);
#4318 = DIRECTION('',(0.254350484613,0.,0.967112108795));
#4319 = PCURVE('',#410,#4320);
#4320 = DEFINITIONAL_REPRESENTATION('',(#4321),#4325);
#4321 = LINE('',#4322,#4323);
#4322 = CARTESIAN_POINT('',(0.,-0.5));
#4323 = VECTOR('',#4324,1.);
#4324 = DIRECTION('',(1.,0.));
#4325 = ( GEOMETRIC_REPRESENTATION_CONTEXT(2) 
PARAMETRIC_REPRESENTATION_CONTEXT() REPRESENTATION_CONTEXT('2D SPACE',''
  ) );
#4326 = PCURVE('',#3930,#4327);
#4327 = DEFINITIONAL_REPRESENTATION('',(#4328),#4332);
#4328 = LINE('',#4329,#4330);
#4329 = CARTESIAN_POINT('',(2.0849609375,1.1376953125));
#4330 = VECTOR('',#4331,1.);
#4331 = DIRECTION('',(0.254350484613,0.967112108795));
#4332 = ( GEOMETRIC_REPRESENTATION_CONTEXT(2) 
PARAMETRIC_REPRESENTATION_CONTEXT() REPRESENTATION_CONTEXT('2D SPACE',''
  ) );
#4333 = ORIENTED_EDGE('',*,*,#4334,.F.);
#4334 = EDGE_CURVE('',#367,#4312,#4335,.T.);
#4335 = SURFACE_CURVE('',#4336,(#4340,#4347),.PCURVE_S1.);
#4336 = LINE('',#4337,#4338);
#4337 = CARTESIAN_POINT('',(-35.95546875,-11.7,6.377490234375));
#4338 = VECTOR('',#4339,1.);
#4339 = DIRECTION('',(-0.,1.,-0.));
#4340 = PCURVE('',#410,#4341);
#4341 = DEFINITIONAL_REPRESENTATION('',(#4342),#4346);
#4342 = LINE('',#4343,#4344);
#4343 = CARTESIAN_POINT('',(2.524429409785,0.));
#4344 = VECTOR('',#4345,1.);
#4345 = DIRECTION('',(0.,-1.));
#4346 = ( GEOMETRIC_REPRESENTATION_CONTEXT(2) 
PARAMETRIC_REPRESENTATION_CONTEXT() REPRESENTATION_CONTEXT('2D SPACE',''
  ) );
#4347 = PCURVE('',#382,#4348);
#4348 = DEFINITIONAL_REPRESENTATION('',(#4349),#4353);
#4349 = LINE('',#4350,#4351);
#4350 = CARTESIAN_POINT('',(0.,0.));
#4351 = VECTOR('',#4352,1.);
#4352 = DIRECTION('',(0.,-1.));
#4353 = ( GEOMETRIC_REPRESENTATION_CONTEXT(2) 
PARAMETRIC_REPRESENTATION_CONTEXT() REPRESENTATION_CONTEXT('2D SPACE',''
  ) );
#4354 = ORIENTED_EDGE('',*,*,#394,.F.);
#4355 = ADVANCED_FACE('',(#4356),#298,.T.);
#4356 = FACE_BOUND('',#4357,.T.);
#4357 = EDGE_LOOP('',(#4358,#4381,#4402,#4403));
#4358 = ORIENTED_EDGE('',*,*,#4359,.T.);
#4359 = EDGE_CURVE('',#283,#4360,#4362,.T.);
#4360 = VERTEX_POINT('',#4361);
#4361 = CARTESIAN_POINT('',(-35.54287109375,-11.2,2.798388671875));
#4362 = SURFACE_CURVE('',#4363,(#4367,#4374),.PCURVE_S1.);
#4363 = LINE('',#4364,#4365);
#4364 = CARTESIAN_POINT('',(-35.54287109375,-11.7,2.798388671875));
#4365 = VECTOR('',#4366,1.);
#4366 = DIRECTION('',(-0.,1.,-0.));
#4367 = PCURVE('',#298,#4368);
#4368 = DEFINITIONAL_REPRESENTATION('',(#4369),#4373);
#4369 = LINE('',#4370,#4371);
#4370 = CARTESIAN_POINT('',(0.,0.));
#4371 = VECTOR('',#4372,1.);
#4372 = DIRECTION('',(0.,-1.));
#4373 = ( GEOMETRIC_REPRESENTATION_CONTEXT(2) 
PARAMETRIC_REPRESENTATION_CONTEXT() REPRESENTATION_CONTEXT('2D SPACE',''
  ) );
#4374 = PCURVE('',#326,#4375);
#4375 = DEFINITIONAL_REPRESENTATION('',(#4376),#4380);
#4376 = LINE('',#4377,#4378);
#4377 = CARTESIAN_POINT('',(0.67138671875,0.));
#4378 = VECTOR('',#4379,1.);
#4379 = DIRECTION('',(0.,-1.));
#4380 = ( GEOMETRIC_REPRESENTATION_CONTEXT(2) 
PARAMETRIC_REPRESENTATION_CONTEXT() REPRESENTATION_CONTEXT('2D SPACE',''
  ) );
#4381 = ORIENTED_EDGE('',*,*,#4382,.T.);
#4382 = EDGE_CURVE('',#4360,#4262,#4383,.T.);
#4383 = SURFACE_CURVE('',#4384,(#4388,#4395),.PCURVE_S1.);
#4384 = LINE('',#4385,#4386);
#4385 = CARTESIAN_POINT('',(-35.54287109375,-11.2,2.798388671875));
#4386 = VECTOR('',#4387,1.);
#4387 = DIRECTION('',(0.,0.,1.));
#4388 = PCURVE('',#298,#4389);
#4389 = DEFINITIONAL_REPRESENTATION('',(#4390),#4394);
#4390 = LINE('',#4391,#4392);
#4391 = CARTESIAN_POINT('',(0.,-0.5));
#4392 = VECTOR('',#4393,1.);
#4393 = DIRECTION('',(1.,0.));
#4394 = ( GEOMETRIC_REPRESENTATION_CONTEXT(2) 
PARAMETRIC_REPRESENTATION_CONTEXT() REPRESENTATION_CONTEXT('2D SPACE',''
  ) );
#4395 = PCURVE('',#3930,#4396);
#4396 = DEFINITIONAL_REPRESENTATION('',(#4397),#4401);
#4397 = LINE('',#4398,#4399);
#4398 = CARTESIAN_POINT('',(3.1396484375,0.));
#4399 = VECTOR('',#4400,1.);
#4400 = DIRECTION('',(0.,1.));
#4401 = ( GEOMETRIC_REPRESENTATION_CONTEXT(2) 
PARAMETRIC_REPRESENTATION_CONTEXT() REPRESENTATION_CONTEXT('2D SPACE',''
  ) );
#4402 = ORIENTED_EDGE('',*,*,#4261,.F.);
#4403 = ORIENTED_EDGE('',*,*,#282,.F.);
#4404 = ADVANCED_FACE('',(#4405),#382,.T.);
#4405 = FACE_BOUND('',#4406,.T.);
#4406 = EDGE_LOOP('',(#4407,#4408,#4431,#4452));
#4407 = ORIENTED_EDGE('',*,*,#4334,.T.);
#4408 = ORIENTED_EDGE('',*,*,#4409,.T.);
#4409 = EDGE_CURVE('',#4312,#4410,#4412,.T.);
#4410 = VERTEX_POINT('',#4411);
#4411 = CARTESIAN_POINT('',(-34.871484375,-11.2,6.377490234375));
#4412 = SURFACE_CURVE('',#4413,(#4417,#4424),.PCURVE_S1.);
#4413 = LINE('',#4414,#4415);
#4414 = CARTESIAN_POINT('',(-35.95546875,-11.2,6.377490234375));
#4415 = VECTOR('',#4416,1.);
#4416 = DIRECTION('',(1.,0.,0.));
#4417 = PCURVE('',#382,#4418);
#4418 = DEFINITIONAL_REPRESENTATION('',(#4419),#4423);
#4419 = LINE('',#4420,#4421);
#4420 = CARTESIAN_POINT('',(0.,-0.5));
#4421 = VECTOR('',#4422,1.);
#4422 = DIRECTION('',(1.,0.));
#4423 = ( GEOMETRIC_REPRESENTATION_CONTEXT(2) 
PARAMETRIC_REPRESENTATION_CONTEXT() REPRESENTATION_CONTEXT('2D SPACE',''
  ) );
#4424 = PCURVE('',#3930,#4425);
#4425 = DEFINITIONAL_REPRESENTATION('',(#4426),#4430);
#4426 = LINE('',#4427,#4428);
#4427 = CARTESIAN_POINT('',(2.72705078125,3.5791015625));
#4428 = VECTOR('',#4429,1.);
#4429 = DIRECTION('',(1.,0.));
#4430 = ( GEOMETRIC_REPRESENTATION_CONTEXT(2) 
PARAMETRIC_REPRESENTATION_CONTEXT() REPRESENTATION_CONTEXT('2D SPACE',''
  ) );
#4431 = ORIENTED_EDGE('',*,*,#4432,.F.);
#4432 = EDGE_CURVE('',#339,#4410,#4433,.T.);
#4433 = SURFACE_CURVE('',#4434,(#4438,#4445),.PCURVE_S1.);
#4434 = LINE('',#4435,#4436);
#4435 = CARTESIAN_POINT('',(-34.871484375,-11.7,6.377490234375));
#4436 = VECTOR('',#4437,1.);
#4437 = DIRECTION('',(-0.,1.,-0.));
#4438 = PCURVE('',#382,#4439);
#4439 = DEFINITIONAL_REPRESENTATION('',(#4440),#4444);
#4440 = LINE('',#4441,#4442);
#4441 = CARTESIAN_POINT('',(1.083984375,0.));
#4442 = VECTOR('',#4443,1.);
#4443 = DIRECTION('',(0.,-1.));
#4444 = ( GEOMETRIC_REPRESENTATION_CONTEXT(2) 
PARAMETRIC_REPRESENTATION_CONTEXT() REPRESENTATION_CONTEXT('2D SPACE',''
  ) );
#4445 = PCURVE('',#354,#4446);
#4446 = DEFINITIONAL_REPRESENTATION('',(#4447),#4451);
#4447 = LINE('',#4448,#4449);
#4448 = CARTESIAN_POINT('',(0.,0.));
#4449 = VECTOR('',#4450,1.);
#4450 = DIRECTION('',(0.,-1.));
#4451 = ( GEOMETRIC_REPRESENTATION_CONTEXT(2) 
PARAMETRIC_REPRESENTATION_CONTEXT() REPRESENTATION_CONTEXT('2D SPACE',''
  ) );
#4452 = ORIENTED_EDGE('',*,*,#366,.F.);
#4453 = ADVANCED_FACE('',(#4454),#326,.T.);
#4454 = FACE_BOUND('',#4455,.T.);
#4455 = EDGE_LOOP('',(#4456,#4479,#4500,#4501));
#4456 = ORIENTED_EDGE('',*,*,#4457,.T.);
#4457 = EDGE_CURVE('',#311,#4458,#4460,.T.);
#4458 = VERTEX_POINT('',#4459);
#4459 = CARTESIAN_POINT('',(-34.871484375,-11.2,2.798388671875));
#4460 = SURFACE_CURVE('',#4461,(#4465,#4472),.PCURVE_S1.);
#4461 = LINE('',#4462,#4463);
#4462 = CARTESIAN_POINT('',(-34.871484375,-11.7,2.798388671875));
#4463 = VECTOR('',#4464,1.);
#4464 = DIRECTION('',(-0.,1.,-0.));
#4465 = PCURVE('',#326,#4466);
#4466 = DEFINITIONAL_REPRESENTATION('',(#4467),#4471);
#4467 = LINE('',#4468,#4469);
#4468 = CARTESIAN_POINT('',(0.,0.));
#4469 = VECTOR('',#4470,1.);
#4470 = DIRECTION('',(0.,-1.));
#4471 = ( GEOMETRIC_REPRESENTATION_CONTEXT(2) 
PARAMETRIC_REPRESENTATION_CONTEXT() REPRESENTATION_CONTEXT('2D SPACE',''
  ) );
#4472 = PCURVE('',#354,#4473);
#4473 = DEFINITIONAL_REPRESENTATION('',(#4474),#4478);
#4474 = LINE('',#4475,#4476);
#4475 = CARTESIAN_POINT('',(3.5791015625,0.));
#4476 = VECTOR('',#4477,1.);
#4477 = DIRECTION('',(0.,-1.));
#4478 = ( GEOMETRIC_REPRESENTATION_CONTEXT(2) 
PARAMETRIC_REPRESENTATION_CONTEXT() REPRESENTATION_CONTEXT('2D SPACE',''
  ) );
#4479 = ORIENTED_EDGE('',*,*,#4480,.T.);
#4480 = EDGE_CURVE('',#4458,#4360,#4481,.T.);
#4481 = SURFACE_CURVE('',#4482,(#4486,#4493),.PCURVE_S1.);
#4482 = LINE('',#4483,#4484);
#4483 = CARTESIAN_POINT('',(-34.871484375,-11.2,2.798388671875));
#4484 = VECTOR('',#4485,1.);
#4485 = DIRECTION('',(-1.,0.,0.));
#4486 = PCURVE('',#326,#4487);
#4487 = DEFINITIONAL_REPRESENTATION('',(#4488),#4492);
#4488 = LINE('',#4489,#4490);
#4489 = CARTESIAN_POINT('',(0.,-0.5));
#4490 = VECTOR('',#4491,1.);
#4491 = DIRECTION('',(1.,0.));
#4492 = ( GEOMETRIC_REPRESENTATION_CONTEXT(2) 
PARAMETRIC_REPRESENTATION_CONTEXT() REPRESENTATION_CONTEXT('2D SPACE',''
  ) );
#4493 = PCURVE('',#3930,#4494);
#4494 = DEFINITIONAL_REPRESENTATION('',(#4495),#4499);
#4495 = LINE('',#4496,#4497);
#4496 = CARTESIAN_POINT('',(3.81103515625,0.));
#4497 = VECTOR('',#4498,1.);
#4498 = DIRECTION('',(-1.,0.));
#4499 = ( GEOMETRIC_REPRESENTATION_CONTEXT(2) 
PARAMETRIC_REPRESENTATION_CONTEXT() REPRESENTATION_CONTEXT('2D SPACE',''
  ) );
#4500 = ORIENTED_EDGE('',*,*,#4359,.F.);
#4501 = ORIENTED_EDGE('',*,*,#310,.F.);
#4502 = ADVANCED_FACE('',(#4503),#354,.T.);
#4503 = FACE_BOUND('',#4504,.T.);
#4504 = EDGE_LOOP('',(#4505,#4506,#4527,#4528));
#4505 = ORIENTED_EDGE('',*,*,#4432,.T.);
#4506 = ORIENTED_EDGE('',*,*,#4507,.T.);
#4507 = EDGE_CURVE('',#4410,#4458,#4508,.T.);
#4508 = SURFACE_CURVE('',#4509,(#4513,#4520),.PCURVE_S1.);
#4509 = LINE('',#4510,#4511);
#4510 = CARTESIAN_POINT('',(-34.871484375,-11.2,6.377490234375));
#4511 = VECTOR('',#4512,1.);
#4512 = DIRECTION('',(0.,0.,-1.));
#4513 = PCURVE('',#354,#4514);
#4514 = DEFINITIONAL_REPRESENTATION('',(#4515),#4519);
#4515 = LINE('',#4516,#4517);
#4516 = CARTESIAN_POINT('',(0.,-0.5));
#4517 = VECTOR('',#4518,1.);
#4518 = DIRECTION('',(1.,0.));
#4519 = ( GEOMETRIC_REPRESENTATION_CONTEXT(2) 
PARAMETRIC_REPRESENTATION_CONTEXT() REPRESENTATION_CONTEXT('2D SPACE',''
  ) );
#4520 = PCURVE('',#3930,#4521);
#4521 = DEFINITIONAL_REPRESENTATION('',(#4522),#4526);
#4522 = LINE('',#4523,#4524);
#4523 = CARTESIAN_POINT('',(3.81103515625,3.5791015625));
#4524 = VECTOR('',#4525,1.);
#4525 = DIRECTION('',(0.,-1.));
#4526 = ( GEOMETRIC_REPRESENTATION_CONTEXT(2) 
PARAMETRIC_REPRESENTATION_CONTEXT() REPRESENTATION_CONTEXT('2D SPACE',''
  ) );
#4527 = ORIENTED_EDGE('',*,*,#4457,.F.);
#4528 = ORIENTED_EDGE('',*,*,#338,.F.);
#4529 = ADVANCED_FACE('',(#4530),#524,.T.);
#4530 = FACE_BOUND('',#4531,.T.);
#4531 = EDGE_LOOP('',(#4532,#4555,#4583,#4604));
#4532 = ORIENTED_EDGE('',*,*,#4533,.T.);
#4533 = EDGE_CURVE('',#507,#4534,#4536,.T.);
#4534 = VERTEX_POINT('',#4535);
#4535 = CARTESIAN_POINT('',(-24.03500976562,-11.2,2.798388671875));
#4536 = SURFACE_CURVE('',#4537,(#4541,#4548),.PCURVE_S1.);
#4537 = LINE('',#4538,#4539);
#4538 = CARTESIAN_POINT('',(-24.03500976562,-11.7,2.798388671875));
#4539 = VECTOR('',#4540,1.);
#4540 = DIRECTION('',(-0.,1.,-0.));
#4541 = PCURVE('',#524,#4542);
#4542 = DEFINITIONAL_REPRESENTATION('',(#4543),#4547);
#4543 = LINE('',#4544,#4545);
#4544 = CARTESIAN_POINT('',(0.,0.));
#4545 = VECTOR('',#4546,1.);
#4546 = DIRECTION('',(0.,-1.));
#4547 = ( GEOMETRIC_REPRESENTATION_CONTEXT(2) 
PARAMETRIC_REPRESENTATION_CONTEXT() REPRESENTATION_CONTEXT('2D SPACE',''
  ) );
#4548 = PCURVE('',#552,#4549);
#4549 = DEFINITIONAL_REPRESENTATION('',(#4550),#4554);
#4550 = LINE('',#4551,#4552);
#4551 = CARTESIAN_POINT('',(2.9736328125,0.));
#4552 = VECTOR('',#4553,1.);
#4553 = DIRECTION('',(0.,-1.));
#4554 = ( GEOMETRIC_REPRESENTATION_CONTEXT(2) 
PARAMETRIC_REPRESENTATION_CONTEXT() REPRESENTATION_CONTEXT('2D SPACE',''
  ) );
#4555 = ORIENTED_EDGE('',*,*,#4556,.T.);
#4556 = EDGE_CURVE('',#4534,#4557,#4559,.T.);
#4557 = VERTEX_POINT('',#4558);
#4558 = CARTESIAN_POINT('',(-24.75766601562,-11.2,2.798388671875));
#4559 = SURFACE_CURVE('',#4560,(#4564,#4571),.PCURVE_S1.);
#4560 = LINE('',#4561,#4562);
#4561 = CARTESIAN_POINT('',(-24.03500976562,-11.2,2.798388671875));
#4562 = VECTOR('',#4563,1.);
#4563 = DIRECTION('',(-1.,0.,0.));
#4564 = PCURVE('',#524,#4565);
#4565 = DEFINITIONAL_REPRESENTATION('',(#4566),#4570);
#4566 = LINE('',#4567,#4568);
#4567 = CARTESIAN_POINT('',(0.,-0.5));
#4568 = VECTOR('',#4569,1.);
#4569 = DIRECTION('',(1.,0.));
#4570 = ( GEOMETRIC_REPRESENTATION_CONTEXT(2) 
PARAMETRIC_REPRESENTATION_CONTEXT() REPRESENTATION_CONTEXT('2D SPACE',''
  ) );
#4571 = PCURVE('',#4572,#4577);
#4572 = PLANE('',#4573);
#4573 = AXIS2_PLACEMENT_3D('',#4574,#4575,#4576);
#4574 = CARTESIAN_POINT('',(-25.92709960937,-11.2,2.798388671875));
#4575 = DIRECTION('',(0.,-1.,0.));
#4576 = DIRECTION('',(1.,0.,0.));
#4577 = DEFINITIONAL_REPRESENTATION('',(#4578),#4582);
#4578 = LINE('',#4579,#4580);
#4579 = CARTESIAN_POINT('',(1.89208984375,0.));
#4580 = VECTOR('',#4581,1.);
#4581 = DIRECTION('',(-1.,0.));
#4582 = ( GEOMETRIC_REPRESENTATION_CONTEXT(2) 
PARAMETRIC_REPRESENTATION_CONTEXT() REPRESENTATION_CONTEXT('2D SPACE',''
  ) );
#4583 = ORIENTED_EDGE('',*,*,#4584,.F.);
#4584 = EDGE_CURVE('',#509,#4557,#4585,.T.);
#4585 = SURFACE_CURVE('',#4586,(#4590,#4597),.PCURVE_S1.);
#4586 = LINE('',#4587,#4588);
#4587 = CARTESIAN_POINT('',(-24.75766601562,-11.7,2.798388671875));
#4588 = VECTOR('',#4589,1.);
#4589 = DIRECTION('',(-0.,1.,-0.));
#4590 = PCURVE('',#524,#4591);
#4591 = DEFINITIONAL_REPRESENTATION('',(#4592),#4596);
#4592 = LINE('',#4593,#4594);
#4593 = CARTESIAN_POINT('',(0.72265625,0.));
#4594 = VECTOR('',#4595,1.);
#4595 = DIRECTION('',(0.,-1.));
#4596 = ( GEOMETRIC_REPRESENTATION_CONTEXT(2) 
PARAMETRIC_REPRESENTATION_CONTEXT() REPRESENTATION_CONTEXT('2D SPACE',''
  ) );
#4597 = PCURVE('',#718,#4598);
#4598 = DEFINITIONAL_REPRESENTATION('',(#4599),#4603);
#4599 = LINE('',#4600,#4601);
#4600 = CARTESIAN_POINT('',(0.,0.));
#4601 = VECTOR('',#4602,1.);
#4602 = DIRECTION('',(0.,-1.));
#4603 = ( GEOMETRIC_REPRESENTATION_CONTEXT(2) 
PARAMETRIC_REPRESENTATION_CONTEXT() REPRESENTATION_CONTEXT('2D SPACE',''
  ) );
#4604 = ORIENTED_EDGE('',*,*,#506,.F.);
#4605 = ADVANCED_FACE('',(#4606),#552,.T.);
#4606 = FACE_BOUND('',#4607,.T.);
#4607 = EDGE_LOOP('',(#4608,#4631,#4652,#4653));
#4608 = ORIENTED_EDGE('',*,*,#4609,.T.);
#4609 = EDGE_CURVE('',#537,#4610,#4612,.T.);
#4610 = VERTEX_POINT('',#4611);
#4611 = CARTESIAN_POINT('',(-24.03500976562,-11.2,5.772021484375));
#4612 = SURFACE_CURVE('',#4613,(#4617,#4624),.PCURVE_S1.);
#4613 = LINE('',#4614,#4615);
#4614 = CARTESIAN_POINT('',(-24.03500976562,-11.7,5.772021484375));
#4615 = VECTOR('',#4616,1.);
#4616 = DIRECTION('',(-0.,1.,-0.));
#4617 = PCURVE('',#552,#4618);
#4618 = DEFINITIONAL_REPRESENTATION('',(#4619),#4623);
#4619 = LINE('',#4620,#4621);
#4620 = CARTESIAN_POINT('',(0.,0.));
#4621 = VECTOR('',#4622,1.);
#4622 = DIRECTION('',(0.,-1.));
#4623 = ( GEOMETRIC_REPRESENTATION_CONTEXT(2) 
PARAMETRIC_REPRESENTATION_CONTEXT() REPRESENTATION_CONTEXT('2D SPACE',''
  ) );
#4624 = PCURVE('',#580,#4625);
#4625 = DEFINITIONAL_REPRESENTATION('',(#4626),#4630);
#4626 = LINE('',#4627,#4628);
#4627 = CARTESIAN_POINT('',(1.0595703125,0.));
#4628 = VECTOR('',#4629,1.);
#4629 = DIRECTION('',(0.,-1.));
#4630 = ( GEOMETRIC_REPRESENTATION_CONTEXT(2) 
PARAMETRIC_REPRESENTATION_CONTEXT() REPRESENTATION_CONTEXT('2D SPACE',''
  ) );
#4631 = ORIENTED_EDGE('',*,*,#4632,.T.);
#4632 = EDGE_CURVE('',#4610,#4534,#4633,.T.);
#4633 = SURFACE_CURVE('',#4634,(#4638,#4645),.PCURVE_S1.);
#4634 = LINE('',#4635,#4636);
#4635 = CARTESIAN_POINT('',(-24.03500976562,-11.2,5.772021484375));
#4636 = VECTOR('',#4637,1.);
#4637 = DIRECTION('',(0.,0.,-1.));
#4638 = PCURVE('',#552,#4639);
#4639 = DEFINITIONAL_REPRESENTATION('',(#4640),#4644);
#4640 = LINE('',#4641,#4642);
#4641 = CARTESIAN_POINT('',(0.,-0.5));
#4642 = VECTOR('',#4643,1.);
#4643 = DIRECTION('',(1.,0.));
#4644 = ( GEOMETRIC_REPRESENTATION_CONTEXT(2) 
PARAMETRIC_REPRESENTATION_CONTEXT() REPRESENTATION_CONTEXT('2D SPACE',''
  ) );
#4645 = PCURVE('',#4572,#4646);
#4646 = DEFINITIONAL_REPRESENTATION('',(#4647),#4651);
#4647 = LINE('',#4648,#4649);
#4648 = CARTESIAN_POINT('',(1.89208984375,2.9736328125));
#4649 = VECTOR('',#4650,1.);
#4650 = DIRECTION('',(0.,-1.));
#4651 = ( GEOMETRIC_REPRESENTATION_CONTEXT(2) 
PARAMETRIC_REPRESENTATION_CONTEXT() REPRESENTATION_CONTEXT('2D SPACE',''
  ) );
#4652 = ORIENTED_EDGE('',*,*,#4533,.F.);
#4653 = ORIENTED_EDGE('',*,*,#536,.F.);
#4654 = ADVANCED_FACE('',(#4655),#718,.T.);
#4655 = FACE_BOUND('',#4656,.T.);
#4656 = EDGE_LOOP('',(#4657,#4658,#4681,#4702));
#4657 = ORIENTED_EDGE('',*,*,#4584,.T.);
#4658 = ORIENTED_EDGE('',*,*,#4659,.T.);
#4659 = EDGE_CURVE('',#4557,#4660,#4662,.T.);
#4660 = VERTEX_POINT('',#4661);
#4661 = CARTESIAN_POINT('',(-24.75766601562,-11.2,5.772021484375));
#4662 = SURFACE_CURVE('',#4663,(#4667,#4674),.PCURVE_S1.);
#4663 = LINE('',#4664,#4665);
#4664 = CARTESIAN_POINT('',(-24.75766601562,-11.2,2.798388671875));
#4665 = VECTOR('',#4666,1.);
#4666 = DIRECTION('',(0.,0.,1.));
#4667 = PCURVE('',#718,#4668);
#4668 = DEFINITIONAL_REPRESENTATION('',(#4669),#4673);
#4669 = LINE('',#4670,#4671);
#4670 = CARTESIAN_POINT('',(0.,-0.5));
#4671 = VECTOR('',#4672,1.);
#4672 = DIRECTION('',(1.,0.));
#4673 = ( GEOMETRIC_REPRESENTATION_CONTEXT(2) 
PARAMETRIC_REPRESENTATION_CONTEXT() REPRESENTATION_CONTEXT('2D SPACE',''
  ) );
#4674 = PCURVE('',#4572,#4675);
#4675 = DEFINITIONAL_REPRESENTATION('',(#4676),#4680);
#4676 = LINE('',#4677,#4678);
#4677 = CARTESIAN_POINT('',(1.16943359375,0.));
#4678 = VECTOR('',#4679,1.);
#4679 = DIRECTION('',(0.,1.));
#4680 = ( GEOMETRIC_REPRESENTATION_CONTEXT(2) 
PARAMETRIC_REPRESENTATION_CONTEXT() REPRESENTATION_CONTEXT('2D SPACE',''
  ) );
#4681 = ORIENTED_EDGE('',*,*,#4682,.F.);
#4682 = EDGE_CURVE('',#677,#4660,#4683,.T.);
#4683 = SURFACE_CURVE('',#4684,(#4688,#4695),.PCURVE_S1.);
#4684 = LINE('',#4685,#4686);
#4685 = CARTESIAN_POINT('',(-24.75766601562,-11.7,5.772021484375));
#4686 = VECTOR('',#4687,1.);
#4687 = DIRECTION('',(-0.,1.,-0.));
#4688 = PCURVE('',#718,#4689);
#4689 = DEFINITIONAL_REPRESENTATION('',(#4690),#4694);
#4690 = LINE('',#4691,#4692);
#4691 = CARTESIAN_POINT('',(2.9736328125,0.));
#4692 = VECTOR('',#4693,1.);
#4693 = DIRECTION('',(0.,-1.));
#4694 = ( GEOMETRIC_REPRESENTATION_CONTEXT(2) 
PARAMETRIC_REPRESENTATION_CONTEXT() REPRESENTATION_CONTEXT('2D SPACE',''
  ) );
#4695 = PCURVE('',#692,#4696);
#4696 = DEFINITIONAL_REPRESENTATION('',(#4697),#4701);
#4697 = LINE('',#4698,#4699);
#4698 = CARTESIAN_POINT('',(0.,0.));
#4699 = VECTOR('',#4700,1.);
#4700 = DIRECTION('',(0.,-1.));
#4701 = ( GEOMETRIC_REPRESENTATION_CONTEXT(2) 
PARAMETRIC_REPRESENTATION_CONTEXT() REPRESENTATION_CONTEXT('2D SPACE',''
  ) );
#4702 = ORIENTED_EDGE('',*,*,#704,.F.);
#4703 = ADVANCED_FACE('',(#4704),#580,.T.);
#4704 = FACE_BOUND('',#4705,.T.);
#4705 = EDGE_LOOP('',(#4706,#4729,#4750,#4751));
#4706 = ORIENTED_EDGE('',*,*,#4707,.T.);
#4707 = EDGE_CURVE('',#565,#4708,#4710,.T.);
#4708 = VERTEX_POINT('',#4709);
#4709 = CARTESIAN_POINT('',(-22.97543945312,-11.2,5.772021484375));
#4710 = SURFACE_CURVE('',#4711,(#4715,#4722),.PCURVE_S1.);
#4711 = LINE('',#4712,#4713);
#4712 = CARTESIAN_POINT('',(-22.97543945312,-11.7,5.772021484375));
#4713 = VECTOR('',#4714,1.);
#4714 = DIRECTION('',(-0.,1.,-0.));
#4715 = PCURVE('',#580,#4716);
#4716 = DEFINITIONAL_REPRESENTATION('',(#4717),#4721);
#4717 = LINE('',#4718,#4719);
#4718 = CARTESIAN_POINT('',(0.,0.));
#4719 = VECTOR('',#4720,1.);
#4720 = DIRECTION('',(0.,-1.));
#4721 = ( GEOMETRIC_REPRESENTATION_CONTEXT(2) 
PARAMETRIC_REPRESENTATION_CONTEXT() REPRESENTATION_CONTEXT('2D SPACE',''
  ) );
#4722 = PCURVE('',#608,#4723);
#4723 = DEFINITIONAL_REPRESENTATION('',(#4724),#4728);
#4724 = LINE('',#4725,#4726);
#4725 = CARTESIAN_POINT('',(0.60546875,0.));
#4726 = VECTOR('',#4727,1.);
#4727 = DIRECTION('',(0.,-1.));
#4728 = ( GEOMETRIC_REPRESENTATION_CONTEXT(2) 
PARAMETRIC_REPRESENTATION_CONTEXT() REPRESENTATION_CONTEXT('2D SPACE',''
  ) );
#4729 = ORIENTED_EDGE('',*,*,#4730,.T.);
#4730 = EDGE_CURVE('',#4708,#4610,#4731,.T.);
#4731 = SURFACE_CURVE('',#4732,(#4736,#4743),.PCURVE_S1.);
#4732 = LINE('',#4733,#4734);
#4733 = CARTESIAN_POINT('',(-22.97543945312,-11.2,5.772021484375));
#4734 = VECTOR('',#4735,1.);
#4735 = DIRECTION('',(-1.,0.,0.));
#4736 = PCURVE('',#580,#4737);
#4737 = DEFINITIONAL_REPRESENTATION('',(#4738),#4742);
#4738 = LINE('',#4739,#4740);
#4739 = CARTESIAN_POINT('',(0.,-0.5));
#4740 = VECTOR('',#4741,1.);
#4741 = DIRECTION('',(1.,0.));
#4742 = ( GEOMETRIC_REPRESENTATION_CONTEXT(2) 
PARAMETRIC_REPRESENTATION_CONTEXT() REPRESENTATION_CONTEXT('2D SPACE',''
  ) );
#4743 = PCURVE('',#4572,#4744);
#4744 = DEFINITIONAL_REPRESENTATION('',(#4745),#4749);
#4745 = LINE('',#4746,#4747);
#4746 = CARTESIAN_POINT('',(2.95166015625,2.9736328125));
#4747 = VECTOR('',#4748,1.);
#4748 = DIRECTION('',(-1.,0.));
#4749 = ( GEOMETRIC_REPRESENTATION_CONTEXT(2) 
PARAMETRIC_REPRESENTATION_CONTEXT() REPRESENTATION_CONTEXT('2D SPACE',''
  ) );
#4750 = ORIENTED_EDGE('',*,*,#4609,.F.);
#4751 = ORIENTED_EDGE('',*,*,#564,.F.);
#4752 = ADVANCED_FACE('',(#4753),#692,.T.);
#4753 = FACE_BOUND('',#4754,.T.);
#4754 = EDGE_LOOP('',(#4755,#4756,#4779,#4800));
#4755 = ORIENTED_EDGE('',*,*,#4682,.T.);
#4756 = ORIENTED_EDGE('',*,*,#4757,.T.);
#4757 = EDGE_CURVE('',#4660,#4758,#4760,.T.);
#4758 = VERTEX_POINT('',#4759);
#4759 = CARTESIAN_POINT('',(-25.81967773437,-11.2,5.772021484375));
#4760 = SURFACE_CURVE('',#4761,(#4765,#4772),.PCURVE_S1.);
#4761 = LINE('',#4762,#4763);
#4762 = CARTESIAN_POINT('',(-24.75766601562,-11.2,5.772021484375));
#4763 = VECTOR('',#4764,1.);
#4764 = DIRECTION('',(-1.,0.,0.));
#4765 = PCURVE('',#692,#4766);
#4766 = DEFINITIONAL_REPRESENTATION('',(#4767),#4771);
#4767 = LINE('',#4768,#4769);
#4768 = CARTESIAN_POINT('',(0.,-0.5));
#4769 = VECTOR('',#4770,1.);
#4770 = DIRECTION('',(1.,0.));
#4771 = ( GEOMETRIC_REPRESENTATION_CONTEXT(2) 
PARAMETRIC_REPRESENTATION_CONTEXT() REPRESENTATION_CONTEXT('2D SPACE',''
  ) );
#4772 = PCURVE('',#4572,#4773);
#4773 = DEFINITIONAL_REPRESENTATION('',(#4774),#4778);
#4774 = LINE('',#4775,#4776);
#4775 = CARTESIAN_POINT('',(1.16943359375,2.9736328125));
#4776 = VECTOR('',#4777,1.);
#4777 = DIRECTION('',(-1.,0.));
#4778 = ( GEOMETRIC_REPRESENTATION_CONTEXT(2) 
PARAMETRIC_REPRESENTATION_CONTEXT() REPRESENTATION_CONTEXT('2D SPACE',''
  ) );
#4779 = ORIENTED_EDGE('',*,*,#4780,.F.);
#4780 = EDGE_CURVE('',#649,#4758,#4781,.T.);
#4781 = SURFACE_CURVE('',#4782,(#4786,#4793),.PCURVE_S1.);
#4782 = LINE('',#4783,#4784);
#4783 = CARTESIAN_POINT('',(-25.81967773437,-11.7,5.772021484375));
#4784 = VECTOR('',#4785,1.);
#4785 = DIRECTION('',(-0.,1.,-0.));
#4786 = PCURVE('',#692,#4787);
#4787 = DEFINITIONAL_REPRESENTATION('',(#4788),#4792);
#4788 = LINE('',#4789,#4790);
#4789 = CARTESIAN_POINT('',(1.06201171875,0.));
#4790 = VECTOR('',#4791,1.);
#4791 = DIRECTION('',(0.,-1.));
#4792 = ( GEOMETRIC_REPRESENTATION_CONTEXT(2) 
PARAMETRIC_REPRESENTATION_CONTEXT() REPRESENTATION_CONTEXT('2D SPACE',''
  ) );
#4793 = PCURVE('',#664,#4794);
#4794 = DEFINITIONAL_REPRESENTATION('',(#4795),#4799);
#4795 = LINE('',#4796,#4797);
#4796 = CARTESIAN_POINT('',(0.,0.));
#4797 = VECTOR('',#4798,1.);
#4798 = DIRECTION('',(0.,-1.));
#4799 = ( GEOMETRIC_REPRESENTATION_CONTEXT(2) 
PARAMETRIC_REPRESENTATION_CONTEXT() REPRESENTATION_CONTEXT('2D SPACE',''
  ) );
#4800 = ORIENTED_EDGE('',*,*,#676,.F.);
#4801 = ADVANCED_FACE('',(#4802),#608,.T.);
#4802 = FACE_BOUND('',#4803,.T.);
#4803 = EDGE_LOOP('',(#4804,#4827,#4848,#4849));
#4804 = ORIENTED_EDGE('',*,*,#4805,.T.);
#4805 = EDGE_CURVE('',#593,#4806,#4808,.T.);
#4806 = VERTEX_POINT('',#4807);
#4807 = CARTESIAN_POINT('',(-22.97543945312,-11.2,6.377490234375));
#4808 = SURFACE_CURVE('',#4809,(#4813,#4820),.PCURVE_S1.);
#4809 = LINE('',#4810,#4811);
#4810 = CARTESIAN_POINT('',(-22.97543945312,-11.7,6.377490234375));
#4811 = VECTOR('',#4812,1.);
#4812 = DIRECTION('',(-0.,1.,-0.));
#4813 = PCURVE('',#608,#4814);
#4814 = DEFINITIONAL_REPRESENTATION('',(#4815),#4819);
#4815 = LINE('',#4816,#4817);
#4816 = CARTESIAN_POINT('',(0.,0.));
#4817 = VECTOR('',#4818,1.);
#4818 = DIRECTION('',(0.,-1.));
#4819 = ( GEOMETRIC_REPRESENTATION_CONTEXT(2) 
PARAMETRIC_REPRESENTATION_CONTEXT() REPRESENTATION_CONTEXT('2D SPACE',''
  ) );
#4820 = PCURVE('',#636,#4821);
#4821 = DEFINITIONAL_REPRESENTATION('',(#4822),#4826);
#4822 = LINE('',#4823,#4824);
#4823 = CARTESIAN_POINT('',(2.84423828125,0.));
#4824 = VECTOR('',#4825,1.);
#4825 = DIRECTION('',(0.,-1.));
#4826 = ( GEOMETRIC_REPRESENTATION_CONTEXT(2) 
PARAMETRIC_REPRESENTATION_CONTEXT() REPRESENTATION_CONTEXT('2D SPACE',''
  ) );
#4827 = ORIENTED_EDGE('',*,*,#4828,.T.);
#4828 = EDGE_CURVE('',#4806,#4708,#4829,.T.);
#4829 = SURFACE_CURVE('',#4830,(#4834,#4841),.PCURVE_S1.);
#4830 = LINE('',#4831,#4832);
#4831 = CARTESIAN_POINT('',(-22.97543945312,-11.2,6.377490234375));
#4832 = VECTOR('',#4833,1.);
#4833 = DIRECTION('',(0.,0.,-1.));
#4834 = PCURVE('',#608,#4835);
#4835 = DEFINITIONAL_REPRESENTATION('',(#4836),#4840);
#4836 = LINE('',#4837,#4838);
#4837 = CARTESIAN_POINT('',(0.,-0.5));
#4838 = VECTOR('',#4839,1.);
#4839 = DIRECTION('',(1.,0.));
#4840 = ( GEOMETRIC_REPRESENTATION_CONTEXT(2) 
PARAMETRIC_REPRESENTATION_CONTEXT() REPRESENTATION_CONTEXT('2D SPACE',''
  ) );
#4841 = PCURVE('',#4572,#4842);
#4842 = DEFINITIONAL_REPRESENTATION('',(#4843),#4847);
#4843 = LINE('',#4844,#4845);
#4844 = CARTESIAN_POINT('',(2.95166015625,3.5791015625));
#4845 = VECTOR('',#4846,1.);
#4846 = DIRECTION('',(0.,-1.));
#4847 = ( GEOMETRIC_REPRESENTATION_CONTEXT(2) 
PARAMETRIC_REPRESENTATION_CONTEXT() REPRESENTATION_CONTEXT('2D SPACE',''
  ) );
#4848 = ORIENTED_EDGE('',*,*,#4707,.F.);
#4849 = ORIENTED_EDGE('',*,*,#592,.F.);
#4850 = ADVANCED_FACE('',(#4851),#664,.T.);
#4851 = FACE_BOUND('',#4852,.T.);
#4852 = EDGE_LOOP('',(#4853,#4854,#4877,#4898));
#4853 = ORIENTED_EDGE('',*,*,#4780,.T.);
#4854 = ORIENTED_EDGE('',*,*,#4855,.T.);
#4855 = EDGE_CURVE('',#4758,#4856,#4858,.T.);
#4856 = VERTEX_POINT('',#4857);
#4857 = CARTESIAN_POINT('',(-25.81967773437,-11.2,6.377490234375));
#4858 = SURFACE_CURVE('',#4859,(#4863,#4870),.PCURVE_S1.);
#4859 = LINE('',#4860,#4861);
#4860 = CARTESIAN_POINT('',(-25.81967773437,-11.2,5.772021484375));
#4861 = VECTOR('',#4862,1.);
#4862 = DIRECTION('',(0.,0.,1.));
#4863 = PCURVE('',#664,#4864);
#4864 = DEFINITIONAL_REPRESENTATION('',(#4865),#4869);
#4865 = LINE('',#4866,#4867);
#4866 = CARTESIAN_POINT('',(0.,-0.5));
#4867 = VECTOR('',#4868,1.);
#4868 = DIRECTION('',(1.,0.));
#4869 = ( GEOMETRIC_REPRESENTATION_CONTEXT(2) 
PARAMETRIC_REPRESENTATION_CONTEXT() REPRESENTATION_CONTEXT('2D SPACE',''
  ) );
#4870 = PCURVE('',#4572,#4871);
#4871 = DEFINITIONAL_REPRESENTATION('',(#4872),#4876);
#4872 = LINE('',#4873,#4874);
#4873 = CARTESIAN_POINT('',(0.107421875,2.9736328125));
#4874 = VECTOR('',#4875,1.);
#4875 = DIRECTION('',(0.,1.));
#4876 = ( GEOMETRIC_REPRESENTATION_CONTEXT(2) 
PARAMETRIC_REPRESENTATION_CONTEXT() REPRESENTATION_CONTEXT('2D SPACE',''
  ) );
#4877 = ORIENTED_EDGE('',*,*,#4878,.F.);
#4878 = EDGE_CURVE('',#621,#4856,#4879,.T.);
#4879 = SURFACE_CURVE('',#4880,(#4884,#4891),.PCURVE_S1.);
#4880 = LINE('',#4881,#4882);
#4881 = CARTESIAN_POINT('',(-25.81967773437,-11.7,6.377490234375));
#4882 = VECTOR('',#4883,1.);
#4883 = DIRECTION('',(-0.,1.,-0.));
#4884 = PCURVE('',#664,#4885);
#4885 = DEFINITIONAL_REPRESENTATION('',(#4886),#4890);
#4886 = LINE('',#4887,#4888);
#4887 = CARTESIAN_POINT('',(0.60546875,0.));
#4888 = VECTOR('',#4889,1.);
#4889 = DIRECTION('',(0.,-1.));
#4890 = ( GEOMETRIC_REPRESENTATION_CONTEXT(2) 
PARAMETRIC_REPRESENTATION_CONTEXT() REPRESENTATION_CONTEXT('2D SPACE',''
  ) );
#4891 = PCURVE('',#636,#4892);
#4892 = DEFINITIONAL_REPRESENTATION('',(#4893),#4897);
#4893 = LINE('',#4894,#4895);
#4894 = CARTESIAN_POINT('',(0.,0.));
#4895 = VECTOR('',#4896,1.);
#4896 = DIRECTION('',(0.,-1.));
#4897 = ( GEOMETRIC_REPRESENTATION_CONTEXT(2) 
PARAMETRIC_REPRESENTATION_CONTEXT() REPRESENTATION_CONTEXT('2D SPACE',''
  ) );
#4898 = ORIENTED_EDGE('',*,*,#648,.F.);
#4899 = ADVANCED_FACE('',(#4900),#636,.T.);
#4900 = FACE_BOUND('',#4901,.T.);
#4901 = EDGE_LOOP('',(#4902,#4903,#4924,#4925));
#4902 = ORIENTED_EDGE('',*,*,#4878,.T.);
#4903 = ORIENTED_EDGE('',*,*,#4904,.T.);
#4904 = EDGE_CURVE('',#4856,#4806,#4905,.T.);
#4905 = SURFACE_CURVE('',#4906,(#4910,#4917),.PCURVE_S1.);
#4906 = LINE('',#4907,#4908);
#4907 = CARTESIAN_POINT('',(-25.81967773437,-11.2,6.377490234375));
#4908 = VECTOR('',#4909,1.);
#4909 = DIRECTION('',(1.,0.,0.));
#4910 = PCURVE('',#636,#4911);
#4911 = DEFINITIONAL_REPRESENTATION('',(#4912),#4916);
#4912 = LINE('',#4913,#4914);
#4913 = CARTESIAN_POINT('',(0.,-0.5));
#4914 = VECTOR('',#4915,1.);
#4915 = DIRECTION('',(1.,0.));
#4916 = ( GEOMETRIC_REPRESENTATION_CONTEXT(2) 
PARAMETRIC_REPRESENTATION_CONTEXT() REPRESENTATION_CONTEXT('2D SPACE',''
  ) );
#4917 = PCURVE('',#4572,#4918);
#4918 = DEFINITIONAL_REPRESENTATION('',(#4919),#4923);
#4919 = LINE('',#4920,#4921);
#4920 = CARTESIAN_POINT('',(0.107421875,3.5791015625));
#4921 = VECTOR('',#4922,1.);
#4922 = DIRECTION('',(1.,0.));
#4923 = ( GEOMETRIC_REPRESENTATION_CONTEXT(2) 
PARAMETRIC_REPRESENTATION_CONTEXT() REPRESENTATION_CONTEXT('2D SPACE',''
  ) );
#4924 = ORIENTED_EDGE('',*,*,#4805,.F.);
#4925 = ORIENTED_EDGE('',*,*,#620,.F.);
#4926 = ADVANCED_FACE('',(#4927),#750,.T.);
#4927 = FACE_BOUND('',#4928,.T.);
#4928 = EDGE_LOOP('',(#4929,#4952,#4980,#5001));
#4929 = ORIENTED_EDGE('',*,*,#4930,.T.);
#4930 = EDGE_CURVE('',#733,#4931,#4933,.T.);
#4931 = VERTEX_POINT('',#4932);
#4932 = CARTESIAN_POINT('',(-12.90434570312,-11.2,2.798388671875));
#4933 = SURFACE_CURVE('',#4934,(#4938,#4945),.PCURVE_S1.);
#4934 = LINE('',#4935,#4936);
#4935 = CARTESIAN_POINT('',(-12.90434570312,-11.7,2.798388671875));
#4936 = VECTOR('',#4937,1.);
#4937 = DIRECTION('',(-0.,1.,-0.));
#4938 = PCURVE('',#750,#4939);
#4939 = DEFINITIONAL_REPRESENTATION('',(#4940),#4944);
#4940 = LINE('',#4941,#4942);
#4941 = CARTESIAN_POINT('',(0.,0.));
#4942 = VECTOR('',#4943,1.);
#4943 = DIRECTION('',(0.,-1.));
#4944 = ( GEOMETRIC_REPRESENTATION_CONTEXT(2) 
PARAMETRIC_REPRESENTATION_CONTEXT() REPRESENTATION_CONTEXT('2D SPACE',''
  ) );
#4945 = PCURVE('',#778,#4946);
#4946 = DEFINITIONAL_REPRESENTATION('',(#4947),#4951);
#4947 = LINE('',#4948,#4949);
#4948 = CARTESIAN_POINT('',(2.768491175762,0.));
#4949 = VECTOR('',#4950,1.);
#4950 = DIRECTION('',(0.,-1.));
#4951 = ( GEOMETRIC_REPRESENTATION_CONTEXT(2) 
PARAMETRIC_REPRESENTATION_CONTEXT() REPRESENTATION_CONTEXT('2D SPACE',''
  ) );
#4952 = ORIENTED_EDGE('',*,*,#4953,.T.);
#4953 = EDGE_CURVE('',#4931,#4954,#4956,.T.);
#4954 = VERTEX_POINT('',#4955);
#4955 = CARTESIAN_POINT('',(-13.68803710937,-11.2,2.798388671875));
#4956 = SURFACE_CURVE('',#4957,(#4961,#4968),.PCURVE_S1.);
#4957 = LINE('',#4958,#4959);
#4958 = CARTESIAN_POINT('',(-12.90434570312,-11.2,2.798388671875));
#4959 = VECTOR('',#4960,1.);
#4960 = DIRECTION('',(-1.,0.,0.));
#4961 = PCURVE('',#750,#4962);
#4962 = DEFINITIONAL_REPRESENTATION('',(#4963),#4967);
#4963 = LINE('',#4964,#4965);
#4964 = CARTESIAN_POINT('',(0.,-0.5));
#4965 = VECTOR('',#4966,1.);
#4966 = DIRECTION('',(1.,0.));
#4967 = ( GEOMETRIC_REPRESENTATION_CONTEXT(2) 
PARAMETRIC_REPRESENTATION_CONTEXT() REPRESENTATION_CONTEXT('2D SPACE',''
  ) );
#4968 = PCURVE('',#4969,#4974);
#4969 = PLANE('',#4970);
#4970 = AXIS2_PLACEMENT_3D('',#4971,#4972,#4973);
#4971 = CARTESIAN_POINT('',(-14.55961914062,-11.2,2.798388671875));
#4972 = DIRECTION('',(0.,-1.,0.));
#4973 = DIRECTION('',(1.,0.,0.));
#4974 = DEFINITIONAL_REPRESENTATION('',(#4975),#4979);
#4975 = LINE('',#4976,#4977);
#4976 = CARTESIAN_POINT('',(1.6552734375,0.));
#4977 = VECTOR('',#4978,1.);
#4978 = DIRECTION('',(-1.,0.));
#4979 = ( GEOMETRIC_REPRESENTATION_CONTEXT(2) 
PARAMETRIC_REPRESENTATION_CONTEXT() REPRESENTATION_CONTEXT('2D SPACE',''
  ) );
#4980 = ORIENTED_EDGE('',*,*,#4981,.F.);
#4981 = EDGE_CURVE('',#735,#4954,#4982,.T.);
#4982 = SURFACE_CURVE('',#4983,(#4987,#4994),.PCURVE_S1.);
#4983 = LINE('',#4984,#4985);
#4984 = CARTESIAN_POINT('',(-13.68803710937,-11.7,2.798388671875));
#4985 = VECTOR('',#4986,1.);
#4986 = DIRECTION('',(-0.,1.,-0.));
#4987 = PCURVE('',#750,#4988);
#4988 = DEFINITIONAL_REPRESENTATION('',(#4989),#4993);
#4989 = LINE('',#4990,#4991);
#4990 = CARTESIAN_POINT('',(0.78369140625,0.));
#4991 = VECTOR('',#4992,1.);
#4992 = DIRECTION('',(0.,-1.));
#4993 = ( GEOMETRIC_REPRESENTATION_CONTEXT(2) 
PARAMETRIC_REPRESENTATION_CONTEXT() REPRESENTATION_CONTEXT('2D SPACE',''
  ) );
#4994 = PCURVE('',#1084,#4995);
#4995 = DEFINITIONAL_REPRESENTATION('',(#4996),#5000);
#4996 = LINE('',#4997,#4998);
#4997 = CARTESIAN_POINT('',(0.,0.));
#4998 = VECTOR('',#4999,1.);
#4999 = DIRECTION('',(0.,-1.));
#5000 = ( GEOMETRIC_REPRESENTATION_CONTEXT(2) 
PARAMETRIC_REPRESENTATION_CONTEXT() REPRESENTATION_CONTEXT('2D SPACE',''
  ) );
#5001 = ORIENTED_EDGE('',*,*,#732,.F.);
#5002 = ADVANCED_FACE('',(#5003),#778,.T.);
#5003 = FACE_BOUND('',#5004,.T.);
#5004 = EDGE_LOOP('',(#5005,#5028,#5049,#5050));
#5005 = ORIENTED_EDGE('',*,*,#5006,.T.);
#5006 = EDGE_CURVE('',#763,#5007,#5009,.T.);
#5007 = VERTEX_POINT('',#5008);
#5008 = CARTESIAN_POINT('',(-12.19389648437,-11.2,5.474169921875));
#5009 = SURFACE_CURVE('',#5010,(#5014,#5021),.PCURVE_S1.);
#5010 = LINE('',#5011,#5012);
#5011 = CARTESIAN_POINT('',(-12.19389648437,-11.7,5.474169921875));
#5012 = VECTOR('',#5013,1.);
#5013 = DIRECTION('',(-0.,1.,-0.));
#5014 = PCURVE('',#778,#5015);
#5015 = DEFINITIONAL_REPRESENTATION('',(#5016),#5020);
#5016 = LINE('',#5017,#5018);
#5017 = CARTESIAN_POINT('',(0.,0.));
#5018 = VECTOR('',#5019,1.);
#5019 = DIRECTION('',(0.,-1.));
#5020 = ( GEOMETRIC_REPRESENTATION_CONTEXT(2) 
PARAMETRIC_REPRESENTATION_CONTEXT() REPRESENTATION_CONTEXT('2D SPACE',''
  ) );
#5021 = PCURVE('',#806,#5022);
#5022 = DEFINITIONAL_REPRESENTATION('',(#5023),#5027);
#5023 = LINE('',#5024,#5025);
#5024 = CARTESIAN_POINT('',(2.769118693929,0.));
#5025 = VECTOR('',#5026,1.);
#5026 = DIRECTION('',(0.,-1.));
#5027 = ( GEOMETRIC_REPRESENTATION_CONTEXT(2) 
PARAMETRIC_REPRESENTATION_CONTEXT() REPRESENTATION_CONTEXT('2D SPACE',''
  ) );
#5028 = ORIENTED_EDGE('',*,*,#5029,.T.);
#5029 = EDGE_CURVE('',#5007,#4931,#5030,.T.);
#5030 = SURFACE_CURVE('',#5031,(#5035,#5042),.PCURVE_S1.);
#5031 = LINE('',#5032,#5033);
#5032 = CARTESIAN_POINT('',(-12.19389648437,-11.2,5.474169921875));
#5033 = VECTOR('',#5034,1.);
#5034 = DIRECTION('',(-0.25661964357,-0.,-0.966512472001));
#5035 = PCURVE('',#778,#5036);
#5036 = DEFINITIONAL_REPRESENTATION('',(#5037),#5041);
#5037 = LINE('',#5038,#5039);
#5038 = CARTESIAN_POINT('',(0.,-0.5));
#5039 = VECTOR('',#5040,1.);
#5040 = DIRECTION('',(1.,0.));
#5041 = ( GEOMETRIC_REPRESENTATION_CONTEXT(2) 
PARAMETRIC_REPRESENTATION_CONTEXT() REPRESENTATION_CONTEXT('2D SPACE',''
  ) );
#5042 = PCURVE('',#4969,#5043);
#5043 = DEFINITIONAL_REPRESENTATION('',(#5044),#5048);
#5044 = LINE('',#5045,#5046);
#5045 = CARTESIAN_POINT('',(2.36572265625,2.67578125));
#5046 = VECTOR('',#5047,1.);
#5047 = DIRECTION('',(-0.25661964357,-0.966512472001));
#5048 = ( GEOMETRIC_REPRESENTATION_CONTEXT(2) 
PARAMETRIC_REPRESENTATION_CONTEXT() REPRESENTATION_CONTEXT('2D SPACE',''
  ) );
#5049 = ORIENTED_EDGE('',*,*,#4930,.F.);
#5050 = ORIENTED_EDGE('',*,*,#762,.F.);
#5051 = ADVANCED_FACE('',(#5052),#1084,.T.);
#5052 = FACE_BOUND('',#5053,.T.);
#5053 = EDGE_LOOP('',(#5054,#5055,#5078,#5099));
#5054 = ORIENTED_EDGE('',*,*,#4981,.T.);
#5055 = ORIENTED_EDGE('',*,*,#5056,.T.);
#5056 = EDGE_CURVE('',#4954,#5057,#5059,.T.);
#5057 = VERTEX_POINT('',#5058);
#5058 = CARTESIAN_POINT('',(-14.54252929687,-11.2,6.377490234375));
#5059 = SURFACE_CURVE('',#5060,(#5064,#5071),.PCURVE_S1.);
#5060 = LINE('',#5061,#5062);
#5061 = CARTESIAN_POINT('',(-13.68803710937,-11.2,2.798388671875));
#5062 = VECTOR('',#5063,1.);
#5063 = DIRECTION('',(-0.232218471025,0.,0.972663652922));
#5064 = PCURVE('',#1084,#5065);
#5065 = DEFINITIONAL_REPRESENTATION('',(#5066),#5070);
#5066 = LINE('',#5067,#5068);
#5067 = CARTESIAN_POINT('',(0.,-0.5));
#5068 = VECTOR('',#5069,1.);
#5069 = DIRECTION('',(1.,0.));
#5070 = ( GEOMETRIC_REPRESENTATION_CONTEXT(2) 
PARAMETRIC_REPRESENTATION_CONTEXT() REPRESENTATION_CONTEXT('2D SPACE',''
  ) );
#5071 = PCURVE('',#4969,#5072);
#5072 = DEFINITIONAL_REPRESENTATION('',(#5073),#5077);
#5073 = LINE('',#5074,#5075);
#5074 = CARTESIAN_POINT('',(0.87158203125,0.));
#5075 = VECTOR('',#5076,1.);
#5076 = DIRECTION('',(-0.232218471025,0.972663652922));
#5077 = ( GEOMETRIC_REPRESENTATION_CONTEXT(2) 
PARAMETRIC_REPRESENTATION_CONTEXT() REPRESENTATION_CONTEXT('2D SPACE',''
  ) );
#5078 = ORIENTED_EDGE('',*,*,#5079,.F.);
#5079 = EDGE_CURVE('',#1043,#5057,#5080,.T.);
#5080 = SURFACE_CURVE('',#5081,(#5085,#5092),.PCURVE_S1.);
#5081 = LINE('',#5082,#5083);
#5082 = CARTESIAN_POINT('',(-14.54252929687,-11.7,6.377490234375));
#5083 = VECTOR('',#5084,1.);
#5084 = DIRECTION('',(-0.,1.,-0.));
#5085 = PCURVE('',#1084,#5086);
#5086 = DEFINITIONAL_REPRESENTATION('',(#5087),#5091);
#5087 = LINE('',#5088,#5089);
#5088 = CARTESIAN_POINT('',(3.679690869243,0.));
#5089 = VECTOR('',#5090,1.);
#5090 = DIRECTION('',(0.,-1.));
#5091 = ( GEOMETRIC_REPRESENTATION_CONTEXT(2) 
PARAMETRIC_REPRESENTATION_CONTEXT() REPRESENTATION_CONTEXT('2D SPACE',''
  ) );
#5092 = PCURVE('',#1058,#5093);
#5093 = DEFINITIONAL_REPRESENTATION('',(#5094),#5098);
#5094 = LINE('',#5095,#5096);
#5095 = CARTESIAN_POINT('',(0.,0.));
#5096 = VECTOR('',#5097,1.);
#5097 = DIRECTION('',(0.,-1.));
#5098 = ( GEOMETRIC_REPRESENTATION_CONTEXT(2) 
PARAMETRIC_REPRESENTATION_CONTEXT() REPRESENTATION_CONTEXT('2D SPACE',''
  ) );
#5099 = ORIENTED_EDGE('',*,*,#1070,.F.);
#5100 = ADVANCED_FACE('',(#5101),#806,.T.);
#5101 = FACE_BOUND('',#5102,.T.);
#5102 = EDGE_LOOP('',(#5103,#5126,#5147,#5148));
#5103 = ORIENTED_EDGE('',*,*,#5104,.T.);
#5104 = EDGE_CURVE('',#791,#5105,#5107,.T.);
#5105 = VERTEX_POINT('',#5106);
#5106 = CARTESIAN_POINT('',(-11.48100585937,-11.2,2.798388671875));
#5107 = SURFACE_CURVE('',#5108,(#5112,#5119),.PCURVE_S1.);
#5108 = LINE('',#5109,#5110);
#5109 = CARTESIAN_POINT('',(-11.48100585937,-11.7,2.798388671875));
#5110 = VECTOR('',#5111,1.);
#5111 = DIRECTION('',(-0.,1.,-0.));
#5112 = PCURVE('',#806,#5113);
#5113 = DEFINITIONAL_REPRESENTATION('',(#5114),#5118);
#5114 = LINE('',#5115,#5116);
#5115 = CARTESIAN_POINT('',(0.,0.));
#5116 = VECTOR('',#5117,1.);
#5117 = DIRECTION('',(0.,-1.));
#5118 = ( GEOMETRIC_REPRESENTATION_CONTEXT(2) 
PARAMETRIC_REPRESENTATION_CONTEXT() REPRESENTATION_CONTEXT('2D SPACE',''
  ) );
#5119 = PCURVE('',#834,#5120);
#5120 = DEFINITIONAL_REPRESENTATION('',(#5121),#5125);
#5121 = LINE('',#5122,#5123);
#5122 = CARTESIAN_POINT('',(0.7666015625,0.));
#5123 = VECTOR('',#5124,1.);
#5124 = DIRECTION('',(0.,-1.));
#5125 = ( GEOMETRIC_REPRESENTATION_CONTEXT(2) 
PARAMETRIC_REPRESENTATION_CONTEXT() REPRESENTATION_CONTEXT('2D SPACE',''
  ) );
#5126 = ORIENTED_EDGE('',*,*,#5127,.T.);
#5127 = EDGE_CURVE('',#5105,#5007,#5128,.T.);
#5128 = SURFACE_CURVE('',#5129,(#5133,#5140),.PCURVE_S1.);
#5129 = LINE('',#5130,#5131);
#5130 = CARTESIAN_POINT('',(-11.48100585937,-11.2,2.798388671875));
#5131 = VECTOR('',#5132,1.);
#5132 = DIRECTION('',(-0.25744314484,0.,0.966293447755));
#5133 = PCURVE('',#806,#5134);
#5134 = DEFINITIONAL_REPRESENTATION('',(#5135),#5139);
#5135 = LINE('',#5136,#5137);
#5136 = CARTESIAN_POINT('',(0.,-0.5));
#5137 = VECTOR('',#5138,1.);
#5138 = DIRECTION('',(1.,0.));
#5139 = ( GEOMETRIC_REPRESENTATION_CONTEXT(2) 
PARAMETRIC_REPRESENTATION_CONTEXT() REPRESENTATION_CONTEXT('2D SPACE',''
  ) );
#5140 = PCURVE('',#4969,#5141);
#5141 = DEFINITIONAL_REPRESENTATION('',(#5142),#5146);
#5142 = LINE('',#5143,#5144);
#5143 = CARTESIAN_POINT('',(3.07861328125,0.));
#5144 = VECTOR('',#5145,1.);
#5145 = DIRECTION('',(-0.25744314484,0.966293447755));
#5146 = ( GEOMETRIC_REPRESENTATION_CONTEXT(2) 
PARAMETRIC_REPRESENTATION_CONTEXT() REPRESENTATION_CONTEXT('2D SPACE',''
  ) );
#5147 = ORIENTED_EDGE('',*,*,#5006,.F.);
#5148 = ORIENTED_EDGE('',*,*,#790,.F.);
#5149 = ADVANCED_FACE('',(#5150),#1058,.T.);
#5150 = FACE_BOUND('',#5151,.T.);
#5151 = EDGE_LOOP('',(#5152,#5153,#5176,#5197));
#5152 = ORIENTED_EDGE('',*,*,#5079,.T.);
#5153 = ORIENTED_EDGE('',*,*,#5154,.T.);
#5154 = EDGE_CURVE('',#5057,#5155,#5157,.T.);
#5155 = VERTEX_POINT('',#5156);
#5156 = CARTESIAN_POINT('',(-13.80278320312,-11.2,6.377490234375));
#5157 = SURFACE_CURVE('',#5158,(#5162,#5169),.PCURVE_S1.);
#5158 = LINE('',#5159,#5160);
#5159 = CARTESIAN_POINT('',(-14.54252929687,-11.2,6.377490234375));
#5160 = VECTOR('',#5161,1.);
#5161 = DIRECTION('',(1.,0.,0.));
#5162 = PCURVE('',#1058,#5163);
#5163 = DEFINITIONAL_REPRESENTATION('',(#5164),#5168);
#5164 = LINE('',#5165,#5166);
#5165 = CARTESIAN_POINT('',(0.,-0.5));
#5166 = VECTOR('',#5167,1.);
#5167 = DIRECTION('',(1.,0.));
#5168 = ( GEOMETRIC_REPRESENTATION_CONTEXT(2) 
PARAMETRIC_REPRESENTATION_CONTEXT() REPRESENTATION_CONTEXT('2D SPACE',''
  ) );
#5169 = PCURVE('',#4969,#5170);
#5170 = DEFINITIONAL_REPRESENTATION('',(#5171),#5175);
#5171 = LINE('',#5172,#5173);
#5172 = CARTESIAN_POINT('',(1.708984375E-02,3.5791015625));
#5173 = VECTOR('',#5174,1.);
#5174 = DIRECTION('',(1.,0.));
#5175 = ( GEOMETRIC_REPRESENTATION_CONTEXT(2) 
PARAMETRIC_REPRESENTATION_CONTEXT() REPRESENTATION_CONTEXT('2D SPACE',''
  ) );
#5176 = ORIENTED_EDGE('',*,*,#5177,.F.);
#5177 = EDGE_CURVE('',#1015,#5155,#5178,.T.);
#5178 = SURFACE_CURVE('',#5179,(#5183,#5190),.PCURVE_S1.);
#5179 = LINE('',#5180,#5181);
#5180 = CARTESIAN_POINT('',(-13.80278320312,-11.7,6.377490234375));
#5181 = VECTOR('',#5182,1.);
#5182 = DIRECTION('',(-0.,1.,-0.));
#5183 = PCURVE('',#1058,#5184);
#5184 = DEFINITIONAL_REPRESENTATION('',(#5185),#5189);
#5185 = LINE('',#5186,#5187);
#5186 = CARTESIAN_POINT('',(0.73974609375,0.));
#5187 = VECTOR('',#5188,1.);
#5188 = DIRECTION('',(0.,-1.));
#5189 = ( GEOMETRIC_REPRESENTATION_CONTEXT(2) 
PARAMETRIC_REPRESENTATION_CONTEXT() REPRESENTATION_CONTEXT('2D SPACE',''
  ) );
#5190 = PCURVE('',#1030,#5191);
#5191 = DEFINITIONAL_REPRESENTATION('',(#5192),#5196);
#5192 = LINE('',#5193,#5194);
#5193 = CARTESIAN_POINT('',(0.,0.));
#5194 = VECTOR('',#5195,1.);
#5195 = DIRECTION('',(0.,-1.));
#5196 = ( GEOMETRIC_REPRESENTATION_CONTEXT(2) 
PARAMETRIC_REPRESENTATION_CONTEXT() REPRESENTATION_CONTEXT('2D SPACE',''
  ) );
#5197 = ORIENTED_EDGE('',*,*,#1042,.F.);
#5198 = ADVANCED_FACE('',(#5199),#834,.T.);
#5199 = FACE_BOUND('',#5200,.T.);
#5200 = EDGE_LOOP('',(#5201,#5224,#5245,#5246));
#5201 = ORIENTED_EDGE('',*,*,#5202,.T.);
#5202 = EDGE_CURVE('',#819,#5203,#5205,.T.);
#5203 = VERTEX_POINT('',#5204);
#5204 = CARTESIAN_POINT('',(-10.71440429687,-11.2,2.798388671875));
#5205 = SURFACE_CURVE('',#5206,(#5210,#5217),.PCURVE_S1.);
#5206 = LINE('',#5207,#5208);
#5207 = CARTESIAN_POINT('',(-10.71440429687,-11.7,2.798388671875));
#5208 = VECTOR('',#5209,1.);
#5209 = DIRECTION('',(-0.,1.,-0.));
#5210 = PCURVE('',#834,#5211);
#5211 = DEFINITIONAL_REPRESENTATION('',(#5212),#5216);
#5212 = LINE('',#5213,#5214);
#5213 = CARTESIAN_POINT('',(0.,0.));
#5214 = VECTOR('',#5215,1.);
#5215 = DIRECTION('',(0.,-1.));
#5216 = ( GEOMETRIC_REPRESENTATION_CONTEXT(2) 
PARAMETRIC_REPRESENTATION_CONTEXT() REPRESENTATION_CONTEXT('2D SPACE',''
  ) );
#5217 = PCURVE('',#862,#5218);
#5218 = DEFINITIONAL_REPRESENTATION('',(#5219),#5223);
#5219 = LINE('',#5220,#5221);
#5220 = CARTESIAN_POINT('',(3.683120066019,0.));
#5221 = VECTOR('',#5222,1.);
#5222 = DIRECTION('',(0.,-1.));
#5223 = ( GEOMETRIC_REPRESENTATION_CONTEXT(2) 
PARAMETRIC_REPRESENTATION_CONTEXT() REPRESENTATION_CONTEXT('2D SPACE',''
  ) );
#5224 = ORIENTED_EDGE('',*,*,#5225,.T.);
#5225 = EDGE_CURVE('',#5203,#5105,#5226,.T.);
#5226 = SURFACE_CURVE('',#5227,(#5231,#5238),.PCURVE_S1.);
#5227 = LINE('',#5228,#5229);
#5228 = CARTESIAN_POINT('',(-10.71440429687,-11.2,2.798388671875));
#5229 = VECTOR('',#5230,1.);
#5230 = DIRECTION('',(-1.,0.,0.));
#5231 = PCURVE('',#834,#5232);
#5232 = DEFINITIONAL_REPRESENTATION('',(#5233),#5237);
#5233 = LINE('',#5234,#5235);
#5234 = CARTESIAN_POINT('',(0.,-0.5));
#5235 = VECTOR('',#5236,1.);
#5236 = DIRECTION('',(1.,0.));
#5237 = ( GEOMETRIC_REPRESENTATION_CONTEXT(2) 
PARAMETRIC_REPRESENTATION_CONTEXT() REPRESENTATION_CONTEXT('2D SPACE',''
  ) );
#5238 = PCURVE('',#4969,#5239);
#5239 = DEFINITIONAL_REPRESENTATION('',(#5240),#5244);
#5240 = LINE('',#5241,#5242);
#5241 = CARTESIAN_POINT('',(3.84521484375,0.));
#5242 = VECTOR('',#5243,1.);
#5243 = DIRECTION('',(-1.,0.));
#5244 = ( GEOMETRIC_REPRESENTATION_CONTEXT(2) 
PARAMETRIC_REPRESENTATION_CONTEXT() REPRESENTATION_CONTEXT('2D SPACE',''
  ) );
#5245 = ORIENTED_EDGE('',*,*,#5104,.F.);
#5246 = ORIENTED_EDGE('',*,*,#818,.F.);
#5247 = ADVANCED_FACE('',(#5248),#1030,.T.);
#5248 = FACE_BOUND('',#5249,.T.);
#5249 = EDGE_LOOP('',(#5250,#5251,#5274,#5295));
#5250 = ORIENTED_EDGE('',*,*,#5177,.T.);
#5251 = ORIENTED_EDGE('',*,*,#5252,.T.);
#5252 = EDGE_CURVE('',#5155,#5253,#5255,.T.);
#5253 = VERTEX_POINT('',#5254);
#5254 = CARTESIAN_POINT('',(-13.26323242187,-11.2,3.918994140625));
#5255 = SURFACE_CURVE('',#5256,(#5260,#5267),.PCURVE_S1.);
#5256 = LINE('',#5257,#5258);
#5257 = CARTESIAN_POINT('',(-13.80278320312,-11.2,6.377490234375));
#5258 = VECTOR('',#5259,1.);
#5259 = DIRECTION('',(0.214362154382,0.,-0.97675425096));
#5260 = PCURVE('',#1030,#5261);
#5261 = DEFINITIONAL_REPRESENTATION('',(#5262),#5266);
#5262 = LINE('',#5263,#5264);
#5263 = CARTESIAN_POINT('',(0.,-0.5));
#5264 = VECTOR('',#5265,1.);
#5265 = DIRECTION('',(1.,0.));
#5266 = ( GEOMETRIC_REPRESENTATION_CONTEXT(2) 
PARAMETRIC_REPRESENTATION_CONTEXT() REPRESENTATION_CONTEXT('2D SPACE',''
  ) );
#5267 = PCURVE('',#4969,#5268);
#5268 = DEFINITIONAL_REPRESENTATION('',(#5269),#5273);
#5269 = LINE('',#5270,#5271);
#5270 = CARTESIAN_POINT('',(0.7568359375,3.5791015625));
#5271 = VECTOR('',#5272,1.);
#5272 = DIRECTION('',(0.214362154382,-0.97675425096));
#5273 = ( GEOMETRIC_REPRESENTATION_CONTEXT(2) 
PARAMETRIC_REPRESENTATION_CONTEXT() REPRESENTATION_CONTEXT('2D SPACE',''
  ) );
#5274 = ORIENTED_EDGE('',*,*,#5275,.F.);
#5275 = EDGE_CURVE('',#987,#5253,#5276,.T.);
#5276 = SURFACE_CURVE('',#5277,(#5281,#5288),.PCURVE_S1.);
#5277 = LINE('',#5278,#5279);
#5278 = CARTESIAN_POINT('',(-13.26323242187,-11.7,3.918994140625));
#5279 = VECTOR('',#5280,1.);
#5280 = DIRECTION('',(-0.,1.,-0.));
#5281 = PCURVE('',#1030,#5282);
#5282 = DEFINITIONAL_REPRESENTATION('',(#5283),#5287);
#5283 = LINE('',#5284,#5285);
#5284 = CARTESIAN_POINT('',(2.517005778406,0.));
#5285 = VECTOR('',#5286,1.);
#5286 = DIRECTION('',(0.,-1.));
#5287 = ( GEOMETRIC_REPRESENTATION_CONTEXT(2) 
PARAMETRIC_REPRESENTATION_CONTEXT() REPRESENTATION_CONTEXT('2D SPACE',''
  ) );
#5288 = PCURVE('',#1002,#5289);
#5289 = DEFINITIONAL_REPRESENTATION('',(#5290),#5294);
#5290 = LINE('',#5291,#5292);
#5291 = CARTESIAN_POINT('',(0.,0.));
#5292 = VECTOR('',#5293,1.);
#5293 = DIRECTION('',(0.,-1.));
#5294 = ( GEOMETRIC_REPRESENTATION_CONTEXT(2) 
PARAMETRIC_REPRESENTATION_CONTEXT() REPRESENTATION_CONTEXT('2D SPACE',''
  ) );
#5295 = ORIENTED_EDGE('',*,*,#1014,.F.);
#5296 = ADVANCED_FACE('',(#5297),#862,.T.);
#5297 = FACE_BOUND('',#5298,.T.);
#5298 = EDGE_LOOP('',(#5299,#5322,#5343,#5344));
#5299 = ORIENTED_EDGE('',*,*,#5300,.T.);
#5300 = EDGE_CURVE('',#847,#5301,#5303,.T.);
#5301 = VERTEX_POINT('',#5302);
#5302 = CARTESIAN_POINT('',(-9.845263671875,-11.2,6.377490234375));
#5303 = SURFACE_CURVE('',#5304,(#5308,#5315),.PCURVE_S1.);
#5304 = LINE('',#5305,#5306);
#5305 = CARTESIAN_POINT('',(-9.845263671875,-11.7,6.377490234375));
#5306 = VECTOR('',#5307,1.);
#5307 = DIRECTION('',(-0.,1.,-0.));
#5308 = PCURVE('',#862,#5309);
#5309 = DEFINITIONAL_REPRESENTATION('',(#5310),#5314);
#5310 = LINE('',#5311,#5312);
#5311 = CARTESIAN_POINT('',(0.,0.));
#5312 = VECTOR('',#5313,1.);
#5313 = DIRECTION('',(0.,-1.));
#5314 = ( GEOMETRIC_REPRESENTATION_CONTEXT(2) 
PARAMETRIC_REPRESENTATION_CONTEXT() REPRESENTATION_CONTEXT('2D SPACE',''
  ) );
#5315 = PCURVE('',#890,#5316);
#5316 = DEFINITIONAL_REPRESENTATION('',(#5317),#5321);
#5317 = LINE('',#5318,#5319);
#5318 = CARTESIAN_POINT('',(0.7275390625,0.));
#5319 = VECTOR('',#5320,1.);
#5320 = DIRECTION('',(0.,-1.));
#5321 = ( GEOMETRIC_REPRESENTATION_CONTEXT(2) 
PARAMETRIC_REPRESENTATION_CONTEXT() REPRESENTATION_CONTEXT('2D SPACE',''
  ) );
#5322 = ORIENTED_EDGE('',*,*,#5323,.T.);
#5323 = EDGE_CURVE('',#5301,#5203,#5324,.T.);
#5324 = SURFACE_CURVE('',#5325,(#5329,#5336),.PCURVE_S1.);
#5325 = LINE('',#5326,#5327);
#5326 = CARTESIAN_POINT('',(-9.845263671875,-11.2,6.377490234375));
#5327 = VECTOR('',#5328,1.);
#5328 = DIRECTION('',(-0.235979443901,-0.,-0.971758047076));
#5329 = PCURVE('',#862,#5330);
#5330 = DEFINITIONAL_REPRESENTATION('',(#5331),#5335);
#5331 = LINE('',#5332,#5333);
#5332 = CARTESIAN_POINT('',(0.,-0.5));
#5333 = VECTOR('',#5334,1.);
#5334 = DIRECTION('',(1.,0.));
#5335 = ( GEOMETRIC_REPRESENTATION_CONTEXT(2) 
PARAMETRIC_REPRESENTATION_CONTEXT() REPRESENTATION_CONTEXT('2D SPACE',''
  ) );
#5336 = PCURVE('',#4969,#5337);
#5337 = DEFINITIONAL_REPRESENTATION('',(#5338),#5342);
#5338 = LINE('',#5339,#5340);
#5339 = CARTESIAN_POINT('',(4.71435546875,3.5791015625));
#5340 = VECTOR('',#5341,1.);
#5341 = DIRECTION('',(-0.235979443901,-0.971758047076));
#5342 = ( GEOMETRIC_REPRESENTATION_CONTEXT(2) 
PARAMETRIC_REPRESENTATION_CONTEXT() REPRESENTATION_CONTEXT('2D SPACE',''
  ) );
#5343 = ORIENTED_EDGE('',*,*,#5202,.F.);
#5344 = ORIENTED_EDGE('',*,*,#846,.F.);
#5345 = ADVANCED_FACE('',(#5346),#1002,.T.);
#5346 = FACE_BOUND('',#5347,.T.);
#5347 = EDGE_LOOP('',(#5348,#5349,#5372,#5393));
#5348 = ORIENTED_EDGE('',*,*,#5275,.T.);
#5349 = ORIENTED_EDGE('',*,*,#5350,.T.);
#5350 = EDGE_CURVE('',#5253,#5351,#5353,.T.);
#5351 = VERTEX_POINT('',#5352);
#5352 = CARTESIAN_POINT('',(-12.60893554687,-11.2,6.377490234375));
#5353 = SURFACE_CURVE('',#5354,(#5358,#5365),.PCURVE_S1.);
#5354 = LINE('',#5355,#5356);
#5355 = CARTESIAN_POINT('',(-13.26323242187,-11.2,3.918994140625));
#5356 = VECTOR('',#5357,1.);
#5357 = DIRECTION('',(0.257184787653,0.,0.966362243157));
#5358 = PCURVE('',#1002,#5359);
#5359 = DEFINITIONAL_REPRESENTATION('',(#5360),#5364);
#5360 = LINE('',#5361,#5362);
#5361 = CARTESIAN_POINT('',(0.,-0.5));
#5362 = VECTOR('',#5363,1.);
#5363 = DIRECTION('',(1.,0.));
#5364 = ( GEOMETRIC_REPRESENTATION_CONTEXT(2) 
PARAMETRIC_REPRESENTATION_CONTEXT() REPRESENTATION_CONTEXT('2D SPACE',''
  ) );
#5365 = PCURVE('',#4969,#5366);
#5366 = DEFINITIONAL_REPRESENTATION('',(#5367),#5371);
#5367 = LINE('',#5368,#5369);
#5368 = CARTESIAN_POINT('',(1.29638671875,1.12060546875));
#5369 = VECTOR('',#5370,1.);
#5370 = DIRECTION('',(0.257184787653,0.966362243157));
#5371 = ( GEOMETRIC_REPRESENTATION_CONTEXT(2) 
PARAMETRIC_REPRESENTATION_CONTEXT() REPRESENTATION_CONTEXT('2D SPACE',''
  ) );
#5372 = ORIENTED_EDGE('',*,*,#5373,.F.);
#5373 = EDGE_CURVE('',#959,#5351,#5374,.T.);
#5374 = SURFACE_CURVE('',#5375,(#5379,#5386),.PCURVE_S1.);
#5375 = LINE('',#5376,#5377);
#5376 = CARTESIAN_POINT('',(-12.60893554687,-11.7,6.377490234375));
#5377 = VECTOR('',#5378,1.);
#5378 = DIRECTION('',(-0.,1.,-0.));
#5379 = PCURVE('',#1002,#5380);
#5380 = DEFINITIONAL_REPRESENTATION('',(#5381),#5385);
#5381 = LINE('',#5382,#5383);
#5382 = CARTESIAN_POINT('',(2.544073002808,0.));
#5383 = VECTOR('',#5384,1.);
#5384 = DIRECTION('',(0.,-1.));
#5385 = ( GEOMETRIC_REPRESENTATION_CONTEXT(2) 
PARAMETRIC_REPRESENTATION_CONTEXT() REPRESENTATION_CONTEXT('2D SPACE',''
  ) );
#5386 = PCURVE('',#974,#5387);
#5387 = DEFINITIONAL_REPRESENTATION('',(#5388),#5392);
#5388 = LINE('',#5389,#5390);
#5389 = CARTESIAN_POINT('',(0.,0.));
#5390 = VECTOR('',#5391,1.);
#5391 = DIRECTION('',(0.,-1.));
#5392 = ( GEOMETRIC_REPRESENTATION_CONTEXT(2) 
PARAMETRIC_REPRESENTATION_CONTEXT() REPRESENTATION_CONTEXT('2D SPACE',''
  ) );
#5393 = ORIENTED_EDGE('',*,*,#986,.F.);
#5394 = ADVANCED_FACE('',(#5395),#890,.T.);
#5395 = FACE_BOUND('',#5396,.T.);
#5396 = EDGE_LOOP('',(#5397,#5420,#5441,#5442));
#5397 = ORIENTED_EDGE('',*,*,#5398,.T.);
#5398 = EDGE_CURVE('',#875,#5399,#5401,.T.);
#5399 = VERTEX_POINT('',#5400);
#5400 = CARTESIAN_POINT('',(-10.57280273437,-11.2,6.377490234375));
#5401 = SURFACE_CURVE('',#5402,(#5406,#5413),.PCURVE_S1.);
#5402 = LINE('',#5403,#5404);
#5403 = CARTESIAN_POINT('',(-10.57280273437,-11.7,6.377490234375));
#5404 = VECTOR('',#5405,1.);
#5405 = DIRECTION('',(-0.,1.,-0.));
#5406 = PCURVE('',#890,#5407);
#5407 = DEFINITIONAL_REPRESENTATION('',(#5408),#5412);
#5408 = LINE('',#5409,#5410);
#5409 = CARTESIAN_POINT('',(0.,0.));
#5410 = VECTOR('',#5411,1.);
#5411 = DIRECTION('',(0.,-1.));
#5412 = ( GEOMETRIC_REPRESENTATION_CONTEXT(2) 
PARAMETRIC_REPRESENTATION_CONTEXT() REPRESENTATION_CONTEXT('2D SPACE',''
  ) );
#5413 = PCURVE('',#918,#5414);
#5414 = DEFINITIONAL_REPRESENTATION('',(#5415),#5419);
#5415 = LINE('',#5416,#5417);
#5416 = CARTESIAN_POINT('',(2.559638356131,0.));
#5417 = VECTOR('',#5418,1.);
#5418 = DIRECTION('',(0.,-1.));
#5419 = ( GEOMETRIC_REPRESENTATION_CONTEXT(2) 
PARAMETRIC_REPRESENTATION_CONTEXT() REPRESENTATION_CONTEXT('2D SPACE',''
  ) );
#5420 = ORIENTED_EDGE('',*,*,#5421,.T.);
#5421 = EDGE_CURVE('',#5399,#5301,#5422,.T.);
#5422 = SURFACE_CURVE('',#5423,(#5427,#5434),.PCURVE_S1.);
#5423 = LINE('',#5424,#5425);
#5424 = CARTESIAN_POINT('',(-10.57280273437,-11.2,6.377490234375));
#5425 = VECTOR('',#5426,1.);
#5426 = DIRECTION('',(1.,0.,0.));
#5427 = PCURVE('',#890,#5428);
#5428 = DEFINITIONAL_REPRESENTATION('',(#5429),#5433);
#5429 = LINE('',#5430,#5431);
#5430 = CARTESIAN_POINT('',(0.,-0.5));
#5431 = VECTOR('',#5432,1.);
#5432 = DIRECTION('',(1.,0.));
#5433 = ( GEOMETRIC_REPRESENTATION_CONTEXT(2) 
PARAMETRIC_REPRESENTATION_CONTEXT() REPRESENTATION_CONTEXT('2D SPACE',''
  ) );
#5434 = PCURVE('',#4969,#5435);
#5435 = DEFINITIONAL_REPRESENTATION('',(#5436),#5440);
#5436 = LINE('',#5437,#5438);
#5437 = CARTESIAN_POINT('',(3.98681640625,3.5791015625));
#5438 = VECTOR('',#5439,1.);
#5439 = DIRECTION('',(1.,0.));
#5440 = ( GEOMETRIC_REPRESENTATION_CONTEXT(2) 
PARAMETRIC_REPRESENTATION_CONTEXT() REPRESENTATION_CONTEXT('2D SPACE',''
  ) );
#5441 = ORIENTED_EDGE('',*,*,#5300,.F.);
#5442 = ORIENTED_EDGE('',*,*,#874,.F.);
#5443 = ADVANCED_FACE('',(#5444),#974,.T.);
#5444 = FACE_BOUND('',#5445,.T.);
#5445 = EDGE_LOOP('',(#5446,#5447,#5470,#5491));
#5446 = ORIENTED_EDGE('',*,*,#5373,.T.);
#5447 = ORIENTED_EDGE('',*,*,#5448,.T.);
#5448 = EDGE_CURVE('',#5351,#5449,#5451,.T.);
#5449 = VERTEX_POINT('',#5450);
#5450 = CARTESIAN_POINT('',(-11.74956054687,-11.2,6.377490234375));
#5451 = SURFACE_CURVE('',#5452,(#5456,#5463),.PCURVE_S1.);
#5452 = LINE('',#5453,#5454);
#5453 = CARTESIAN_POINT('',(-12.60893554687,-11.2,6.377490234375));
#5454 = VECTOR('',#5455,1.);
#5455 = DIRECTION('',(1.,0.,0.));
#5456 = PCURVE('',#974,#5457);
#5457 = DEFINITIONAL_REPRESENTATION('',(#5458),#5462);
#5458 = LINE('',#5459,#5460);
#5459 = CARTESIAN_POINT('',(0.,-0.5));
#5460 = VECTOR('',#5461,1.);
#5461 = DIRECTION('',(1.,0.));
#5462 = ( GEOMETRIC_REPRESENTATION_CONTEXT(2) 
PARAMETRIC_REPRESENTATION_CONTEXT() REPRESENTATION_CONTEXT('2D SPACE',''
  ) );
#5463 = PCURVE('',#4969,#5464);
#5464 = DEFINITIONAL_REPRESENTATION('',(#5465),#5469);
#5465 = LINE('',#5466,#5467);
#5466 = CARTESIAN_POINT('',(1.95068359375,3.5791015625));
#5467 = VECTOR('',#5468,1.);
#5468 = DIRECTION('',(1.,0.));
#5469 = ( GEOMETRIC_REPRESENTATION_CONTEXT(2) 
PARAMETRIC_REPRESENTATION_CONTEXT() REPRESENTATION_CONTEXT('2D SPACE',''
  ) );
#5470 = ORIENTED_EDGE('',*,*,#5471,.F.);
#5471 = EDGE_CURVE('',#931,#5449,#5472,.T.);
#5472 = SURFACE_CURVE('',#5473,(#5477,#5484),.PCURVE_S1.);
#5473 = LINE('',#5474,#5475);
#5474 = CARTESIAN_POINT('',(-11.74956054687,-11.7,6.377490234375));
#5475 = VECTOR('',#5476,1.);
#5476 = DIRECTION('',(-0.,1.,-0.));
#5477 = PCURVE('',#974,#5478);
#5478 = DEFINITIONAL_REPRESENTATION('',(#5479),#5483);
#5479 = LINE('',#5480,#5481);
#5480 = CARTESIAN_POINT('',(0.859375,0.));
#5481 = VECTOR('',#5482,1.);
#5482 = DIRECTION('',(0.,-1.));
#5483 = ( GEOMETRIC_REPRESENTATION_CONTEXT(2) 
PARAMETRIC_REPRESENTATION_CONTEXT() REPRESENTATION_CONTEXT('2D SPACE',''
  ) );
#5484 = PCURVE('',#946,#5485);
#5485 = DEFINITIONAL_REPRESENTATION('',(#5486),#5490);
#5486 = LINE('',#5487,#5488);
#5487 = CARTESIAN_POINT('',(0.,0.));
#5488 = VECTOR('',#5489,1.);
#5489 = DIRECTION('',(0.,-1.));
#5490 = ( GEOMETRIC_REPRESENTATION_CONTEXT(2) 
PARAMETRIC_REPRESENTATION_CONTEXT() REPRESENTATION_CONTEXT('2D SPACE',''
  ) );
#5491 = ORIENTED_EDGE('',*,*,#958,.F.);
#5492 = ADVANCED_FACE('',(#5493),#918,.T.);
#5493 = FACE_BOUND('',#5494,.T.);
#5494 = EDGE_LOOP('',(#5495,#5518,#5539,#5540));
#5495 = ORIENTED_EDGE('',*,*,#5496,.T.);
#5496 = EDGE_CURVE('',#903,#5497,#5499,.T.);
#5497 = VERTEX_POINT('',#5498);
#5498 = CARTESIAN_POINT('',(-11.12211914062,-11.2,3.877490234375));
#5499 = SURFACE_CURVE('',#5500,(#5504,#5511),.PCURVE_S1.);
#5500 = LINE('',#5501,#5502);
#5501 = CARTESIAN_POINT('',(-11.12211914062,-11.7,3.877490234375));
#5502 = VECTOR('',#5503,1.);
#5503 = DIRECTION('',(-0.,1.,-0.));
#5504 = PCURVE('',#918,#5505);
#5505 = DEFINITIONAL_REPRESENTATION('',(#5506),#5510);
#5506 = LINE('',#5507,#5508);
#5507 = CARTESIAN_POINT('',(0.,0.));
#5508 = VECTOR('',#5509,1.);
#5509 = DIRECTION('',(0.,-1.));
#5510 = ( GEOMETRIC_REPRESENTATION_CONTEXT(2) 
PARAMETRIC_REPRESENTATION_CONTEXT() REPRESENTATION_CONTEXT('2D SPACE',''
  ) );
#5511 = PCURVE('',#946,#5512);
#5512 = DEFINITIONAL_REPRESENTATION('',(#5513),#5517);
#5513 = LINE('',#5514,#5515);
#5514 = CARTESIAN_POINT('',(2.577534232222,0.));
#5515 = VECTOR('',#5516,1.);
#5516 = DIRECTION('',(0.,-1.));
#5517 = ( GEOMETRIC_REPRESENTATION_CONTEXT(2) 
PARAMETRIC_REPRESENTATION_CONTEXT() REPRESENTATION_CONTEXT('2D SPACE',''
  ) );
#5518 = ORIENTED_EDGE('',*,*,#5519,.T.);
#5519 = EDGE_CURVE('',#5497,#5399,#5520,.T.);
#5520 = SURFACE_CURVE('',#5521,(#5525,#5532),.PCURVE_S1.);
#5521 = LINE('',#5522,#5523);
#5522 = CARTESIAN_POINT('',(-11.12211914062,-11.2,3.877490234375));
#5523 = VECTOR('',#5524,1.);
#5524 = DIRECTION('',(0.214607038113,0.,0.976700475679));
#5525 = PCURVE('',#918,#5526);
#5526 = DEFINITIONAL_REPRESENTATION('',(#5527),#5531);
#5527 = LINE('',#5528,#5529);
#5528 = CARTESIAN_POINT('',(0.,-0.5));
#5529 = VECTOR('',#5530,1.);
#5530 = DIRECTION('',(1.,0.));
#5531 = ( GEOMETRIC_REPRESENTATION_CONTEXT(2) 
PARAMETRIC_REPRESENTATION_CONTEXT() REPRESENTATION_CONTEXT('2D SPACE',''
  ) );
#5532 = PCURVE('',#4969,#5533);
#5533 = DEFINITIONAL_REPRESENTATION('',(#5534),#5538);
#5534 = LINE('',#5535,#5536);
#5535 = CARTESIAN_POINT('',(3.4375,1.0791015625));
#5536 = VECTOR('',#5537,1.);
#5537 = DIRECTION('',(0.214607038113,0.976700475679));
#5538 = ( GEOMETRIC_REPRESENTATION_CONTEXT(2) 
PARAMETRIC_REPRESENTATION_CONTEXT() REPRESENTATION_CONTEXT('2D SPACE',''
  ) );
#5539 = ORIENTED_EDGE('',*,*,#5398,.F.);
#5540 = ORIENTED_EDGE('',*,*,#902,.F.);
#5541 = ADVANCED_FACE('',(#5542),#946,.T.);
#5542 = FACE_BOUND('',#5543,.T.);
#5543 = EDGE_LOOP('',(#5544,#5545,#5566,#5567));
#5544 = ORIENTED_EDGE('',*,*,#5471,.T.);
#5545 = ORIENTED_EDGE('',*,*,#5546,.T.);
#5546 = EDGE_CURVE('',#5449,#5497,#5547,.T.);
#5547 = SURFACE_CURVE('',#5548,(#5552,#5559),.PCURVE_S1.);
#5548 = LINE('',#5549,#5550);
#5549 = CARTESIAN_POINT('',(-11.74956054687,-11.2,6.377490234375));
#5550 = VECTOR('',#5551,1.);
#5551 = DIRECTION('',(0.243426992513,0.,-0.969919223088));
#5552 = PCURVE('',#946,#5553);
#5553 = DEFINITIONAL_REPRESENTATION('',(#5554),#5558);
#5554 = LINE('',#5555,#5556);
#5555 = CARTESIAN_POINT('',(0.,-0.5));
#5556 = VECTOR('',#5557,1.);
#5557 = DIRECTION('',(1.,0.));
#5558 = ( GEOMETRIC_REPRESENTATION_CONTEXT(2) 
PARAMETRIC_REPRESENTATION_CONTEXT() REPRESENTATION_CONTEXT('2D SPACE',''
  ) );
#5559 = PCURVE('',#4969,#5560);
#5560 = DEFINITIONAL_REPRESENTATION('',(#5561),#5565);
#5561 = LINE('',#5562,#5563);
#5562 = CARTESIAN_POINT('',(2.81005859375,3.5791015625));
#5563 = VECTOR('',#5564,1.);
#5564 = DIRECTION('',(0.243426992513,-0.969919223088));
#5565 = ( GEOMETRIC_REPRESENTATION_CONTEXT(2) 
PARAMETRIC_REPRESENTATION_CONTEXT() REPRESENTATION_CONTEXT('2D SPACE',''
  ) );
#5566 = ORIENTED_EDGE('',*,*,#5496,.F.);
#5567 = ORIENTED_EDGE('',*,*,#930,.F.);
#5568 = ADVANCED_FACE('',(#5569),#1116,.T.);
#5569 = FACE_BOUND('',#5570,.T.);
#5570 = EDGE_LOOP('',(#5571,#5594,#5622,#5643));
#5571 = ORIENTED_EDGE('',*,*,#5572,.T.);
#5572 = EDGE_CURVE('',#1099,#5573,#5575,.T.);
#5573 = VERTEX_POINT('',#5574);
#5574 = CARTESIAN_POINT('',(0.364990234375,-11.2,2.798388671875));
#5575 = SURFACE_CURVE('',#5576,(#5580,#5587),.PCURVE_S1.);
#5576 = LINE('',#5577,#5578);
#5577 = CARTESIAN_POINT('',(0.364990234375,-11.7,2.798388671875));
#5578 = VECTOR('',#5579,1.);
#5579 = DIRECTION('',(-0.,1.,-0.));
#5580 = PCURVE('',#1116,#5581);
#5581 = DEFINITIONAL_REPRESENTATION('',(#5582),#5586);
#5582 = LINE('',#5583,#5584);
#5583 = CARTESIAN_POINT('',(0.,0.));
#5584 = VECTOR('',#5585,1.);
#5585 = DIRECTION('',(0.,-1.));
#5586 = ( GEOMETRIC_REPRESENTATION_CONTEXT(2) 
PARAMETRIC_REPRESENTATION_CONTEXT() REPRESENTATION_CONTEXT('2D SPACE',''
  ) );
#5587 = PCURVE('',#1144,#5588);
#5588 = DEFINITIONAL_REPRESENTATION('',(#5589),#5593);
#5589 = LINE('',#5590,#5591);
#5590 = CARTESIAN_POINT('',(2.9736328125,0.));
#5591 = VECTOR('',#5592,1.);
#5592 = DIRECTION('',(0.,-1.));
#5593 = ( GEOMETRIC_REPRESENTATION_CONTEXT(2) 
PARAMETRIC_REPRESENTATION_CONTEXT() REPRESENTATION_CONTEXT('2D SPACE',''
  ) );
#5594 = ORIENTED_EDGE('',*,*,#5595,.T.);
#5595 = EDGE_CURVE('',#5573,#5596,#5598,.T.);
#5596 = VERTEX_POINT('',#5597);
#5597 = CARTESIAN_POINT('',(-0.357666015625,-11.2,2.798388671875));
#5598 = SURFACE_CURVE('',#5599,(#5603,#5610),.PCURVE_S1.);
#5599 = LINE('',#5600,#5601);
#5600 = CARTESIAN_POINT('',(0.364990234375,-11.2,2.798388671875));
#5601 = VECTOR('',#5602,1.);
#5602 = DIRECTION('',(-1.,0.,0.));
#5603 = PCURVE('',#1116,#5604);
#5604 = DEFINITIONAL_REPRESENTATION('',(#5605),#5609);
#5605 = LINE('',#5606,#5607);
#5606 = CARTESIAN_POINT('',(0.,-0.5));
#5607 = VECTOR('',#5608,1.);
#5608 = DIRECTION('',(1.,0.));
#5609 = ( GEOMETRIC_REPRESENTATION_CONTEXT(2) 
PARAMETRIC_REPRESENTATION_CONTEXT() REPRESENTATION_CONTEXT('2D SPACE',''
  ) );
#5610 = PCURVE('',#5611,#5616);
#5611 = PLANE('',#5612);
#5612 = AXIS2_PLACEMENT_3D('',#5613,#5614,#5615);
#5613 = CARTESIAN_POINT('',(-1.527099609375,-11.2,2.798388671875));
#5614 = DIRECTION('',(0.,-1.,0.));
#5615 = DIRECTION('',(1.,0.,0.));
#5616 = DEFINITIONAL_REPRESENTATION('',(#5617),#5621);
#5617 = LINE('',#5618,#5619);
#5618 = CARTESIAN_POINT('',(1.89208984375,0.));
#5619 = VECTOR('',#5620,1.);
#5620 = DIRECTION('',(-1.,0.));
#5621 = ( GEOMETRIC_REPRESENTATION_CONTEXT(2) 
PARAMETRIC_REPRESENTATION_CONTEXT() REPRESENTATION_CONTEXT('2D SPACE',''
  ) );
#5622 = ORIENTED_EDGE('',*,*,#5623,.F.);
#5623 = EDGE_CURVE('',#1101,#5596,#5624,.T.);
#5624 = SURFACE_CURVE('',#5625,(#5629,#5636),.PCURVE_S1.);
#5625 = LINE('',#5626,#5627);
#5626 = CARTESIAN_POINT('',(-0.357666015625,-11.7,2.798388671875));
#5627 = VECTOR('',#5628,1.);
#5628 = DIRECTION('',(-0.,1.,-0.));
#5629 = PCURVE('',#1116,#5630);
#5630 = DEFINITIONAL_REPRESENTATION('',(#5631),#5635);
#5631 = LINE('',#5632,#5633);
#5632 = CARTESIAN_POINT('',(0.72265625,0.));
#5633 = VECTOR('',#5634,1.);
#5634 = DIRECTION('',(0.,-1.));
#5635 = ( GEOMETRIC_REPRESENTATION_CONTEXT(2) 
PARAMETRIC_REPRESENTATION_CONTEXT() REPRESENTATION_CONTEXT('2D SPACE',''
  ) );
#5636 = PCURVE('',#1310,#5637);
#5637 = DEFINITIONAL_REPRESENTATION('',(#5638),#5642);
#5638 = LINE('',#5639,#5640);
#5639 = CARTESIAN_POINT('',(0.,0.));
#5640 = VECTOR('',#5641,1.);
#5641 = DIRECTION('',(0.,-1.));
#5642 = ( GEOMETRIC_REPRESENTATION_CONTEXT(2) 
PARAMETRIC_REPRESENTATION_CONTEXT() REPRESENTATION_CONTEXT('2D SPACE',''
  ) );
#5643 = ORIENTED_EDGE('',*,*,#1098,.F.);
#5644 = ADVANCED_FACE('',(#5645),#1144,.T.);
#5645 = FACE_BOUND('',#5646,.T.);
#5646 = EDGE_LOOP('',(#5647,#5670,#5691,#5692));
#5647 = ORIENTED_EDGE('',*,*,#5648,.T.);
#5648 = EDGE_CURVE('',#1129,#5649,#5651,.T.);
#5649 = VERTEX_POINT('',#5650);
#5650 = CARTESIAN_POINT('',(0.364990234375,-11.2,5.772021484375));
#5651 = SURFACE_CURVE('',#5652,(#5656,#5663),.PCURVE_S1.);
#5652 = LINE('',#5653,#5654);
#5653 = CARTESIAN_POINT('',(0.364990234375,-11.7,5.772021484375));
#5654 = VECTOR('',#5655,1.);
#5655 = DIRECTION('',(-0.,1.,-0.));
#5656 = PCURVE('',#1144,#5657);
#5657 = DEFINITIONAL_REPRESENTATION('',(#5658),#5662);
#5658 = LINE('',#5659,#5660);
#5659 = CARTESIAN_POINT('',(0.,0.));
#5660 = VECTOR('',#5661,1.);
#5661 = DIRECTION('',(0.,-1.));
#5662 = ( GEOMETRIC_REPRESENTATION_CONTEXT(2) 
PARAMETRIC_REPRESENTATION_CONTEXT() REPRESENTATION_CONTEXT('2D SPACE',''
  ) );
#5663 = PCURVE('',#1172,#5664);
#5664 = DEFINITIONAL_REPRESENTATION('',(#5665),#5669);
#5665 = LINE('',#5666,#5667);
#5666 = CARTESIAN_POINT('',(1.0595703125,0.));
#5667 = VECTOR('',#5668,1.);
#5668 = DIRECTION('',(0.,-1.));
#5669 = ( GEOMETRIC_REPRESENTATION_CONTEXT(2) 
PARAMETRIC_REPRESENTATION_CONTEXT() REPRESENTATION_CONTEXT('2D SPACE',''
  ) );
#5670 = ORIENTED_EDGE('',*,*,#5671,.T.);
#5671 = EDGE_CURVE('',#5649,#5573,#5672,.T.);
#5672 = SURFACE_CURVE('',#5673,(#5677,#5684),.PCURVE_S1.);
#5673 = LINE('',#5674,#5675);
#5674 = CARTESIAN_POINT('',(0.364990234375,-11.2,5.772021484375));
#5675 = VECTOR('',#5676,1.);
#5676 = DIRECTION('',(0.,0.,-1.));
#5677 = PCURVE('',#1144,#5678);
#5678 = DEFINITIONAL_REPRESENTATION('',(#5679),#5683);
#5679 = LINE('',#5680,#5681);
#5680 = CARTESIAN_POINT('',(0.,-0.5));
#5681 = VECTOR('',#5682,1.);
#5682 = DIRECTION('',(1.,0.));
#5683 = ( GEOMETRIC_REPRESENTATION_CONTEXT(2) 
PARAMETRIC_REPRESENTATION_CONTEXT() REPRESENTATION_CONTEXT('2D SPACE',''
  ) );
#5684 = PCURVE('',#5611,#5685);
#5685 = DEFINITIONAL_REPRESENTATION('',(#5686),#5690);
#5686 = LINE('',#5687,#5688);
#5687 = CARTESIAN_POINT('',(1.89208984375,2.9736328125));
#5688 = VECTOR('',#5689,1.);
#5689 = DIRECTION('',(0.,-1.));
#5690 = ( GEOMETRIC_REPRESENTATION_CONTEXT(2) 
PARAMETRIC_REPRESENTATION_CONTEXT() REPRESENTATION_CONTEXT('2D SPACE',''
  ) );
#5691 = ORIENTED_EDGE('',*,*,#5572,.F.);
#5692 = ORIENTED_EDGE('',*,*,#1128,.F.);
#5693 = ADVANCED_FACE('',(#5694),#1310,.T.);
#5694 = FACE_BOUND('',#5695,.T.);
#5695 = EDGE_LOOP('',(#5696,#5697,#5720,#5741));
#5696 = ORIENTED_EDGE('',*,*,#5623,.T.);
#5697 = ORIENTED_EDGE('',*,*,#5698,.T.);
#5698 = EDGE_CURVE('',#5596,#5699,#5701,.T.);
#5699 = VERTEX_POINT('',#5700);
#5700 = CARTESIAN_POINT('',(-0.357666015625,-11.2,5.772021484375));
#5701 = SURFACE_CURVE('',#5702,(#5706,#5713),.PCURVE_S1.);
#5702 = LINE('',#5703,#5704);
#5703 = CARTESIAN_POINT('',(-0.357666015625,-11.2,2.798388671875));
#5704 = VECTOR('',#5705,1.);
#5705 = DIRECTION('',(0.,0.,1.));
#5706 = PCURVE('',#1310,#5707);
#5707 = DEFINITIONAL_REPRESENTATION('',(#5708),#5712);
#5708 = LINE('',#5709,#5710);
#5709 = CARTESIAN_POINT('',(0.,-0.5));
#5710 = VECTOR('',#5711,1.);
#5711 = DIRECTION('',(1.,0.));
#5712 = ( GEOMETRIC_REPRESENTATION_CONTEXT(2) 
PARAMETRIC_REPRESENTATION_CONTEXT() REPRESENTATION_CONTEXT('2D SPACE',''
  ) );
#5713 = PCURVE('',#5611,#5714);
#5714 = DEFINITIONAL_REPRESENTATION('',(#5715),#5719);
#5715 = LINE('',#5716,#5717);
#5716 = CARTESIAN_POINT('',(1.16943359375,0.));
#5717 = VECTOR('',#5718,1.);
#5718 = DIRECTION('',(0.,1.));
#5719 = ( GEOMETRIC_REPRESENTATION_CONTEXT(2) 
PARAMETRIC_REPRESENTATION_CONTEXT() REPRESENTATION_CONTEXT('2D SPACE',''
  ) );
#5720 = ORIENTED_EDGE('',*,*,#5721,.F.);
#5721 = EDGE_CURVE('',#1269,#5699,#5722,.T.);
#5722 = SURFACE_CURVE('',#5723,(#5727,#5734),.PCURVE_S1.);
#5723 = LINE('',#5724,#5725);
#5724 = CARTESIAN_POINT('',(-0.357666015625,-11.7,5.772021484375));
#5725 = VECTOR('',#5726,1.);
#5726 = DIRECTION('',(-0.,1.,-0.));
#5727 = PCURVE('',#1310,#5728);
#5728 = DEFINITIONAL_REPRESENTATION('',(#5729),#5733);
#5729 = LINE('',#5730,#5731);
#5730 = CARTESIAN_POINT('',(2.9736328125,0.));
#5731 = VECTOR('',#5732,1.);
#5732 = DIRECTION('',(0.,-1.));
#5733 = ( GEOMETRIC_REPRESENTATION_CONTEXT(2) 
PARAMETRIC_REPRESENTATION_CONTEXT() REPRESENTATION_CONTEXT('2D SPACE',''
  ) );
#5734 = PCURVE('',#1284,#5735);
#5735 = DEFINITIONAL_REPRESENTATION('',(#5736),#5740);
#5736 = LINE('',#5737,#5738);
#5737 = CARTESIAN_POINT('',(0.,0.));
#5738 = VECTOR('',#5739,1.);
#5739 = DIRECTION('',(0.,-1.));
#5740 = ( GEOMETRIC_REPRESENTATION_CONTEXT(2) 
PARAMETRIC_REPRESENTATION_CONTEXT() REPRESENTATION_CONTEXT('2D SPACE',''
  ) );
#5741 = ORIENTED_EDGE('',*,*,#1296,.F.);
#5742 = ADVANCED_FACE('',(#5743),#1172,.T.);
#5743 = FACE_BOUND('',#5744,.T.);
#5744 = EDGE_LOOP('',(#5745,#5768,#5789,#5790));
#5745 = ORIENTED_EDGE('',*,*,#5746,.T.);
#5746 = EDGE_CURVE('',#1157,#5747,#5749,.T.);
#5747 = VERTEX_POINT('',#5748);
#5748 = CARTESIAN_POINT('',(1.424560546875,-11.2,5.772021484375));
#5749 = SURFACE_CURVE('',#5750,(#5754,#5761),.PCURVE_S1.);
#5750 = LINE('',#5751,#5752);
#5751 = CARTESIAN_POINT('',(1.424560546875,-11.7,5.772021484375));
#5752 = VECTOR('',#5753,1.);
#5753 = DIRECTION('',(-0.,1.,-0.));
#5754 = PCURVE('',#1172,#5755);
#5755 = DEFINITIONAL_REPRESENTATION('',(#5756),#5760);
#5756 = LINE('',#5757,#5758);
#5757 = CARTESIAN_POINT('',(0.,0.));
#5758 = VECTOR('',#5759,1.);
#5759 = DIRECTION('',(0.,-1.));
#5760 = ( GEOMETRIC_REPRESENTATION_CONTEXT(2) 
PARAMETRIC_REPRESENTATION_CONTEXT() REPRESENTATION_CONTEXT('2D SPACE',''
  ) );
#5761 = PCURVE('',#1200,#5762);
#5762 = DEFINITIONAL_REPRESENTATION('',(#5763),#5767);
#5763 = LINE('',#5764,#5765);
#5764 = CARTESIAN_POINT('',(0.60546875,0.));
#5765 = VECTOR('',#5766,1.);
#5766 = DIRECTION('',(0.,-1.));
#5767 = ( GEOMETRIC_REPRESENTATION_CONTEXT(2) 
PARAMETRIC_REPRESENTATION_CONTEXT() REPRESENTATION_CONTEXT('2D SPACE',''
  ) );
#5768 = ORIENTED_EDGE('',*,*,#5769,.T.);
#5769 = EDGE_CURVE('',#5747,#5649,#5770,.T.);
#5770 = SURFACE_CURVE('',#5771,(#5775,#5782),.PCURVE_S1.);
#5771 = LINE('',#5772,#5773);
#5772 = CARTESIAN_POINT('',(1.424560546875,-11.2,5.772021484375));
#5773 = VECTOR('',#5774,1.);
#5774 = DIRECTION('',(-1.,0.,0.));
#5775 = PCURVE('',#1172,#5776);
#5776 = DEFINITIONAL_REPRESENTATION('',(#5777),#5781);
#5777 = LINE('',#5778,#5779);
#5778 = CARTESIAN_POINT('',(0.,-0.5));
#5779 = VECTOR('',#5780,1.);
#5780 = DIRECTION('',(1.,0.));
#5781 = ( GEOMETRIC_REPRESENTATION_CONTEXT(2) 
PARAMETRIC_REPRESENTATION_CONTEXT() REPRESENTATION_CONTEXT('2D SPACE',''
  ) );
#5782 = PCURVE('',#5611,#5783);
#5783 = DEFINITIONAL_REPRESENTATION('',(#5784),#5788);
#5784 = LINE('',#5785,#5786);
#5785 = CARTESIAN_POINT('',(2.95166015625,2.9736328125));
#5786 = VECTOR('',#5787,1.);
#5787 = DIRECTION('',(-1.,0.));
#5788 = ( GEOMETRIC_REPRESENTATION_CONTEXT(2) 
PARAMETRIC_REPRESENTATION_CONTEXT() REPRESENTATION_CONTEXT('2D SPACE',''
  ) );
#5789 = ORIENTED_EDGE('',*,*,#5648,.F.);
#5790 = ORIENTED_EDGE('',*,*,#1156,.F.);
#5791 = ADVANCED_FACE('',(#5792),#1284,.T.);
#5792 = FACE_BOUND('',#5793,.T.);
#5793 = EDGE_LOOP('',(#5794,#5795,#5818,#5839));
#5794 = ORIENTED_EDGE('',*,*,#5721,.T.);
#5795 = ORIENTED_EDGE('',*,*,#5796,.T.);
#5796 = EDGE_CURVE('',#5699,#5797,#5799,.T.);
#5797 = VERTEX_POINT('',#5798);
#5798 = CARTESIAN_POINT('',(-1.419677734375,-11.2,5.772021484375));
#5799 = SURFACE_CURVE('',#5800,(#5804,#5811),.PCURVE_S1.);
#5800 = LINE('',#5801,#5802);
#5801 = CARTESIAN_POINT('',(-0.357666015625,-11.2,5.772021484375));
#5802 = VECTOR('',#5803,1.);
#5803 = DIRECTION('',(-1.,0.,0.));
#5804 = PCURVE('',#1284,#5805);
#5805 = DEFINITIONAL_REPRESENTATION('',(#5806),#5810);
#5806 = LINE('',#5807,#5808);
#5807 = CARTESIAN_POINT('',(0.,-0.5));
#5808 = VECTOR('',#5809,1.);
#5809 = DIRECTION('',(1.,0.));
#5810 = ( GEOMETRIC_REPRESENTATION_CONTEXT(2) 
PARAMETRIC_REPRESENTATION_CONTEXT() REPRESENTATION_CONTEXT('2D SPACE',''
  ) );
#5811 = PCURVE('',#5611,#5812);
#5812 = DEFINITIONAL_REPRESENTATION('',(#5813),#5817);
#5813 = LINE('',#5814,#5815);
#5814 = CARTESIAN_POINT('',(1.16943359375,2.9736328125));
#5815 = VECTOR('',#5816,1.);
#5816 = DIRECTION('',(-1.,0.));
#5817 = ( GEOMETRIC_REPRESENTATION_CONTEXT(2) 
PARAMETRIC_REPRESENTATION_CONTEXT() REPRESENTATION_CONTEXT('2D SPACE',''
  ) );
#5818 = ORIENTED_EDGE('',*,*,#5819,.F.);
#5819 = EDGE_CURVE('',#1241,#5797,#5820,.T.);
#5820 = SURFACE_CURVE('',#5821,(#5825,#5832),.PCURVE_S1.);
#5821 = LINE('',#5822,#5823);
#5822 = CARTESIAN_POINT('',(-1.419677734375,-11.7,5.772021484375));
#5823 = VECTOR('',#5824,1.);
#5824 = DIRECTION('',(-0.,1.,-0.));
#5825 = PCURVE('',#1284,#5826);
#5826 = DEFINITIONAL_REPRESENTATION('',(#5827),#5831);
#5827 = LINE('',#5828,#5829);
#5828 = CARTESIAN_POINT('',(1.06201171875,0.));
#5829 = VECTOR('',#5830,1.);
#5830 = DIRECTION('',(0.,-1.));
#5831 = ( GEOMETRIC_REPRESENTATION_CONTEXT(2) 
PARAMETRIC_REPRESENTATION_CONTEXT() REPRESENTATION_CONTEXT('2D SPACE',''
  ) );
#5832 = PCURVE('',#1256,#5833);
#5833 = DEFINITIONAL_REPRESENTATION('',(#5834),#5838);
#5834 = LINE('',#5835,#5836);
#5835 = CARTESIAN_POINT('',(0.,0.));
#5836 = VECTOR('',#5837,1.);
#5837 = DIRECTION('',(0.,-1.));
#5838 = ( GEOMETRIC_REPRESENTATION_CONTEXT(2) 
PARAMETRIC_REPRESENTATION_CONTEXT() REPRESENTATION_CONTEXT('2D SPACE',''
  ) );
#5839 = ORIENTED_EDGE('',*,*,#1268,.F.);
#5840 = ADVANCED_FACE('',(#5841),#1200,.T.);
#5841 = FACE_BOUND('',#5842,.T.);
#5842 = EDGE_LOOP('',(#5843,#5866,#5887,#5888));
#5843 = ORIENTED_EDGE('',*,*,#5844,.T.);
#5844 = EDGE_CURVE('',#1185,#5845,#5847,.T.);
#5845 = VERTEX_POINT('',#5846);
#5846 = CARTESIAN_POINT('',(1.424560546875,-11.2,6.377490234375));
#5847 = SURFACE_CURVE('',#5848,(#5852,#5859),.PCURVE_S1.);
#5848 = LINE('',#5849,#5850);
#5849 = CARTESIAN_POINT('',(1.424560546875,-11.7,6.377490234375));
#5850 = VECTOR('',#5851,1.);
#5851 = DIRECTION('',(-0.,1.,-0.));
#5852 = PCURVE('',#1200,#5853);
#5853 = DEFINITIONAL_REPRESENTATION('',(#5854),#5858);
#5854 = LINE('',#5855,#5856);
#5855 = CARTESIAN_POINT('',(0.,0.));
#5856 = VECTOR('',#5857,1.);
#5857 = DIRECTION('',(0.,-1.));
#5858 = ( GEOMETRIC_REPRESENTATION_CONTEXT(2) 
PARAMETRIC_REPRESENTATION_CONTEXT() REPRESENTATION_CONTEXT('2D SPACE',''
  ) );
#5859 = PCURVE('',#1228,#5860);
#5860 = DEFINITIONAL_REPRESENTATION('',(#5861),#5865);
#5861 = LINE('',#5862,#5863);
#5862 = CARTESIAN_POINT('',(2.84423828125,0.));
#5863 = VECTOR('',#5864,1.);
#5864 = DIRECTION('',(0.,-1.));
#5865 = ( GEOMETRIC_REPRESENTATION_CONTEXT(2) 
PARAMETRIC_REPRESENTATION_CONTEXT() REPRESENTATION_CONTEXT('2D SPACE',''
  ) );
#5866 = ORIENTED_EDGE('',*,*,#5867,.T.);
#5867 = EDGE_CURVE('',#5845,#5747,#5868,.T.);
#5868 = SURFACE_CURVE('',#5869,(#5873,#5880),.PCURVE_S1.);
#5869 = LINE('',#5870,#5871);
#5870 = CARTESIAN_POINT('',(1.424560546875,-11.2,6.377490234375));
#5871 = VECTOR('',#5872,1.);
#5872 = DIRECTION('',(0.,0.,-1.));
#5873 = PCURVE('',#1200,#5874);
#5874 = DEFINITIONAL_REPRESENTATION('',(#5875),#5879);
#5875 = LINE('',#5876,#5877);
#5876 = CARTESIAN_POINT('',(0.,-0.5));
#5877 = VECTOR('',#5878,1.);
#5878 = DIRECTION('',(1.,0.));
#5879 = ( GEOMETRIC_REPRESENTATION_CONTEXT(2) 
PARAMETRIC_REPRESENTATION_CONTEXT() REPRESENTATION_CONTEXT('2D SPACE',''
  ) );
#5880 = PCURVE('',#5611,#5881);
#5881 = DEFINITIONAL_REPRESENTATION('',(#5882),#5886);
#5882 = LINE('',#5883,#5884);
#5883 = CARTESIAN_POINT('',(2.95166015625,3.5791015625));
#5884 = VECTOR('',#5885,1.);
#5885 = DIRECTION('',(0.,-1.));
#5886 = ( GEOMETRIC_REPRESENTATION_CONTEXT(2) 
PARAMETRIC_REPRESENTATION_CONTEXT() REPRESENTATION_CONTEXT('2D SPACE',''
  ) );
#5887 = ORIENTED_EDGE('',*,*,#5746,.F.);
#5888 = ORIENTED_EDGE('',*,*,#1184,.F.);
#5889 = ADVANCED_FACE('',(#5890),#1256,.T.);
#5890 = FACE_BOUND('',#5891,.T.);
#5891 = EDGE_LOOP('',(#5892,#5893,#5916,#5937));
#5892 = ORIENTED_EDGE('',*,*,#5819,.T.);
#5893 = ORIENTED_EDGE('',*,*,#5894,.T.);
#5894 = EDGE_CURVE('',#5797,#5895,#5897,.T.);
#5895 = VERTEX_POINT('',#5896);
#5896 = CARTESIAN_POINT('',(-1.419677734375,-11.2,6.377490234375));
#5897 = SURFACE_CURVE('',#5898,(#5902,#5909),.PCURVE_S1.);
#5898 = LINE('',#5899,#5900);
#5899 = CARTESIAN_POINT('',(-1.419677734375,-11.2,5.772021484375));
#5900 = VECTOR('',#5901,1.);
#5901 = DIRECTION('',(0.,0.,1.));
#5902 = PCURVE('',#1256,#5903);
#5903 = DEFINITIONAL_REPRESENTATION('',(#5904),#5908);
#5904 = LINE('',#5905,#5906);
#5905 = CARTESIAN_POINT('',(0.,-0.5));
#5906 = VECTOR('',#5907,1.);
#5907 = DIRECTION('',(1.,0.));
#5908 = ( GEOMETRIC_REPRESENTATION_CONTEXT(2) 
PARAMETRIC_REPRESENTATION_CONTEXT() REPRESENTATION_CONTEXT('2D SPACE',''
  ) );
#5909 = PCURVE('',#5611,#5910);
#5910 = DEFINITIONAL_REPRESENTATION('',(#5911),#5915);
#5911 = LINE('',#5912,#5913);
#5912 = CARTESIAN_POINT('',(0.107421875,2.9736328125));
#5913 = VECTOR('',#5914,1.);
#5914 = DIRECTION('',(0.,1.));
#5915 = ( GEOMETRIC_REPRESENTATION_CONTEXT(2) 
PARAMETRIC_REPRESENTATION_CONTEXT() REPRESENTATION_CONTEXT('2D SPACE',''
  ) );
#5916 = ORIENTED_EDGE('',*,*,#5917,.F.);
#5917 = EDGE_CURVE('',#1213,#5895,#5918,.T.);
#5918 = SURFACE_CURVE('',#5919,(#5923,#5930),.PCURVE_S1.);
#5919 = LINE('',#5920,#5921);
#5920 = CARTESIAN_POINT('',(-1.419677734375,-11.7,6.377490234375));
#5921 = VECTOR('',#5922,1.);
#5922 = DIRECTION('',(-0.,1.,-0.));
#5923 = PCURVE('',#1256,#5924);
#5924 = DEFINITIONAL_REPRESENTATION('',(#5925),#5929);
#5925 = LINE('',#5926,#5927);
#5926 = CARTESIAN_POINT('',(0.60546875,0.));
#5927 = VECTOR('',#5928,1.);
#5928 = DIRECTION('',(0.,-1.));
#5929 = ( GEOMETRIC_REPRESENTATION_CONTEXT(2) 
PARAMETRIC_REPRESENTATION_CONTEXT() REPRESENTATION_CONTEXT('2D SPACE',''
  ) );
#5930 = PCURVE('',#1228,#5931);
#5931 = DEFINITIONAL_REPRESENTATION('',(#5932),#5936);
#5932 = LINE('',#5933,#5934);
#5933 = CARTESIAN_POINT('',(0.,0.));
#5934 = VECTOR('',#5935,1.);
#5935 = DIRECTION('',(0.,-1.));
#5936 = ( GEOMETRIC_REPRESENTATION_CONTEXT(2) 
PARAMETRIC_REPRESENTATION_CONTEXT() REPRESENTATION_CONTEXT('2D SPACE',''
  ) );
#5937 = ORIENTED_EDGE('',*,*,#1240,.F.);
#5938 = ADVANCED_FACE('',(#5939),#1228,.T.);
#5939 = FACE_BOUND('',#5940,.T.);
#5940 = EDGE_LOOP('',(#5941,#5942,#5963,#5964));
#5941 = ORIENTED_EDGE('',*,*,#5917,.T.);
#5942 = ORIENTED_EDGE('',*,*,#5943,.T.);
#5943 = EDGE_CURVE('',#5895,#5845,#5944,.T.);
#5944 = SURFACE_CURVE('',#5945,(#5949,#5956),.PCURVE_S1.);
#5945 = LINE('',#5946,#5947);
#5946 = CARTESIAN_POINT('',(-1.419677734375,-11.2,6.377490234375));
#5947 = VECTOR('',#5948,1.);
#5948 = DIRECTION('',(1.,0.,0.));
#5949 = PCURVE('',#1228,#5950);
#5950 = DEFINITIONAL_REPRESENTATION('',(#5951),#5955);
#5951 = LINE('',#5952,#5953);
#5952 = CARTESIAN_POINT('',(0.,-0.5));
#5953 = VECTOR('',#5954,1.);
#5954 = DIRECTION('',(1.,0.));
#5955 = ( GEOMETRIC_REPRESENTATION_CONTEXT(2) 
PARAMETRIC_REPRESENTATION_CONTEXT() REPRESENTATION_CONTEXT('2D SPACE',''
  ) );
#5956 = PCURVE('',#5611,#5957);
#5957 = DEFINITIONAL_REPRESENTATION('',(#5958),#5962);
#5958 = LINE('',#5959,#5960);
#5959 = CARTESIAN_POINT('',(0.107421875,3.5791015625));
#5960 = VECTOR('',#5961,1.);
#5961 = DIRECTION('',(1.,0.));
#5962 = ( GEOMETRIC_REPRESENTATION_CONTEXT(2) 
PARAMETRIC_REPRESENTATION_CONTEXT() REPRESENTATION_CONTEXT('2D SPACE',''
  ) );
#5963 = ORIENTED_EDGE('',*,*,#5844,.F.);
#5964 = ORIENTED_EDGE('',*,*,#1212,.F.);
#5965 = ADVANCED_FACE('',(#5966),#1342,.T.);
#5966 = FACE_BOUND('',#5967,.T.);
#5967 = EDGE_LOOP('',(#5968,#5991,#6019,#6040));
#5968 = ORIENTED_EDGE('',*,*,#5969,.T.);
#5969 = EDGE_CURVE('',#1325,#5970,#5972,.T.);
#5970 = VERTEX_POINT('',#5971);
#5971 = CARTESIAN_POINT('',(11.764208984375,-11.2,2.798388671875));
#5972 = SURFACE_CURVE('',#5973,(#5977,#5984),.PCURVE_S1.);
#5973 = LINE('',#5974,#5975);
#5974 = CARTESIAN_POINT('',(11.764208984375,-11.7,2.798388671875));
#5975 = VECTOR('',#5976,1.);
#5976 = DIRECTION('',(-0.,1.,-0.));
#5977 = PCURVE('',#1342,#5978);
#5978 = DEFINITIONAL_REPRESENTATION('',(#5979),#5983);
#5979 = LINE('',#5980,#5981);
#5980 = CARTESIAN_POINT('',(0.,0.));
#5981 = VECTOR('',#5982,1.);
#5982 = DIRECTION('',(0.,-1.));
#5983 = ( GEOMETRIC_REPRESENTATION_CONTEXT(2) 
PARAMETRIC_REPRESENTATION_CONTEXT() REPRESENTATION_CONTEXT('2D SPACE',''
  ) );
#5984 = PCURVE('',#1370,#5985);
#5985 = DEFINITIONAL_REPRESENTATION('',(#5986),#5990);
#5986 = LINE('',#5987,#5988);
#5987 = CARTESIAN_POINT('',(1.52099609375,0.));
#5988 = VECTOR('',#5989,1.);
#5989 = DIRECTION('',(0.,-1.));
#5990 = ( GEOMETRIC_REPRESENTATION_CONTEXT(2) 
PARAMETRIC_REPRESENTATION_CONTEXT() REPRESENTATION_CONTEXT('2D SPACE',''
  ) );
#5991 = ORIENTED_EDGE('',*,*,#5992,.T.);
#5992 = EDGE_CURVE('',#5970,#5993,#5995,.T.);
#5993 = VERTEX_POINT('',#5994);
#5994 = CARTESIAN_POINT('',(11.041552734375,-11.2,2.798388671875));
#5995 = SURFACE_CURVE('',#5996,(#6000,#6007),.PCURVE_S1.);
#5996 = LINE('',#5997,#5998);
#5997 = CARTESIAN_POINT('',(11.764208984375,-11.2,2.798388671875));
#5998 = VECTOR('',#5999,1.);
#5999 = DIRECTION('',(-1.,0.,0.));
#6000 = PCURVE('',#1342,#6001);
#6001 = DEFINITIONAL_REPRESENTATION('',(#6002),#6006);
#6002 = LINE('',#6003,#6004);
#6003 = CARTESIAN_POINT('',(0.,-0.5));
#6004 = VECTOR('',#6005,1.);
#6005 = DIRECTION('',(1.,0.));
#6006 = ( GEOMETRIC_REPRESENTATION_CONTEXT(2) 
PARAMETRIC_REPRESENTATION_CONTEXT() REPRESENTATION_CONTEXT('2D SPACE',''
  ) );
#6007 = PCURVE('',#6008,#6013);
#6008 = PLANE('',#6009);
#6009 = AXIS2_PLACEMENT_3D('',#6010,#6011,#6012);
#6010 = CARTESIAN_POINT('',(10.672900390625,-11.2,2.798388671875));
#6011 = DIRECTION('',(0.,-1.,0.));
#6012 = DIRECTION('',(1.,0.,0.));
#6013 = DEFINITIONAL_REPRESENTATION('',(#6014),#6018);
#6014 = LINE('',#6015,#6016);
#6015 = CARTESIAN_POINT('',(1.09130859375,0.));
#6016 = VECTOR('',#6017,1.);
#6017 = DIRECTION('',(-1.,0.));
#6018 = ( GEOMETRIC_REPRESENTATION_CONTEXT(2) 
PARAMETRIC_REPRESENTATION_CONTEXT() REPRESENTATION_CONTEXT('2D SPACE',''
  ) );
#6019 = ORIENTED_EDGE('',*,*,#6020,.F.);
#6020 = EDGE_CURVE('',#1327,#5993,#6021,.T.);
#6021 = SURFACE_CURVE('',#6022,(#6026,#6033),.PCURVE_S1.);
#6022 = LINE('',#6023,#6024);
#6023 = CARTESIAN_POINT('',(11.041552734375,-11.7,2.798388671875));
#6024 = VECTOR('',#6025,1.);
#6025 = DIRECTION('',(-0.,1.,-0.));
#6026 = PCURVE('',#1342,#6027);
#6027 = DEFINITIONAL_REPRESENTATION('',(#6028),#6032);
#6028 = LINE('',#6029,#6030);
#6029 = CARTESIAN_POINT('',(0.72265625,0.));
#6030 = VECTOR('',#6031,1.);
#6031 = DIRECTION('',(0.,-1.));
#6032 = ( GEOMETRIC_REPRESENTATION_CONTEXT(2) 
PARAMETRIC_REPRESENTATION_CONTEXT() REPRESENTATION_CONTEXT('2D SPACE',''
  ) );
#6033 = PCURVE('',#1592,#6034);
#6034 = DEFINITIONAL_REPRESENTATION('',(#6035),#6039);
#6035 = LINE('',#6036,#6037);
#6036 = CARTESIAN_POINT('',(0.,0.));
#6037 = VECTOR('',#6038,1.);
#6038 = DIRECTION('',(0.,-1.));
#6039 = ( GEOMETRIC_REPRESENTATION_CONTEXT(2) 
PARAMETRIC_REPRESENTATION_CONTEXT() REPRESENTATION_CONTEXT('2D SPACE',''
  ) );
#6040 = ORIENTED_EDGE('',*,*,#1324,.F.);
#6041 = ADVANCED_FACE('',(#6042),#1370,.T.);
#6042 = FACE_BOUND('',#6043,.T.);
#6043 = EDGE_LOOP('',(#6044,#6067,#6088,#6089));
#6044 = ORIENTED_EDGE('',*,*,#6045,.T.);
#6045 = EDGE_CURVE('',#1355,#6046,#6048,.T.);
#6046 = VERTEX_POINT('',#6047);
#6047 = CARTESIAN_POINT('',(11.764208984375,-11.2,4.319384765625));
#6048 = SURFACE_CURVE('',#6049,(#6053,#6060),.PCURVE_S1.);
#6049 = LINE('',#6050,#6051);
#6050 = CARTESIAN_POINT('',(11.764208984375,-11.7,4.319384765625));
#6051 = VECTOR('',#6052,1.);
#6052 = DIRECTION('',(-0.,1.,-0.));
#6053 = PCURVE('',#1370,#6054);
#6054 = DEFINITIONAL_REPRESENTATION('',(#6055),#6059);
#6055 = LINE('',#6056,#6057);
#6056 = CARTESIAN_POINT('',(0.,0.));
#6057 = VECTOR('',#6058,1.);
#6058 = DIRECTION('',(0.,-1.));
#6059 = ( GEOMETRIC_REPRESENTATION_CONTEXT(2) 
PARAMETRIC_REPRESENTATION_CONTEXT() REPRESENTATION_CONTEXT('2D SPACE',''
  ) );
#6060 = PCURVE('',#1398,#6061);
#6061 = DEFINITIONAL_REPRESENTATION('',(#6062),#6066);
#6062 = LINE('',#6063,#6064);
#6063 = CARTESIAN_POINT('',(1.494140625,0.));
#6064 = VECTOR('',#6065,1.);
#6065 = DIRECTION('',(0.,-1.));
#6066 = ( GEOMETRIC_REPRESENTATION_CONTEXT(2) 
PARAMETRIC_REPRESENTATION_CONTEXT() REPRESENTATION_CONTEXT('2D SPACE',''
  ) );
#6067 = ORIENTED_EDGE('',*,*,#6068,.T.);
#6068 = EDGE_CURVE('',#6046,#5970,#6069,.T.);
#6069 = SURFACE_CURVE('',#6070,(#6074,#6081),.PCURVE_S1.);
#6070 = LINE('',#6071,#6072);
#6071 = CARTESIAN_POINT('',(11.764208984375,-11.2,4.319384765625));
#6072 = VECTOR('',#6073,1.);
#6073 = DIRECTION('',(0.,0.,-1.));
#6074 = PCURVE('',#1370,#6075);
#6075 = DEFINITIONAL_REPRESENTATION('',(#6076),#6080);
#6076 = LINE('',#6077,#6078);
#6077 = CARTESIAN_POINT('',(0.,-0.5));
#6078 = VECTOR('',#6079,1.);
#6079 = DIRECTION('',(1.,0.));
#6080 = ( GEOMETRIC_REPRESENTATION_CONTEXT(2) 
PARAMETRIC_REPRESENTATION_CONTEXT() REPRESENTATION_CONTEXT('2D SPACE',''
  ) );
#6081 = PCURVE('',#6008,#6082);
#6082 = DEFINITIONAL_REPRESENTATION('',(#6083),#6087);
#6083 = LINE('',#6084,#6085);
#6084 = CARTESIAN_POINT('',(1.09130859375,1.52099609375));
#6085 = VECTOR('',#6086,1.);
#6086 = DIRECTION('',(0.,-1.));
#6087 = ( GEOMETRIC_REPRESENTATION_CONTEXT(2) 
PARAMETRIC_REPRESENTATION_CONTEXT() REPRESENTATION_CONTEXT('2D SPACE',''
  ) );
#6088 = ORIENTED_EDGE('',*,*,#5969,.F.);
#6089 = ORIENTED_EDGE('',*,*,#1354,.F.);
#6090 = ADVANCED_FACE('',(#6091),#1592,.T.);
#6091 = FACE_BOUND('',#6092,.T.);
#6092 = EDGE_LOOP('',(#6093,#6094,#6117,#6138));
#6093 = ORIENTED_EDGE('',*,*,#6020,.T.);
#6094 = ORIENTED_EDGE('',*,*,#6095,.T.);
#6095 = EDGE_CURVE('',#5993,#6096,#6098,.T.);
#6096 = VERTEX_POINT('',#6097);
#6097 = CARTESIAN_POINT('',(11.041552734375,-11.2,6.377490234375));
#6098 = SURFACE_CURVE('',#6099,(#6103,#6110),.PCURVE_S1.);
#6099 = LINE('',#6100,#6101);
#6100 = CARTESIAN_POINT('',(11.041552734375,-11.2,2.798388671875));
#6101 = VECTOR('',#6102,1.);
#6102 = DIRECTION('',(0.,0.,1.));
#6103 = PCURVE('',#1592,#6104);
#6104 = DEFINITIONAL_REPRESENTATION('',(#6105),#6109);
#6105 = LINE('',#6106,#6107);
#6106 = CARTESIAN_POINT('',(0.,-0.5));
#6107 = VECTOR('',#6108,1.);
#6108 = DIRECTION('',(1.,0.));
#6109 = ( GEOMETRIC_REPRESENTATION_CONTEXT(2) 
PARAMETRIC_REPRESENTATION_CONTEXT() REPRESENTATION_CONTEXT('2D SPACE',''
  ) );
#6110 = PCURVE('',#6008,#6111);
#6111 = DEFINITIONAL_REPRESENTATION('',(#6112),#6116);
#6112 = LINE('',#6113,#6114);
#6113 = CARTESIAN_POINT('',(0.36865234375,0.));
#6114 = VECTOR('',#6115,1.);
#6115 = DIRECTION('',(0.,1.));
#6116 = ( GEOMETRIC_REPRESENTATION_CONTEXT(2) 
PARAMETRIC_REPRESENTATION_CONTEXT() REPRESENTATION_CONTEXT('2D SPACE',''
  ) );
#6117 = ORIENTED_EDGE('',*,*,#6118,.F.);
#6118 = EDGE_CURVE('',#1551,#6096,#6119,.T.);
#6119 = SURFACE_CURVE('',#6120,(#6124,#6131),.PCURVE_S1.);
#6120 = LINE('',#6121,#6122);
#6121 = CARTESIAN_POINT('',(11.041552734375,-11.7,6.377490234375));
#6122 = VECTOR('',#6123,1.);
#6123 = DIRECTION('',(-0.,1.,-0.));
#6124 = PCURVE('',#1592,#6125);
#6125 = DEFINITIONAL_REPRESENTATION('',(#6126),#6130);
#6126 = LINE('',#6127,#6128);
#6127 = CARTESIAN_POINT('',(3.5791015625,0.));
#6128 = VECTOR('',#6129,1.);
#6129 = DIRECTION('',(0.,-1.));
#6130 = ( GEOMETRIC_REPRESENTATION_CONTEXT(2) 
PARAMETRIC_REPRESENTATION_CONTEXT() REPRESENTATION_CONTEXT('2D SPACE',''
  ) );
#6131 = PCURVE('',#1566,#6132);
#6132 = DEFINITIONAL_REPRESENTATION('',(#6133),#6137);
#6133 = LINE('',#6134,#6135);
#6134 = CARTESIAN_POINT('',(0.,0.));
#6135 = VECTOR('',#6136,1.);
#6136 = DIRECTION('',(0.,-1.));
#6137 = ( GEOMETRIC_REPRESENTATION_CONTEXT(2) 
PARAMETRIC_REPRESENTATION_CONTEXT() REPRESENTATION_CONTEXT('2D SPACE',''
  ) );
#6138 = ORIENTED_EDGE('',*,*,#1578,.F.);
#6139 = ADVANCED_FACE('',(#6140),#1398,.T.);
#6140 = FACE_BOUND('',#6141,.T.);
#6141 = EDGE_LOOP('',(#6142,#6165,#6186,#6187));
#6142 = ORIENTED_EDGE('',*,*,#6143,.T.);
#6143 = EDGE_CURVE('',#1383,#6144,#6146,.T.);
#6144 = VERTEX_POINT('',#6145);
#6145 = CARTESIAN_POINT('',(13.258349609375,-11.2,4.319384765625));
#6146 = SURFACE_CURVE('',#6147,(#6151,#6158),.PCURVE_S1.);
#6147 = LINE('',#6148,#6149);
#6148 = CARTESIAN_POINT('',(13.258349609375,-11.7,4.319384765625));
#6149 = VECTOR('',#6150,1.);
#6150 = DIRECTION('',(-0.,1.,-0.));
#6151 = PCURVE('',#1398,#6152);
#6152 = DEFINITIONAL_REPRESENTATION('',(#6153),#6157);
#6153 = LINE('',#6154,#6155);
#6154 = CARTESIAN_POINT('',(0.,0.));
#6155 = VECTOR('',#6156,1.);
#6156 = DIRECTION('',(0.,-1.));
#6157 = ( GEOMETRIC_REPRESENTATION_CONTEXT(2) 
PARAMETRIC_REPRESENTATION_CONTEXT() REPRESENTATION_CONTEXT('2D SPACE',''
  ) );
#6158 = PCURVE('',#1426,#6159);
#6159 = DEFINITIONAL_REPRESENTATION('',(#6160),#6164);
#6160 = LINE('',#6161,#6162);
#6161 = CARTESIAN_POINT('',(0.60546875,0.));
#6162 = VECTOR('',#6163,1.);
#6163 = DIRECTION('',(0.,-1.));
#6164 = ( GEOMETRIC_REPRESENTATION_CONTEXT(2) 
PARAMETRIC_REPRESENTATION_CONTEXT() REPRESENTATION_CONTEXT('2D SPACE',''
  ) );
#6165 = ORIENTED_EDGE('',*,*,#6166,.T.);
#6166 = EDGE_CURVE('',#6144,#6046,#6167,.T.);
#6167 = SURFACE_CURVE('',#6168,(#6172,#6179),.PCURVE_S1.);
#6168 = LINE('',#6169,#6170);
#6169 = CARTESIAN_POINT('',(13.258349609375,-11.2,4.319384765625));
#6170 = VECTOR('',#6171,1.);
#6171 = DIRECTION('',(-1.,0.,0.));
#6172 = PCURVE('',#1398,#6173);
#6173 = DEFINITIONAL_REPRESENTATION('',(#6174),#6178);
#6174 = LINE('',#6175,#6176);
#6175 = CARTESIAN_POINT('',(0.,-0.5));
#6176 = VECTOR('',#6177,1.);
#6177 = DIRECTION('',(1.,0.));
#6178 = ( GEOMETRIC_REPRESENTATION_CONTEXT(2) 
PARAMETRIC_REPRESENTATION_CONTEXT() REPRESENTATION_CONTEXT('2D SPACE',''
  ) );
#6179 = PCURVE('',#6008,#6180);
#6180 = DEFINITIONAL_REPRESENTATION('',(#6181),#6185);
#6181 = LINE('',#6182,#6183);
#6182 = CARTESIAN_POINT('',(2.58544921875,1.52099609375));
#6183 = VECTOR('',#6184,1.);
#6184 = DIRECTION('',(-1.,0.));
#6185 = ( GEOMETRIC_REPRESENTATION_CONTEXT(2) 
PARAMETRIC_REPRESENTATION_CONTEXT() REPRESENTATION_CONTEXT('2D SPACE',''
  ) );
#6186 = ORIENTED_EDGE('',*,*,#6045,.F.);
#6187 = ORIENTED_EDGE('',*,*,#1382,.F.);
#6188 = ADVANCED_FACE('',(#6189),#1566,.T.);
#6189 = FACE_BOUND('',#6190,.T.);
#6190 = EDGE_LOOP('',(#6191,#6192,#6215,#6236));
#6191 = ORIENTED_EDGE('',*,*,#6118,.T.);
#6192 = ORIENTED_EDGE('',*,*,#6193,.T.);
#6193 = EDGE_CURVE('',#6096,#6194,#6196,.T.);
#6194 = VERTEX_POINT('',#6195);
#6195 = CARTESIAN_POINT('',(13.495166015625,-11.2,6.377490234375));
#6196 = SURFACE_CURVE('',#6197,(#6201,#6208),.PCURVE_S1.);
#6197 = LINE('',#6198,#6199);
#6198 = CARTESIAN_POINT('',(11.041552734375,-11.2,6.377490234375));
#6199 = VECTOR('',#6200,1.);
#6200 = DIRECTION('',(1.,0.,0.));
#6201 = PCURVE('',#1566,#6202);
#6202 = DEFINITIONAL_REPRESENTATION('',(#6203),#6207);
#6203 = LINE('',#6204,#6205);
#6204 = CARTESIAN_POINT('',(0.,-0.5));
#6205 = VECTOR('',#6206,1.);
#6206 = DIRECTION('',(1.,0.));
#6207 = ( GEOMETRIC_REPRESENTATION_CONTEXT(2) 
PARAMETRIC_REPRESENTATION_CONTEXT() REPRESENTATION_CONTEXT('2D SPACE',''
  ) );
#6208 = PCURVE('',#6008,#6209);
#6209 = DEFINITIONAL_REPRESENTATION('',(#6210),#6214);
#6210 = LINE('',#6211,#6212);
#6211 = CARTESIAN_POINT('',(0.36865234375,3.5791015625));
#6212 = VECTOR('',#6213,1.);
#6213 = DIRECTION('',(1.,0.));
#6214 = ( GEOMETRIC_REPRESENTATION_CONTEXT(2) 
PARAMETRIC_REPRESENTATION_CONTEXT() REPRESENTATION_CONTEXT('2D SPACE',''
  ) );
#6215 = ORIENTED_EDGE('',*,*,#6216,.F.);
#6216 = EDGE_CURVE('',#1523,#6194,#6217,.T.);
#6217 = SURFACE_CURVE('',#6218,(#6222,#6229),.PCURVE_S1.);
#6218 = LINE('',#6219,#6220);
#6219 = CARTESIAN_POINT('',(13.495166015625,-11.7,6.377490234375));
#6220 = VECTOR('',#6221,1.);
#6221 = DIRECTION('',(-0.,1.,-0.));
#6222 = PCURVE('',#1566,#6223);
#6223 = DEFINITIONAL_REPRESENTATION('',(#6224),#6228);
#6224 = LINE('',#6225,#6226);
#6225 = CARTESIAN_POINT('',(2.45361328125,0.));
#6226 = VECTOR('',#6227,1.);
#6227 = DIRECTION('',(0.,-1.));
#6228 = ( GEOMETRIC_REPRESENTATION_CONTEXT(2) 
PARAMETRIC_REPRESENTATION_CONTEXT() REPRESENTATION_CONTEXT('2D SPACE',''
  ) );
#6229 = PCURVE('',#1538,#6230);
#6230 = DEFINITIONAL_REPRESENTATION('',(#6231),#6235);
#6231 = LINE('',#6232,#6233);
#6232 = CARTESIAN_POINT('',(0.,0.));
#6233 = VECTOR('',#6234,1.);
#6234 = DIRECTION('',(0.,-1.));
#6235 = ( GEOMETRIC_REPRESENTATION_CONTEXT(2) 
PARAMETRIC_REPRESENTATION_CONTEXT() REPRESENTATION_CONTEXT('2D SPACE',''
  ) );
#6236 = ORIENTED_EDGE('',*,*,#1550,.F.);
#6237 = ADVANCED_FACE('',(#6238),#1426,.T.);
#6238 = FACE_BOUND('',#6239,.T.);
#6239 = EDGE_LOOP('',(#6240,#6263,#6284,#6285));
#6240 = ORIENTED_EDGE('',*,*,#6241,.T.);
#6241 = EDGE_CURVE('',#1411,#6242,#6244,.T.);
#6242 = VERTEX_POINT('',#6243);
#6243 = CARTESIAN_POINT('',(13.258349609375,-11.2,4.924853515625));
#6244 = SURFACE_CURVE('',#6245,(#6249,#6256),.PCURVE_S1.);
#6245 = LINE('',#6246,#6247);
#6246 = CARTESIAN_POINT('',(13.258349609375,-11.7,4.924853515625));
#6247 = VECTOR('',#6248,1.);
#6248 = DIRECTION('',(-0.,1.,-0.));
#6249 = PCURVE('',#1426,#6250);
#6250 = DEFINITIONAL_REPRESENTATION('',(#6251),#6255);
#6251 = LINE('',#6252,#6253);
#6252 = CARTESIAN_POINT('',(0.,0.));
#6253 = VECTOR('',#6254,1.);
#6254 = DIRECTION('',(0.,-1.));
#6255 = ( GEOMETRIC_REPRESENTATION_CONTEXT(2) 
PARAMETRIC_REPRESENTATION_CONTEXT() REPRESENTATION_CONTEXT('2D SPACE',''
  ) );
#6256 = PCURVE('',#1454,#6257);
#6257 = DEFINITIONAL_REPRESENTATION('',(#6258),#6262);
#6258 = LINE('',#6259,#6260);
#6259 = CARTESIAN_POINT('',(1.494140625,0.));
#6260 = VECTOR('',#6261,1.);
#6261 = DIRECTION('',(0.,-1.));
#6262 = ( GEOMETRIC_REPRESENTATION_CONTEXT(2) 
PARAMETRIC_REPRESENTATION_CONTEXT() REPRESENTATION_CONTEXT('2D SPACE',''
  ) );
#6263 = ORIENTED_EDGE('',*,*,#6264,.T.);
#6264 = EDGE_CURVE('',#6242,#6144,#6265,.T.);
#6265 = SURFACE_CURVE('',#6266,(#6270,#6277),.PCURVE_S1.);
#6266 = LINE('',#6267,#6268);
#6267 = CARTESIAN_POINT('',(13.258349609375,-11.2,4.924853515625));
#6268 = VECTOR('',#6269,1.);
#6269 = DIRECTION('',(0.,0.,-1.));
#6270 = PCURVE('',#1426,#6271);
#6271 = DEFINITIONAL_REPRESENTATION('',(#6272),#6276);
#6272 = LINE('',#6273,#6274);
#6273 = CARTESIAN_POINT('',(0.,-0.5));
#6274 = VECTOR('',#6275,1.);
#6275 = DIRECTION('',(1.,0.));
#6276 = ( GEOMETRIC_REPRESENTATION_CONTEXT(2) 
PARAMETRIC_REPRESENTATION_CONTEXT() REPRESENTATION_CONTEXT('2D SPACE',''
  ) );
#6277 = PCURVE('',#6008,#6278);
#6278 = DEFINITIONAL_REPRESENTATION('',(#6279),#6283);
#6279 = LINE('',#6280,#6281);
#6280 = CARTESIAN_POINT('',(2.58544921875,2.12646484375));
#6281 = VECTOR('',#6282,1.);
#6282 = DIRECTION('',(0.,-1.));
#6283 = ( GEOMETRIC_REPRESENTATION_CONTEXT(2) 
PARAMETRIC_REPRESENTATION_CONTEXT() REPRESENTATION_CONTEXT('2D SPACE',''
  ) );
#6284 = ORIENTED_EDGE('',*,*,#6143,.F.);
#6285 = ORIENTED_EDGE('',*,*,#1410,.F.);
#6286 = ADVANCED_FACE('',(#6287),#1538,.T.);
#6287 = FACE_BOUND('',#6288,.T.);
#6288 = EDGE_LOOP('',(#6289,#6290,#6313,#6334));
#6289 = ORIENTED_EDGE('',*,*,#6216,.T.);
#6290 = ORIENTED_EDGE('',*,*,#6291,.T.);
#6291 = EDGE_CURVE('',#6194,#6292,#6294,.T.);
#6292 = VERTEX_POINT('',#6293);
#6293 = CARTESIAN_POINT('',(13.495166015625,-11.2,5.772021484375));
#6294 = SURFACE_CURVE('',#6295,(#6299,#6306),.PCURVE_S1.);
#6295 = LINE('',#6296,#6297);
#6296 = CARTESIAN_POINT('',(13.495166015625,-11.2,6.377490234375));
#6297 = VECTOR('',#6298,1.);
#6298 = DIRECTION('',(0.,0.,-1.));
#6299 = PCURVE('',#1538,#6300);
#6300 = DEFINITIONAL_REPRESENTATION('',(#6301),#6305);
#6301 = LINE('',#6302,#6303);
#6302 = CARTESIAN_POINT('',(0.,-0.5));
#6303 = VECTOR('',#6304,1.);
#6304 = DIRECTION('',(1.,0.));
#6305 = ( GEOMETRIC_REPRESENTATION_CONTEXT(2) 
PARAMETRIC_REPRESENTATION_CONTEXT() REPRESENTATION_CONTEXT('2D SPACE',''
  ) );
#6306 = PCURVE('',#6008,#6307);
#6307 = DEFINITIONAL_REPRESENTATION('',(#6308),#6312);
#6308 = LINE('',#6309,#6310);
#6309 = CARTESIAN_POINT('',(2.822265625,3.5791015625));
#6310 = VECTOR('',#6311,1.);
#6311 = DIRECTION('',(0.,-1.));
#6312 = ( GEOMETRIC_REPRESENTATION_CONTEXT(2) 
PARAMETRIC_REPRESENTATION_CONTEXT() REPRESENTATION_CONTEXT('2D SPACE',''
  ) );
#6313 = ORIENTED_EDGE('',*,*,#6314,.F.);
#6314 = EDGE_CURVE('',#1495,#6292,#6315,.T.);
#6315 = SURFACE_CURVE('',#6316,(#6320,#6327),.PCURVE_S1.);
#6316 = LINE('',#6317,#6318);
#6317 = CARTESIAN_POINT('',(13.495166015625,-11.7,5.772021484375));
#6318 = VECTOR('',#6319,1.);
#6319 = DIRECTION('',(-0.,1.,-0.));
#6320 = PCURVE('',#1538,#6321);
#6321 = DEFINITIONAL_REPRESENTATION('',(#6322),#6326);
#6322 = LINE('',#6323,#6324);
#6323 = CARTESIAN_POINT('',(0.60546875,0.));
#6324 = VECTOR('',#6325,1.);
#6325 = DIRECTION('',(0.,-1.));
#6326 = ( GEOMETRIC_REPRESENTATION_CONTEXT(2) 
PARAMETRIC_REPRESENTATION_CONTEXT() REPRESENTATION_CONTEXT('2D SPACE',''
  ) );
#6327 = PCURVE('',#1510,#6328);
#6328 = DEFINITIONAL_REPRESENTATION('',(#6329),#6333);
#6329 = LINE('',#6330,#6331);
#6330 = CARTESIAN_POINT('',(0.,0.));
#6331 = VECTOR('',#6332,1.);
#6332 = DIRECTION('',(0.,-1.));
#6333 = ( GEOMETRIC_REPRESENTATION_CONTEXT(2) 
PARAMETRIC_REPRESENTATION_CONTEXT() REPRESENTATION_CONTEXT('2D SPACE',''
  ) );
#6334 = ORIENTED_EDGE('',*,*,#1522,.F.);
#6335 = ADVANCED_FACE('',(#6336),#1454,.T.);
#6336 = FACE_BOUND('',#6337,.T.);
#6337 = EDGE_LOOP('',(#6338,#6361,#6382,#6383));
#6338 = ORIENTED_EDGE('',*,*,#6339,.T.);
#6339 = EDGE_CURVE('',#1439,#6340,#6342,.T.);
#6340 = VERTEX_POINT('',#6341);
#6341 = CARTESIAN_POINT('',(11.764208984375,-11.2,4.924853515625));
#6342 = SURFACE_CURVE('',#6343,(#6347,#6354),.PCURVE_S1.);
#6343 = LINE('',#6344,#6345);
#6344 = CARTESIAN_POINT('',(11.764208984375,-11.7,4.924853515625));
#6345 = VECTOR('',#6346,1.);
#6346 = DIRECTION('',(-0.,1.,-0.));
#6347 = PCURVE('',#1454,#6348);
#6348 = DEFINITIONAL_REPRESENTATION('',(#6349),#6353);
#6349 = LINE('',#6350,#6351);
#6350 = CARTESIAN_POINT('',(0.,0.));
#6351 = VECTOR('',#6352,1.);
#6352 = DIRECTION('',(0.,-1.));
#6353 = ( GEOMETRIC_REPRESENTATION_CONTEXT(2) 
PARAMETRIC_REPRESENTATION_CONTEXT() REPRESENTATION_CONTEXT('2D SPACE',''
  ) );
#6354 = PCURVE('',#1482,#6355);
#6355 = DEFINITIONAL_REPRESENTATION('',(#6356),#6360);
#6356 = LINE('',#6357,#6358);
#6357 = CARTESIAN_POINT('',(0.84716796875,0.));
#6358 = VECTOR('',#6359,1.);
#6359 = DIRECTION('',(0.,-1.));
#6360 = ( GEOMETRIC_REPRESENTATION_CONTEXT(2) 
PARAMETRIC_REPRESENTATION_CONTEXT() REPRESENTATION_CONTEXT('2D SPACE',''
  ) );
#6361 = ORIENTED_EDGE('',*,*,#6362,.T.);
#6362 = EDGE_CURVE('',#6340,#6242,#6363,.T.);
#6363 = SURFACE_CURVE('',#6364,(#6368,#6375),.PCURVE_S1.);
#6364 = LINE('',#6365,#6366);
#6365 = CARTESIAN_POINT('',(11.764208984375,-11.2,4.924853515625));
#6366 = VECTOR('',#6367,1.);
#6367 = DIRECTION('',(1.,0.,0.));
#6368 = PCURVE('',#1454,#6369);
#6369 = DEFINITIONAL_REPRESENTATION('',(#6370),#6374);
#6370 = LINE('',#6371,#6372);
#6371 = CARTESIAN_POINT('',(0.,-0.5));
#6372 = VECTOR('',#6373,1.);
#6373 = DIRECTION('',(1.,0.));
#6374 = ( GEOMETRIC_REPRESENTATION_CONTEXT(2) 
PARAMETRIC_REPRESENTATION_CONTEXT() REPRESENTATION_CONTEXT('2D SPACE',''
  ) );
#6375 = PCURVE('',#6008,#6376);
#6376 = DEFINITIONAL_REPRESENTATION('',(#6377),#6381);
#6377 = LINE('',#6378,#6379);
#6378 = CARTESIAN_POINT('',(1.09130859375,2.12646484375));
#6379 = VECTOR('',#6380,1.);
#6380 = DIRECTION('',(1.,0.));
#6381 = ( GEOMETRIC_REPRESENTATION_CONTEXT(2) 
PARAMETRIC_REPRESENTATION_CONTEXT() REPRESENTATION_CONTEXT('2D SPACE',''
  ) );
#6382 = ORIENTED_EDGE('',*,*,#6241,.F.);
#6383 = ORIENTED_EDGE('',*,*,#1438,.F.);
#6384 = ADVANCED_FACE('',(#6385),#1510,.T.);
#6385 = FACE_BOUND('',#6386,.T.);
#6386 = EDGE_LOOP('',(#6387,#6388,#6411,#6432));
#6387 = ORIENTED_EDGE('',*,*,#6314,.T.);
#6388 = ORIENTED_EDGE('',*,*,#6389,.T.);
#6389 = EDGE_CURVE('',#6292,#6390,#6392,.T.);
#6390 = VERTEX_POINT('',#6391);
#6391 = CARTESIAN_POINT('',(11.764208984375,-11.2,5.772021484375));
#6392 = SURFACE_CURVE('',#6393,(#6397,#6404),.PCURVE_S1.);
#6393 = LINE('',#6394,#6395);
#6394 = CARTESIAN_POINT('',(13.495166015625,-11.2,5.772021484375));
#6395 = VECTOR('',#6396,1.);
#6396 = DIRECTION('',(-1.,0.,0.));
#6397 = PCURVE('',#1510,#6398);
#6398 = DEFINITIONAL_REPRESENTATION('',(#6399),#6403);
#6399 = LINE('',#6400,#6401);
#6400 = CARTESIAN_POINT('',(0.,-0.5));
#6401 = VECTOR('',#6402,1.);
#6402 = DIRECTION('',(1.,0.));
#6403 = ( GEOMETRIC_REPRESENTATION_CONTEXT(2) 
PARAMETRIC_REPRESENTATION_CONTEXT() REPRESENTATION_CONTEXT('2D SPACE',''
  ) );
#6404 = PCURVE('',#6008,#6405);
#6405 = DEFINITIONAL_REPRESENTATION('',(#6406),#6410);
#6406 = LINE('',#6407,#6408);
#6407 = CARTESIAN_POINT('',(2.822265625,2.9736328125));
#6408 = VECTOR('',#6409,1.);
#6409 = DIRECTION('',(-1.,0.));
#6410 = ( GEOMETRIC_REPRESENTATION_CONTEXT(2) 
PARAMETRIC_REPRESENTATION_CONTEXT() REPRESENTATION_CONTEXT('2D SPACE',''
  ) );
#6411 = ORIENTED_EDGE('',*,*,#6412,.F.);
#6412 = EDGE_CURVE('',#1467,#6390,#6413,.T.);
#6413 = SURFACE_CURVE('',#6414,(#6418,#6425),.PCURVE_S1.);
#6414 = LINE('',#6415,#6416);
#6415 = CARTESIAN_POINT('',(11.764208984375,-11.7,5.772021484375));
#6416 = VECTOR('',#6417,1.);
#6417 = DIRECTION('',(-0.,1.,-0.));
#6418 = PCURVE('',#1510,#6419);
#6419 = DEFINITIONAL_REPRESENTATION('',(#6420),#6424);
#6420 = LINE('',#6421,#6422);
#6421 = CARTESIAN_POINT('',(1.73095703125,0.));
#6422 = VECTOR('',#6423,1.);
#6423 = DIRECTION('',(0.,-1.));
#6424 = ( GEOMETRIC_REPRESENTATION_CONTEXT(2) 
PARAMETRIC_REPRESENTATION_CONTEXT() REPRESENTATION_CONTEXT('2D SPACE',''
  ) );
#6425 = PCURVE('',#1482,#6426);
#6426 = DEFINITIONAL_REPRESENTATION('',(#6427),#6431);
#6427 = LINE('',#6428,#6429);
#6428 = CARTESIAN_POINT('',(0.,0.));
#6429 = VECTOR('',#6430,1.);
#6430 = DIRECTION('',(0.,-1.));
#6431 = ( GEOMETRIC_REPRESENTATION_CONTEXT(2) 
PARAMETRIC_REPRESENTATION_CONTEXT() REPRESENTATION_CONTEXT('2D SPACE',''
  ) );
#6432 = ORIENTED_EDGE('',*,*,#1494,.F.);
#6433 = ADVANCED_FACE('',(#6434),#1482,.T.);
#6434 = FACE_BOUND('',#6435,.T.);
#6435 = EDGE_LOOP('',(#6436,#6437,#6458,#6459));
#6436 = ORIENTED_EDGE('',*,*,#6412,.T.);
#6437 = ORIENTED_EDGE('',*,*,#6438,.T.);
#6438 = EDGE_CURVE('',#6390,#6340,#6439,.T.);
#6439 = SURFACE_CURVE('',#6440,(#6444,#6451),.PCURVE_S1.);
#6440 = LINE('',#6441,#6442);
#6441 = CARTESIAN_POINT('',(11.764208984375,-11.2,5.772021484375));
#6442 = VECTOR('',#6443,1.);
#6443 = DIRECTION('',(0.,0.,-1.));
#6444 = PCURVE('',#1482,#6445);
#6445 = DEFINITIONAL_REPRESENTATION('',(#6446),#6450);
#6446 = LINE('',#6447,#6448);
#6447 = CARTESIAN_POINT('',(0.,-0.5));
#6448 = VECTOR('',#6449,1.);
#6449 = DIRECTION('',(1.,0.));
#6450 = ( GEOMETRIC_REPRESENTATION_CONTEXT(2) 
PARAMETRIC_REPRESENTATION_CONTEXT() REPRESENTATION_CONTEXT('2D SPACE',''
  ) );
#6451 = PCURVE('',#6008,#6452);
#6452 = DEFINITIONAL_REPRESENTATION('',(#6453),#6457);
#6453 = LINE('',#6454,#6455);
#6454 = CARTESIAN_POINT('',(1.09130859375,2.9736328125));
#6455 = VECTOR('',#6456,1.);
#6456 = DIRECTION('',(0.,-1.));
#6457 = ( GEOMETRIC_REPRESENTATION_CONTEXT(2) 
PARAMETRIC_REPRESENTATION_CONTEXT() REPRESENTATION_CONTEXT('2D SPACE',''
  ) );
#6458 = ORIENTED_EDGE('',*,*,#6339,.F.);
#6459 = ORIENTED_EDGE('',*,*,#1466,.F.);
#6460 = ADVANCED_FACE('',(#6461),#1624,.T.);
#6461 = FACE_BOUND('',#6462,.T.);
#6462 = EDGE_LOOP('',(#6463,#6486,#6514,#6535));
#6463 = ORIENTED_EDGE('',*,*,#6464,.T.);
#6464 = EDGE_CURVE('',#1607,#6465,#6467,.T.);
#6465 = VERTEX_POINT('',#6466);
#6466 = CARTESIAN_POINT('',(22.91318359375,-11.2,3.962939453125));
#6467 = SURFACE_CURVE('',#6468,(#6472,#6479),.PCURVE_S1.);
#6468 = LINE('',#6469,#6470);
#6469 = CARTESIAN_POINT('',(22.91318359375,-11.7,3.962939453125));
#6470 = VECTOR('',#6471,1.);
#6471 = DIRECTION('',(-0.,1.,-0.));
#6472 = PCURVE('',#1624,#6473);
#6473 = DEFINITIONAL_REPRESENTATION('',(#6474),#6478);
#6474 = LINE('',#6475,#6476);
#6475 = CARTESIAN_POINT('',(0.,0.));
#6476 = VECTOR('',#6477,1.);
#6477 = DIRECTION('',(0.,-1.));
#6478 = ( GEOMETRIC_REPRESENTATION_CONTEXT(2) 
PARAMETRIC_REPRESENTATION_CONTEXT() REPRESENTATION_CONTEXT('2D SPACE',''
  ) );
#6479 = PCURVE('',#1652,#6480);
#6480 = DEFINITIONAL_REPRESENTATION('',(#6481),#6485);
#6481 = LINE('',#6482,#6483);
#6482 = CARTESIAN_POINT('',(1.,0.));
#6483 = VECTOR('',#6484,1.);
#6484 = DIRECTION('',(0.,-1.));
#6485 = ( GEOMETRIC_REPRESENTATION_CONTEXT(2) 
PARAMETRIC_REPRESENTATION_CONTEXT() REPRESENTATION_CONTEXT('2D SPACE',''
  ) );
#6486 = ORIENTED_EDGE('',*,*,#6487,.T.);
#6487 = EDGE_CURVE('',#6465,#6488,#6490,.T.);
#6488 = VERTEX_POINT('',#6489);
#6489 = CARTESIAN_POINT('',(23.61630859375,-11.2,4.031298828125));
#6490 = SURFACE_CURVE('',#6491,(#6495,#6502),.PCURVE_S1.);
#6491 = LINE('',#6492,#6493);
#6492 = CARTESIAN_POINT('',(22.91318359375,-11.2,3.962939453125));
#6493 = VECTOR('',#6494,1.);
#6494 = DIRECTION('',(0.995307161767,0.,9.676597406065E-02));
#6495 = PCURVE('',#1624,#6496);
#6496 = DEFINITIONAL_REPRESENTATION('',(#6497),#6501);
#6497 = LINE('',#6498,#6499);
#6498 = CARTESIAN_POINT('',(0.,-0.5));
#6499 = VECTOR('',#6500,1.);
#6500 = DIRECTION('',(1.,0.));
#6501 = ( GEOMETRIC_REPRESENTATION_CONTEXT(2) 
PARAMETRIC_REPRESENTATION_CONTEXT() REPRESENTATION_CONTEXT('2D SPACE',''
  ) );
#6502 = PCURVE('',#6503,#6508);
#6503 = PLANE('',#6504);
#6504 = AXIS2_PLACEMENT_3D('',#6505,#6506,#6507);
#6505 = CARTESIAN_POINT('',(22.73251953125,-11.2,2.798388671875));
#6506 = DIRECTION('',(0.,-1.,0.));
#6507 = DIRECTION('',(1.,0.,0.));
#6508 = DEFINITIONAL_REPRESENTATION('',(#6509),#6513);
#6509 = LINE('',#6510,#6511);
#6510 = CARTESIAN_POINT('',(0.1806640625,1.16455078125));
#6511 = VECTOR('',#6512,1.);
#6512 = DIRECTION('',(0.995307161767,9.676597406065E-02));
#6513 = ( GEOMETRIC_REPRESENTATION_CONTEXT(2) 
PARAMETRIC_REPRESENTATION_CONTEXT() REPRESENTATION_CONTEXT('2D SPACE',''
  ) );
#6514 = ORIENTED_EDGE('',*,*,#6515,.F.);
#6515 = EDGE_CURVE('',#1609,#6488,#6516,.T.);
#6516 = SURFACE_CURVE('',#6517,(#6521,#6528),.PCURVE_S1.);
#6517 = LINE('',#6518,#6519);
#6518 = CARTESIAN_POINT('',(23.61630859375,-11.7,4.031298828125));
#6519 = VECTOR('',#6520,1.);
#6520 = DIRECTION('',(-0.,1.,-0.));
#6521 = PCURVE('',#1624,#6522);
#6522 = DEFINITIONAL_REPRESENTATION('',(#6523),#6527);
#6523 = LINE('',#6524,#6525);
#6524 = CARTESIAN_POINT('',(0.706440209625,0.));
#6525 = VECTOR('',#6526,1.);
#6526 = DIRECTION('',(0.,-1.));
#6527 = ( GEOMETRIC_REPRESENTATION_CONTEXT(2) 
PARAMETRIC_REPRESENTATION_CONTEXT() REPRESENTATION_CONTEXT('2D SPACE',''
  ) );
#6528 = PCURVE('',#2488,#6529);
#6529 = DEFINITIONAL_REPRESENTATION('',(#6530),#6534);
#6530 = LINE('',#6531,#6532);
#6531 = CARTESIAN_POINT('',(0.,0.));
#6532 = VECTOR('',#6533,1.);
#6533 = DIRECTION('',(0.,-1.));
#6534 = ( GEOMETRIC_REPRESENTATION_CONTEXT(2) 
PARAMETRIC_REPRESENTATION_CONTEXT() REPRESENTATION_CONTEXT('2D SPACE',''
  ) );
#6535 = ORIENTED_EDGE('',*,*,#1606,.F.);
#6536 = ADVANCED_FACE('',(#6537),#1652,.T.);
#6537 = FACE_BOUND('',#6538,.T.);
#6538 = EDGE_LOOP('',(#6539,#6562,#6583,#6584));
#6539 = ORIENTED_EDGE('',*,*,#6540,.T.);
#6540 = EDGE_CURVE('',#1637,#6541,#6543,.T.);
#6541 = VERTEX_POINT('',#6542);
#6542 = CARTESIAN_POINT('',(23.34775390625,-11.2,3.0486328125));
#6543 = SURFACE_CURVE('',#6544,(#6548,#6555),.PCURVE_S1.);
#6544 = LINE('',#6545,#6546);
#6545 = CARTESIAN_POINT('',(23.34775390625,-11.7,3.0486328125));
#6546 = VECTOR('',#6547,1.);
#6547 = DIRECTION('',(-0.,1.,-0.));
#6548 = PCURVE('',#1652,#6549);
#6549 = DEFINITIONAL_REPRESENTATION('',(#6550),#6554);
#6550 = LINE('',#6551,#6552);
#6551 = CARTESIAN_POINT('',(0.,0.));
#6552 = VECTOR('',#6553,1.);
#6553 = DIRECTION('',(0.,-1.));
#6554 = ( GEOMETRIC_REPRESENTATION_CONTEXT(2) 
PARAMETRIC_REPRESENTATION_CONTEXT() REPRESENTATION_CONTEXT('2D SPACE',''
  ) );
#6555 = PCURVE('',#1682,#6556);
#6556 = DEFINITIONAL_REPRESENTATION('',(#6557),#6561);
#6557 = LINE('',#6558,#6559);
#6558 = CARTESIAN_POINT('',(1.,0.));
#6559 = VECTOR('',#6560,1.);
#6560 = DIRECTION('',(0.,-1.));
#6561 = ( GEOMETRIC_REPRESENTATION_CONTEXT(2) 
PARAMETRIC_REPRESENTATION_CONTEXT() REPRESENTATION_CONTEXT('2D SPACE',''
  ) );
#6562 = ORIENTED_EDGE('',*,*,#6563,.T.);
#6563 = EDGE_CURVE('',#6541,#6465,#6564,.T.);
#6564 = SURFACE_CURVE('',#6565,(#6569,#6576),.PCURVE_S1.);
#6565 = B_SPLINE_CURVE_WITH_KNOTS('',2,(#6566,#6567,#6568),
  .UNSPECIFIED.,.F.,.F.,(3,3),(0.,1.),.PIECEWISE_BEZIER_KNOTS.);
#6566 = CARTESIAN_POINT('',(23.34775390625,-11.2,3.0486328125));
#6567 = CARTESIAN_POINT('',(22.983984375,-11.2,3.362353515625));
#6568 = CARTESIAN_POINT('',(22.91318359375,-11.2,3.962939453125));
#6569 = PCURVE('',#1652,#6570);
#6570 = DEFINITIONAL_REPRESENTATION('',(#6571),#6575);
#6571 = LINE('',#6572,#6573);
#6572 = CARTESIAN_POINT('',(0.,-0.5));
#6573 = VECTOR('',#6574,1.);
#6574 = DIRECTION('',(1.,0.));
#6575 = ( GEOMETRIC_REPRESENTATION_CONTEXT(2) 
PARAMETRIC_REPRESENTATION_CONTEXT() REPRESENTATION_CONTEXT('2D SPACE',''
  ) );
#6576 = PCURVE('',#6503,#6577);
#6577 = DEFINITIONAL_REPRESENTATION('',(#6578),#6582);
#6578 = B_SPLINE_CURVE_WITH_KNOTS('',2,(#6579,#6580,#6581),
  .UNSPECIFIED.,.F.,.F.,(3,3),(0.,1.),.PIECEWISE_BEZIER_KNOTS.);
#6579 = CARTESIAN_POINT('',(0.615234375,0.250244140625));
#6580 = CARTESIAN_POINT('',(0.25146484375,0.56396484375));
#6581 = CARTESIAN_POINT('',(0.1806640625,1.16455078125));
#6582 = ( GEOMETRIC_REPRESENTATION_CONTEXT(2) 
PARAMETRIC_REPRESENTATION_CONTEXT() REPRESENTATION_CONTEXT('2D SPACE',''
  ) );
#6583 = ORIENTED_EDGE('',*,*,#6464,.F.);
#6584 = ORIENTED_EDGE('',*,*,#1636,.F.);
#6585 = ADVANCED_FACE('',(#6586),#2488,.T.);
#6586 = FACE_BOUND('',#6587,.T.);
#6587 = EDGE_LOOP('',(#6588,#6589,#6612,#6633));
#6588 = ORIENTED_EDGE('',*,*,#6515,.T.);
#6589 = ORIENTED_EDGE('',*,*,#6590,.T.);
#6590 = EDGE_CURVE('',#6488,#6591,#6593,.T.);
#6591 = VERTEX_POINT('',#6592);
#6592 = CARTESIAN_POINT('',(23.873876953125,-11.2,3.511279296875));
#6593 = SURFACE_CURVE('',#6594,(#6598,#6605),.PCURVE_S1.);
#6594 = B_SPLINE_CURVE_WITH_KNOTS('',2,(#6595,#6596,#6597),
  .UNSPECIFIED.,.F.,.F.,(3,3),(0.,1.),.PIECEWISE_BEZIER_KNOTS.);
#6595 = CARTESIAN_POINT('',(23.61630859375,-11.2,4.031298828125));
#6596 = CARTESIAN_POINT('',(23.67978515625,-11.2,3.677294921875));
#6597 = CARTESIAN_POINT('',(23.873876953125,-11.2,3.511279296875));
#6598 = PCURVE('',#2488,#6599);
#6599 = DEFINITIONAL_REPRESENTATION('',(#6600),#6604);
#6600 = LINE('',#6601,#6602);
#6601 = CARTESIAN_POINT('',(0.,-0.5));
#6602 = VECTOR('',#6603,1.);
#6603 = DIRECTION('',(1.,0.));
#6604 = ( GEOMETRIC_REPRESENTATION_CONTEXT(2) 
PARAMETRIC_REPRESENTATION_CONTEXT() REPRESENTATION_CONTEXT('2D SPACE',''
  ) );
#6605 = PCURVE('',#6503,#6606);
#6606 = DEFINITIONAL_REPRESENTATION('',(#6607),#6611);
#6607 = B_SPLINE_CURVE_WITH_KNOTS('',2,(#6608,#6609,#6610),
  .UNSPECIFIED.,.F.,.F.,(3,3),(0.,1.),.PIECEWISE_BEZIER_KNOTS.);
#6608 = CARTESIAN_POINT('',(0.8837890625,1.23291015625));
#6609 = CARTESIAN_POINT('',(0.947265625,0.87890625));
#6610 = CARTESIAN_POINT('',(1.141357421875,0.712890625));
#6611 = ( GEOMETRIC_REPRESENTATION_CONTEXT(2) 
PARAMETRIC_REPRESENTATION_CONTEXT() REPRESENTATION_CONTEXT('2D SPACE',''
  ) );
#6612 = ORIENTED_EDGE('',*,*,#6613,.F.);
#6613 = EDGE_CURVE('',#2445,#6591,#6614,.T.);
#6614 = SURFACE_CURVE('',#6615,(#6619,#6626),.PCURVE_S1.);
#6615 = LINE('',#6616,#6617);
#6616 = CARTESIAN_POINT('',(23.873876953125,-11.7,3.511279296875));
#6617 = VECTOR('',#6618,1.);
#6618 = DIRECTION('',(-0.,1.,-0.));
#6619 = PCURVE('',#2488,#6620);
#6620 = DEFINITIONAL_REPRESENTATION('',(#6621),#6625);
#6621 = LINE('',#6622,#6623);
#6622 = CARTESIAN_POINT('',(1.,0.));
#6623 = VECTOR('',#6624,1.);
#6624 = DIRECTION('',(0.,-1.));
#6625 = ( GEOMETRIC_REPRESENTATION_CONTEXT(2) 
PARAMETRIC_REPRESENTATION_CONTEXT() REPRESENTATION_CONTEXT('2D SPACE',''
  ) );
#6626 = PCURVE('',#2460,#6627);
#6627 = DEFINITIONAL_REPRESENTATION('',(#6628),#6632);
#6628 = LINE('',#6629,#6630);
#6629 = CARTESIAN_POINT('',(0.,0.));
#6630 = VECTOR('',#6631,1.);
#6631 = DIRECTION('',(0.,-1.));
#6632 = ( GEOMETRIC_REPRESENTATION_CONTEXT(2) 
PARAMETRIC_REPRESENTATION_CONTEXT() REPRESENTATION_CONTEXT('2D SPACE',''
  ) );
#6633 = ORIENTED_EDGE('',*,*,#2474,.F.);
#6634 = ADVANCED_FACE('',(#6635),#1682,.T.);
#6635 = FACE_BOUND('',#6636,.T.);
#6636 = EDGE_LOOP('',(#6637,#6660,#6681,#6682));
#6637 = ORIENTED_EDGE('',*,*,#6638,.T.);
#6638 = EDGE_CURVE('',#1667,#6639,#6641,.T.);
#6639 = VERTEX_POINT('',#6640);
#6640 = CARTESIAN_POINT('',(24.390234375,-11.2,2.734912109375));
#6641 = SURFACE_CURVE('',#6642,(#6646,#6653),.PCURVE_S1.);
#6642 = LINE('',#6643,#6644);
#6643 = CARTESIAN_POINT('',(24.390234375,-11.7,2.734912109375));
#6644 = VECTOR('',#6645,1.);
#6645 = DIRECTION('',(-0.,1.,-0.));
#6646 = PCURVE('',#1682,#6647);
#6647 = DEFINITIONAL_REPRESENTATION('',(#6648),#6652);
#6648 = LINE('',#6649,#6650);
#6649 = CARTESIAN_POINT('',(0.,0.));
#6650 = VECTOR('',#6651,1.);
#6651 = DIRECTION('',(0.,-1.));
#6652 = ( GEOMETRIC_REPRESENTATION_CONTEXT(2) 
PARAMETRIC_REPRESENTATION_CONTEXT() REPRESENTATION_CONTEXT('2D SPACE',''
  ) );
#6653 = PCURVE('',#1712,#6654);
#6654 = DEFINITIONAL_REPRESENTATION('',(#6655),#6659);
#6655 = LINE('',#6656,#6657);
#6656 = CARTESIAN_POINT('',(1.,0.));
#6657 = VECTOR('',#6658,1.);
#6658 = DIRECTION('',(0.,-1.));
#6659 = ( GEOMETRIC_REPRESENTATION_CONTEXT(2) 
PARAMETRIC_REPRESENTATION_CONTEXT() REPRESENTATION_CONTEXT('2D SPACE',''
  ) );
#6660 = ORIENTED_EDGE('',*,*,#6661,.T.);
#6661 = EDGE_CURVE('',#6639,#6541,#6662,.T.);
#6662 = SURFACE_CURVE('',#6663,(#6667,#6674),.PCURVE_S1.);
#6663 = B_SPLINE_CURVE_WITH_KNOTS('',2,(#6664,#6665,#6666),
  .UNSPECIFIED.,.F.,.F.,(3,3),(0.,1.),.PIECEWISE_BEZIER_KNOTS.);
#6664 = CARTESIAN_POINT('',(24.390234375,-11.2,2.734912109375));
#6665 = CARTESIAN_POINT('',(23.7115234375,-11.2,2.734912109375));
#6666 = CARTESIAN_POINT('',(23.34775390625,-11.2,3.0486328125));
#6667 = PCURVE('',#1682,#6668);
#6668 = DEFINITIONAL_REPRESENTATION('',(#6669),#6673);
#6669 = LINE('',#6670,#6671);
#6670 = CARTESIAN_POINT('',(0.,-0.5));
#6671 = VECTOR('',#6672,1.);
#6672 = DIRECTION('',(1.,0.));
#6673 = ( GEOMETRIC_REPRESENTATION_CONTEXT(2) 
PARAMETRIC_REPRESENTATION_CONTEXT() REPRESENTATION_CONTEXT('2D SPACE',''
  ) );
#6674 = PCURVE('',#6503,#6675);
#6675 = DEFINITIONAL_REPRESENTATION('',(#6676),#6680);
#6676 = B_SPLINE_CURVE_WITH_KNOTS('',2,(#6677,#6678,#6679),
  .UNSPECIFIED.,.F.,.F.,(3,3),(0.,1.),.PIECEWISE_BEZIER_KNOTS.);
#6677 = CARTESIAN_POINT('',(1.65771484375,-6.34765625E-02));
#6678 = CARTESIAN_POINT('',(0.97900390625,-6.34765625E-02));
#6679 = CARTESIAN_POINT('',(0.615234375,0.250244140625));
#6680 = ( GEOMETRIC_REPRESENTATION_CONTEXT(2) 
PARAMETRIC_REPRESENTATION_CONTEXT() REPRESENTATION_CONTEXT('2D SPACE',''
  ) );
#6681 = ORIENTED_EDGE('',*,*,#6540,.F.);
#6682 = ORIENTED_EDGE('',*,*,#1666,.F.);
#6683 = ADVANCED_FACE('',(#6684),#2460,.T.);
#6684 = FACE_BOUND('',#6685,.T.);
#6685 = EDGE_LOOP('',(#6686,#6687,#6710,#6731));
#6686 = ORIENTED_EDGE('',*,*,#6613,.T.);
#6687 = ORIENTED_EDGE('',*,*,#6688,.T.);
#6688 = EDGE_CURVE('',#6591,#6689,#6691,.T.);
#6689 = VERTEX_POINT('',#6690);
#6690 = CARTESIAN_POINT('',(24.39755859375,-11.2,3.345263671875));
#6691 = SURFACE_CURVE('',#6692,(#6696,#6703),.PCURVE_S1.);
#6692 = B_SPLINE_CURVE_WITH_KNOTS('',2,(#6693,#6694,#6695),
  .UNSPECIFIED.,.F.,.F.,(3,3),(0.,1.),.PIECEWISE_BEZIER_KNOTS.);
#6693 = CARTESIAN_POINT('',(23.873876953125,-11.2,3.511279296875));
#6694 = CARTESIAN_POINT('',(24.06796875,-11.2,3.345263671875));
#6695 = CARTESIAN_POINT('',(24.39755859375,-11.2,3.345263671875));
#6696 = PCURVE('',#2460,#6697);
#6697 = DEFINITIONAL_REPRESENTATION('',(#6698),#6702);
#6698 = LINE('',#6699,#6700);
#6699 = CARTESIAN_POINT('',(0.,-0.5));
#6700 = VECTOR('',#6701,1.);
#6701 = DIRECTION('',(1.,0.));
#6702 = ( GEOMETRIC_REPRESENTATION_CONTEXT(2) 
PARAMETRIC_REPRESENTATION_CONTEXT() REPRESENTATION_CONTEXT('2D SPACE',''
  ) );
#6703 = PCURVE('',#6503,#6704);
#6704 = DEFINITIONAL_REPRESENTATION('',(#6705),#6709);
#6705 = B_SPLINE_CURVE_WITH_KNOTS('',2,(#6706,#6707,#6708),
  .UNSPECIFIED.,.F.,.F.,(3,3),(0.,1.),.PIECEWISE_BEZIER_KNOTS.);
#6706 = CARTESIAN_POINT('',(1.141357421875,0.712890625));
#6707 = CARTESIAN_POINT('',(1.33544921875,0.546875));
#6708 = CARTESIAN_POINT('',(1.6650390625,0.546875));
#6709 = ( GEOMETRIC_REPRESENTATION_CONTEXT(2) 
PARAMETRIC_REPRESENTATION_CONTEXT() REPRESENTATION_CONTEXT('2D SPACE',''
  ) );
#6710 = ORIENTED_EDGE('',*,*,#6711,.F.);
#6711 = EDGE_CURVE('',#2415,#6689,#6712,.T.);
#6712 = SURFACE_CURVE('',#6713,(#6717,#6724),.PCURVE_S1.);
#6713 = LINE('',#6714,#6715);
#6714 = CARTESIAN_POINT('',(24.39755859375,-11.7,3.345263671875));
#6715 = VECTOR('',#6716,1.);
#6716 = DIRECTION('',(-0.,1.,-0.));
#6717 = PCURVE('',#2460,#6718);
#6718 = DEFINITIONAL_REPRESENTATION('',(#6719),#6723);
#6719 = LINE('',#6720,#6721);
#6720 = CARTESIAN_POINT('',(1.,0.));
#6721 = VECTOR('',#6722,1.);
#6722 = DIRECTION('',(0.,-1.));
#6723 = ( GEOMETRIC_REPRESENTATION_CONTEXT(2) 
PARAMETRIC_REPRESENTATION_CONTEXT() REPRESENTATION_CONTEXT('2D SPACE',''
  ) );
#6724 = PCURVE('',#2430,#6725);
#6725 = DEFINITIONAL_REPRESENTATION('',(#6726),#6730);
#6726 = LINE('',#6727,#6728);
#6727 = CARTESIAN_POINT('',(0.,0.));
#6728 = VECTOR('',#6729,1.);
#6729 = DIRECTION('',(0.,-1.));
#6730 = ( GEOMETRIC_REPRESENTATION_CONTEXT(2) 
PARAMETRIC_REPRESENTATION_CONTEXT() REPRESENTATION_CONTEXT('2D SPACE',''
  ) );
#6731 = ORIENTED_EDGE('',*,*,#2444,.F.);
#6732 = ADVANCED_FACE('',(#6733),#1712,.T.);
#6733 = FACE_BOUND('',#6734,.T.);
#6734 = EDGE_LOOP('',(#6735,#6758,#6779,#6780));
#6735 = ORIENTED_EDGE('',*,*,#6736,.T.);
#6736 = EDGE_CURVE('',#1697,#6737,#6739,.T.);
#6737 = VERTEX_POINT('',#6738);
#6738 = CARTESIAN_POINT('',(25.16904296875,-11.2,2.86552734375));
#6739 = SURFACE_CURVE('',#6740,(#6744,#6751),.PCURVE_S1.);
#6740 = LINE('',#6741,#6742);
#6741 = CARTESIAN_POINT('',(25.16904296875,-11.7,2.86552734375));
#6742 = VECTOR('',#6743,1.);
#6743 = DIRECTION('',(-0.,1.,-0.));
#6744 = PCURVE('',#1712,#6745);
#6745 = DEFINITIONAL_REPRESENTATION('',(#6746),#6750);
#6746 = LINE('',#6747,#6748);
#6747 = CARTESIAN_POINT('',(0.,0.));
#6748 = VECTOR('',#6749,1.);
#6749 = DIRECTION('',(0.,-1.));
#6750 = ( GEOMETRIC_REPRESENTATION_CONTEXT(2) 
PARAMETRIC_REPRESENTATION_CONTEXT() REPRESENTATION_CONTEXT('2D SPACE',''
  ) );
#6751 = PCURVE('',#1742,#6752);
#6752 = DEFINITIONAL_REPRESENTATION('',(#6753),#6757);
#6753 = LINE('',#6754,#6755);
#6754 = CARTESIAN_POINT('',(1.,0.));
#6755 = VECTOR('',#6756,1.);
#6756 = DIRECTION('',(0.,-1.));
#6757 = ( GEOMETRIC_REPRESENTATION_CONTEXT(2) 
PARAMETRIC_REPRESENTATION_CONTEXT() REPRESENTATION_CONTEXT('2D SPACE',''
  ) );
#6758 = ORIENTED_EDGE('',*,*,#6759,.T.);
#6759 = EDGE_CURVE('',#6737,#6639,#6760,.T.);
#6760 = SURFACE_CURVE('',#6761,(#6765,#6772),.PCURVE_S1.);
#6761 = B_SPLINE_CURVE_WITH_KNOTS('',2,(#6762,#6763,#6764),
  .UNSPECIFIED.,.F.,.F.,(3,3),(0.,1.),.PIECEWISE_BEZIER_KNOTS.);
#6762 = CARTESIAN_POINT('',(25.16904296875,-11.2,2.86552734375));
#6763 = CARTESIAN_POINT('',(24.85654296875,-11.2,2.734912109375));
#6764 = CARTESIAN_POINT('',(24.390234375,-11.2,2.734912109375));
#6765 = PCURVE('',#1712,#6766);
#6766 = DEFINITIONAL_REPRESENTATION('',(#6767),#6771);
#6767 = LINE('',#6768,#6769);
#6768 = CARTESIAN_POINT('',(0.,-0.5));
#6769 = VECTOR('',#6770,1.);
#6770 = DIRECTION('',(1.,0.));
#6771 = ( GEOMETRIC_REPRESENTATION_CONTEXT(2) 
PARAMETRIC_REPRESENTATION_CONTEXT() REPRESENTATION_CONTEXT('2D SPACE',''
  ) );
#6772 = PCURVE('',#6503,#6773);
#6773 = DEFINITIONAL_REPRESENTATION('',(#6774),#6778);
#6774 = B_SPLINE_CURVE_WITH_KNOTS('',2,(#6775,#6776,#6777),
  .UNSPECIFIED.,.F.,.F.,(3,3),(0.,1.),.PIECEWISE_BEZIER_KNOTS.);
#6775 = CARTESIAN_POINT('',(2.4365234375,6.7138671875E-02));
#6776 = CARTESIAN_POINT('',(2.1240234375,-6.34765625E-02));
#6777 = CARTESIAN_POINT('',(1.65771484375,-6.34765625E-02));
#6778 = ( GEOMETRIC_REPRESENTATION_CONTEXT(2) 
PARAMETRIC_REPRESENTATION_CONTEXT() REPRESENTATION_CONTEXT('2D SPACE',''
  ) );
#6779 = ORIENTED_EDGE('',*,*,#6638,.F.);
#6780 = ORIENTED_EDGE('',*,*,#1696,.F.);
#6781 = ADVANCED_FACE('',(#6782),#2430,.T.);
#6782 = FACE_BOUND('',#6783,.T.);
#6783 = EDGE_LOOP('',(#6784,#6785,#6808,#6829));
#6784 = ORIENTED_EDGE('',*,*,#6711,.T.);
#6785 = ORIENTED_EDGE('',*,*,#6786,.T.);
#6786 = EDGE_CURVE('',#6689,#6787,#6789,.T.);
#6787 = VERTEX_POINT('',#6788);
#6788 = CARTESIAN_POINT('',(24.923681640625,-11.2,3.49296875));
#6789 = SURFACE_CURVE('',#6790,(#6794,#6801),.PCURVE_S1.);
#6790 = B_SPLINE_CURVE_WITH_KNOTS('',2,(#6791,#6792,#6793),
  .UNSPECIFIED.,.F.,.F.,(3,3),(0.,1.),.PIECEWISE_BEZIER_KNOTS.);
#6791 = CARTESIAN_POINT('',(24.39755859375,-11.2,3.345263671875));
#6792 = CARTESIAN_POINT('',(24.7466796875,-11.2,3.345263671875));
#6793 = CARTESIAN_POINT('',(24.923681640625,-11.2,3.49296875));
#6794 = PCURVE('',#2430,#6795);
#6795 = DEFINITIONAL_REPRESENTATION('',(#6796),#6800);
#6796 = LINE('',#6797,#6798);
#6797 = CARTESIAN_POINT('',(0.,-0.5));
#6798 = VECTOR('',#6799,1.);
#6799 = DIRECTION('',(1.,0.));
#6800 = ( GEOMETRIC_REPRESENTATION_CONTEXT(2) 
PARAMETRIC_REPRESENTATION_CONTEXT() REPRESENTATION_CONTEXT('2D SPACE',''
  ) );
#6801 = PCURVE('',#6503,#6802);
#6802 = DEFINITIONAL_REPRESENTATION('',(#6803),#6807);
#6803 = B_SPLINE_CURVE_WITH_KNOTS('',2,(#6804,#6805,#6806),
  .UNSPECIFIED.,.F.,.F.,(3,3),(0.,1.),.PIECEWISE_BEZIER_KNOTS.);
#6804 = CARTESIAN_POINT('',(1.6650390625,0.546875));
#6805 = CARTESIAN_POINT('',(2.01416015625,0.546875));
#6806 = CARTESIAN_POINT('',(2.191162109375,0.694580078125));
#6807 = ( GEOMETRIC_REPRESENTATION_CONTEXT(2) 
PARAMETRIC_REPRESENTATION_CONTEXT() REPRESENTATION_CONTEXT('2D SPACE',''
  ) );
#6808 = ORIENTED_EDGE('',*,*,#6809,.F.);
#6809 = EDGE_CURVE('',#2385,#6787,#6810,.T.);
#6810 = SURFACE_CURVE('',#6811,(#6815,#6822),.PCURVE_S1.);
#6811 = LINE('',#6812,#6813);
#6812 = CARTESIAN_POINT('',(24.923681640625,-11.7,3.49296875));
#6813 = VECTOR('',#6814,1.);
#6814 = DIRECTION('',(-0.,1.,-0.));
#6815 = PCURVE('',#2430,#6816);
#6816 = DEFINITIONAL_REPRESENTATION('',(#6817),#6821);
#6817 = LINE('',#6818,#6819);
#6818 = CARTESIAN_POINT('',(1.,0.));
#6819 = VECTOR('',#6820,1.);
#6820 = DIRECTION('',(0.,-1.));
#6821 = ( GEOMETRIC_REPRESENTATION_CONTEXT(2) 
PARAMETRIC_REPRESENTATION_CONTEXT() REPRESENTATION_CONTEXT('2D SPACE',''
  ) );
#6822 = PCURVE('',#2400,#6823);
#6823 = DEFINITIONAL_REPRESENTATION('',(#6824),#6828);
#6824 = LINE('',#6825,#6826);
#6825 = CARTESIAN_POINT('',(0.,0.));
#6826 = VECTOR('',#6827,1.);
#6827 = DIRECTION('',(0.,-1.));
#6828 = ( GEOMETRIC_REPRESENTATION_CONTEXT(2) 
PARAMETRIC_REPRESENTATION_CONTEXT() REPRESENTATION_CONTEXT('2D SPACE',''
  ) );
#6829 = ORIENTED_EDGE('',*,*,#2414,.F.);
#6830 = ADVANCED_FACE('',(#6831),#1742,.T.);
#6831 = FACE_BOUND('',#6832,.T.);
#6832 = EDGE_LOOP('',(#6833,#6856,#6877,#6878));
#6833 = ORIENTED_EDGE('',*,*,#6834,.T.);
#6834 = EDGE_CURVE('',#1727,#6835,#6837,.T.);
#6835 = VERTEX_POINT('',#6836);
#6836 = CARTESIAN_POINT('',(25.65244140625,-11.2,3.264697265625));
#6837 = SURFACE_CURVE('',#6838,(#6842,#6849),.PCURVE_S1.);
#6838 = LINE('',#6839,#6840);
#6839 = CARTESIAN_POINT('',(25.65244140625,-11.7,3.264697265625));
#6840 = VECTOR('',#6841,1.);
#6841 = DIRECTION('',(-0.,1.,-0.));
#6842 = PCURVE('',#1742,#6843);
#6843 = DEFINITIONAL_REPRESENTATION('',(#6844),#6848);
#6844 = LINE('',#6845,#6846);
#6845 = CARTESIAN_POINT('',(0.,0.));
#6846 = VECTOR('',#6847,1.);
#6847 = DIRECTION('',(0.,-1.));
#6848 = ( GEOMETRIC_REPRESENTATION_CONTEXT(2) 
PARAMETRIC_REPRESENTATION_CONTEXT() REPRESENTATION_CONTEXT('2D SPACE',''
  ) );
#6849 = PCURVE('',#1772,#6850);
#6850 = DEFINITIONAL_REPRESENTATION('',(#6851),#6855);
#6851 = LINE('',#6852,#6853);
#6852 = CARTESIAN_POINT('',(1.,0.));
#6853 = VECTOR('',#6854,1.);
#6854 = DIRECTION('',(0.,-1.));
#6855 = ( GEOMETRIC_REPRESENTATION_CONTEXT(2) 
PARAMETRIC_REPRESENTATION_CONTEXT() REPRESENTATION_CONTEXT('2D SPACE',''
  ) );
#6856 = ORIENTED_EDGE('',*,*,#6857,.T.);
#6857 = EDGE_CURVE('',#6835,#6737,#6858,.T.);
#6858 = SURFACE_CURVE('',#6859,(#6863,#6870),.PCURVE_S1.);
#6859 = B_SPLINE_CURVE_WITH_KNOTS('',2,(#6860,#6861,#6862),
  .UNSPECIFIED.,.F.,.F.,(3,3),(0.,1.),.PIECEWISE_BEZIER_KNOTS.);
#6860 = CARTESIAN_POINT('',(25.65244140625,-11.2,3.264697265625));
#6861 = CARTESIAN_POINT('',(25.48154296875,-11.2,2.996142578125));
#6862 = CARTESIAN_POINT('',(25.16904296875,-11.2,2.86552734375));
#6863 = PCURVE('',#1742,#6864);
#6864 = DEFINITIONAL_REPRESENTATION('',(#6865),#6869);
#6865 = LINE('',#6866,#6867);
#6866 = CARTESIAN_POINT('',(0.,-0.5));
#6867 = VECTOR('',#6868,1.);
#6868 = DIRECTION('',(1.,0.));
#6869 = ( GEOMETRIC_REPRESENTATION_CONTEXT(2) 
PARAMETRIC_REPRESENTATION_CONTEXT() REPRESENTATION_CONTEXT('2D SPACE',''
  ) );
#6870 = PCURVE('',#6503,#6871);
#6871 = DEFINITIONAL_REPRESENTATION('',(#6872),#6876);
#6872 = B_SPLINE_CURVE_WITH_KNOTS('',2,(#6873,#6874,#6875),
  .UNSPECIFIED.,.F.,.F.,(3,3),(0.,1.),.PIECEWISE_BEZIER_KNOTS.);
#6873 = CARTESIAN_POINT('',(2.919921875,0.46630859375));
#6874 = CARTESIAN_POINT('',(2.7490234375,0.19775390625));
#6875 = CARTESIAN_POINT('',(2.4365234375,6.7138671875E-02));
#6876 = ( GEOMETRIC_REPRESENTATION_CONTEXT(2) 
PARAMETRIC_REPRESENTATION_CONTEXT() REPRESENTATION_CONTEXT('2D SPACE',''
  ) );
#6877 = ORIENTED_EDGE('',*,*,#6736,.F.);
#6878 = ORIENTED_EDGE('',*,*,#1726,.F.);
#6879 = ADVANCED_FACE('',(#6880),#2400,.T.);
#6880 = FACE_BOUND('',#6881,.T.);
#6881 = EDGE_LOOP('',(#6882,#6883,#6906,#6927));
#6882 = ORIENTED_EDGE('',*,*,#6809,.T.);
#6883 = ORIENTED_EDGE('',*,*,#6884,.T.);
#6884 = EDGE_CURVE('',#6787,#6885,#6887,.T.);
#6885 = VERTEX_POINT('',#6886);
#6886 = CARTESIAN_POINT('',(25.10068359375,-11.2,3.838427734375));
#6887 = SURFACE_CURVE('',#6888,(#6892,#6899),.PCURVE_S1.);
#6888 = B_SPLINE_CURVE_WITH_KNOTS('',2,(#6889,#6890,#6891),
  .UNSPECIFIED.,.F.,.F.,(3,3),(0.,1.),.PIECEWISE_BEZIER_KNOTS.);
#6889 = CARTESIAN_POINT('',(24.923681640625,-11.2,3.49296875));
#6890 = CARTESIAN_POINT('',(25.10068359375,-11.2,3.640673828125));
#6891 = CARTESIAN_POINT('',(25.10068359375,-11.2,3.838427734375));
#6892 = PCURVE('',#2400,#6893);
#6893 = DEFINITIONAL_REPRESENTATION('',(#6894),#6898);
#6894 = LINE('',#6895,#6896);
#6895 = CARTESIAN_POINT('',(0.,-0.5));
#6896 = VECTOR('',#6897,1.);
#6897 = DIRECTION('',(1.,0.));
#6898 = ( GEOMETRIC_REPRESENTATION_CONTEXT(2) 
PARAMETRIC_REPRESENTATION_CONTEXT() REPRESENTATION_CONTEXT('2D SPACE',''
  ) );
#6899 = PCURVE('',#6503,#6900);
#6900 = DEFINITIONAL_REPRESENTATION('',(#6901),#6905);
#6901 = B_SPLINE_CURVE_WITH_KNOTS('',2,(#6902,#6903,#6904),
  .UNSPECIFIED.,.F.,.F.,(3,3),(0.,1.),.PIECEWISE_BEZIER_KNOTS.);
#6902 = CARTESIAN_POINT('',(2.191162109375,0.694580078125));
#6903 = CARTESIAN_POINT('',(2.3681640625,0.84228515625));
#6904 = CARTESIAN_POINT('',(2.3681640625,1.0400390625));
#6905 = ( GEOMETRIC_REPRESENTATION_CONTEXT(2) 
PARAMETRIC_REPRESENTATION_CONTEXT() REPRESENTATION_CONTEXT('2D SPACE',''
  ) );
#6906 = ORIENTED_EDGE('',*,*,#6907,.F.);
#6907 = EDGE_CURVE('',#2355,#6885,#6908,.T.);
#6908 = SURFACE_CURVE('',#6909,(#6913,#6920),.PCURVE_S1.);
#6909 = LINE('',#6910,#6911);
#6910 = CARTESIAN_POINT('',(25.10068359375,-11.7,3.838427734375));
#6911 = VECTOR('',#6912,1.);
#6912 = DIRECTION('',(-0.,1.,-0.));
#6913 = PCURVE('',#2400,#6914);
#6914 = DEFINITIONAL_REPRESENTATION('',(#6915),#6919);
#6915 = LINE('',#6916,#6917);
#6916 = CARTESIAN_POINT('',(1.,0.));
#6917 = VECTOR('',#6918,1.);
#6918 = DIRECTION('',(0.,-1.));
#6919 = ( GEOMETRIC_REPRESENTATION_CONTEXT(2) 
PARAMETRIC_REPRESENTATION_CONTEXT() REPRESENTATION_CONTEXT('2D SPACE',''
  ) );
#6920 = PCURVE('',#2370,#6921);
#6921 = DEFINITIONAL_REPRESENTATION('',(#6922),#6926);
#6922 = LINE('',#6923,#6924);
#6923 = CARTESIAN_POINT('',(0.,0.));
#6924 = VECTOR('',#6925,1.);
#6925 = DIRECTION('',(0.,-1.));
#6926 = ( GEOMETRIC_REPRESENTATION_CONTEXT(2) 
PARAMETRIC_REPRESENTATION_CONTEXT() REPRESENTATION_CONTEXT('2D SPACE',''
  ) );
#6927 = ORIENTED_EDGE('',*,*,#2384,.F.);
#6928 = ADVANCED_FACE('',(#6929),#1772,.T.);
#6929 = FACE_BOUND('',#6930,.T.);
#6930 = EDGE_LOOP('',(#6931,#6954,#6975,#6976));
#6931 = ORIENTED_EDGE('',*,*,#6932,.T.);
#6932 = EDGE_CURVE('',#1757,#6933,#6935,.T.);
#6933 = VERTEX_POINT('',#6934);
#6934 = CARTESIAN_POINT('',(25.82333984375,-11.2,3.840869140625));
#6935 = SURFACE_CURVE('',#6936,(#6940,#6947),.PCURVE_S1.);
#6936 = LINE('',#6937,#6938);
#6937 = CARTESIAN_POINT('',(25.82333984375,-11.7,3.840869140625));
#6938 = VECTOR('',#6939,1.);
#6939 = DIRECTION('',(-0.,1.,-0.));
#6940 = PCURVE('',#1772,#6941);
#6941 = DEFINITIONAL_REPRESENTATION('',(#6942),#6946);
#6942 = LINE('',#6943,#6944);
#6943 = CARTESIAN_POINT('',(0.,0.));
#6944 = VECTOR('',#6945,1.);
#6945 = DIRECTION('',(0.,-1.));
#6946 = ( GEOMETRIC_REPRESENTATION_CONTEXT(2) 
PARAMETRIC_REPRESENTATION_CONTEXT() REPRESENTATION_CONTEXT('2D SPACE',''
  ) );
#6947 = PCURVE('',#1802,#6948);
#6948 = DEFINITIONAL_REPRESENTATION('',(#6949),#6953);
#6949 = LINE('',#6950,#6951);
#6950 = CARTESIAN_POINT('',(1.,0.));
#6951 = VECTOR('',#6952,1.);
#6952 = DIRECTION('',(0.,-1.));
#6953 = ( GEOMETRIC_REPRESENTATION_CONTEXT(2) 
PARAMETRIC_REPRESENTATION_CONTEXT() REPRESENTATION_CONTEXT('2D SPACE',''
  ) );
#6954 = ORIENTED_EDGE('',*,*,#6955,.T.);
#6955 = EDGE_CURVE('',#6933,#6835,#6956,.T.);
#6956 = SURFACE_CURVE('',#6957,(#6961,#6968),.PCURVE_S1.);
#6957 = B_SPLINE_CURVE_WITH_KNOTS('',2,(#6958,#6959,#6960),
  .UNSPECIFIED.,.F.,.F.,(3,3),(0.,1.),.PIECEWISE_BEZIER_KNOTS.);
#6958 = CARTESIAN_POINT('',(25.82333984375,-11.2,3.840869140625));
#6959 = CARTESIAN_POINT('',(25.82333984375,-11.2,3.533251953125));
#6960 = CARTESIAN_POINT('',(25.65244140625,-11.2,3.264697265625));
#6961 = PCURVE('',#1772,#6962);
#6962 = DEFINITIONAL_REPRESENTATION('',(#6963),#6967);
#6963 = LINE('',#6964,#6965);
#6964 = CARTESIAN_POINT('',(0.,-0.5));
#6965 = VECTOR('',#6966,1.);
#6966 = DIRECTION('',(1.,0.));
#6967 = ( GEOMETRIC_REPRESENTATION_CONTEXT(2) 
PARAMETRIC_REPRESENTATION_CONTEXT() REPRESENTATION_CONTEXT('2D SPACE',''
  ) );
#6968 = PCURVE('',#6503,#6969);
#6969 = DEFINITIONAL_REPRESENTATION('',(#6970),#6974);
#6970 = B_SPLINE_CURVE_WITH_KNOTS('',2,(#6971,#6972,#6973),
  .UNSPECIFIED.,.F.,.F.,(3,3),(0.,1.),.PIECEWISE_BEZIER_KNOTS.);
#6971 = CARTESIAN_POINT('',(3.0908203125,1.04248046875));
#6972 = CARTESIAN_POINT('',(3.0908203125,0.73486328125));
#6973 = CARTESIAN_POINT('',(2.919921875,0.46630859375));
#6974 = ( GEOMETRIC_REPRESENTATION_CONTEXT(2) 
PARAMETRIC_REPRESENTATION_CONTEXT() REPRESENTATION_CONTEXT('2D SPACE',''
  ) );
#6975 = ORIENTED_EDGE('',*,*,#6834,.F.);
#6976 = ORIENTED_EDGE('',*,*,#1756,.F.);
#6977 = ADVANCED_FACE('',(#6978),#2370,.T.);
#6978 = FACE_BOUND('',#6979,.T.);
#6979 = EDGE_LOOP('',(#6980,#6981,#7004,#7025));
#6980 = ORIENTED_EDGE('',*,*,#6907,.T.);
#6981 = ORIENTED_EDGE('',*,*,#6982,.T.);
#6982 = EDGE_CURVE('',#6885,#6983,#6985,.T.);
#6983 = VERTEX_POINT('',#6984);
#6984 = CARTESIAN_POINT('',(25.026220703125,-11.2,4.0544921875));
#6985 = SURFACE_CURVE('',#6986,(#6990,#6997),.PCURVE_S1.);
#6986 = B_SPLINE_CURVE_WITH_KNOTS('',2,(#6987,#6988,#6989),
  .UNSPECIFIED.,.F.,.F.,(3,3),(0.,1.),.PIECEWISE_BEZIER_KNOTS.);
#6987 = CARTESIAN_POINT('',(25.10068359375,-11.2,3.838427734375));
#6988 = CARTESIAN_POINT('',(25.10068359375,-11.2,3.965380859375));
#6989 = CARTESIAN_POINT('',(25.026220703125,-11.2,4.0544921875));
#6990 = PCURVE('',#2370,#6991);
#6991 = DEFINITIONAL_REPRESENTATION('',(#6992),#6996);
#6992 = LINE('',#6993,#6994);
#6993 = CARTESIAN_POINT('',(0.,-0.5));
#6994 = VECTOR('',#6995,1.);
#6995 = DIRECTION('',(1.,0.));
#6996 = ( GEOMETRIC_REPRESENTATION_CONTEXT(2) 
PARAMETRIC_REPRESENTATION_CONTEXT() REPRESENTATION_CONTEXT('2D SPACE',''
  ) );
#6997 = PCURVE('',#6503,#6998);
#6998 = DEFINITIONAL_REPRESENTATION('',(#6999),#7003);
#6999 = B_SPLINE_CURVE_WITH_KNOTS('',2,(#7000,#7001,#7002),
  .UNSPECIFIED.,.F.,.F.,(3,3),(0.,1.),.PIECEWISE_BEZIER_KNOTS.);
#7000 = CARTESIAN_POINT('',(2.3681640625,1.0400390625));
#7001 = CARTESIAN_POINT('',(2.3681640625,1.1669921875));
#7002 = CARTESIAN_POINT('',(2.293701171875,1.256103515625));
#7003 = ( GEOMETRIC_REPRESENTATION_CONTEXT(2) 
PARAMETRIC_REPRESENTATION_CONTEXT() REPRESENTATION_CONTEXT('2D SPACE',''
  ) );
#7004 = ORIENTED_EDGE('',*,*,#7005,.F.);
#7005 = EDGE_CURVE('',#2325,#6983,#7006,.T.);
#7006 = SURFACE_CURVE('',#7007,(#7011,#7018),.PCURVE_S1.);
#7007 = LINE('',#7008,#7009);
#7008 = CARTESIAN_POINT('',(25.026220703125,-11.7,4.0544921875));
#7009 = VECTOR('',#7010,1.);
#7010 = DIRECTION('',(-0.,1.,-0.));
#7011 = PCURVE('',#2370,#7012);
#7012 = DEFINITIONAL_REPRESENTATION('',(#7013),#7017);
#7013 = LINE('',#7014,#7015);
#7014 = CARTESIAN_POINT('',(1.,0.));
#7015 = VECTOR('',#7016,1.);
#7016 = DIRECTION('',(0.,-1.));
#7017 = ( GEOMETRIC_REPRESENTATION_CONTEXT(2) 
PARAMETRIC_REPRESENTATION_CONTEXT() REPRESENTATION_CONTEXT('2D SPACE',''
  ) );
#7018 = PCURVE('',#2340,#7019);
#7019 = DEFINITIONAL_REPRESENTATION('',(#7020),#7024);
#7020 = LINE('',#7021,#7022);
#7021 = CARTESIAN_POINT('',(0.,0.));
#7022 = VECTOR('',#7023,1.);
#7023 = DIRECTION('',(0.,-1.));
#7024 = ( GEOMETRIC_REPRESENTATION_CONTEXT(2) 
PARAMETRIC_REPRESENTATION_CONTEXT() REPRESENTATION_CONTEXT('2D SPACE',''
  ) );
#7025 = ORIENTED_EDGE('',*,*,#2354,.F.);
#7026 = ADVANCED_FACE('',(#7027),#1802,.T.);
#7027 = FACE_BOUND('',#7028,.T.);
#7028 = EDGE_LOOP('',(#7029,#7052,#7073,#7074));
#7029 = ORIENTED_EDGE('',*,*,#7030,.T.);
#7030 = EDGE_CURVE('',#1787,#7031,#7033,.T.);
#7031 = VERTEX_POINT('',#7032);
#7032 = CARTESIAN_POINT('',(25.680517578125,-11.2,4.4109375));
#7033 = SURFACE_CURVE('',#7034,(#7038,#7045),.PCURVE_S1.);
#7034 = LINE('',#7035,#7036);
#7035 = CARTESIAN_POINT('',(25.680517578125,-11.7,4.4109375));
#7036 = VECTOR('',#7037,1.);
#7037 = DIRECTION('',(-0.,1.,-0.));
#7038 = PCURVE('',#1802,#7039);
#7039 = DEFINITIONAL_REPRESENTATION('',(#7040),#7044);
#7040 = LINE('',#7041,#7042);
#7041 = CARTESIAN_POINT('',(0.,0.));
#7042 = VECTOR('',#7043,1.);
#7043 = DIRECTION('',(0.,-1.));
#7044 = ( GEOMETRIC_REPRESENTATION_CONTEXT(2) 
PARAMETRIC_REPRESENTATION_CONTEXT() REPRESENTATION_CONTEXT('2D SPACE',''
  ) );
#7045 = PCURVE('',#1832,#7046);
#7046 = DEFINITIONAL_REPRESENTATION('',(#7047),#7051);
#7047 = LINE('',#7048,#7049);
#7048 = CARTESIAN_POINT('',(1.,0.));
#7049 = VECTOR('',#7050,1.);
#7050 = DIRECTION('',(0.,-1.));
#7051 = ( GEOMETRIC_REPRESENTATION_CONTEXT(2) 
PARAMETRIC_REPRESENTATION_CONTEXT() REPRESENTATION_CONTEXT('2D SPACE',''
  ) );
#7052 = ORIENTED_EDGE('',*,*,#7053,.T.);
#7053 = EDGE_CURVE('',#7031,#6933,#7054,.T.);
#7054 = SURFACE_CURVE('',#7055,(#7059,#7066),.PCURVE_S1.);
#7055 = B_SPLINE_CURVE_WITH_KNOTS('',2,(#7056,#7057,#7058),
  .UNSPECIFIED.,.F.,.F.,(3,3),(0.,1.),.PIECEWISE_BEZIER_KNOTS.);
#7056 = CARTESIAN_POINT('',(25.680517578125,-11.2,4.4109375));
#7057 = CARTESIAN_POINT('',(25.82333984375,-11.2,4.180224609375));
#7058 = CARTESIAN_POINT('',(25.82333984375,-11.2,3.840869140625));
#7059 = PCURVE('',#1802,#7060);
#7060 = DEFINITIONAL_REPRESENTATION('',(#7061),#7065);
#7061 = LINE('',#7062,#7063);
#7062 = CARTESIAN_POINT('',(0.,-0.5));
#7063 = VECTOR('',#7064,1.);
#7064 = DIRECTION('',(1.,0.));
#7065 = ( GEOMETRIC_REPRESENTATION_CONTEXT(2) 
PARAMETRIC_REPRESENTATION_CONTEXT() REPRESENTATION_CONTEXT('2D SPACE',''
  ) );
#7066 = PCURVE('',#6503,#7067);
#7067 = DEFINITIONAL_REPRESENTATION('',(#7068),#7072);
#7068 = B_SPLINE_CURVE_WITH_KNOTS('',2,(#7069,#7070,#7071),
  .UNSPECIFIED.,.F.,.F.,(3,3),(0.,1.),.PIECEWISE_BEZIER_KNOTS.);
#7069 = CARTESIAN_POINT('',(2.947998046875,1.612548828125));
#7070 = CARTESIAN_POINT('',(3.0908203125,1.3818359375));
#7071 = CARTESIAN_POINT('',(3.0908203125,1.04248046875));
#7072 = ( GEOMETRIC_REPRESENTATION_CONTEXT(2) 
PARAMETRIC_REPRESENTATION_CONTEXT() REPRESENTATION_CONTEXT('2D SPACE',''
  ) );
#7073 = ORIENTED_EDGE('',*,*,#6932,.F.);
#7074 = ORIENTED_EDGE('',*,*,#1786,.F.);
#7075 = ADVANCED_FACE('',(#7076),#2340,.T.);
#7076 = FACE_BOUND('',#7077,.T.);
#7077 = EDGE_LOOP('',(#7078,#7079,#7102,#7123));
#7078 = ORIENTED_EDGE('',*,*,#7005,.T.);
#7079 = ORIENTED_EDGE('',*,*,#7080,.T.);
#7080 = EDGE_CURVE('',#6983,#7081,#7083,.T.);
#7081 = VERTEX_POINT('',#7082);
#7082 = CARTESIAN_POINT('',(24.7662109375,-11.2,4.209521484375));
#7083 = SURFACE_CURVE('',#7084,(#7088,#7095),.PCURVE_S1.);
#7084 = B_SPLINE_CURVE_WITH_KNOTS('',2,(#7085,#7086,#7087),
  .UNSPECIFIED.,.F.,.F.,(3,3),(0.,1.),.PIECEWISE_BEZIER_KNOTS.);
#7085 = CARTESIAN_POINT('',(25.026220703125,-11.2,4.0544921875));
#7086 = CARTESIAN_POINT('',(24.9517578125,-11.2,4.143603515625));
#7087 = CARTESIAN_POINT('',(24.7662109375,-11.2,4.209521484375));
#7088 = PCURVE('',#2340,#7089);
#7089 = DEFINITIONAL_REPRESENTATION('',(#7090),#7094);
#7090 = LINE('',#7091,#7092);
#7091 = CARTESIAN_POINT('',(0.,-0.5));
#7092 = VECTOR('',#7093,1.);
#7093 = DIRECTION('',(1.,0.));
#7094 = ( GEOMETRIC_REPRESENTATION_CONTEXT(2) 
PARAMETRIC_REPRESENTATION_CONTEXT() REPRESENTATION_CONTEXT('2D SPACE',''
  ) );
#7095 = PCURVE('',#6503,#7096);
#7096 = DEFINITIONAL_REPRESENTATION('',(#7097),#7101);
#7097 = B_SPLINE_CURVE_WITH_KNOTS('',2,(#7098,#7099,#7100),
  .UNSPECIFIED.,.F.,.F.,(3,3),(0.,1.),.PIECEWISE_BEZIER_KNOTS.);
#7098 = CARTESIAN_POINT('',(2.293701171875,1.256103515625));
#7099 = CARTESIAN_POINT('',(2.21923828125,1.34521484375));
#7100 = CARTESIAN_POINT('',(2.03369140625,1.4111328125));
#7101 = ( GEOMETRIC_REPRESENTATION_CONTEXT(2) 
PARAMETRIC_REPRESENTATION_CONTEXT() REPRESENTATION_CONTEXT('2D SPACE',''
  ) );
#7102 = ORIENTED_EDGE('',*,*,#7103,.F.);
#7103 = EDGE_CURVE('',#2295,#7081,#7104,.T.);
#7104 = SURFACE_CURVE('',#7105,(#7109,#7116),.PCURVE_S1.);
#7105 = LINE('',#7106,#7107);
#7106 = CARTESIAN_POINT('',(24.7662109375,-11.7,4.209521484375));
#7107 = VECTOR('',#7108,1.);
#7108 = DIRECTION('',(-0.,1.,-0.));
#7109 = PCURVE('',#2340,#7110);
#7110 = DEFINITIONAL_REPRESENTATION('',(#7111),#7115);
#7111 = LINE('',#7112,#7113);
#7112 = CARTESIAN_POINT('',(1.,0.));
#7113 = VECTOR('',#7114,1.);
#7114 = DIRECTION('',(0.,-1.));
#7115 = ( GEOMETRIC_REPRESENTATION_CONTEXT(2) 
PARAMETRIC_REPRESENTATION_CONTEXT() REPRESENTATION_CONTEXT('2D SPACE',''
  ) );
#7116 = PCURVE('',#2310,#7117);
#7117 = DEFINITIONAL_REPRESENTATION('',(#7118),#7122);
#7118 = LINE('',#7119,#7120);
#7119 = CARTESIAN_POINT('',(0.,0.));
#7120 = VECTOR('',#7121,1.);
#7121 = DIRECTION('',(0.,-1.));
#7122 = ( GEOMETRIC_REPRESENTATION_CONTEXT(2) 
PARAMETRIC_REPRESENTATION_CONTEXT() REPRESENTATION_CONTEXT('2D SPACE',''
  ) );
#7123 = ORIENTED_EDGE('',*,*,#2324,.F.);
#7124 = ADVANCED_FACE('',(#7125),#1832,.T.);
#7125 = FACE_BOUND('',#7126,.T.);
#7126 = EDGE_LOOP('',(#7127,#7150,#7171,#7172));
#7127 = ORIENTED_EDGE('',*,*,#7128,.T.);
#7128 = EDGE_CURVE('',#1817,#7129,#7131,.T.);
#7129 = VERTEX_POINT('',#7130);
#7130 = CARTESIAN_POINT('',(25.285009765625,-11.2,4.77470703125));
#7131 = SURFACE_CURVE('',#7132,(#7136,#7143),.PCURVE_S1.);
#7132 = LINE('',#7133,#7134);
#7133 = CARTESIAN_POINT('',(25.285009765625,-11.7,4.77470703125));
#7134 = VECTOR('',#7135,1.);
#7135 = DIRECTION('',(-0.,1.,-0.));
#7136 = PCURVE('',#1832,#7137);
#7137 = DEFINITIONAL_REPRESENTATION('',(#7138),#7142);
#7138 = LINE('',#7139,#7140);
#7139 = CARTESIAN_POINT('',(0.,0.));
#7140 = VECTOR('',#7141,1.);
#7141 = DIRECTION('',(0.,-1.));
#7142 = ( GEOMETRIC_REPRESENTATION_CONTEXT(2) 
PARAMETRIC_REPRESENTATION_CONTEXT() REPRESENTATION_CONTEXT('2D SPACE',''
  ) );
#7143 = PCURVE('',#1862,#7144);
#7144 = DEFINITIONAL_REPRESENTATION('',(#7145),#7149);
#7145 = LINE('',#7146,#7147);
#7146 = CARTESIAN_POINT('',(1.,0.));
#7147 = VECTOR('',#7148,1.);
#7148 = DIRECTION('',(0.,-1.));
#7149 = ( GEOMETRIC_REPRESENTATION_CONTEXT(2) 
PARAMETRIC_REPRESENTATION_CONTEXT() REPRESENTATION_CONTEXT('2D SPACE',''
  ) );
#7150 = ORIENTED_EDGE('',*,*,#7151,.T.);
#7151 = EDGE_CURVE('',#7129,#7031,#7152,.T.);
#7152 = SURFACE_CURVE('',#7153,(#7157,#7164),.PCURVE_S1.);
#7153 = B_SPLINE_CURVE_WITH_KNOTS('',2,(#7154,#7155,#7156),
  .UNSPECIFIED.,.F.,.F.,(3,3),(0.,1.),.PIECEWISE_BEZIER_KNOTS.);
#7154 = CARTESIAN_POINT('',(25.285009765625,-11.2,4.77470703125));
#7155 = CARTESIAN_POINT('',(25.5376953125,-11.2,4.641650390625));
#7156 = CARTESIAN_POINT('',(25.680517578125,-11.2,4.4109375));
#7157 = PCURVE('',#1832,#7158);
#7158 = DEFINITIONAL_REPRESENTATION('',(#7159),#7163);
#7159 = LINE('',#7160,#7161);
#7160 = CARTESIAN_POINT('',(0.,-0.5));
#7161 = VECTOR('',#7162,1.);
#7162 = DIRECTION('',(1.,0.));
#7163 = ( GEOMETRIC_REPRESENTATION_CONTEXT(2) 
PARAMETRIC_REPRESENTATION_CONTEXT() REPRESENTATION_CONTEXT('2D SPACE',''
  ) );
#7164 = PCURVE('',#6503,#7165);
#7165 = DEFINITIONAL_REPRESENTATION('',(#7166),#7170);
#7166 = B_SPLINE_CURVE_WITH_KNOTS('',2,(#7167,#7168,#7169),
  .UNSPECIFIED.,.F.,.F.,(3,3),(0.,1.),.PIECEWISE_BEZIER_KNOTS.);
#7167 = CARTESIAN_POINT('',(2.552490234375,1.976318359375));
#7168 = CARTESIAN_POINT('',(2.80517578125,1.84326171875));
#7169 = CARTESIAN_POINT('',(2.947998046875,1.612548828125));
#7170 = ( GEOMETRIC_REPRESENTATION_CONTEXT(2) 
PARAMETRIC_REPRESENTATION_CONTEXT() REPRESENTATION_CONTEXT('2D SPACE',''
  ) );
#7171 = ORIENTED_EDGE('',*,*,#7030,.F.);
#7172 = ORIENTED_EDGE('',*,*,#1816,.F.);
#7173 = ADVANCED_FACE('',(#7174),#2310,.T.);
#7174 = FACE_BOUND('',#7175,.T.);
#7175 = EDGE_LOOP('',(#7176,#7177,#7200,#7221));
#7176 = ORIENTED_EDGE('',*,*,#7103,.T.);
#7177 = ORIENTED_EDGE('',*,*,#7178,.T.);
#7178 = EDGE_CURVE('',#7081,#7179,#7181,.T.);
#7179 = VERTEX_POINT('',#7180);
#7180 = CARTESIAN_POINT('',(24.18759765625,-11.2,4.365771484375));
#7181 = SURFACE_CURVE('',#7182,(#7186,#7193),.PCURVE_S1.);
#7182 = B_SPLINE_CURVE_WITH_KNOTS('',2,(#7183,#7184,#7185),
  .UNSPECIFIED.,.F.,.F.,(3,3),(0.,1.),.PIECEWISE_BEZIER_KNOTS.);
#7183 = CARTESIAN_POINT('',(24.7662109375,-11.2,4.209521484375));
#7184 = CARTESIAN_POINT('',(24.6392578125,-11.2,4.253466796875));
#7185 = CARTESIAN_POINT('',(24.18759765625,-11.2,4.365771484375));
#7186 = PCURVE('',#2310,#7187);
#7187 = DEFINITIONAL_REPRESENTATION('',(#7188),#7192);
#7188 = LINE('',#7189,#7190);
#7189 = CARTESIAN_POINT('',(0.,-0.5));
#7190 = VECTOR('',#7191,1.);
#7191 = DIRECTION('',(1.,0.));
#7192 = ( GEOMETRIC_REPRESENTATION_CONTEXT(2) 
PARAMETRIC_REPRESENTATION_CONTEXT() REPRESENTATION_CONTEXT('2D SPACE',''
  ) );
#7193 = PCURVE('',#6503,#7194);
#7194 = DEFINITIONAL_REPRESENTATION('',(#7195),#7199);
#7195 = B_SPLINE_CURVE_WITH_KNOTS('',2,(#7196,#7197,#7198),
  .UNSPECIFIED.,.F.,.F.,(3,3),(0.,1.),.PIECEWISE_BEZIER_KNOTS.);
#7196 = CARTESIAN_POINT('',(2.03369140625,1.4111328125));
#7197 = CARTESIAN_POINT('',(1.90673828125,1.455078125));
#7198 = CARTESIAN_POINT('',(1.455078125,1.5673828125));
#7199 = ( GEOMETRIC_REPRESENTATION_CONTEXT(2) 
PARAMETRIC_REPRESENTATION_CONTEXT() REPRESENTATION_CONTEXT('2D SPACE',''
  ) );
#7200 = ORIENTED_EDGE('',*,*,#7201,.F.);
#7201 = EDGE_CURVE('',#2265,#7179,#7202,.T.);
#7202 = SURFACE_CURVE('',#7203,(#7207,#7214),.PCURVE_S1.);
#7203 = LINE('',#7204,#7205);
#7204 = CARTESIAN_POINT('',(24.18759765625,-11.7,4.365771484375));
#7205 = VECTOR('',#7206,1.);
#7206 = DIRECTION('',(-0.,1.,-0.));
#7207 = PCURVE('',#2310,#7208);
#7208 = DEFINITIONAL_REPRESENTATION('',(#7209),#7213);
#7209 = LINE('',#7210,#7211);
#7210 = CARTESIAN_POINT('',(1.,0.));
#7211 = VECTOR('',#7212,1.);
#7212 = DIRECTION('',(0.,-1.));
#7213 = ( GEOMETRIC_REPRESENTATION_CONTEXT(2) 
PARAMETRIC_REPRESENTATION_CONTEXT() REPRESENTATION_CONTEXT('2D SPACE',''
  ) );
#7214 = PCURVE('',#2280,#7215);
#7215 = DEFINITIONAL_REPRESENTATION('',(#7216),#7220);
#7216 = LINE('',#7217,#7218);
#7217 = CARTESIAN_POINT('',(0.,0.));
#7218 = VECTOR('',#7219,1.);
#7219 = DIRECTION('',(0.,-1.));
#7220 = ( GEOMETRIC_REPRESENTATION_CONTEXT(2) 
PARAMETRIC_REPRESENTATION_CONTEXT() REPRESENTATION_CONTEXT('2D SPACE',''
  ) );
#7221 = ORIENTED_EDGE('',*,*,#2294,.F.);
#7222 = ADVANCED_FACE('',(#7223),#1862,.T.);
#7223 = FACE_BOUND('',#7224,.T.);
#7224 = EDGE_LOOP('',(#7225,#7248,#7269,#7270));
#7225 = ORIENTED_EDGE('',*,*,#7226,.T.);
#7226 = EDGE_CURVE('',#1847,#7227,#7229,.T.);
#7227 = VERTEX_POINT('',#7228);
#7228 = CARTESIAN_POINT('',(24.50498046875,-11.2,5.032275390625));
#7229 = SURFACE_CURVE('',#7230,(#7234,#7241),.PCURVE_S1.);
#7230 = LINE('',#7231,#7232);
#7231 = CARTESIAN_POINT('',(24.50498046875,-11.7,5.032275390625));
#7232 = VECTOR('',#7233,1.);
#7233 = DIRECTION('',(-0.,1.,-0.));
#7234 = PCURVE('',#1862,#7235);
#7235 = DEFINITIONAL_REPRESENTATION('',(#7236),#7240);
#7236 = LINE('',#7237,#7238);
#7237 = CARTESIAN_POINT('',(0.,0.));
#7238 = VECTOR('',#7239,1.);
#7239 = DIRECTION('',(0.,-1.));
#7240 = ( GEOMETRIC_REPRESENTATION_CONTEXT(2) 
PARAMETRIC_REPRESENTATION_CONTEXT() REPRESENTATION_CONTEXT('2D SPACE',''
  ) );
#7241 = PCURVE('',#1892,#7242);
#7242 = DEFINITIONAL_REPRESENTATION('',(#7243),#7247);
#7243 = LINE('',#7244,#7245);
#7244 = CARTESIAN_POINT('',(1.,0.));
#7245 = VECTOR('',#7246,1.);
#7246 = DIRECTION('',(0.,-1.));
#7247 = ( GEOMETRIC_REPRESENTATION_CONTEXT(2) 
PARAMETRIC_REPRESENTATION_CONTEXT() REPRESENTATION_CONTEXT('2D SPACE',''
  ) );
#7248 = ORIENTED_EDGE('',*,*,#7249,.T.);
#7249 = EDGE_CURVE('',#7227,#7129,#7250,.T.);
#7250 = SURFACE_CURVE('',#7251,(#7255,#7262),.PCURVE_S1.);
#7251 = B_SPLINE_CURVE_WITH_KNOTS('',2,(#7252,#7253,#7254),
  .UNSPECIFIED.,.F.,.F.,(3,3),(0.,1.),.PIECEWISE_BEZIER_KNOTS.);
#7252 = CARTESIAN_POINT('',(24.50498046875,-11.2,5.032275390625));
#7253 = CARTESIAN_POINT('',(25.03232421875,-11.2,4.907763671875));
#7254 = CARTESIAN_POINT('',(25.285009765625,-11.2,4.77470703125));
#7255 = PCURVE('',#1862,#7256);
#7256 = DEFINITIONAL_REPRESENTATION('',(#7257),#7261);
#7257 = LINE('',#7258,#7259);
#7258 = CARTESIAN_POINT('',(0.,-0.5));
#7259 = VECTOR('',#7260,1.);
#7260 = DIRECTION('',(1.,0.));
#7261 = ( GEOMETRIC_REPRESENTATION_CONTEXT(2) 
PARAMETRIC_REPRESENTATION_CONTEXT() REPRESENTATION_CONTEXT('2D SPACE',''
  ) );
#7262 = PCURVE('',#6503,#7263);
#7263 = DEFINITIONAL_REPRESENTATION('',(#7264),#7268);
#7264 = B_SPLINE_CURVE_WITH_KNOTS('',2,(#7265,#7266,#7267),
  .UNSPECIFIED.,.F.,.F.,(3,3),(0.,1.),.PIECEWISE_BEZIER_KNOTS.);
#7265 = CARTESIAN_POINT('',(1.7724609375,2.23388671875));
#7266 = CARTESIAN_POINT('',(2.2998046875,2.109375));
#7267 = CARTESIAN_POINT('',(2.552490234375,1.976318359375));
#7268 = ( GEOMETRIC_REPRESENTATION_CONTEXT(2) 
PARAMETRIC_REPRESENTATION_CONTEXT() REPRESENTATION_CONTEXT('2D SPACE',''
  ) );
#7269 = ORIENTED_EDGE('',*,*,#7128,.F.);
#7270 = ORIENTED_EDGE('',*,*,#1846,.F.);
#7271 = ADVANCED_FACE('',(#7272),#2280,.T.);
#7272 = FACE_BOUND('',#7273,.T.);
#7273 = EDGE_LOOP('',(#7274,#7275,#7298,#7319));
#7274 = ORIENTED_EDGE('',*,*,#7201,.T.);
#7275 = ORIENTED_EDGE('',*,*,#7276,.T.);
#7276 = EDGE_CURVE('',#7179,#7277,#7279,.T.);
#7277 = VERTEX_POINT('',#7278);
#7278 = CARTESIAN_POINT('',(23.37216796875,-11.2,4.719775390625));
#7279 = SURFACE_CURVE('',#7280,(#7284,#7291),.PCURVE_S1.);
#7280 = B_SPLINE_CURVE_WITH_KNOTS('',2,(#7281,#7282,#7283),
  .UNSPECIFIED.,.F.,.F.,(3,3),(0.,1.),.PIECEWISE_BEZIER_KNOTS.);
#7281 = CARTESIAN_POINT('',(24.18759765625,-11.2,4.365771484375));
#7282 = CARTESIAN_POINT('',(23.60654296875,-11.2,4.509814453125));
#7283 = CARTESIAN_POINT('',(23.37216796875,-11.2,4.719775390625));
#7284 = PCURVE('',#2280,#7285);
#7285 = DEFINITIONAL_REPRESENTATION('',(#7286),#7290);
#7286 = LINE('',#7287,#7288);
#7287 = CARTESIAN_POINT('',(0.,-0.5));
#7288 = VECTOR('',#7289,1.);
#7289 = DIRECTION('',(1.,0.));
#7290 = ( GEOMETRIC_REPRESENTATION_CONTEXT(2) 
PARAMETRIC_REPRESENTATION_CONTEXT() REPRESENTATION_CONTEXT('2D SPACE',''
  ) );
#7291 = PCURVE('',#6503,#7292);
#7292 = DEFINITIONAL_REPRESENTATION('',(#7293),#7297);
#7293 = B_SPLINE_CURVE_WITH_KNOTS('',2,(#7294,#7295,#7296),
  .UNSPECIFIED.,.F.,.F.,(3,3),(0.,1.),.PIECEWISE_BEZIER_KNOTS.);
#7294 = CARTESIAN_POINT('',(1.455078125,1.5673828125));
#7295 = CARTESIAN_POINT('',(0.8740234375,1.71142578125));
#7296 = CARTESIAN_POINT('',(0.6396484375,1.92138671875));
#7297 = ( GEOMETRIC_REPRESENTATION_CONTEXT(2) 
PARAMETRIC_REPRESENTATION_CONTEXT() REPRESENTATION_CONTEXT('2D SPACE',''
  ) );
#7298 = ORIENTED_EDGE('',*,*,#7299,.F.);
#7299 = EDGE_CURVE('',#2235,#7277,#7300,.T.);
#7300 = SURFACE_CURVE('',#7301,(#7305,#7312),.PCURVE_S1.);
#7301 = LINE('',#7302,#7303);
#7302 = CARTESIAN_POINT('',(23.37216796875,-11.7,4.719775390625));
#7303 = VECTOR('',#7304,1.);
#7304 = DIRECTION('',(-0.,1.,-0.));
#7305 = PCURVE('',#2280,#7306);
#7306 = DEFINITIONAL_REPRESENTATION('',(#7307),#7311);
#7307 = LINE('',#7308,#7309);
#7308 = CARTESIAN_POINT('',(1.,0.));
#7309 = VECTOR('',#7310,1.);
#7310 = DIRECTION('',(0.,-1.));
#7311 = ( GEOMETRIC_REPRESENTATION_CONTEXT(2) 
PARAMETRIC_REPRESENTATION_CONTEXT() REPRESENTATION_CONTEXT('2D SPACE',''
  ) );
#7312 = PCURVE('',#2250,#7313);
#7313 = DEFINITIONAL_REPRESENTATION('',(#7314),#7318);
#7314 = LINE('',#7315,#7316);
#7315 = CARTESIAN_POINT('',(0.,0.));
#7316 = VECTOR('',#7317,1.);
#7317 = DIRECTION('',(0.,-1.));
#7318 = ( GEOMETRIC_REPRESENTATION_CONTEXT(2) 
PARAMETRIC_REPRESENTATION_CONTEXT() REPRESENTATION_CONTEXT('2D SPACE',''
  ) );
#7319 = ORIENTED_EDGE('',*,*,#2264,.F.);
#7320 = ADVANCED_FACE('',(#7321),#1892,.T.);
#7321 = FACE_BOUND('',#7322,.T.);
#7322 = EDGE_LOOP('',(#7323,#7346,#7367,#7368));
#7323 = ORIENTED_EDGE('',*,*,#7324,.T.);
#7324 = EDGE_CURVE('',#1877,#7325,#7327,.T.);
#7325 = VERTEX_POINT('',#7326);
#7326 = CARTESIAN_POINT('',(23.84091796875,-11.2,5.271533203125));
#7327 = SURFACE_CURVE('',#7328,(#7332,#7339),.PCURVE_S1.);
#7328 = LINE('',#7329,#7330);
#7329 = CARTESIAN_POINT('',(23.84091796875,-11.7,5.271533203125));
#7330 = VECTOR('',#7331,1.);
#7331 = DIRECTION('',(-0.,1.,-0.));
#7332 = PCURVE('',#1892,#7333);
#7333 = DEFINITIONAL_REPRESENTATION('',(#7334),#7338);
#7334 = LINE('',#7335,#7336);
#7335 = CARTESIAN_POINT('',(0.,0.));
#7336 = VECTOR('',#7337,1.);
#7337 = DIRECTION('',(0.,-1.));
#7338 = ( GEOMETRIC_REPRESENTATION_CONTEXT(2) 
PARAMETRIC_REPRESENTATION_CONTEXT() REPRESENTATION_CONTEXT('2D SPACE',''
  ) );
#7339 = PCURVE('',#1922,#7340);
#7340 = DEFINITIONAL_REPRESENTATION('',(#7341),#7345);
#7341 = LINE('',#7342,#7343);
#7342 = CARTESIAN_POINT('',(1.,0.));
#7343 = VECTOR('',#7344,1.);
#7344 = DIRECTION('',(0.,-1.));
#7345 = ( GEOMETRIC_REPRESENTATION_CONTEXT(2) 
PARAMETRIC_REPRESENTATION_CONTEXT() REPRESENTATION_CONTEXT('2D SPACE',''
  ) );
#7346 = ORIENTED_EDGE('',*,*,#7347,.T.);
#7347 = EDGE_CURVE('',#7325,#7227,#7348,.T.);
#7348 = SURFACE_CURVE('',#7349,(#7353,#7360),.PCURVE_S1.);
#7349 = B_SPLINE_CURVE_WITH_KNOTS('',2,(#7350,#7351,#7352),
  .UNSPECIFIED.,.F.,.F.,(3,3),(0.,1.),.PIECEWISE_BEZIER_KNOTS.);
#7350 = CARTESIAN_POINT('',(23.84091796875,-11.2,5.271533203125));
#7351 = CARTESIAN_POINT('',(23.97763671875,-11.2,5.156787109375));
#7352 = CARTESIAN_POINT('',(24.50498046875,-11.2,5.032275390625));
#7353 = PCURVE('',#1892,#7354);
#7354 = DEFINITIONAL_REPRESENTATION('',(#7355),#7359);
#7355 = LINE('',#7356,#7357);
#7356 = CARTESIAN_POINT('',(0.,-0.5));
#7357 = VECTOR('',#7358,1.);
#7358 = DIRECTION('',(1.,0.));
#7359 = ( GEOMETRIC_REPRESENTATION_CONTEXT(2) 
PARAMETRIC_REPRESENTATION_CONTEXT() REPRESENTATION_CONTEXT('2D SPACE',''
  ) );
#7360 = PCURVE('',#6503,#7361);
#7361 = DEFINITIONAL_REPRESENTATION('',(#7362),#7366);
#7362 = B_SPLINE_CURVE_WITH_KNOTS('',2,(#7363,#7364,#7365),
  .UNSPECIFIED.,.F.,.F.,(3,3),(0.,1.),.PIECEWISE_BEZIER_KNOTS.);
#7363 = CARTESIAN_POINT('',(1.1083984375,2.47314453125));
#7364 = CARTESIAN_POINT('',(1.2451171875,2.3583984375));
#7365 = CARTESIAN_POINT('',(1.7724609375,2.23388671875));
#7366 = ( GEOMETRIC_REPRESENTATION_CONTEXT(2) 
PARAMETRIC_REPRESENTATION_CONTEXT() REPRESENTATION_CONTEXT('2D SPACE',''
  ) );
#7367 = ORIENTED_EDGE('',*,*,#7226,.F.);
#7368 = ORIENTED_EDGE('',*,*,#1876,.F.);
#7369 = ADVANCED_FACE('',(#7370),#2250,.T.);
#7370 = FACE_BOUND('',#7371,.T.);
#7371 = EDGE_LOOP('',(#7372,#7373,#7396,#7417));
#7372 = ORIENTED_EDGE('',*,*,#7299,.T.);
#7373 = ORIENTED_EDGE('',*,*,#7374,.T.);
#7374 = EDGE_CURVE('',#7277,#7375,#7377,.T.);
#7375 = VERTEX_POINT('',#7376);
#7376 = CARTESIAN_POINT('',(23.042578125,-11.2,5.439990234375));
#7377 = SURFACE_CURVE('',#7378,(#7382,#7389),.PCURVE_S1.);
#7378 = B_SPLINE_CURVE_WITH_KNOTS('',2,(#7379,#7380,#7381),
  .UNSPECIFIED.,.F.,.F.,(3,3),(0.,1.),.PIECEWISE_BEZIER_KNOTS.);
#7379 = CARTESIAN_POINT('',(23.37216796875,-11.2,4.719775390625));
#7380 = CARTESIAN_POINT('',(23.042578125,-11.2,5.015185546875));
#7381 = CARTESIAN_POINT('',(23.042578125,-11.2,5.439990234375));
#7382 = PCURVE('',#2250,#7383);
#7383 = DEFINITIONAL_REPRESENTATION('',(#7384),#7388);
#7384 = LINE('',#7385,#7386);
#7385 = CARTESIAN_POINT('',(0.,-0.5));
#7386 = VECTOR('',#7387,1.);
#7387 = DIRECTION('',(1.,0.));
#7388 = ( GEOMETRIC_REPRESENTATION_CONTEXT(2) 
PARAMETRIC_REPRESENTATION_CONTEXT() REPRESENTATION_CONTEXT('2D SPACE',''
  ) );
#7389 = PCURVE('',#6503,#7390);
#7390 = DEFINITIONAL_REPRESENTATION('',(#7391),#7395);
#7391 = B_SPLINE_CURVE_WITH_KNOTS('',2,(#7392,#7393,#7394),
  .UNSPECIFIED.,.F.,.F.,(3,3),(0.,1.),.PIECEWISE_BEZIER_KNOTS.);
#7392 = CARTESIAN_POINT('',(0.6396484375,1.92138671875));
#7393 = CARTESIAN_POINT('',(0.31005859375,2.216796875));
#7394 = CARTESIAN_POINT('',(0.31005859375,2.6416015625));
#7395 = ( GEOMETRIC_REPRESENTATION_CONTEXT(2) 
PARAMETRIC_REPRESENTATION_CONTEXT() REPRESENTATION_CONTEXT('2D SPACE',''
  ) );
#7396 = ORIENTED_EDGE('',*,*,#7397,.F.);
#7397 = EDGE_CURVE('',#2205,#7375,#7398,.T.);
#7398 = SURFACE_CURVE('',#7399,(#7403,#7410),.PCURVE_S1.);
#7399 = LINE('',#7400,#7401);
#7400 = CARTESIAN_POINT('',(23.042578125,-11.7,5.439990234375));
#7401 = VECTOR('',#7402,1.);
#7402 = DIRECTION('',(-0.,1.,-0.));
#7403 = PCURVE('',#2250,#7404);
#7404 = DEFINITIONAL_REPRESENTATION('',(#7405),#7409);
#7405 = LINE('',#7406,#7407);
#7406 = CARTESIAN_POINT('',(1.,0.));
#7407 = VECTOR('',#7408,1.);
#7408 = DIRECTION('',(0.,-1.));
#7409 = ( GEOMETRIC_REPRESENTATION_CONTEXT(2) 
PARAMETRIC_REPRESENTATION_CONTEXT() REPRESENTATION_CONTEXT('2D SPACE',''
  ) );
#7410 = PCURVE('',#2220,#7411);
#7411 = DEFINITIONAL_REPRESENTATION('',(#7412),#7416);
#7412 = LINE('',#7413,#7414);
#7413 = CARTESIAN_POINT('',(0.,0.));
#7414 = VECTOR('',#7415,1.);
#7415 = DIRECTION('',(0.,-1.));
#7416 = ( GEOMETRIC_REPRESENTATION_CONTEXT(2) 
PARAMETRIC_REPRESENTATION_CONTEXT() REPRESENTATION_CONTEXT('2D SPACE',''
  ) );
#7417 = ORIENTED_EDGE('',*,*,#2234,.F.);
#7418 = ADVANCED_FACE('',(#7419),#1922,.T.);
#7419 = FACE_BOUND('',#7420,.T.);
#7420 = EDGE_LOOP('',(#7421,#7444,#7465,#7466));
#7421 = ORIENTED_EDGE('',*,*,#7422,.T.);
#7422 = EDGE_CURVE('',#1907,#7423,#7425,.T.);
#7423 = VERTEX_POINT('',#7424);
#7424 = CARTESIAN_POINT('',(23.73349609375,-11.2,5.488818359375));
#7425 = SURFACE_CURVE('',#7426,(#7430,#7437),.PCURVE_S1.);
#7426 = LINE('',#7427,#7428);
#7427 = CARTESIAN_POINT('',(23.73349609375,-11.7,5.488818359375));
#7428 = VECTOR('',#7429,1.);
#7429 = DIRECTION('',(-0.,1.,-0.));
#7430 = PCURVE('',#1922,#7431);
#7431 = DEFINITIONAL_REPRESENTATION('',(#7432),#7436);
#7432 = LINE('',#7433,#7434);
#7433 = CARTESIAN_POINT('',(0.,0.));
#7434 = VECTOR('',#7435,1.);
#7435 = DIRECTION('',(0.,-1.));
#7436 = ( GEOMETRIC_REPRESENTATION_CONTEXT(2) 
PARAMETRIC_REPRESENTATION_CONTEXT() REPRESENTATION_CONTEXT('2D SPACE',''
  ) );
#7437 = PCURVE('',#1952,#7438);
#7438 = DEFINITIONAL_REPRESENTATION('',(#7439),#7443);
#7439 = LINE('',#7440,#7441);
#7440 = CARTESIAN_POINT('',(1.,0.));
#7441 = VECTOR('',#7442,1.);
#7442 = DIRECTION('',(0.,-1.));
#7443 = ( GEOMETRIC_REPRESENTATION_CONTEXT(2) 
PARAMETRIC_REPRESENTATION_CONTEXT() REPRESENTATION_CONTEXT('2D SPACE',''
  ) );
#7444 = ORIENTED_EDGE('',*,*,#7445,.T.);
#7445 = EDGE_CURVE('',#7423,#7325,#7446,.T.);
#7446 = SURFACE_CURVE('',#7447,(#7451,#7458),.PCURVE_S1.);
#7447 = B_SPLINE_CURVE_WITH_KNOTS('',2,(#7448,#7449,#7450),
  .UNSPECIFIED.,.F.,.F.,(3,3),(0.,1.),.PIECEWISE_BEZIER_KNOTS.);
#7448 = CARTESIAN_POINT('',(23.73349609375,-11.2,5.488818359375));
#7449 = CARTESIAN_POINT('',(23.73349609375,-11.2,5.361865234375));
#7450 = CARTESIAN_POINT('',(23.84091796875,-11.2,5.271533203125));
#7451 = PCURVE('',#1922,#7452);
#7452 = DEFINITIONAL_REPRESENTATION('',(#7453),#7457);
#7453 = LINE('',#7454,#7455);
#7454 = CARTESIAN_POINT('',(0.,-0.5));
#7455 = VECTOR('',#7456,1.);
#7456 = DIRECTION('',(1.,0.));
#7457 = ( GEOMETRIC_REPRESENTATION_CONTEXT(2) 
PARAMETRIC_REPRESENTATION_CONTEXT() REPRESENTATION_CONTEXT('2D SPACE',''
  ) );
#7458 = PCURVE('',#6503,#7459);
#7459 = DEFINITIONAL_REPRESENTATION('',(#7460),#7464);
#7460 = B_SPLINE_CURVE_WITH_KNOTS('',2,(#7461,#7462,#7463),
  .UNSPECIFIED.,.F.,.F.,(3,3),(0.,1.),.PIECEWISE_BEZIER_KNOTS.);
#7461 = CARTESIAN_POINT('',(1.0009765625,2.6904296875));
#7462 = CARTESIAN_POINT('',(1.0009765625,2.5634765625));
#7463 = CARTESIAN_POINT('',(1.1083984375,2.47314453125));
#7464 = ( GEOMETRIC_REPRESENTATION_CONTEXT(2) 
PARAMETRIC_REPRESENTATION_CONTEXT() REPRESENTATION_CONTEXT('2D SPACE',''
  ) );
#7465 = ORIENTED_EDGE('',*,*,#7324,.F.);
#7466 = ORIENTED_EDGE('',*,*,#1906,.F.);
#7467 = ADVANCED_FACE('',(#7468),#2220,.T.);
#7468 = FACE_BOUND('',#7469,.T.);
#7469 = EDGE_LOOP('',(#7470,#7471,#7494,#7515));
#7470 = ORIENTED_EDGE('',*,*,#7397,.T.);
#7471 = ORIENTED_EDGE('',*,*,#7472,.T.);
#7472 = EDGE_CURVE('',#7375,#7473,#7475,.T.);
#7473 = VERTEX_POINT('',#7474);
#7474 = CARTESIAN_POINT('',(23.197607421875,-11.2,5.95146484375));
#7475 = SURFACE_CURVE('',#7476,(#7480,#7487),.PCURVE_S1.);
#7476 = B_SPLINE_CURVE_WITH_KNOTS('',2,(#7477,#7478,#7479),
  .UNSPECIFIED.,.F.,.F.,(3,3),(0.,1.),.PIECEWISE_BEZIER_KNOTS.);
#7477 = CARTESIAN_POINT('',(23.042578125,-11.2,5.439990234375));
#7478 = CARTESIAN_POINT('',(23.042578125,-11.2,5.713427734375));
#7479 = CARTESIAN_POINT('',(23.197607421875,-11.2,5.95146484375));
#7480 = PCURVE('',#2220,#7481);
#7481 = DEFINITIONAL_REPRESENTATION('',(#7482),#7486);
#7482 = LINE('',#7483,#7484);
#7483 = CARTESIAN_POINT('',(0.,-0.5));
#7484 = VECTOR('',#7485,1.);
#7485 = DIRECTION('',(1.,0.));
#7486 = ( GEOMETRIC_REPRESENTATION_CONTEXT(2) 
PARAMETRIC_REPRESENTATION_CONTEXT() REPRESENTATION_CONTEXT('2D SPACE',''
  ) );
#7487 = PCURVE('',#6503,#7488);
#7488 = DEFINITIONAL_REPRESENTATION('',(#7489),#7493);
#7489 = B_SPLINE_CURVE_WITH_KNOTS('',2,(#7490,#7491,#7492),
  .UNSPECIFIED.,.F.,.F.,(3,3),(0.,1.),.PIECEWISE_BEZIER_KNOTS.);
#7490 = CARTESIAN_POINT('',(0.31005859375,2.6416015625));
#7491 = CARTESIAN_POINT('',(0.31005859375,2.9150390625));
#7492 = CARTESIAN_POINT('',(0.465087890625,3.153076171875));
#7493 = ( GEOMETRIC_REPRESENTATION_CONTEXT(2) 
PARAMETRIC_REPRESENTATION_CONTEXT() REPRESENTATION_CONTEXT('2D SPACE',''
  ) );
#7494 = ORIENTED_EDGE('',*,*,#7495,.F.);
#7495 = EDGE_CURVE('',#2175,#7473,#7496,.T.);
#7496 = SURFACE_CURVE('',#7497,(#7501,#7508),.PCURVE_S1.);
#7497 = LINE('',#7498,#7499);
#7498 = CARTESIAN_POINT('',(23.197607421875,-11.7,5.95146484375));
#7499 = VECTOR('',#7500,1.);
#7500 = DIRECTION('',(-0.,1.,-0.));
#7501 = PCURVE('',#2220,#7502);
#7502 = DEFINITIONAL_REPRESENTATION('',(#7503),#7507);
#7503 = LINE('',#7504,#7505);
#7504 = CARTESIAN_POINT('',(1.,0.));
#7505 = VECTOR('',#7506,1.);
#7506 = DIRECTION('',(0.,-1.));
#7507 = ( GEOMETRIC_REPRESENTATION_CONTEXT(2) 
PARAMETRIC_REPRESENTATION_CONTEXT() REPRESENTATION_CONTEXT('2D SPACE',''
  ) );
#7508 = PCURVE('',#2190,#7509);
#7509 = DEFINITIONAL_REPRESENTATION('',(#7510),#7514);
#7510 = LINE('',#7511,#7512);
#7511 = CARTESIAN_POINT('',(0.,0.));
#7512 = VECTOR('',#7513,1.);
#7513 = DIRECTION('',(0.,-1.));
#7514 = ( GEOMETRIC_REPRESENTATION_CONTEXT(2) 
PARAMETRIC_REPRESENTATION_CONTEXT() REPRESENTATION_CONTEXT('2D SPACE',''
  ) );
#7515 = ORIENTED_EDGE('',*,*,#2204,.F.);
#7516 = ADVANCED_FACE('',(#7517),#1952,.T.);
#7517 = FACE_BOUND('',#7518,.T.);
#7518 = EDGE_LOOP('',(#7519,#7542,#7563,#7564));
#7519 = ORIENTED_EDGE('',*,*,#7520,.T.);
#7520 = EDGE_CURVE('',#1937,#7521,#7523,.T.);
#7521 = VERTEX_POINT('',#7522);
#7522 = CARTESIAN_POINT('',(23.8482421875,-11.2,5.710986328125));
#7523 = SURFACE_CURVE('',#7524,(#7528,#7535),.PCURVE_S1.);
#7524 = LINE('',#7525,#7526);
#7525 = CARTESIAN_POINT('',(23.8482421875,-11.7,5.710986328125));
#7526 = VECTOR('',#7527,1.);
#7527 = DIRECTION('',(-0.,1.,-0.));
#7528 = PCURVE('',#1952,#7529);
#7529 = DEFINITIONAL_REPRESENTATION('',(#7530),#7534);
#7530 = LINE('',#7531,#7532);
#7531 = CARTESIAN_POINT('',(0.,0.));
#7532 = VECTOR('',#7533,1.);
#7533 = DIRECTION('',(0.,-1.));
#7534 = ( GEOMETRIC_REPRESENTATION_CONTEXT(2) 
PARAMETRIC_REPRESENTATION_CONTEXT() REPRESENTATION_CONTEXT('2D SPACE',''
  ) );
#7535 = PCURVE('',#1982,#7536);
#7536 = DEFINITIONAL_REPRESENTATION('',(#7537),#7541);
#7537 = LINE('',#7538,#7539);
#7538 = CARTESIAN_POINT('',(1.,0.));
#7539 = VECTOR('',#7540,1.);
#7540 = DIRECTION('',(0.,-1.));
#7541 = ( GEOMETRIC_REPRESENTATION_CONTEXT(2) 
PARAMETRIC_REPRESENTATION_CONTEXT() REPRESENTATION_CONTEXT('2D SPACE',''
  ) );
#7542 = ORIENTED_EDGE('',*,*,#7543,.T.);
#7543 = EDGE_CURVE('',#7521,#7423,#7544,.T.);
#7544 = SURFACE_CURVE('',#7545,(#7549,#7556),.PCURVE_S1.);
#7545 = B_SPLINE_CURVE_WITH_KNOTS('',2,(#7546,#7547,#7548),
  .UNSPECIFIED.,.F.,.F.,(3,3),(0.,1.),.PIECEWISE_BEZIER_KNOTS.);
#7546 = CARTESIAN_POINT('',(23.8482421875,-11.2,5.710986328125));
#7547 = CARTESIAN_POINT('',(23.73349609375,-11.2,5.627978515625));
#7548 = CARTESIAN_POINT('',(23.73349609375,-11.2,5.488818359375));
#7549 = PCURVE('',#1952,#7550);
#7550 = DEFINITIONAL_REPRESENTATION('',(#7551),#7555);
#7551 = LINE('',#7552,#7553);
#7552 = CARTESIAN_POINT('',(0.,-0.5));
#7553 = VECTOR('',#7554,1.);
#7554 = DIRECTION('',(1.,0.));
#7555 = ( GEOMETRIC_REPRESENTATION_CONTEXT(2) 
PARAMETRIC_REPRESENTATION_CONTEXT() REPRESENTATION_CONTEXT('2D SPACE',''
  ) );
#7556 = PCURVE('',#6503,#7557);
#7557 = DEFINITIONAL_REPRESENTATION('',(#7558),#7562);
#7558 = B_SPLINE_CURVE_WITH_KNOTS('',2,(#7559,#7560,#7561),
  .UNSPECIFIED.,.F.,.F.,(3,3),(0.,1.),.PIECEWISE_BEZIER_KNOTS.);
#7559 = CARTESIAN_POINT('',(1.11572265625,2.91259765625));
#7560 = CARTESIAN_POINT('',(1.0009765625,2.82958984375));
#7561 = CARTESIAN_POINT('',(1.0009765625,2.6904296875));
#7562 = ( GEOMETRIC_REPRESENTATION_CONTEXT(2) 
PARAMETRIC_REPRESENTATION_CONTEXT() REPRESENTATION_CONTEXT('2D SPACE',''
  ) );
#7563 = ORIENTED_EDGE('',*,*,#7422,.F.);
#7564 = ORIENTED_EDGE('',*,*,#1936,.F.);
#7565 = ADVANCED_FACE('',(#7566),#2190,.T.);
#7566 = FACE_BOUND('',#7567,.T.);
#7567 = EDGE_LOOP('',(#7568,#7569,#7592,#7613));
#7568 = ORIENTED_EDGE('',*,*,#7495,.T.);
#7569 = ORIENTED_EDGE('',*,*,#7570,.T.);
#7570 = EDGE_CURVE('',#7473,#7571,#7573,.T.);
#7571 = VERTEX_POINT('',#7572);
#7572 = CARTESIAN_POINT('',(23.644384765625,-11.2,6.314013671875));
#7573 = SURFACE_CURVE('',#7574,(#7578,#7585),.PCURVE_S1.);
#7574 = B_SPLINE_CURVE_WITH_KNOTS('',2,(#7575,#7576,#7577),
  .UNSPECIFIED.,.F.,.F.,(3,3),(0.,1.),.PIECEWISE_BEZIER_KNOTS.);
#7575 = CARTESIAN_POINT('',(23.197607421875,-11.2,5.95146484375));
#7576 = CARTESIAN_POINT('',(23.35263671875,-11.2,6.189501953125));
#7577 = CARTESIAN_POINT('',(23.644384765625,-11.2,6.314013671875));
#7578 = PCURVE('',#2190,#7579);
#7579 = DEFINITIONAL_REPRESENTATION('',(#7580),#7584);
#7580 = LINE('',#7581,#7582);
#7581 = CARTESIAN_POINT('',(0.,-0.5));
#7582 = VECTOR('',#7583,1.);
#7583 = DIRECTION('',(1.,0.));
#7584 = ( GEOMETRIC_REPRESENTATION_CONTEXT(2) 
PARAMETRIC_REPRESENTATION_CONTEXT() REPRESENTATION_CONTEXT('2D SPACE',''
  ) );
#7585 = PCURVE('',#6503,#7586);
#7586 = DEFINITIONAL_REPRESENTATION('',(#7587),#7591);
#7587 = B_SPLINE_CURVE_WITH_KNOTS('',2,(#7588,#7589,#7590),
  .UNSPECIFIED.,.F.,.F.,(3,3),(0.,1.),.PIECEWISE_BEZIER_KNOTS.);
#7588 = CARTESIAN_POINT('',(0.465087890625,3.153076171875));
#7589 = CARTESIAN_POINT('',(0.6201171875,3.39111328125));
#7590 = CARTESIAN_POINT('',(0.911865234375,3.515625));
#7591 = ( GEOMETRIC_REPRESENTATION_CONTEXT(2) 
PARAMETRIC_REPRESENTATION_CONTEXT() REPRESENTATION_CONTEXT('2D SPACE',''
  ) );
#7592 = ORIENTED_EDGE('',*,*,#7593,.F.);
#7593 = EDGE_CURVE('',#2145,#7571,#7594,.T.);
#7594 = SURFACE_CURVE('',#7595,(#7599,#7606),.PCURVE_S1.);
#7595 = LINE('',#7596,#7597);
#7596 = CARTESIAN_POINT('',(23.644384765625,-11.7,6.314013671875));
#7597 = VECTOR('',#7598,1.);
#7598 = DIRECTION('',(-0.,1.,-0.));
#7599 = PCURVE('',#2190,#7600);
#7600 = DEFINITIONAL_REPRESENTATION('',(#7601),#7605);
#7601 = LINE('',#7602,#7603);
#7602 = CARTESIAN_POINT('',(1.,0.));
#7603 = VECTOR('',#7604,1.);
#7604 = DIRECTION('',(0.,-1.));
#7605 = ( GEOMETRIC_REPRESENTATION_CONTEXT(2) 
PARAMETRIC_REPRESENTATION_CONTEXT() REPRESENTATION_CONTEXT('2D SPACE',''
  ) );
#7606 = PCURVE('',#2160,#7607);
#7607 = DEFINITIONAL_REPRESENTATION('',(#7608),#7612);
#7608 = LINE('',#7609,#7610);
#7609 = CARTESIAN_POINT('',(0.,0.));
#7610 = VECTOR('',#7611,1.);
#7611 = DIRECTION('',(0.,-1.));
#7612 = ( GEOMETRIC_REPRESENTATION_CONTEXT(2) 
PARAMETRIC_REPRESENTATION_CONTEXT() REPRESENTATION_CONTEXT('2D SPACE',''
  ) );
#7613 = ORIENTED_EDGE('',*,*,#2174,.F.);
#7614 = ADVANCED_FACE('',(#7615),#1982,.T.);
#7615 = FACE_BOUND('',#7616,.T.);
#7616 = EDGE_LOOP('',(#7617,#7640,#7661,#7662));
#7617 = ORIENTED_EDGE('',*,*,#7618,.T.);
#7618 = EDGE_CURVE('',#1967,#7619,#7621,.T.);
#7619 = VERTEX_POINT('',#7620);
#7620 = CARTESIAN_POINT('',(24.34140625,-11.2,5.840380859375));
#7621 = SURFACE_CURVE('',#7622,(#7626,#7633),.PCURVE_S1.);
#7622 = LINE('',#7623,#7624);
#7623 = CARTESIAN_POINT('',(24.34140625,-11.7,5.840380859375));
#7624 = VECTOR('',#7625,1.);
#7625 = DIRECTION('',(-0.,1.,-0.));
#7626 = PCURVE('',#1982,#7627);
#7627 = DEFINITIONAL_REPRESENTATION('',(#7628),#7632);
#7628 = LINE('',#7629,#7630);
#7629 = CARTESIAN_POINT('',(0.,0.));
#7630 = VECTOR('',#7631,1.);
#7631 = DIRECTION('',(0.,-1.));
#7632 = ( GEOMETRIC_REPRESENTATION_CONTEXT(2) 
PARAMETRIC_REPRESENTATION_CONTEXT() REPRESENTATION_CONTEXT('2D SPACE',''
  ) );
#7633 = PCURVE('',#2012,#7634);
#7634 = DEFINITIONAL_REPRESENTATION('',(#7635),#7639);
#7635 = LINE('',#7636,#7637);
#7636 = CARTESIAN_POINT('',(1.,0.));
#7637 = VECTOR('',#7638,1.);
#7638 = DIRECTION('',(0.,-1.));
#7639 = ( GEOMETRIC_REPRESENTATION_CONTEXT(2) 
PARAMETRIC_REPRESENTATION_CONTEXT() REPRESENTATION_CONTEXT('2D SPACE',''
  ) );
#7640 = ORIENTED_EDGE('',*,*,#7641,.T.);
#7641 = EDGE_CURVE('',#7619,#7521,#7642,.T.);
#7642 = SURFACE_CURVE('',#7643,(#7647,#7654),.PCURVE_S1.);
#7643 = B_SPLINE_CURVE_WITH_KNOTS('',2,(#7644,#7645,#7646),
  .UNSPECIFIED.,.F.,.F.,(3,3),(0.,1.),.PIECEWISE_BEZIER_KNOTS.);
#7644 = CARTESIAN_POINT('',(24.34140625,-11.2,5.840380859375));
#7645 = CARTESIAN_POINT('',(24.02646484375,-11.2,5.840380859375));
#7646 = CARTESIAN_POINT('',(23.8482421875,-11.2,5.710986328125));
#7647 = PCURVE('',#1982,#7648);
#7648 = DEFINITIONAL_REPRESENTATION('',(#7649),#7653);
#7649 = LINE('',#7650,#7651);
#7650 = CARTESIAN_POINT('',(0.,-0.5));
#7651 = VECTOR('',#7652,1.);
#7652 = DIRECTION('',(1.,0.));
#7653 = ( GEOMETRIC_REPRESENTATION_CONTEXT(2) 
PARAMETRIC_REPRESENTATION_CONTEXT() REPRESENTATION_CONTEXT('2D SPACE',''
  ) );
#7654 = PCURVE('',#6503,#7655);
#7655 = DEFINITIONAL_REPRESENTATION('',(#7656),#7660);
#7656 = B_SPLINE_CURVE_WITH_KNOTS('',2,(#7657,#7658,#7659),
  .UNSPECIFIED.,.F.,.F.,(3,3),(0.,1.),.PIECEWISE_BEZIER_KNOTS.);
#7657 = CARTESIAN_POINT('',(1.60888671875,3.0419921875));
#7658 = CARTESIAN_POINT('',(1.2939453125,3.0419921875));
#7659 = CARTESIAN_POINT('',(1.11572265625,2.91259765625));
#7660 = ( GEOMETRIC_REPRESENTATION_CONTEXT(2) 
PARAMETRIC_REPRESENTATION_CONTEXT() REPRESENTATION_CONTEXT('2D SPACE',''
  ) );
#7661 = ORIENTED_EDGE('',*,*,#7520,.F.);
#7662 = ORIENTED_EDGE('',*,*,#1966,.F.);
#7663 = ADVANCED_FACE('',(#7664),#2160,.T.);
#7664 = FACE_BOUND('',#7665,.T.);
#7665 = EDGE_LOOP('',(#7666,#7667,#7690,#7711));
#7666 = ORIENTED_EDGE('',*,*,#7593,.T.);
#7667 = ORIENTED_EDGE('',*,*,#7668,.T.);
#7668 = EDGE_CURVE('',#7571,#7669,#7671,.T.);
#7669 = VERTEX_POINT('',#7670);
#7670 = CARTESIAN_POINT('',(24.34873046875,-11.2,6.438525390625));
#7671 = SURFACE_CURVE('',#7672,(#7676,#7683),.PCURVE_S1.);
#7672 = B_SPLINE_CURVE_WITH_KNOTS('',2,(#7673,#7674,#7675),
  .UNSPECIFIED.,.F.,.F.,(3,3),(0.,1.),.PIECEWISE_BEZIER_KNOTS.);
#7673 = CARTESIAN_POINT('',(23.644384765625,-11.2,6.314013671875));
#7674 = CARTESIAN_POINT('',(23.9361328125,-11.2,6.438525390625));
#7675 = CARTESIAN_POINT('',(24.34873046875,-11.2,6.438525390625));
#7676 = PCURVE('',#2160,#7677);
#7677 = DEFINITIONAL_REPRESENTATION('',(#7678),#7682);
#7678 = LINE('',#7679,#7680);
#7679 = CARTESIAN_POINT('',(0.,-0.5));
#7680 = VECTOR('',#7681,1.);
#7681 = DIRECTION('',(1.,0.));
#7682 = ( GEOMETRIC_REPRESENTATION_CONTEXT(2) 
PARAMETRIC_REPRESENTATION_CONTEXT() REPRESENTATION_CONTEXT('2D SPACE',''
  ) );
#7683 = PCURVE('',#6503,#7684);
#7684 = DEFINITIONAL_REPRESENTATION('',(#7685),#7689);
#7685 = B_SPLINE_CURVE_WITH_KNOTS('',2,(#7686,#7687,#7688),
  .UNSPECIFIED.,.F.,.F.,(3,3),(0.,1.),.PIECEWISE_BEZIER_KNOTS.);
#7686 = CARTESIAN_POINT('',(0.911865234375,3.515625));
#7687 = CARTESIAN_POINT('',(1.20361328125,3.64013671875));
#7688 = CARTESIAN_POINT('',(1.6162109375,3.64013671875));
#7689 = ( GEOMETRIC_REPRESENTATION_CONTEXT(2) 
PARAMETRIC_REPRESENTATION_CONTEXT() REPRESENTATION_CONTEXT('2D SPACE',''
  ) );
#7690 = ORIENTED_EDGE('',*,*,#7691,.F.);
#7691 = EDGE_CURVE('',#2115,#7669,#7692,.T.);
#7692 = SURFACE_CURVE('',#7693,(#7697,#7704),.PCURVE_S1.);
#7693 = LINE('',#7694,#7695);
#7694 = CARTESIAN_POINT('',(24.34873046875,-11.7,6.438525390625));
#7695 = VECTOR('',#7696,1.);
#7696 = DIRECTION('',(-0.,1.,-0.));
#7697 = PCURVE('',#2160,#7698);
#7698 = DEFINITIONAL_REPRESENTATION('',(#7699),#7703);
#7699 = LINE('',#7700,#7701);
#7700 = CARTESIAN_POINT('',(1.,0.));
#7701 = VECTOR('',#7702,1.);
#7702 = DIRECTION('',(0.,-1.));
#7703 = ( GEOMETRIC_REPRESENTATION_CONTEXT(2) 
PARAMETRIC_REPRESENTATION_CONTEXT() REPRESENTATION_CONTEXT('2D SPACE',''
  ) );
#7704 = PCURVE('',#2130,#7705);
#7705 = DEFINITIONAL_REPRESENTATION('',(#7706),#7710);
#7706 = LINE('',#7707,#7708);
#7707 = CARTESIAN_POINT('',(0.,0.));
#7708 = VECTOR('',#7709,1.);
#7709 = DIRECTION('',(0.,-1.));
#7710 = ( GEOMETRIC_REPRESENTATION_CONTEXT(2) 
PARAMETRIC_REPRESENTATION_CONTEXT() REPRESENTATION_CONTEXT('2D SPACE',''
  ) );
#7711 = ORIENTED_EDGE('',*,*,#2144,.F.);
#7712 = ADVANCED_FACE('',(#7713),#2012,.T.);
#7713 = FACE_BOUND('',#7714,.T.);
#7714 = EDGE_LOOP('',(#7715,#7738,#7759,#7760));
#7715 = ORIENTED_EDGE('',*,*,#7716,.T.);
#7716 = EDGE_CURVE('',#1997,#7717,#7719,.T.);
#7717 = VERTEX_POINT('',#7718);
#7718 = CARTESIAN_POINT('',(24.799169921875,-11.2,5.71953125));
#7719 = SURFACE_CURVE('',#7720,(#7724,#7731),.PCURVE_S1.);
#7720 = LINE('',#7721,#7722);
#7721 = CARTESIAN_POINT('',(24.799169921875,-11.7,5.71953125));
#7722 = VECTOR('',#7723,1.);
#7723 = DIRECTION('',(-0.,1.,-0.));
#7724 = PCURVE('',#2012,#7725);
#7725 = DEFINITIONAL_REPRESENTATION('',(#7726),#7730);
#7726 = LINE('',#7727,#7728);
#7727 = CARTESIAN_POINT('',(0.,0.));
#7728 = VECTOR('',#7729,1.);
#7729 = DIRECTION('',(0.,-1.));
#7730 = ( GEOMETRIC_REPRESENTATION_CONTEXT(2) 
PARAMETRIC_REPRESENTATION_CONTEXT() REPRESENTATION_CONTEXT('2D SPACE',''
  ) );
#7731 = PCURVE('',#2042,#7732);
#7732 = DEFINITIONAL_REPRESENTATION('',(#7733),#7737);
#7733 = LINE('',#7734,#7735);
#7734 = CARTESIAN_POINT('',(1.,0.));
#7735 = VECTOR('',#7736,1.);
#7736 = DIRECTION('',(0.,-1.));
#7737 = ( GEOMETRIC_REPRESENTATION_CONTEXT(2) 
PARAMETRIC_REPRESENTATION_CONTEXT() REPRESENTATION_CONTEXT('2D SPACE',''
  ) );
#7738 = ORIENTED_EDGE('',*,*,#7739,.T.);
#7739 = EDGE_CURVE('',#7717,#7619,#7740,.T.);
#7740 = SURFACE_CURVE('',#7741,(#7745,#7752),.PCURVE_S1.);
#7741 = B_SPLINE_CURVE_WITH_KNOTS('',2,(#7742,#7743,#7744),
  .UNSPECIFIED.,.F.,.F.,(3,3),(0.,1.),.PIECEWISE_BEZIER_KNOTS.);
#7742 = CARTESIAN_POINT('',(24.799169921875,-11.2,5.71953125));
#7743 = CARTESIAN_POINT('',(24.64658203125,-11.2,5.840380859375));
#7744 = CARTESIAN_POINT('',(24.34140625,-11.2,5.840380859375));
#7745 = PCURVE('',#2012,#7746);
#7746 = DEFINITIONAL_REPRESENTATION('',(#7747),#7751);
#7747 = LINE('',#7748,#7749);
#7748 = CARTESIAN_POINT('',(0.,-0.5));
#7749 = VECTOR('',#7750,1.);
#7750 = DIRECTION('',(1.,0.));
#7751 = ( GEOMETRIC_REPRESENTATION_CONTEXT(2) 
PARAMETRIC_REPRESENTATION_CONTEXT() REPRESENTATION_CONTEXT('2D SPACE',''
  ) );
#7752 = PCURVE('',#6503,#7753);
#7753 = DEFINITIONAL_REPRESENTATION('',(#7754),#7758);
#7754 = B_SPLINE_CURVE_WITH_KNOTS('',2,(#7755,#7756,#7757),
  .UNSPECIFIED.,.F.,.F.,(3,3),(0.,1.),.PIECEWISE_BEZIER_KNOTS.);
#7755 = CARTESIAN_POINT('',(2.066650390625,2.921142578125));
#7756 = CARTESIAN_POINT('',(1.9140625,3.0419921875));
#7757 = CARTESIAN_POINT('',(1.60888671875,3.0419921875));
#7758 = ( GEOMETRIC_REPRESENTATION_CONTEXT(2) 
PARAMETRIC_REPRESENTATION_CONTEXT() REPRESENTATION_CONTEXT('2D SPACE',''
  ) );
#7759 = ORIENTED_EDGE('',*,*,#7618,.F.);
#7760 = ORIENTED_EDGE('',*,*,#1996,.F.);
#7761 = ADVANCED_FACE('',(#7762),#2130,.T.);
#7762 = FACE_BOUND('',#7763,.T.);
#7763 = EDGE_LOOP('',(#7764,#7765,#7788,#7809));
#7764 = ORIENTED_EDGE('',*,*,#7691,.T.);
#7765 = ORIENTED_EDGE('',*,*,#7766,.T.);
#7766 = EDGE_CURVE('',#7669,#7767,#7769,.T.);
#7767 = VERTEX_POINT('',#7768);
#7768 = CARTESIAN_POINT('',(25.363134765625,-11.2,6.143115234375));
#7769 = SURFACE_CURVE('',#7770,(#7774,#7781),.PCURVE_S1.);
#7770 = B_SPLINE_CURVE_WITH_KNOTS('',2,(#7771,#7772,#7773),
  .UNSPECIFIED.,.F.,.F.,(3,3),(0.,1.),.PIECEWISE_BEZIER_KNOTS.);
#7771 = CARTESIAN_POINT('',(24.34873046875,-11.2,6.438525390625));
#7772 = CARTESIAN_POINT('',(25.02255859375,-11.2,6.438525390625));
#7773 = CARTESIAN_POINT('',(25.363134765625,-11.2,6.143115234375));
#7774 = PCURVE('',#2130,#7775);
#7775 = DEFINITIONAL_REPRESENTATION('',(#7776),#7780);
#7776 = LINE('',#7777,#7778);
#7777 = CARTESIAN_POINT('',(0.,-0.5));
#7778 = VECTOR('',#7779,1.);
#7779 = DIRECTION('',(1.,0.));
#7780 = ( GEOMETRIC_REPRESENTATION_CONTEXT(2) 
PARAMETRIC_REPRESENTATION_CONTEXT() REPRESENTATION_CONTEXT('2D SPACE',''
  ) );
#7781 = PCURVE('',#6503,#7782);
#7782 = DEFINITIONAL_REPRESENTATION('',(#7783),#7787);
#7783 = B_SPLINE_CURVE_WITH_KNOTS('',2,(#7784,#7785,#7786),
  .UNSPECIFIED.,.F.,.F.,(3,3),(0.,1.),.PIECEWISE_BEZIER_KNOTS.);
#7784 = CARTESIAN_POINT('',(1.6162109375,3.64013671875));
#7785 = CARTESIAN_POINT('',(2.2900390625,3.64013671875));
#7786 = CARTESIAN_POINT('',(2.630615234375,3.3447265625));
#7787 = ( GEOMETRIC_REPRESENTATION_CONTEXT(2) 
PARAMETRIC_REPRESENTATION_CONTEXT() REPRESENTATION_CONTEXT('2D SPACE',''
  ) );
#7788 = ORIENTED_EDGE('',*,*,#7789,.F.);
#7789 = EDGE_CURVE('',#2085,#7767,#7790,.T.);
#7790 = SURFACE_CURVE('',#7791,(#7795,#7802),.PCURVE_S1.);
#7791 = LINE('',#7792,#7793);
#7792 = CARTESIAN_POINT('',(25.363134765625,-11.7,6.143115234375));
#7793 = VECTOR('',#7794,1.);
#7794 = DIRECTION('',(-0.,1.,-0.));
#7795 = PCURVE('',#2130,#7796);
#7796 = DEFINITIONAL_REPRESENTATION('',(#7797),#7801);
#7797 = LINE('',#7798,#7799);
#7798 = CARTESIAN_POINT('',(1.,0.));
#7799 = VECTOR('',#7800,1.);
#7800 = DIRECTION('',(0.,-1.));
#7801 = ( GEOMETRIC_REPRESENTATION_CONTEXT(2) 
PARAMETRIC_REPRESENTATION_CONTEXT() REPRESENTATION_CONTEXT('2D SPACE',''
  ) );
#7802 = PCURVE('',#2100,#7803);
#7803 = DEFINITIONAL_REPRESENTATION('',(#7804),#7808);
#7804 = LINE('',#7805,#7806);
#7805 = CARTESIAN_POINT('',(0.,0.));
#7806 = VECTOR('',#7807,1.);
#7807 = DIRECTION('',(0.,-1.));
#7808 = ( GEOMETRIC_REPRESENTATION_CONTEXT(2) 
PARAMETRIC_REPRESENTATION_CONTEXT() REPRESENTATION_CONTEXT('2D SPACE',''
  ) );
#7809 = ORIENTED_EDGE('',*,*,#2114,.F.);
#7810 = ADVANCED_FACE('',(#7811),#2042,.T.);
#7811 = FACE_BOUND('',#7812,.T.);
#7812 = EDGE_LOOP('',(#7813,#7836,#7857,#7858));
#7813 = ORIENTED_EDGE('',*,*,#7814,.T.);
#7814 = EDGE_CURVE('',#2027,#7815,#7817,.T.);
#7815 = VERTEX_POINT('',#7816);
#7816 = CARTESIAN_POINT('',(24.99814453125,-11.2,5.322802734375));
#7817 = SURFACE_CURVE('',#7818,(#7822,#7829),.PCURVE_S1.);
#7818 = LINE('',#7819,#7820);
#7819 = CARTESIAN_POINT('',(24.99814453125,-11.7,5.322802734375));
#7820 = VECTOR('',#7821,1.);
#7821 = DIRECTION('',(-0.,1.,-0.));
#7822 = PCURVE('',#2042,#7823);
#7823 = DEFINITIONAL_REPRESENTATION('',(#7824),#7828);
#7824 = LINE('',#7825,#7826);
#7825 = CARTESIAN_POINT('',(0.,0.));
#7826 = VECTOR('',#7827,1.);
#7827 = DIRECTION('',(0.,-1.));
#7828 = ( GEOMETRIC_REPRESENTATION_CONTEXT(2) 
PARAMETRIC_REPRESENTATION_CONTEXT() REPRESENTATION_CONTEXT('2D SPACE',''
  ) );
#7829 = PCURVE('',#2072,#7830);
#7830 = DEFINITIONAL_REPRESENTATION('',(#7831),#7835);
#7831 = LINE('',#7832,#7833);
#7832 = CARTESIAN_POINT('',(0.72335286974,0.));
#7833 = VECTOR('',#7834,1.);
#7834 = DIRECTION('',(0.,-1.));
#7835 = ( GEOMETRIC_REPRESENTATION_CONTEXT(2) 
PARAMETRIC_REPRESENTATION_CONTEXT() REPRESENTATION_CONTEXT('2D SPACE',''
  ) );
#7836 = ORIENTED_EDGE('',*,*,#7837,.T.);
#7837 = EDGE_CURVE('',#7815,#7717,#7838,.T.);
#7838 = SURFACE_CURVE('',#7839,(#7843,#7850),.PCURVE_S1.);
#7839 = B_SPLINE_CURVE_WITH_KNOTS('',2,(#7840,#7841,#7842),
  .UNSPECIFIED.,.F.,.F.,(3,3),(0.,1.),.PIECEWISE_BEZIER_KNOTS.);
#7840 = CARTESIAN_POINT('',(24.99814453125,-11.2,5.322802734375));
#7841 = CARTESIAN_POINT('',(24.9517578125,-11.2,5.598681640625));
#7842 = CARTESIAN_POINT('',(24.799169921875,-11.2,5.71953125));
#7843 = PCURVE('',#2042,#7844);
#7844 = DEFINITIONAL_REPRESENTATION('',(#7845),#7849);
#7845 = LINE('',#7846,#7847);
#7846 = CARTESIAN_POINT('',(0.,-0.5));
#7847 = VECTOR('',#7848,1.);
#7848 = DIRECTION('',(1.,0.));
#7849 = ( GEOMETRIC_REPRESENTATION_CONTEXT(2) 
PARAMETRIC_REPRESENTATION_CONTEXT() REPRESENTATION_CONTEXT('2D SPACE',''
  ) );
#7850 = PCURVE('',#6503,#7851);
#7851 = DEFINITIONAL_REPRESENTATION('',(#7852),#7856);
#7852 = B_SPLINE_CURVE_WITH_KNOTS('',2,(#7853,#7854,#7855),
  .UNSPECIFIED.,.F.,.F.,(3,3),(0.,1.),.PIECEWISE_BEZIER_KNOTS.);
#7853 = CARTESIAN_POINT('',(2.265625,2.5244140625));
#7854 = CARTESIAN_POINT('',(2.21923828125,2.80029296875));
#7855 = CARTESIAN_POINT('',(2.066650390625,2.921142578125));
#7856 = ( GEOMETRIC_REPRESENTATION_CONTEXT(2) 
PARAMETRIC_REPRESENTATION_CONTEXT() REPRESENTATION_CONTEXT('2D SPACE',''
  ) );
#7857 = ORIENTED_EDGE('',*,*,#7716,.F.);
#7858 = ORIENTED_EDGE('',*,*,#2026,.F.);
#7859 = ADVANCED_FACE('',(#7860),#2100,.T.);
#7860 = FACE_BOUND('',#7861,.T.);
#7861 = EDGE_LOOP('',(#7862,#7863,#7886,#7907));
#7862 = ORIENTED_EDGE('',*,*,#7789,.T.);
#7863 = ORIENTED_EDGE('',*,*,#7864,.T.);
#7864 = EDGE_CURVE('',#7767,#7865,#7867,.T.);
#7865 = VERTEX_POINT('',#7866);
#7866 = CARTESIAN_POINT('',(25.72080078125,-11.2,5.354541015625));
#7867 = SURFACE_CURVE('',#7868,(#7872,#7879),.PCURVE_S1.);
#7868 = B_SPLINE_CURVE_WITH_KNOTS('',2,(#7869,#7870,#7871),
  .UNSPECIFIED.,.F.,.F.,(3,3),(0.,1.),.PIECEWISE_BEZIER_KNOTS.);
#7869 = CARTESIAN_POINT('',(25.363134765625,-11.2,6.143115234375));
#7870 = CARTESIAN_POINT('',(25.7037109375,-11.2,5.847705078125));
#7871 = CARTESIAN_POINT('',(25.72080078125,-11.2,5.354541015625));
#7872 = PCURVE('',#2100,#7873);
#7873 = DEFINITIONAL_REPRESENTATION('',(#7874),#7878);
#7874 = LINE('',#7875,#7876);
#7875 = CARTESIAN_POINT('',(0.,-0.5));
#7876 = VECTOR('',#7877,1.);
#7877 = DIRECTION('',(1.,0.));
#7878 = ( GEOMETRIC_REPRESENTATION_CONTEXT(2) 
PARAMETRIC_REPRESENTATION_CONTEXT() REPRESENTATION_CONTEXT('2D SPACE',''
  ) );
#7879 = PCURVE('',#6503,#7880);
#7880 = DEFINITIONAL_REPRESENTATION('',(#7881),#7885);
#7881 = B_SPLINE_CURVE_WITH_KNOTS('',2,(#7882,#7883,#7884),
  .UNSPECIFIED.,.F.,.F.,(3,3),(0.,1.),.PIECEWISE_BEZIER_KNOTS.);
#7882 = CARTESIAN_POINT('',(2.630615234375,3.3447265625));
#7883 = CARTESIAN_POINT('',(2.97119140625,3.04931640625));
#7884 = CARTESIAN_POINT('',(2.98828125,2.55615234375));
#7885 = ( GEOMETRIC_REPRESENTATION_CONTEXT(2) 
PARAMETRIC_REPRESENTATION_CONTEXT() REPRESENTATION_CONTEXT('2D SPACE',''
  ) );
#7886 = ORIENTED_EDGE('',*,*,#7887,.F.);
#7887 = EDGE_CURVE('',#2057,#7865,#7888,.T.);
#7888 = SURFACE_CURVE('',#7889,(#7893,#7900),.PCURVE_S1.);
#7889 = LINE('',#7890,#7891);
#7890 = CARTESIAN_POINT('',(25.72080078125,-11.7,5.354541015625));
#7891 = VECTOR('',#7892,1.);
#7892 = DIRECTION('',(-0.,1.,-0.));
#7893 = PCURVE('',#2100,#7894);
#7894 = DEFINITIONAL_REPRESENTATION('',(#7895),#7899);
#7895 = LINE('',#7896,#7897);
#7896 = CARTESIAN_POINT('',(1.,0.));
#7897 = VECTOR('',#7898,1.);
#7898 = DIRECTION('',(0.,-1.));
#7899 = ( GEOMETRIC_REPRESENTATION_CONTEXT(2) 
PARAMETRIC_REPRESENTATION_CONTEXT() REPRESENTATION_CONTEXT('2D SPACE',''
  ) );
#7900 = PCURVE('',#2072,#7901);
#7901 = DEFINITIONAL_REPRESENTATION('',(#7902),#7906);
#7902 = LINE('',#7903,#7904);
#7903 = CARTESIAN_POINT('',(0.,0.));
#7904 = VECTOR('',#7905,1.);
#7905 = DIRECTION('',(0.,-1.));
#7906 = ( GEOMETRIC_REPRESENTATION_CONTEXT(2) 
PARAMETRIC_REPRESENTATION_CONTEXT() REPRESENTATION_CONTEXT('2D SPACE',''
  ) );
#7907 = ORIENTED_EDGE('',*,*,#2084,.F.);
#7908 = ADVANCED_FACE('',(#7909),#2072,.T.);
#7909 = FACE_BOUND('',#7910,.T.);
#7910 = EDGE_LOOP('',(#7911,#7912,#7933,#7934));
#7911 = ORIENTED_EDGE('',*,*,#7887,.T.);
#7912 = ORIENTED_EDGE('',*,*,#7913,.T.);
#7913 = EDGE_CURVE('',#7865,#7815,#7914,.T.);
#7914 = SURFACE_CURVE('',#7915,(#7919,#7926),.PCURVE_S1.);
#7915 = LINE('',#7916,#7917);
#7916 = CARTESIAN_POINT('',(25.72080078125,-11.2,5.354541015625));
#7917 = VECTOR('',#7918,1.);
#7918 = DIRECTION('',(-0.999036957246,-0.,-4.387662312229E-02));
#7919 = PCURVE('',#2072,#7920);
#7920 = DEFINITIONAL_REPRESENTATION('',(#7921),#7925);
#7921 = LINE('',#7922,#7923);
#7922 = CARTESIAN_POINT('',(0.,-0.5));
#7923 = VECTOR('',#7924,1.);
#7924 = DIRECTION('',(1.,0.));
#7925 = ( GEOMETRIC_REPRESENTATION_CONTEXT(2) 
PARAMETRIC_REPRESENTATION_CONTEXT() REPRESENTATION_CONTEXT('2D SPACE',''
  ) );
#7926 = PCURVE('',#6503,#7927);
#7927 = DEFINITIONAL_REPRESENTATION('',(#7928),#7932);
#7928 = LINE('',#7929,#7930);
#7929 = CARTESIAN_POINT('',(2.98828125,2.55615234375));
#7930 = VECTOR('',#7931,1.);
#7931 = DIRECTION('',(-0.999036957246,-4.387662312229E-02));
#7932 = ( GEOMETRIC_REPRESENTATION_CONTEXT(2) 
PARAMETRIC_REPRESENTATION_CONTEXT() REPRESENTATION_CONTEXT('2D SPACE',''
  ) );
#7933 = ORIENTED_EDGE('',*,*,#7814,.F.);
#7934 = ORIENTED_EDGE('',*,*,#2056,.F.);
#7935 = ADVANCED_FACE('',(#7936),#2522,.T.);
#7936 = FACE_BOUND('',#7937,.T.);
#7937 = EDGE_LOOP('',(#7938,#7961,#7989,#8010));
#7938 = ORIENTED_EDGE('',*,*,#7939,.T.);
#7939 = EDGE_CURVE('',#2505,#7940,#7942,.T.);
#7940 = VERTEX_POINT('',#7941);
#7941 = CARTESIAN_POINT('',(35.11318359375,-11.2,3.962939453125));
#7942 = SURFACE_CURVE('',#7943,(#7947,#7954),.PCURVE_S1.);
#7943 = LINE('',#7944,#7945);
#7944 = CARTESIAN_POINT('',(35.11318359375,-11.7,3.962939453125));
#7945 = VECTOR('',#7946,1.);
#7946 = DIRECTION('',(-0.,1.,-0.));
#7947 = PCURVE('',#2522,#7948);
#7948 = DEFINITIONAL_REPRESENTATION('',(#7949),#7953);
#7949 = LINE('',#7950,#7951);
#7950 = CARTESIAN_POINT('',(0.,0.));
#7951 = VECTOR('',#7952,1.);
#7952 = DIRECTION('',(0.,-1.));
#7953 = ( GEOMETRIC_REPRESENTATION_CONTEXT(2) 
PARAMETRIC_REPRESENTATION_CONTEXT() REPRESENTATION_CONTEXT('2D SPACE',''
  ) );
#7954 = PCURVE('',#2550,#7955);
#7955 = DEFINITIONAL_REPRESENTATION('',(#7956),#7960);
#7956 = LINE('',#7957,#7958);
#7957 = CARTESIAN_POINT('',(1.,0.));
#7958 = VECTOR('',#7959,1.);
#7959 = DIRECTION('',(0.,-1.));
#7960 = ( GEOMETRIC_REPRESENTATION_CONTEXT(2) 
PARAMETRIC_REPRESENTATION_CONTEXT() REPRESENTATION_CONTEXT('2D SPACE',''
  ) );
#7961 = ORIENTED_EDGE('',*,*,#7962,.T.);
#7962 = EDGE_CURVE('',#7940,#7963,#7965,.T.);
#7963 = VERTEX_POINT('',#7964);
#7964 = CARTESIAN_POINT('',(35.81630859375,-11.2,4.031298828125));
#7965 = SURFACE_CURVE('',#7966,(#7970,#7977),.PCURVE_S1.);
#7966 = LINE('',#7967,#7968);
#7967 = CARTESIAN_POINT('',(35.11318359375,-11.2,3.962939453125));
#7968 = VECTOR('',#7969,1.);
#7969 = DIRECTION('',(0.995307161767,0.,9.676597406065E-02));
#7970 = PCURVE('',#2522,#7971);
#7971 = DEFINITIONAL_REPRESENTATION('',(#7972),#7976);
#7972 = LINE('',#7973,#7974);
#7973 = CARTESIAN_POINT('',(0.,-0.5));
#7974 = VECTOR('',#7975,1.);
#7975 = DIRECTION('',(1.,0.));
#7976 = ( GEOMETRIC_REPRESENTATION_CONTEXT(2) 
PARAMETRIC_REPRESENTATION_CONTEXT() REPRESENTATION_CONTEXT('2D SPACE',''
  ) );
#7977 = PCURVE('',#7978,#7983);
#7978 = PLANE('',#7979);
#7979 = AXIS2_PLACEMENT_3D('',#7980,#7981,#7982);
#7980 = CARTESIAN_POINT('',(34.93251953125,-11.2,2.798388671875));
#7981 = DIRECTION('',(0.,-1.,0.));
#7982 = DIRECTION('',(1.,0.,0.));
#7983 = DEFINITIONAL_REPRESENTATION('',(#7984),#7988);
#7984 = LINE('',#7985,#7986);
#7985 = CARTESIAN_POINT('',(0.1806640625,1.16455078125));
#7986 = VECTOR('',#7987,1.);
#7987 = DIRECTION('',(0.995307161767,9.676597406065E-02));
#7988 = ( GEOMETRIC_REPRESENTATION_CONTEXT(2) 
PARAMETRIC_REPRESENTATION_CONTEXT() REPRESENTATION_CONTEXT('2D SPACE',''
  ) );
#7989 = ORIENTED_EDGE('',*,*,#7990,.F.);
#7990 = EDGE_CURVE('',#2507,#7963,#7991,.T.);
#7991 = SURFACE_CURVE('',#7992,(#7996,#8003),.PCURVE_S1.);
#7992 = LINE('',#7993,#7994);
#7993 = CARTESIAN_POINT('',(35.81630859375,-11.7,4.031298828125));
#7994 = VECTOR('',#7995,1.);
#7995 = DIRECTION('',(-0.,1.,-0.));
#7996 = PCURVE('',#2522,#7997);
#7997 = DEFINITIONAL_REPRESENTATION('',(#7998),#8002);
#7998 = LINE('',#7999,#8000);
#7999 = CARTESIAN_POINT('',(0.706440209625,0.));
#8000 = VECTOR('',#8001,1.);
#8001 = DIRECTION('',(0.,-1.));
#8002 = ( GEOMETRIC_REPRESENTATION_CONTEXT(2) 
PARAMETRIC_REPRESENTATION_CONTEXT() REPRESENTATION_CONTEXT('2D SPACE',''
  ) );
#8003 = PCURVE('',#3386,#8004);
#8004 = DEFINITIONAL_REPRESENTATION('',(#8005),#8009);
#8005 = LINE('',#8006,#8007);
#8006 = CARTESIAN_POINT('',(0.,0.));
#8007 = VECTOR('',#8008,1.);
#8008 = DIRECTION('',(0.,-1.));
#8009 = ( GEOMETRIC_REPRESENTATION_CONTEXT(2) 
PARAMETRIC_REPRESENTATION_CONTEXT() REPRESENTATION_CONTEXT('2D SPACE',''
  ) );
#8010 = ORIENTED_EDGE('',*,*,#2504,.F.);
#8011 = ADVANCED_FACE('',(#8012),#3386,.T.);
#8012 = FACE_BOUND('',#8013,.T.);
#8013 = EDGE_LOOP('',(#8014,#8015,#8038,#8059));
#8014 = ORIENTED_EDGE('',*,*,#7990,.T.);
#8015 = ORIENTED_EDGE('',*,*,#8016,.T.);
#8016 = EDGE_CURVE('',#7963,#8017,#8019,.T.);
#8017 = VERTEX_POINT('',#8018);
#8018 = CARTESIAN_POINT('',(36.073876953125,-11.2,3.511279296875));
#8019 = SURFACE_CURVE('',#8020,(#8024,#8031),.PCURVE_S1.);
#8020 = B_SPLINE_CURVE_WITH_KNOTS('',2,(#8021,#8022,#8023),
  .UNSPECIFIED.,.F.,.F.,(3,3),(0.,1.),.PIECEWISE_BEZIER_KNOTS.);
#8021 = CARTESIAN_POINT('',(35.81630859375,-11.2,4.031298828125));
#8022 = CARTESIAN_POINT('',(35.87978515625,-11.2,3.677294921875));
#8023 = CARTESIAN_POINT('',(36.073876953125,-11.2,3.511279296875));
#8024 = PCURVE('',#3386,#8025);
#8025 = DEFINITIONAL_REPRESENTATION('',(#8026),#8030);
#8026 = LINE('',#8027,#8028);
#8027 = CARTESIAN_POINT('',(0.,-0.5));
#8028 = VECTOR('',#8029,1.);
#8029 = DIRECTION('',(1.,0.));
#8030 = ( GEOMETRIC_REPRESENTATION_CONTEXT(2) 
PARAMETRIC_REPRESENTATION_CONTEXT() REPRESENTATION_CONTEXT('2D SPACE',''
  ) );
#8031 = PCURVE('',#7978,#8032);
#8032 = DEFINITIONAL_REPRESENTATION('',(#8033),#8037);
#8033 = B_SPLINE_CURVE_WITH_KNOTS('',2,(#8034,#8035,#8036),
  .UNSPECIFIED.,.F.,.F.,(3,3),(0.,1.),.PIECEWISE_BEZIER_KNOTS.);
#8034 = CARTESIAN_POINT('',(0.8837890625,1.23291015625));
#8035 = CARTESIAN_POINT('',(0.947265625,0.87890625));
#8036 = CARTESIAN_POINT('',(1.141357421875,0.712890625));
#8037 = ( GEOMETRIC_REPRESENTATION_CONTEXT(2) 
PARAMETRIC_REPRESENTATION_CONTEXT() REPRESENTATION_CONTEXT('2D SPACE',''
  ) );
#8038 = ORIENTED_EDGE('',*,*,#8039,.F.);
#8039 = EDGE_CURVE('',#3343,#8017,#8040,.T.);
#8040 = SURFACE_CURVE('',#8041,(#8045,#8052),.PCURVE_S1.);
#8041 = LINE('',#8042,#8043);
#8042 = CARTESIAN_POINT('',(36.073876953125,-11.7,3.511279296875));
#8043 = VECTOR('',#8044,1.);
#8044 = DIRECTION('',(-0.,1.,-0.));
#8045 = PCURVE('',#3386,#8046);
#8046 = DEFINITIONAL_REPRESENTATION('',(#8047),#8051);
#8047 = LINE('',#8048,#8049);
#8048 = CARTESIAN_POINT('',(1.,0.));
#8049 = VECTOR('',#8050,1.);
#8050 = DIRECTION('',(0.,-1.));
#8051 = ( GEOMETRIC_REPRESENTATION_CONTEXT(2) 
PARAMETRIC_REPRESENTATION_CONTEXT() REPRESENTATION_CONTEXT('2D SPACE',''
  ) );
#8052 = PCURVE('',#3358,#8053);
#8053 = DEFINITIONAL_REPRESENTATION('',(#8054),#8058);
#8054 = LINE('',#8055,#8056);
#8055 = CARTESIAN_POINT('',(0.,0.));
#8056 = VECTOR('',#8057,1.);
#8057 = DIRECTION('',(0.,-1.));
#8058 = ( GEOMETRIC_REPRESENTATION_CONTEXT(2) 
PARAMETRIC_REPRESENTATION_CONTEXT() REPRESENTATION_CONTEXT('2D SPACE',''
  ) );
#8059 = ORIENTED_EDGE('',*,*,#3372,.F.);
#8060 = ADVANCED_FACE('',(#8061),#3358,.T.);
#8061 = FACE_BOUND('',#8062,.T.);
#8062 = EDGE_LOOP('',(#8063,#8064,#8087,#8108));
#8063 = ORIENTED_EDGE('',*,*,#8039,.T.);
#8064 = ORIENTED_EDGE('',*,*,#8065,.T.);
#8065 = EDGE_CURVE('',#8017,#8066,#8068,.T.);
#8066 = VERTEX_POINT('',#8067);
#8067 = CARTESIAN_POINT('',(36.59755859375,-11.2,3.345263671875));
#8068 = SURFACE_CURVE('',#8069,(#8073,#8080),.PCURVE_S1.);
#8069 = B_SPLINE_CURVE_WITH_KNOTS('',2,(#8070,#8071,#8072),
  .UNSPECIFIED.,.F.,.F.,(3,3),(0.,1.),.PIECEWISE_BEZIER_KNOTS.);
#8070 = CARTESIAN_POINT('',(36.073876953125,-11.2,3.511279296875));
#8071 = CARTESIAN_POINT('',(36.26796875,-11.2,3.345263671875));
#8072 = CARTESIAN_POINT('',(36.59755859375,-11.2,3.345263671875));
#8073 = PCURVE('',#3358,#8074);
#8074 = DEFINITIONAL_REPRESENTATION('',(#8075),#8079);
#8075 = LINE('',#8076,#8077);
#8076 = CARTESIAN_POINT('',(0.,-0.5));
#8077 = VECTOR('',#8078,1.);
#8078 = DIRECTION('',(1.,0.));
#8079 = ( GEOMETRIC_REPRESENTATION_CONTEXT(2) 
PARAMETRIC_REPRESENTATION_CONTEXT() REPRESENTATION_CONTEXT('2D SPACE',''
  ) );
#8080 = PCURVE('',#7978,#8081);
#8081 = DEFINITIONAL_REPRESENTATION('',(#8082),#8086);
#8082 = B_SPLINE_CURVE_WITH_KNOTS('',2,(#8083,#8084,#8085),
  .UNSPECIFIED.,.F.,.F.,(3,3),(0.,1.),.PIECEWISE_BEZIER_KNOTS.);
#8083 = CARTESIAN_POINT('',(1.141357421875,0.712890625));
#8084 = CARTESIAN_POINT('',(1.33544921875,0.546875));
#8085 = CARTESIAN_POINT('',(1.6650390625,0.546875));
#8086 = ( GEOMETRIC_REPRESENTATION_CONTEXT(2) 
PARAMETRIC_REPRESENTATION_CONTEXT() REPRESENTATION_CONTEXT('2D SPACE',''
  ) );
#8087 = ORIENTED_EDGE('',*,*,#8088,.F.);
#8088 = EDGE_CURVE('',#3313,#8066,#8089,.T.);
#8089 = SURFACE_CURVE('',#8090,(#8094,#8101),.PCURVE_S1.);
#8090 = LINE('',#8091,#8092);
#8091 = CARTESIAN_POINT('',(36.59755859375,-11.7,3.345263671875));
#8092 = VECTOR('',#8093,1.);
#8093 = DIRECTION('',(-0.,1.,-0.));
#8094 = PCURVE('',#3358,#8095);
#8095 = DEFINITIONAL_REPRESENTATION('',(#8096),#8100);
#8096 = LINE('',#8097,#8098);
#8097 = CARTESIAN_POINT('',(1.,0.));
#8098 = VECTOR('',#8099,1.);
#8099 = DIRECTION('',(0.,-1.));
#8100 = ( GEOMETRIC_REPRESENTATION_CONTEXT(2) 
PARAMETRIC_REPRESENTATION_CONTEXT() REPRESENTATION_CONTEXT('2D SPACE',''
  ) );
#8101 = PCURVE('',#3328,#8102);
#8102 = DEFINITIONAL_REPRESENTATION('',(#8103),#8107);
#8103 = LINE('',#8104,#8105);
#8104 = CARTESIAN_POINT('',(0.,0.));
#8105 = VECTOR('',#8106,1.);
#8106 = DIRECTION('',(0.,-1.));
#8107 = ( GEOMETRIC_REPRESENTATION_CONTEXT(2) 
PARAMETRIC_REPRESENTATION_CONTEXT() REPRESENTATION_CONTEXT('2D SPACE',''
  ) );
#8108 = ORIENTED_EDGE('',*,*,#3342,.F.);
#8109 = ADVANCED_FACE('',(#8110),#3328,.T.);
#8110 = FACE_BOUND('',#8111,.T.);
#8111 = EDGE_LOOP('',(#8112,#8113,#8136,#8157));
#8112 = ORIENTED_EDGE('',*,*,#8088,.T.);
#8113 = ORIENTED_EDGE('',*,*,#8114,.T.);
#8114 = EDGE_CURVE('',#8066,#8115,#8117,.T.);
#8115 = VERTEX_POINT('',#8116);
#8116 = CARTESIAN_POINT('',(37.123681640625,-11.2,3.49296875));
#8117 = SURFACE_CURVE('',#8118,(#8122,#8129),.PCURVE_S1.);
#8118 = B_SPLINE_CURVE_WITH_KNOTS('',2,(#8119,#8120,#8121),
  .UNSPECIFIED.,.F.,.F.,(3,3),(0.,1.),.PIECEWISE_BEZIER_KNOTS.);
#8119 = CARTESIAN_POINT('',(36.59755859375,-11.2,3.345263671875));
#8120 = CARTESIAN_POINT('',(36.9466796875,-11.2,3.345263671875));
#8121 = CARTESIAN_POINT('',(37.123681640625,-11.2,3.49296875));
#8122 = PCURVE('',#3328,#8123);
#8123 = DEFINITIONAL_REPRESENTATION('',(#8124),#8128);
#8124 = LINE('',#8125,#8126);
#8125 = CARTESIAN_POINT('',(0.,-0.5));
#8126 = VECTOR('',#8127,1.);
#8127 = DIRECTION('',(1.,0.));
#8128 = ( GEOMETRIC_REPRESENTATION_CONTEXT(2) 
PARAMETRIC_REPRESENTATION_CONTEXT() REPRESENTATION_CONTEXT('2D SPACE',''
  ) );
#8129 = PCURVE('',#7978,#8130);
#8130 = DEFINITIONAL_REPRESENTATION('',(#8131),#8135);
#8131 = B_SPLINE_CURVE_WITH_KNOTS('',2,(#8132,#8133,#8134),
  .UNSPECIFIED.,.F.,.F.,(3,3),(0.,1.),.PIECEWISE_BEZIER_KNOTS.);
#8132 = CARTESIAN_POINT('',(1.6650390625,0.546875));
#8133 = CARTESIAN_POINT('',(2.01416015625,0.546875));
#8134 = CARTESIAN_POINT('',(2.191162109375,0.694580078125));
#8135 = ( GEOMETRIC_REPRESENTATION_CONTEXT(2) 
PARAMETRIC_REPRESENTATION_CONTEXT() REPRESENTATION_CONTEXT('2D SPACE',''
  ) );
#8136 = ORIENTED_EDGE('',*,*,#8137,.F.);
#8137 = EDGE_CURVE('',#3283,#8115,#8138,.T.);
#8138 = SURFACE_CURVE('',#8139,(#8143,#8150),.PCURVE_S1.);
#8139 = LINE('',#8140,#8141);
#8140 = CARTESIAN_POINT('',(37.123681640625,-11.7,3.49296875));
#8141 = VECTOR('',#8142,1.);
#8142 = DIRECTION('',(-0.,1.,-0.));
#8143 = PCURVE('',#3328,#8144);
#8144 = DEFINITIONAL_REPRESENTATION('',(#8145),#8149);
#8145 = LINE('',#8146,#8147);
#8146 = CARTESIAN_POINT('',(1.,0.));
#8147 = VECTOR('',#8148,1.);
#8148 = DIRECTION('',(0.,-1.));
#8149 = ( GEOMETRIC_REPRESENTATION_CONTEXT(2) 
PARAMETRIC_REPRESENTATION_CONTEXT() REPRESENTATION_CONTEXT('2D SPACE',''
  ) );
#8150 = PCURVE('',#3298,#8151);
#8151 = DEFINITIONAL_REPRESENTATION('',(#8152),#8156);
#8152 = LINE('',#8153,#8154);
#8153 = CARTESIAN_POINT('',(0.,0.));
#8154 = VECTOR('',#8155,1.);
#8155 = DIRECTION('',(0.,-1.));
#8156 = ( GEOMETRIC_REPRESENTATION_CONTEXT(2) 
PARAMETRIC_REPRESENTATION_CONTEXT() REPRESENTATION_CONTEXT('2D SPACE',''
  ) );
#8157 = ORIENTED_EDGE('',*,*,#3312,.F.);
#8158 = ADVANCED_FACE('',(#8159),#3298,.T.);
#8159 = FACE_BOUND('',#8160,.T.);
#8160 = EDGE_LOOP('',(#8161,#8162,#8185,#8206));
#8161 = ORIENTED_EDGE('',*,*,#8137,.T.);
#8162 = ORIENTED_EDGE('',*,*,#8163,.T.);
#8163 = EDGE_CURVE('',#8115,#8164,#8166,.T.);
#8164 = VERTEX_POINT('',#8165);
#8165 = CARTESIAN_POINT('',(37.30068359375,-11.2,3.838427734375));
#8166 = SURFACE_CURVE('',#8167,(#8171,#8178),.PCURVE_S1.);
#8167 = B_SPLINE_CURVE_WITH_KNOTS('',2,(#8168,#8169,#8170),
  .UNSPECIFIED.,.F.,.F.,(3,3),(0.,1.),.PIECEWISE_BEZIER_KNOTS.);
#8168 = CARTESIAN_POINT('',(37.123681640625,-11.2,3.49296875));
#8169 = CARTESIAN_POINT('',(37.30068359375,-11.2,3.640673828125));
#8170 = CARTESIAN_POINT('',(37.30068359375,-11.2,3.838427734375));
#8171 = PCURVE('',#3298,#8172);
#8172 = DEFINITIONAL_REPRESENTATION('',(#8173),#8177);
#8173 = LINE('',#8174,#8175);
#8174 = CARTESIAN_POINT('',(0.,-0.5));
#8175 = VECTOR('',#8176,1.);
#8176 = DIRECTION('',(1.,0.));
#8177 = ( GEOMETRIC_REPRESENTATION_CONTEXT(2) 
PARAMETRIC_REPRESENTATION_CONTEXT() REPRESENTATION_CONTEXT('2D SPACE',''
  ) );
#8178 = PCURVE('',#7978,#8179);
#8179 = DEFINITIONAL_REPRESENTATION('',(#8180),#8184);
#8180 = B_SPLINE_CURVE_WITH_KNOTS('',2,(#8181,#8182,#8183),
  .UNSPECIFIED.,.F.,.F.,(3,3),(0.,1.),.PIECEWISE_BEZIER_KNOTS.);
#8181 = CARTESIAN_POINT('',(2.191162109375,0.694580078125));
#8182 = CARTESIAN_POINT('',(2.3681640625,0.84228515625));
#8183 = CARTESIAN_POINT('',(2.3681640625,1.0400390625));
#8184 = ( GEOMETRIC_REPRESENTATION_CONTEXT(2) 
PARAMETRIC_REPRESENTATION_CONTEXT() REPRESENTATION_CONTEXT('2D SPACE',''
  ) );
#8185 = ORIENTED_EDGE('',*,*,#8186,.F.);
#8186 = EDGE_CURVE('',#3253,#8164,#8187,.T.);
#8187 = SURFACE_CURVE('',#8188,(#8192,#8199),.PCURVE_S1.);
#8188 = LINE('',#8189,#8190);
#8189 = CARTESIAN_POINT('',(37.30068359375,-11.7,3.838427734375));
#8190 = VECTOR('',#8191,1.);
#8191 = DIRECTION('',(-0.,1.,-0.));
#8192 = PCURVE('',#3298,#8193);
#8193 = DEFINITIONAL_REPRESENTATION('',(#8194),#8198);
#8194 = LINE('',#8195,#8196);
#8195 = CARTESIAN_POINT('',(1.,0.));
#8196 = VECTOR('',#8197,1.);
#8197 = DIRECTION('',(0.,-1.));
#8198 = ( GEOMETRIC_REPRESENTATION_CONTEXT(2) 
PARAMETRIC_REPRESENTATION_CONTEXT() REPRESENTATION_CONTEXT('2D SPACE',''
  ) );
#8199 = PCURVE('',#3268,#8200);
#8200 = DEFINITIONAL_REPRESENTATION('',(#8201),#8205);
#8201 = LINE('',#8202,#8203);
#8202 = CARTESIAN_POINT('',(0.,0.));
#8203 = VECTOR('',#8204,1.);
#8204 = DIRECTION('',(0.,-1.));
#8205 = ( GEOMETRIC_REPRESENTATION_CONTEXT(2) 
PARAMETRIC_REPRESENTATION_CONTEXT() REPRESENTATION_CONTEXT('2D SPACE',''
  ) );
#8206 = ORIENTED_EDGE('',*,*,#3282,.F.);
#8207 = ADVANCED_FACE('',(#8208),#3268,.T.);
#8208 = FACE_BOUND('',#8209,.T.);
#8209 = EDGE_LOOP('',(#8210,#8211,#8234,#8255));
#8210 = ORIENTED_EDGE('',*,*,#8186,.T.);
#8211 = ORIENTED_EDGE('',*,*,#8212,.T.);
#8212 = EDGE_CURVE('',#8164,#8213,#8215,.T.);
#8213 = VERTEX_POINT('',#8214);
#8214 = CARTESIAN_POINT('',(37.226220703125,-11.2,4.0544921875));
#8215 = SURFACE_CURVE('',#8216,(#8220,#8227),.PCURVE_S1.);
#8216 = B_SPLINE_CURVE_WITH_KNOTS('',2,(#8217,#8218,#8219),
  .UNSPECIFIED.,.F.,.F.,(3,3),(0.,1.),.PIECEWISE_BEZIER_KNOTS.);
#8217 = CARTESIAN_POINT('',(37.30068359375,-11.2,3.838427734375));
#8218 = CARTESIAN_POINT('',(37.30068359375,-11.2,3.965380859375));
#8219 = CARTESIAN_POINT('',(37.226220703125,-11.2,4.0544921875));
#8220 = PCURVE('',#3268,#8221);
#8221 = DEFINITIONAL_REPRESENTATION('',(#8222),#8226);
#8222 = LINE('',#8223,#8224);
#8223 = CARTESIAN_POINT('',(0.,-0.5));
#8224 = VECTOR('',#8225,1.);
#8225 = DIRECTION('',(1.,0.));
#8226 = ( GEOMETRIC_REPRESENTATION_CONTEXT(2) 
PARAMETRIC_REPRESENTATION_CONTEXT() REPRESENTATION_CONTEXT('2D SPACE',''
  ) );
#8227 = PCURVE('',#7978,#8228);
#8228 = DEFINITIONAL_REPRESENTATION('',(#8229),#8233);
#8229 = B_SPLINE_CURVE_WITH_KNOTS('',2,(#8230,#8231,#8232),
  .UNSPECIFIED.,.F.,.F.,(3,3),(0.,1.),.PIECEWISE_BEZIER_KNOTS.);
#8230 = CARTESIAN_POINT('',(2.3681640625,1.0400390625));
#8231 = CARTESIAN_POINT('',(2.3681640625,1.1669921875));
#8232 = CARTESIAN_POINT('',(2.293701171875,1.256103515625));
#8233 = ( GEOMETRIC_REPRESENTATION_CONTEXT(2) 
PARAMETRIC_REPRESENTATION_CONTEXT() REPRESENTATION_CONTEXT('2D SPACE',''
  ) );
#8234 = ORIENTED_EDGE('',*,*,#8235,.F.);
#8235 = EDGE_CURVE('',#3223,#8213,#8236,.T.);
#8236 = SURFACE_CURVE('',#8237,(#8241,#8248),.PCURVE_S1.);
#8237 = LINE('',#8238,#8239);
#8238 = CARTESIAN_POINT('',(37.226220703125,-11.7,4.0544921875));
#8239 = VECTOR('',#8240,1.);
#8240 = DIRECTION('',(-0.,1.,-0.));
#8241 = PCURVE('',#3268,#8242);
#8242 = DEFINITIONAL_REPRESENTATION('',(#8243),#8247);
#8243 = LINE('',#8244,#8245);
#8244 = CARTESIAN_POINT('',(1.,0.));
#8245 = VECTOR('',#8246,1.);
#8246 = DIRECTION('',(0.,-1.));
#8247 = ( GEOMETRIC_REPRESENTATION_CONTEXT(2) 
PARAMETRIC_REPRESENTATION_CONTEXT() REPRESENTATION_CONTEXT('2D SPACE',''
  ) );
#8248 = PCURVE('',#3238,#8249);
#8249 = DEFINITIONAL_REPRESENTATION('',(#8250),#8254);
#8250 = LINE('',#8251,#8252);
#8251 = CARTESIAN_POINT('',(0.,0.));
#8252 = VECTOR('',#8253,1.);
#8253 = DIRECTION('',(0.,-1.));
#8254 = ( GEOMETRIC_REPRESENTATION_CONTEXT(2) 
PARAMETRIC_REPRESENTATION_CONTEXT() REPRESENTATION_CONTEXT('2D SPACE',''
  ) );
#8255 = ORIENTED_EDGE('',*,*,#3252,.F.);
#8256 = ADVANCED_FACE('',(#8257),#3238,.T.);
#8257 = FACE_BOUND('',#8258,.T.);
#8258 = EDGE_LOOP('',(#8259,#8260,#8283,#8304));
#8259 = ORIENTED_EDGE('',*,*,#8235,.T.);
#8260 = ORIENTED_EDGE('',*,*,#8261,.T.);
#8261 = EDGE_CURVE('',#8213,#8262,#8264,.T.);
#8262 = VERTEX_POINT('',#8263);
#8263 = CARTESIAN_POINT('',(36.9662109375,-11.2,4.209521484375));
#8264 = SURFACE_CURVE('',#8265,(#8269,#8276),.PCURVE_S1.);
#8265 = B_SPLINE_CURVE_WITH_KNOTS('',2,(#8266,#8267,#8268),
  .UNSPECIFIED.,.F.,.F.,(3,3),(0.,1.),.PIECEWISE_BEZIER_KNOTS.);
#8266 = CARTESIAN_POINT('',(37.226220703125,-11.2,4.0544921875));
#8267 = CARTESIAN_POINT('',(37.1517578125,-11.2,4.143603515625));
#8268 = CARTESIAN_POINT('',(36.9662109375,-11.2,4.209521484375));
#8269 = PCURVE('',#3238,#8270);
#8270 = DEFINITIONAL_REPRESENTATION('',(#8271),#8275);
#8271 = LINE('',#8272,#8273);
#8272 = CARTESIAN_POINT('',(0.,-0.5));
#8273 = VECTOR('',#8274,1.);
#8274 = DIRECTION('',(1.,0.));
#8275 = ( GEOMETRIC_REPRESENTATION_CONTEXT(2) 
PARAMETRIC_REPRESENTATION_CONTEXT() REPRESENTATION_CONTEXT('2D SPACE',''
  ) );
#8276 = PCURVE('',#7978,#8277);
#8277 = DEFINITIONAL_REPRESENTATION('',(#8278),#8282);
#8278 = B_SPLINE_CURVE_WITH_KNOTS('',2,(#8279,#8280,#8281),
  .UNSPECIFIED.,.F.,.F.,(3,3),(0.,1.),.PIECEWISE_BEZIER_KNOTS.);
#8279 = CARTESIAN_POINT('',(2.293701171875,1.256103515625));
#8280 = CARTESIAN_POINT('',(2.21923828125,1.34521484375));
#8281 = CARTESIAN_POINT('',(2.03369140625,1.4111328125));
#8282 = ( GEOMETRIC_REPRESENTATION_CONTEXT(2) 
PARAMETRIC_REPRESENTATION_CONTEXT() REPRESENTATION_CONTEXT('2D SPACE',''
  ) );
#8283 = ORIENTED_EDGE('',*,*,#8284,.F.);
#8284 = EDGE_CURVE('',#3193,#8262,#8285,.T.);
#8285 = SURFACE_CURVE('',#8286,(#8290,#8297),.PCURVE_S1.);
#8286 = LINE('',#8287,#8288);
#8287 = CARTESIAN_POINT('',(36.9662109375,-11.7,4.209521484375));
#8288 = VECTOR('',#8289,1.);
#8289 = DIRECTION('',(-0.,1.,-0.));
#8290 = PCURVE('',#3238,#8291);
#8291 = DEFINITIONAL_REPRESENTATION('',(#8292),#8296);
#8292 = LINE('',#8293,#8294);
#8293 = CARTESIAN_POINT('',(1.,0.));
#8294 = VECTOR('',#8295,1.);
#8295 = DIRECTION('',(0.,-1.));
#8296 = ( GEOMETRIC_REPRESENTATION_CONTEXT(2) 
PARAMETRIC_REPRESENTATION_CONTEXT() REPRESENTATION_CONTEXT('2D SPACE',''
  ) );
#8297 = PCURVE('',#3208,#8298);
#8298 = DEFINITIONAL_REPRESENTATION('',(#8299),#8303);
#8299 = LINE('',#8300,#8301);
#8300 = CARTESIAN_POINT('',(0.,0.));
#8301 = VECTOR('',#8302,1.);
#8302 = DIRECTION('',(0.,-1.));
#8303 = ( GEOMETRIC_REPRESENTATION_CONTEXT(2) 
PARAMETRIC_REPRESENTATION_CONTEXT() REPRESENTATION_CONTEXT('2D SPACE',''
  ) );
#8304 = ORIENTED_EDGE('',*,*,#3222,.F.);
#8305 = ADVANCED_FACE('',(#8306),#3208,.T.);
#8306 = FACE_BOUND('',#8307,.T.);
#8307 = EDGE_LOOP('',(#8308,#8309,#8332,#8353));
#8308 = ORIENTED_EDGE('',*,*,#8284,.T.);
#8309 = ORIENTED_EDGE('',*,*,#8310,.T.);
#8310 = EDGE_CURVE('',#8262,#8311,#8313,.T.);
#8311 = VERTEX_POINT('',#8312);
#8312 = CARTESIAN_POINT('',(36.38759765625,-11.2,4.365771484375));
#8313 = SURFACE_CURVE('',#8314,(#8318,#8325),.PCURVE_S1.);
#8314 = B_SPLINE_CURVE_WITH_KNOTS('',2,(#8315,#8316,#8317),
  .UNSPECIFIED.,.F.,.F.,(3,3),(0.,1.),.PIECEWISE_BEZIER_KNOTS.);
#8315 = CARTESIAN_POINT('',(36.9662109375,-11.2,4.209521484375));
#8316 = CARTESIAN_POINT('',(36.8392578125,-11.2,4.253466796875));
#8317 = CARTESIAN_POINT('',(36.38759765625,-11.2,4.365771484375));
#8318 = PCURVE('',#3208,#8319);
#8319 = DEFINITIONAL_REPRESENTATION('',(#8320),#8324);
#8320 = LINE('',#8321,#8322);
#8321 = CARTESIAN_POINT('',(0.,-0.5));
#8322 = VECTOR('',#8323,1.);
#8323 = DIRECTION('',(1.,0.));
#8324 = ( GEOMETRIC_REPRESENTATION_CONTEXT(2) 
PARAMETRIC_REPRESENTATION_CONTEXT() REPRESENTATION_CONTEXT('2D SPACE',''
  ) );
#8325 = PCURVE('',#7978,#8326);
#8326 = DEFINITIONAL_REPRESENTATION('',(#8327),#8331);
#8327 = B_SPLINE_CURVE_WITH_KNOTS('',2,(#8328,#8329,#8330),
  .UNSPECIFIED.,.F.,.F.,(3,3),(0.,1.),.PIECEWISE_BEZIER_KNOTS.);
#8328 = CARTESIAN_POINT('',(2.03369140625,1.4111328125));
#8329 = CARTESIAN_POINT('',(1.90673828125,1.455078125));
#8330 = CARTESIAN_POINT('',(1.455078125,1.5673828125));
#8331 = ( GEOMETRIC_REPRESENTATION_CONTEXT(2) 
PARAMETRIC_REPRESENTATION_CONTEXT() REPRESENTATION_CONTEXT('2D SPACE',''
  ) );
#8332 = ORIENTED_EDGE('',*,*,#8333,.F.);
#8333 = EDGE_CURVE('',#3163,#8311,#8334,.T.);
#8334 = SURFACE_CURVE('',#8335,(#8339,#8346),.PCURVE_S1.);
#8335 = LINE('',#8336,#8337);
#8336 = CARTESIAN_POINT('',(36.38759765625,-11.7,4.365771484375));
#8337 = VECTOR('',#8338,1.);
#8338 = DIRECTION('',(-0.,1.,-0.));
#8339 = PCURVE('',#3208,#8340);
#8340 = DEFINITIONAL_REPRESENTATION('',(#8341),#8345);
#8341 = LINE('',#8342,#8343);
#8342 = CARTESIAN_POINT('',(1.,0.));
#8343 = VECTOR('',#8344,1.);
#8344 = DIRECTION('',(0.,-1.));
#8345 = ( GEOMETRIC_REPRESENTATION_CONTEXT(2) 
PARAMETRIC_REPRESENTATION_CONTEXT() REPRESENTATION_CONTEXT('2D SPACE',''
  ) );
#8346 = PCURVE('',#3178,#8347);
#8347 = DEFINITIONAL_REPRESENTATION('',(#8348),#8352);
#8348 = LINE('',#8349,#8350);
#8349 = CARTESIAN_POINT('',(0.,0.));
#8350 = VECTOR('',#8351,1.);
#8351 = DIRECTION('',(0.,-1.));
#8352 = ( GEOMETRIC_REPRESENTATION_CONTEXT(2) 
PARAMETRIC_REPRESENTATION_CONTEXT() REPRESENTATION_CONTEXT('2D SPACE',''
  ) );
#8353 = ORIENTED_EDGE('',*,*,#3192,.F.);
#8354 = ADVANCED_FACE('',(#8355),#3178,.T.);
#8355 = FACE_BOUND('',#8356,.T.);
#8356 = EDGE_LOOP('',(#8357,#8358,#8381,#8402));
#8357 = ORIENTED_EDGE('',*,*,#8333,.T.);
#8358 = ORIENTED_EDGE('',*,*,#8359,.T.);
#8359 = EDGE_CURVE('',#8311,#8360,#8362,.T.);
#8360 = VERTEX_POINT('',#8361);
#8361 = CARTESIAN_POINT('',(35.57216796875,-11.2,4.719775390625));
#8362 = SURFACE_CURVE('',#8363,(#8367,#8374),.PCURVE_S1.);
#8363 = B_SPLINE_CURVE_WITH_KNOTS('',2,(#8364,#8365,#8366),
  .UNSPECIFIED.,.F.,.F.,(3,3),(0.,1.),.PIECEWISE_BEZIER_KNOTS.);
#8364 = CARTESIAN_POINT('',(36.38759765625,-11.2,4.365771484375));
#8365 = CARTESIAN_POINT('',(35.80654296875,-11.2,4.509814453125));
#8366 = CARTESIAN_POINT('',(35.57216796875,-11.2,4.719775390625));
#8367 = PCURVE('',#3178,#8368);
#8368 = DEFINITIONAL_REPRESENTATION('',(#8369),#8373);
#8369 = LINE('',#8370,#8371);
#8370 = CARTESIAN_POINT('',(0.,-0.5));
#8371 = VECTOR('',#8372,1.);
#8372 = DIRECTION('',(1.,0.));
#8373 = ( GEOMETRIC_REPRESENTATION_CONTEXT(2) 
PARAMETRIC_REPRESENTATION_CONTEXT() REPRESENTATION_CONTEXT('2D SPACE',''
  ) );
#8374 = PCURVE('',#7978,#8375);
#8375 = DEFINITIONAL_REPRESENTATION('',(#8376),#8380);
#8376 = B_SPLINE_CURVE_WITH_KNOTS('',2,(#8377,#8378,#8379),
  .UNSPECIFIED.,.F.,.F.,(3,3),(0.,1.),.PIECEWISE_BEZIER_KNOTS.);
#8377 = CARTESIAN_POINT('',(1.455078125,1.5673828125));
#8378 = CARTESIAN_POINT('',(0.8740234375,1.71142578125));
#8379 = CARTESIAN_POINT('',(0.6396484375,1.92138671875));
#8380 = ( GEOMETRIC_REPRESENTATION_CONTEXT(2) 
PARAMETRIC_REPRESENTATION_CONTEXT() REPRESENTATION_CONTEXT('2D SPACE',''
  ) );
#8381 = ORIENTED_EDGE('',*,*,#8382,.F.);
#8382 = EDGE_CURVE('',#3133,#8360,#8383,.T.);
#8383 = SURFACE_CURVE('',#8384,(#8388,#8395),.PCURVE_S1.);
#8384 = LINE('',#8385,#8386);
#8385 = CARTESIAN_POINT('',(35.57216796875,-11.7,4.719775390625));
#8386 = VECTOR('',#8387,1.);
#8387 = DIRECTION('',(-0.,1.,-0.));
#8388 = PCURVE('',#3178,#8389);
#8389 = DEFINITIONAL_REPRESENTATION('',(#8390),#8394);
#8390 = LINE('',#8391,#8392);
#8391 = CARTESIAN_POINT('',(1.,0.));
#8392 = VECTOR('',#8393,1.);
#8393 = DIRECTION('',(0.,-1.));
#8394 = ( GEOMETRIC_REPRESENTATION_CONTEXT(2) 
PARAMETRIC_REPRESENTATION_CONTEXT() REPRESENTATION_CONTEXT('2D SPACE',''
  ) );
#8395 = PCURVE('',#3148,#8396);
#8396 = DEFINITIONAL_REPRESENTATION('',(#8397),#8401);
#8397 = LINE('',#8398,#8399);
#8398 = CARTESIAN_POINT('',(0.,0.));
#8399 = VECTOR('',#8400,1.);
#8400 = DIRECTION('',(0.,-1.));
#8401 = ( GEOMETRIC_REPRESENTATION_CONTEXT(2) 
PARAMETRIC_REPRESENTATION_CONTEXT() REPRESENTATION_CONTEXT('2D SPACE',''
  ) );
#8402 = ORIENTED_EDGE('',*,*,#3162,.F.);
#8403 = ADVANCED_FACE('',(#8404),#3148,.T.);
#8404 = FACE_BOUND('',#8405,.T.);
#8405 = EDGE_LOOP('',(#8406,#8407,#8430,#8451));
#8406 = ORIENTED_EDGE('',*,*,#8382,.T.);
#8407 = ORIENTED_EDGE('',*,*,#8408,.T.);
#8408 = EDGE_CURVE('',#8360,#8409,#8411,.T.);
#8409 = VERTEX_POINT('',#8410);
#8410 = CARTESIAN_POINT('',(35.242578125,-11.2,5.439990234375));
#8411 = SURFACE_CURVE('',#8412,(#8416,#8423),.PCURVE_S1.);
#8412 = B_SPLINE_CURVE_WITH_KNOTS('',2,(#8413,#8414,#8415),
  .UNSPECIFIED.,.F.,.F.,(3,3),(0.,1.),.PIECEWISE_BEZIER_KNOTS.);
#8413 = CARTESIAN_POINT('',(35.57216796875,-11.2,4.719775390625));
#8414 = CARTESIAN_POINT('',(35.242578125,-11.2,5.015185546875));
#8415 = CARTESIAN_POINT('',(35.242578125,-11.2,5.439990234375));
#8416 = PCURVE('',#3148,#8417);
#8417 = DEFINITIONAL_REPRESENTATION('',(#8418),#8422);
#8418 = LINE('',#8419,#8420);
#8419 = CARTESIAN_POINT('',(0.,-0.5));
#8420 = VECTOR('',#8421,1.);
#8421 = DIRECTION('',(1.,0.));
#8422 = ( GEOMETRIC_REPRESENTATION_CONTEXT(2) 
PARAMETRIC_REPRESENTATION_CONTEXT() REPRESENTATION_CONTEXT('2D SPACE',''
  ) );
#8423 = PCURVE('',#7978,#8424);
#8424 = DEFINITIONAL_REPRESENTATION('',(#8425),#8429);
#8425 = B_SPLINE_CURVE_WITH_KNOTS('',2,(#8426,#8427,#8428),
  .UNSPECIFIED.,.F.,.F.,(3,3),(0.,1.),.PIECEWISE_BEZIER_KNOTS.);
#8426 = CARTESIAN_POINT('',(0.6396484375,1.92138671875));
#8427 = CARTESIAN_POINT('',(0.31005859375,2.216796875));
#8428 = CARTESIAN_POINT('',(0.31005859375,2.6416015625));
#8429 = ( GEOMETRIC_REPRESENTATION_CONTEXT(2) 
PARAMETRIC_REPRESENTATION_CONTEXT() REPRESENTATION_CONTEXT('2D SPACE',''
  ) );
#8430 = ORIENTED_EDGE('',*,*,#8431,.F.);
#8431 = EDGE_CURVE('',#3103,#8409,#8432,.T.);
#8432 = SURFACE_CURVE('',#8433,(#8437,#8444),.PCURVE_S1.);
#8433 = LINE('',#8434,#8435);
#8434 = CARTESIAN_POINT('',(35.242578125,-11.7,5.439990234375));
#8435 = VECTOR('',#8436,1.);
#8436 = DIRECTION('',(-0.,1.,-0.));
#8437 = PCURVE('',#3148,#8438);
#8438 = DEFINITIONAL_REPRESENTATION('',(#8439),#8443);
#8439 = LINE('',#8440,#8441);
#8440 = CARTESIAN_POINT('',(1.,0.));
#8441 = VECTOR('',#8442,1.);
#8442 = DIRECTION('',(0.,-1.));
#8443 = ( GEOMETRIC_REPRESENTATION_CONTEXT(2) 
PARAMETRIC_REPRESENTATION_CONTEXT() REPRESENTATION_CONTEXT('2D SPACE',''
  ) );
#8444 = PCURVE('',#3118,#8445);
#8445 = DEFINITIONAL_REPRESENTATION('',(#8446),#8450);
#8446 = LINE('',#8447,#8448);
#8447 = CARTESIAN_POINT('',(0.,0.));
#8448 = VECTOR('',#8449,1.);
#8449 = DIRECTION('',(0.,-1.));
#8450 = ( GEOMETRIC_REPRESENTATION_CONTEXT(2) 
PARAMETRIC_REPRESENTATION_CONTEXT() REPRESENTATION_CONTEXT('2D SPACE',''
  ) );
#8451 = ORIENTED_EDGE('',*,*,#3132,.F.);
#8452 = ADVANCED_FACE('',(#8453),#3118,.T.);
#8453 = FACE_BOUND('',#8454,.T.);
#8454 = EDGE_LOOP('',(#8455,#8456,#8479,#8500));
#8455 = ORIENTED_EDGE('',*,*,#8431,.T.);
#8456 = ORIENTED_EDGE('',*,*,#8457,.T.);
#8457 = EDGE_CURVE('',#8409,#8458,#8460,.T.);
#8458 = VERTEX_POINT('',#8459);
#8459 = CARTESIAN_POINT('',(35.397607421875,-11.2,5.95146484375));
#8460 = SURFACE_CURVE('',#8461,(#8465,#8472),.PCURVE_S1.);
#8461 = B_SPLINE_CURVE_WITH_KNOTS('',2,(#8462,#8463,#8464),
  .UNSPECIFIED.,.F.,.F.,(3,3),(0.,1.),.PIECEWISE_BEZIER_KNOTS.);
#8462 = CARTESIAN_POINT('',(35.242578125,-11.2,5.439990234375));
#8463 = CARTESIAN_POINT('',(35.242578125,-11.2,5.713427734375));
#8464 = CARTESIAN_POINT('',(35.397607421875,-11.2,5.95146484375));
#8465 = PCURVE('',#3118,#8466);
#8466 = DEFINITIONAL_REPRESENTATION('',(#8467),#8471);
#8467 = LINE('',#8468,#8469);
#8468 = CARTESIAN_POINT('',(0.,-0.5));
#8469 = VECTOR('',#8470,1.);
#8470 = DIRECTION('',(1.,0.));
#8471 = ( GEOMETRIC_REPRESENTATION_CONTEXT(2) 
PARAMETRIC_REPRESENTATION_CONTEXT() REPRESENTATION_CONTEXT('2D SPACE',''
  ) );
#8472 = PCURVE('',#7978,#8473);
#8473 = DEFINITIONAL_REPRESENTATION('',(#8474),#8478);
#8474 = B_SPLINE_CURVE_WITH_KNOTS('',2,(#8475,#8476,#8477),
  .UNSPECIFIED.,.F.,.F.,(3,3),(0.,1.),.PIECEWISE_BEZIER_KNOTS.);
#8475 = CARTESIAN_POINT('',(0.31005859375,2.6416015625));
#8476 = CARTESIAN_POINT('',(0.31005859375,2.9150390625));
#8477 = CARTESIAN_POINT('',(0.465087890625,3.153076171875));
#8478 = ( GEOMETRIC_REPRESENTATION_CONTEXT(2) 
PARAMETRIC_REPRESENTATION_CONTEXT() REPRESENTATION_CONTEXT('2D SPACE',''
  ) );
#8479 = ORIENTED_EDGE('',*,*,#8480,.F.);
#8480 = EDGE_CURVE('',#3073,#8458,#8481,.T.);
#8481 = SURFACE_CURVE('',#8482,(#8486,#8493),.PCURVE_S1.);
#8482 = LINE('',#8483,#8484);
#8483 = CARTESIAN_POINT('',(35.397607421875,-11.7,5.95146484375));
#8484 = VECTOR('',#8485,1.);
#8485 = DIRECTION('',(-0.,1.,-0.));
#8486 = PCURVE('',#3118,#8487);
#8487 = DEFINITIONAL_REPRESENTATION('',(#8488),#8492);
#8488 = LINE('',#8489,#8490);
#8489 = CARTESIAN_POINT('',(1.,0.));
#8490 = VECTOR('',#8491,1.);
#8491 = DIRECTION('',(0.,-1.));
#8492 = ( GEOMETRIC_REPRESENTATION_CONTEXT(2) 
PARAMETRIC_REPRESENTATION_CONTEXT() REPRESENTATION_CONTEXT('2D SPACE',''
  ) );
#8493 = PCURVE('',#3088,#8494);
#8494 = DEFINITIONAL_REPRESENTATION('',(#8495),#8499);
#8495 = LINE('',#8496,#8497);
#8496 = CARTESIAN_POINT('',(0.,0.));
#8497 = VECTOR('',#8498,1.);
#8498 = DIRECTION('',(0.,-1.));
#8499 = ( GEOMETRIC_REPRESENTATION_CONTEXT(2) 
PARAMETRIC_REPRESENTATION_CONTEXT() REPRESENTATION_CONTEXT('2D SPACE',''
  ) );
#8500 = ORIENTED_EDGE('',*,*,#3102,.F.);
#8501 = ADVANCED_FACE('',(#8502),#3088,.T.);
#8502 = FACE_BOUND('',#8503,.T.);
#8503 = EDGE_LOOP('',(#8504,#8505,#8528,#8549));
#8504 = ORIENTED_EDGE('',*,*,#8480,.T.);
#8505 = ORIENTED_EDGE('',*,*,#8506,.T.);
#8506 = EDGE_CURVE('',#8458,#8507,#8509,.T.);
#8507 = VERTEX_POINT('',#8508);
#8508 = CARTESIAN_POINT('',(35.844384765625,-11.2,6.314013671875));
#8509 = SURFACE_CURVE('',#8510,(#8514,#8521),.PCURVE_S1.);
#8510 = B_SPLINE_CURVE_WITH_KNOTS('',2,(#8511,#8512,#8513),
  .UNSPECIFIED.,.F.,.F.,(3,3),(0.,1.),.PIECEWISE_BEZIER_KNOTS.);
#8511 = CARTESIAN_POINT('',(35.397607421875,-11.2,5.95146484375));
#8512 = CARTESIAN_POINT('',(35.55263671875,-11.2,6.189501953125));
#8513 = CARTESIAN_POINT('',(35.844384765625,-11.2,6.314013671875));
#8514 = PCURVE('',#3088,#8515);
#8515 = DEFINITIONAL_REPRESENTATION('',(#8516),#8520);
#8516 = LINE('',#8517,#8518);
#8517 = CARTESIAN_POINT('',(0.,-0.5));
#8518 = VECTOR('',#8519,1.);
#8519 = DIRECTION('',(1.,0.));
#8520 = ( GEOMETRIC_REPRESENTATION_CONTEXT(2) 
PARAMETRIC_REPRESENTATION_CONTEXT() REPRESENTATION_CONTEXT('2D SPACE',''
  ) );
#8521 = PCURVE('',#7978,#8522);
#8522 = DEFINITIONAL_REPRESENTATION('',(#8523),#8527);
#8523 = B_SPLINE_CURVE_WITH_KNOTS('',2,(#8524,#8525,#8526),
  .UNSPECIFIED.,.F.,.F.,(3,3),(0.,1.),.PIECEWISE_BEZIER_KNOTS.);
#8524 = CARTESIAN_POINT('',(0.465087890625,3.153076171875));
#8525 = CARTESIAN_POINT('',(0.6201171875,3.39111328125));
#8526 = CARTESIAN_POINT('',(0.911865234375,3.515625));
#8527 = ( GEOMETRIC_REPRESENTATION_CONTEXT(2) 
PARAMETRIC_REPRESENTATION_CONTEXT() REPRESENTATION_CONTEXT('2D SPACE',''
  ) );
#8528 = ORIENTED_EDGE('',*,*,#8529,.F.);
#8529 = EDGE_CURVE('',#3043,#8507,#8530,.T.);
#8530 = SURFACE_CURVE('',#8531,(#8535,#8542),.PCURVE_S1.);
#8531 = LINE('',#8532,#8533);
#8532 = CARTESIAN_POINT('',(35.844384765625,-11.7,6.314013671875));
#8533 = VECTOR('',#8534,1.);
#8534 = DIRECTION('',(-0.,1.,-0.));
#8535 = PCURVE('',#3088,#8536);
#8536 = DEFINITIONAL_REPRESENTATION('',(#8537),#8541);
#8537 = LINE('',#8538,#8539);
#8538 = CARTESIAN_POINT('',(1.,0.));
#8539 = VECTOR('',#8540,1.);
#8540 = DIRECTION('',(0.,-1.));
#8541 = ( GEOMETRIC_REPRESENTATION_CONTEXT(2) 
PARAMETRIC_REPRESENTATION_CONTEXT() REPRESENTATION_CONTEXT('2D SPACE',''
  ) );
#8542 = PCURVE('',#3058,#8543);
#8543 = DEFINITIONAL_REPRESENTATION('',(#8544),#8548);
#8544 = LINE('',#8545,#8546);
#8545 = CARTESIAN_POINT('',(0.,0.));
#8546 = VECTOR('',#8547,1.);
#8547 = DIRECTION('',(0.,-1.));
#8548 = ( GEOMETRIC_REPRESENTATION_CONTEXT(2) 
PARAMETRIC_REPRESENTATION_CONTEXT() REPRESENTATION_CONTEXT('2D SPACE',''
  ) );
#8549 = ORIENTED_EDGE('',*,*,#3072,.F.);
#8550 = ADVANCED_FACE('',(#8551),#3058,.T.);
#8551 = FACE_BOUND('',#8552,.T.);
#8552 = EDGE_LOOP('',(#8553,#8554,#8577,#8598));
#8553 = ORIENTED_EDGE('',*,*,#8529,.T.);
#8554 = ORIENTED_EDGE('',*,*,#8555,.T.);
#8555 = EDGE_CURVE('',#8507,#8556,#8558,.T.);
#8556 = VERTEX_POINT('',#8557);
#8557 = CARTESIAN_POINT('',(36.54873046875,-11.2,6.438525390625));
#8558 = SURFACE_CURVE('',#8559,(#8563,#8570),.PCURVE_S1.);
#8559 = B_SPLINE_CURVE_WITH_KNOTS('',2,(#8560,#8561,#8562),
  .UNSPECIFIED.,.F.,.F.,(3,3),(0.,1.),.PIECEWISE_BEZIER_KNOTS.);
#8560 = CARTESIAN_POINT('',(35.844384765625,-11.2,6.314013671875));
#8561 = CARTESIAN_POINT('',(36.1361328125,-11.2,6.438525390625));
#8562 = CARTESIAN_POINT('',(36.54873046875,-11.2,6.438525390625));
#8563 = PCURVE('',#3058,#8564);
#8564 = DEFINITIONAL_REPRESENTATION('',(#8565),#8569);
#8565 = LINE('',#8566,#8567);
#8566 = CARTESIAN_POINT('',(0.,-0.5));
#8567 = VECTOR('',#8568,1.);
#8568 = DIRECTION('',(1.,0.));
#8569 = ( GEOMETRIC_REPRESENTATION_CONTEXT(2) 
PARAMETRIC_REPRESENTATION_CONTEXT() REPRESENTATION_CONTEXT('2D SPACE',''
  ) );
#8570 = PCURVE('',#7978,#8571);
#8571 = DEFINITIONAL_REPRESENTATION('',(#8572),#8576);
#8572 = B_SPLINE_CURVE_WITH_KNOTS('',2,(#8573,#8574,#8575),
  .UNSPECIFIED.,.F.,.F.,(3,3),(0.,1.),.PIECEWISE_BEZIER_KNOTS.);
#8573 = CARTESIAN_POINT('',(0.911865234375,3.515625));
#8574 = CARTESIAN_POINT('',(1.20361328125,3.64013671875));
#8575 = CARTESIAN_POINT('',(1.6162109375,3.64013671875));
#8576 = ( GEOMETRIC_REPRESENTATION_CONTEXT(2) 
PARAMETRIC_REPRESENTATION_CONTEXT() REPRESENTATION_CONTEXT('2D SPACE',''
  ) );
#8577 = ORIENTED_EDGE('',*,*,#8578,.F.);
#8578 = EDGE_CURVE('',#3013,#8556,#8579,.T.);
#8579 = SURFACE_CURVE('',#8580,(#8584,#8591),.PCURVE_S1.);
#8580 = LINE('',#8581,#8582);
#8581 = CARTESIAN_POINT('',(36.54873046875,-11.7,6.438525390625));
#8582 = VECTOR('',#8583,1.);
#8583 = DIRECTION('',(-0.,1.,-0.));
#8584 = PCURVE('',#3058,#8585);
#8585 = DEFINITIONAL_REPRESENTATION('',(#8586),#8590);
#8586 = LINE('',#8587,#8588);
#8587 = CARTESIAN_POINT('',(1.,0.));
#8588 = VECTOR('',#8589,1.);
#8589 = DIRECTION('',(0.,-1.));
#8590 = ( GEOMETRIC_REPRESENTATION_CONTEXT(2) 
PARAMETRIC_REPRESENTATION_CONTEXT() REPRESENTATION_CONTEXT('2D SPACE',''
  ) );
#8591 = PCURVE('',#3028,#8592);
#8592 = DEFINITIONAL_REPRESENTATION('',(#8593),#8597);
#8593 = LINE('',#8594,#8595);
#8594 = CARTESIAN_POINT('',(0.,0.));
#8595 = VECTOR('',#8596,1.);
#8596 = DIRECTION('',(0.,-1.));
#8597 = ( GEOMETRIC_REPRESENTATION_CONTEXT(2) 
PARAMETRIC_REPRESENTATION_CONTEXT() REPRESENTATION_CONTEXT('2D SPACE',''
  ) );
#8598 = ORIENTED_EDGE('',*,*,#3042,.F.);
#8599 = ADVANCED_FACE('',(#8600),#3028,.T.);
#8600 = FACE_BOUND('',#8601,.T.);
#8601 = EDGE_LOOP('',(#8602,#8603,#8626,#8647));
#8602 = ORIENTED_EDGE('',*,*,#8578,.T.);
#8603 = ORIENTED_EDGE('',*,*,#8604,.T.);
#8604 = EDGE_CURVE('',#8556,#8605,#8607,.T.);
#8605 = VERTEX_POINT('',#8606);
#8606 = CARTESIAN_POINT('',(37.563134765625,-11.2,6.143115234375));
#8607 = SURFACE_CURVE('',#8608,(#8612,#8619),.PCURVE_S1.);
#8608 = B_SPLINE_CURVE_WITH_KNOTS('',2,(#8609,#8610,#8611),
  .UNSPECIFIED.,.F.,.F.,(3,3),(0.,1.),.PIECEWISE_BEZIER_KNOTS.);
#8609 = CARTESIAN_POINT('',(36.54873046875,-11.2,6.438525390625));
#8610 = CARTESIAN_POINT('',(37.22255859375,-11.2,6.438525390625));
#8611 = CARTESIAN_POINT('',(37.563134765625,-11.2,6.143115234375));
#8612 = PCURVE('',#3028,#8613);
#8613 = DEFINITIONAL_REPRESENTATION('',(#8614),#8618);
#8614 = LINE('',#8615,#8616);
#8615 = CARTESIAN_POINT('',(0.,-0.5));
#8616 = VECTOR('',#8617,1.);
#8617 = DIRECTION('',(1.,0.));
#8618 = ( GEOMETRIC_REPRESENTATION_CONTEXT(2) 
PARAMETRIC_REPRESENTATION_CONTEXT() REPRESENTATION_CONTEXT('2D SPACE',''
  ) );
#8619 = PCURVE('',#7978,#8620);
#8620 = DEFINITIONAL_REPRESENTATION('',(#8621),#8625);
#8621 = B_SPLINE_CURVE_WITH_KNOTS('',2,(#8622,#8623,#8624),
  .UNSPECIFIED.,.F.,.F.,(3,3),(0.,1.),.PIECEWISE_BEZIER_KNOTS.);
#8622 = CARTESIAN_POINT('',(1.6162109375,3.64013671875));
#8623 = CARTESIAN_POINT('',(2.2900390625,3.64013671875));
#8624 = CARTESIAN_POINT('',(2.630615234375,3.3447265625));
#8625 = ( GEOMETRIC_REPRESENTATION_CONTEXT(2) 
PARAMETRIC_REPRESENTATION_CONTEXT() REPRESENTATION_CONTEXT('2D SPACE',''
  ) );
#8626 = ORIENTED_EDGE('',*,*,#8627,.F.);
#8627 = EDGE_CURVE('',#2983,#8605,#8628,.T.);
#8628 = SURFACE_CURVE('',#8629,(#8633,#8640),.PCURVE_S1.);
#8629 = LINE('',#8630,#8631);
#8630 = CARTESIAN_POINT('',(37.563134765625,-11.7,6.143115234375));
#8631 = VECTOR('',#8632,1.);
#8632 = DIRECTION('',(-0.,1.,-0.));
#8633 = PCURVE('',#3028,#8634);
#8634 = DEFINITIONAL_REPRESENTATION('',(#8635),#8639);
#8635 = LINE('',#8636,#8637);
#8636 = CARTESIAN_POINT('',(1.,0.));
#8637 = VECTOR('',#8638,1.);
#8638 = DIRECTION('',(0.,-1.));
#8639 = ( GEOMETRIC_REPRESENTATION_CONTEXT(2) 
PARAMETRIC_REPRESENTATION_CONTEXT() REPRESENTATION_CONTEXT('2D SPACE',''
  ) );
#8640 = PCURVE('',#2998,#8641);
#8641 = DEFINITIONAL_REPRESENTATION('',(#8642),#8646);
#8642 = LINE('',#8643,#8644);
#8643 = CARTESIAN_POINT('',(0.,0.));
#8644 = VECTOR('',#8645,1.);
#8645 = DIRECTION('',(0.,-1.));
#8646 = ( GEOMETRIC_REPRESENTATION_CONTEXT(2) 
PARAMETRIC_REPRESENTATION_CONTEXT() REPRESENTATION_CONTEXT('2D SPACE',''
  ) );
#8647 = ORIENTED_EDGE('',*,*,#3012,.F.);
#8648 = ADVANCED_FACE('',(#8649),#2998,.T.);
#8649 = FACE_BOUND('',#8650,.T.);
#8650 = EDGE_LOOP('',(#8651,#8652,#8675,#8696));
#8651 = ORIENTED_EDGE('',*,*,#8627,.T.);
#8652 = ORIENTED_EDGE('',*,*,#8653,.T.);
#8653 = EDGE_CURVE('',#8605,#8654,#8656,.T.);
#8654 = VERTEX_POINT('',#8655);
#8655 = CARTESIAN_POINT('',(37.92080078125,-11.2,5.354541015625));
#8656 = SURFACE_CURVE('',#8657,(#8661,#8668),.PCURVE_S1.);
#8657 = B_SPLINE_CURVE_WITH_KNOTS('',2,(#8658,#8659,#8660),
  .UNSPECIFIED.,.F.,.F.,(3,3),(0.,1.),.PIECEWISE_BEZIER_KNOTS.);
#8658 = CARTESIAN_POINT('',(37.563134765625,-11.2,6.143115234375));
#8659 = CARTESIAN_POINT('',(37.9037109375,-11.2,5.847705078125));
#8660 = CARTESIAN_POINT('',(37.92080078125,-11.2,5.354541015625));
#8661 = PCURVE('',#2998,#8662);
#8662 = DEFINITIONAL_REPRESENTATION('',(#8663),#8667);
#8663 = LINE('',#8664,#8665);
#8664 = CARTESIAN_POINT('',(0.,-0.5));
#8665 = VECTOR('',#8666,1.);
#8666 = DIRECTION('',(1.,0.));
#8667 = ( GEOMETRIC_REPRESENTATION_CONTEXT(2) 
PARAMETRIC_REPRESENTATION_CONTEXT() REPRESENTATION_CONTEXT('2D SPACE',''
  ) );
#8668 = PCURVE('',#7978,#8669);
#8669 = DEFINITIONAL_REPRESENTATION('',(#8670),#8674);
#8670 = B_SPLINE_CURVE_WITH_KNOTS('',2,(#8671,#8672,#8673),
  .UNSPECIFIED.,.F.,.F.,(3,3),(0.,1.),.PIECEWISE_BEZIER_KNOTS.);
#8671 = CARTESIAN_POINT('',(2.630615234375,3.3447265625));
#8672 = CARTESIAN_POINT('',(2.97119140625,3.04931640625));
#8673 = CARTESIAN_POINT('',(2.98828125,2.55615234375));
#8674 = ( GEOMETRIC_REPRESENTATION_CONTEXT(2) 
PARAMETRIC_REPRESENTATION_CONTEXT() REPRESENTATION_CONTEXT('2D SPACE',''
  ) );
#8675 = ORIENTED_EDGE('',*,*,#8676,.F.);
#8676 = EDGE_CURVE('',#2955,#8654,#8677,.T.);
#8677 = SURFACE_CURVE('',#8678,(#8682,#8689),.PCURVE_S1.);
#8678 = LINE('',#8679,#8680);
#8679 = CARTESIAN_POINT('',(37.92080078125,-11.7,5.354541015625));
#8680 = VECTOR('',#8681,1.);
#8681 = DIRECTION('',(-0.,1.,-0.));
#8682 = PCURVE('',#2998,#8683);
#8683 = DEFINITIONAL_REPRESENTATION('',(#8684),#8688);
#8684 = LINE('',#8685,#8686);
#8685 = CARTESIAN_POINT('',(1.,0.));
#8686 = VECTOR('',#8687,1.);
#8687 = DIRECTION('',(0.,-1.));
#8688 = ( GEOMETRIC_REPRESENTATION_CONTEXT(2) 
PARAMETRIC_REPRESENTATION_CONTEXT() REPRESENTATION_CONTEXT('2D SPACE',''
  ) );
#8689 = PCURVE('',#2970,#8690);
#8690 = DEFINITIONAL_REPRESENTATION('',(#8691),#8695);
#8691 = LINE('',#8692,#8693);
#8692 = CARTESIAN_POINT('',(0.,0.));
#8693 = VECTOR('',#8694,1.);
#8694 = DIRECTION('',(0.,-1.));
#8695 = ( GEOMETRIC_REPRESENTATION_CONTEXT(2) 
PARAMETRIC_REPRESENTATION_CONTEXT() REPRESENTATION_CONTEXT('2D SPACE',''
  ) );
#8696 = ORIENTED_EDGE('',*,*,#2982,.F.);
#8697 = ADVANCED_FACE('',(#8698),#2970,.T.);
#8698 = FACE_BOUND('',#8699,.T.);
#8699 = EDGE_LOOP('',(#8700,#8701,#8724,#8745));
#8700 = ORIENTED_EDGE('',*,*,#8676,.T.);
#8701 = ORIENTED_EDGE('',*,*,#8702,.T.);
#8702 = EDGE_CURVE('',#8654,#8703,#8705,.T.);
#8703 = VERTEX_POINT('',#8704);
#8704 = CARTESIAN_POINT('',(37.19814453125,-11.2,5.322802734375));
#8705 = SURFACE_CURVE('',#8706,(#8710,#8717),.PCURVE_S1.);
#8706 = LINE('',#8707,#8708);
#8707 = CARTESIAN_POINT('',(37.92080078125,-11.2,5.354541015625));
#8708 = VECTOR('',#8709,1.);
#8709 = DIRECTION('',(-0.999036957246,-0.,-4.387662312229E-02));
#8710 = PCURVE('',#2970,#8711);
#8711 = DEFINITIONAL_REPRESENTATION('',(#8712),#8716);
#8712 = LINE('',#8713,#8714);
#8713 = CARTESIAN_POINT('',(0.,-0.5));
#8714 = VECTOR('',#8715,1.);
#8715 = DIRECTION('',(1.,0.));
#8716 = ( GEOMETRIC_REPRESENTATION_CONTEXT(2) 
PARAMETRIC_REPRESENTATION_CONTEXT() REPRESENTATION_CONTEXT('2D SPACE',''
  ) );
#8717 = PCURVE('',#7978,#8718);
#8718 = DEFINITIONAL_REPRESENTATION('',(#8719),#8723);
#8719 = LINE('',#8720,#8721);
#8720 = CARTESIAN_POINT('',(2.98828125,2.55615234375));
#8721 = VECTOR('',#8722,1.);
#8722 = DIRECTION('',(-0.999036957246,-4.387662312229E-02));
#8723 = ( GEOMETRIC_REPRESENTATION_CONTEXT(2) 
PARAMETRIC_REPRESENTATION_CONTEXT() REPRESENTATION_CONTEXT('2D SPACE',''
  ) );
#8724 = ORIENTED_EDGE('',*,*,#8725,.F.);
#8725 = EDGE_CURVE('',#2925,#8703,#8726,.T.);
#8726 = SURFACE_CURVE('',#8727,(#8731,#8738),.PCURVE_S1.);
#8727 = LINE('',#8728,#8729);
#8728 = CARTESIAN_POINT('',(37.19814453125,-11.7,5.322802734375));
#8729 = VECTOR('',#8730,1.);
#8730 = DIRECTION('',(-0.,1.,-0.));
#8731 = PCURVE('',#2970,#8732);
#8732 = DEFINITIONAL_REPRESENTATION('',(#8733),#8737);
#8733 = LINE('',#8734,#8735);
#8734 = CARTESIAN_POINT('',(0.72335286974,0.));
#8735 = VECTOR('',#8736,1.);
#8736 = DIRECTION('',(0.,-1.));
#8737 = ( GEOMETRIC_REPRESENTATION_CONTEXT(2) 
PARAMETRIC_REPRESENTATION_CONTEXT() REPRESENTATION_CONTEXT('2D SPACE',''
  ) );
#8738 = PCURVE('',#2940,#8739);
#8739 = DEFINITIONAL_REPRESENTATION('',(#8740),#8744);
#8740 = LINE('',#8741,#8742);
#8741 = CARTESIAN_POINT('',(0.,0.));
#8742 = VECTOR('',#8743,1.);
#8743 = DIRECTION('',(0.,-1.));
#8744 = ( GEOMETRIC_REPRESENTATION_CONTEXT(2) 
PARAMETRIC_REPRESENTATION_CONTEXT() REPRESENTATION_CONTEXT('2D SPACE',''
  ) );
#8745 = ORIENTED_EDGE('',*,*,#2954,.F.);
#8746 = ADVANCED_FACE('',(#8747),#2940,.T.);
#8747 = FACE_BOUND('',#8748,.T.);
#8748 = EDGE_LOOP('',(#8749,#8750,#8773,#8794));
#8749 = ORIENTED_EDGE('',*,*,#8725,.T.);
#8750 = ORIENTED_EDGE('',*,*,#8751,.T.);
#8751 = EDGE_CURVE('',#8703,#8752,#8754,.T.);
#8752 = VERTEX_POINT('',#8753);
#8753 = CARTESIAN_POINT('',(36.999169921875,-11.2,5.71953125));
#8754 = SURFACE_CURVE('',#8755,(#8759,#8766),.PCURVE_S1.);
#8755 = B_SPLINE_CURVE_WITH_KNOTS('',2,(#8756,#8757,#8758),
  .UNSPECIFIED.,.F.,.F.,(3,3),(0.,1.),.PIECEWISE_BEZIER_KNOTS.);
#8756 = CARTESIAN_POINT('',(37.19814453125,-11.2,5.322802734375));
#8757 = CARTESIAN_POINT('',(37.1517578125,-11.2,5.598681640625));
#8758 = CARTESIAN_POINT('',(36.999169921875,-11.2,5.71953125));
#8759 = PCURVE('',#2940,#8760);
#8760 = DEFINITIONAL_REPRESENTATION('',(#8761),#8765);
#8761 = LINE('',#8762,#8763);
#8762 = CARTESIAN_POINT('',(0.,-0.5));
#8763 = VECTOR('',#8764,1.);
#8764 = DIRECTION('',(1.,0.));
#8765 = ( GEOMETRIC_REPRESENTATION_CONTEXT(2) 
PARAMETRIC_REPRESENTATION_CONTEXT() REPRESENTATION_CONTEXT('2D SPACE',''
  ) );
#8766 = PCURVE('',#7978,#8767);
#8767 = DEFINITIONAL_REPRESENTATION('',(#8768),#8772);
#8768 = B_SPLINE_CURVE_WITH_KNOTS('',2,(#8769,#8770,#8771),
  .UNSPECIFIED.,.F.,.F.,(3,3),(0.,1.),.PIECEWISE_BEZIER_KNOTS.);
#8769 = CARTESIAN_POINT('',(2.265625,2.5244140625));
#8770 = CARTESIAN_POINT('',(2.21923828125,2.80029296875));
#8771 = CARTESIAN_POINT('',(2.066650390625,2.921142578125));
#8772 = ( GEOMETRIC_REPRESENTATION_CONTEXT(2) 
PARAMETRIC_REPRESENTATION_CONTEXT() REPRESENTATION_CONTEXT('2D SPACE',''
  ) );
#8773 = ORIENTED_EDGE('',*,*,#8774,.F.);
#8774 = EDGE_CURVE('',#2895,#8752,#8775,.T.);
#8775 = SURFACE_CURVE('',#8776,(#8780,#8787),.PCURVE_S1.);
#8776 = LINE('',#8777,#8778);
#8777 = CARTESIAN_POINT('',(36.999169921875,-11.7,5.71953125));
#8778 = VECTOR('',#8779,1.);
#8779 = DIRECTION('',(-0.,1.,-0.));
#8780 = PCURVE('',#2940,#8781);
#8781 = DEFINITIONAL_REPRESENTATION('',(#8782),#8786);
#8782 = LINE('',#8783,#8784);
#8783 = CARTESIAN_POINT('',(1.,0.));
#8784 = VECTOR('',#8785,1.);
#8785 = DIRECTION('',(0.,-1.));
#8786 = ( GEOMETRIC_REPRESENTATION_CONTEXT(2) 
PARAMETRIC_REPRESENTATION_CONTEXT() REPRESENTATION_CONTEXT('2D SPACE',''
  ) );
#8787 = PCURVE('',#2910,#8788);
#8788 = DEFINITIONAL_REPRESENTATION('',(#8789),#8793);
#8789 = LINE('',#8790,#8791);
#8790 = CARTESIAN_POINT('',(0.,0.));
#8791 = VECTOR('',#8792,1.);
#8792 = DIRECTION('',(0.,-1.));
#8793 = ( GEOMETRIC_REPRESENTATION_CONTEXT(2) 
PARAMETRIC_REPRESENTATION_CONTEXT() REPRESENTATION_CONTEXT('2D SPACE',''
  ) );
#8794 = ORIENTED_EDGE('',*,*,#2924,.F.);
#8795 = ADVANCED_FACE('',(#8796),#2910,.T.);
#8796 = FACE_BOUND('',#8797,.T.);
#8797 = EDGE_LOOP('',(#8798,#8799,#8822,#8843));
#8798 = ORIENTED_EDGE('',*,*,#8774,.T.);
#8799 = ORIENTED_EDGE('',*,*,#8800,.T.);
#8800 = EDGE_CURVE('',#8752,#8801,#8803,.T.);
#8801 = VERTEX_POINT('',#8802);
#8802 = CARTESIAN_POINT('',(36.54140625,-11.2,5.840380859375));
#8803 = SURFACE_CURVE('',#8804,(#8808,#8815),.PCURVE_S1.);
#8804 = B_SPLINE_CURVE_WITH_KNOTS('',2,(#8805,#8806,#8807),
  .UNSPECIFIED.,.F.,.F.,(3,3),(0.,1.),.PIECEWISE_BEZIER_KNOTS.);
#8805 = CARTESIAN_POINT('',(36.999169921875,-11.2,5.71953125));
#8806 = CARTESIAN_POINT('',(36.84658203125,-11.2,5.840380859375));
#8807 = CARTESIAN_POINT('',(36.54140625,-11.2,5.840380859375));
#8808 = PCURVE('',#2910,#8809);
#8809 = DEFINITIONAL_REPRESENTATION('',(#8810),#8814);
#8810 = LINE('',#8811,#8812);
#8811 = CARTESIAN_POINT('',(0.,-0.5));
#8812 = VECTOR('',#8813,1.);
#8813 = DIRECTION('',(1.,0.));
#8814 = ( GEOMETRIC_REPRESENTATION_CONTEXT(2) 
PARAMETRIC_REPRESENTATION_CONTEXT() REPRESENTATION_CONTEXT('2D SPACE',''
  ) );
#8815 = PCURVE('',#7978,#8816);
#8816 = DEFINITIONAL_REPRESENTATION('',(#8817),#8821);
#8817 = B_SPLINE_CURVE_WITH_KNOTS('',2,(#8818,#8819,#8820),
  .UNSPECIFIED.,.F.,.F.,(3,3),(0.,1.),.PIECEWISE_BEZIER_KNOTS.);
#8818 = CARTESIAN_POINT('',(2.066650390625,2.921142578125));
#8819 = CARTESIAN_POINT('',(1.9140625,3.0419921875));
#8820 = CARTESIAN_POINT('',(1.60888671875,3.0419921875));
#8821 = ( GEOMETRIC_REPRESENTATION_CONTEXT(2) 
PARAMETRIC_REPRESENTATION_CONTEXT() REPRESENTATION_CONTEXT('2D SPACE',''
  ) );
#8822 = ORIENTED_EDGE('',*,*,#8823,.F.);
#8823 = EDGE_CURVE('',#2865,#8801,#8824,.T.);
#8824 = SURFACE_CURVE('',#8825,(#8829,#8836),.PCURVE_S1.);
#8825 = LINE('',#8826,#8827);
#8826 = CARTESIAN_POINT('',(36.54140625,-11.7,5.840380859375));
#8827 = VECTOR('',#8828,1.);
#8828 = DIRECTION('',(-0.,1.,-0.));
#8829 = PCURVE('',#2910,#8830);
#8830 = DEFINITIONAL_REPRESENTATION('',(#8831),#8835);
#8831 = LINE('',#8832,#8833);
#8832 = CARTESIAN_POINT('',(1.,0.));
#8833 = VECTOR('',#8834,1.);
#8834 = DIRECTION('',(0.,-1.));
#8835 = ( GEOMETRIC_REPRESENTATION_CONTEXT(2) 
PARAMETRIC_REPRESENTATION_CONTEXT() REPRESENTATION_CONTEXT('2D SPACE',''
  ) );
#8836 = PCURVE('',#2880,#8837);
#8837 = DEFINITIONAL_REPRESENTATION('',(#8838),#8842);
#8838 = LINE('',#8839,#8840);
#8839 = CARTESIAN_POINT('',(0.,0.));
#8840 = VECTOR('',#8841,1.);
#8841 = DIRECTION('',(0.,-1.));
#8842 = ( GEOMETRIC_REPRESENTATION_CONTEXT(2) 
PARAMETRIC_REPRESENTATION_CONTEXT() REPRESENTATION_CONTEXT('2D SPACE',''
  ) );
#8843 = ORIENTED_EDGE('',*,*,#2894,.F.);
#8844 = ADVANCED_FACE('',(#8845),#2880,.T.);
#8845 = FACE_BOUND('',#8846,.T.);
#8846 = EDGE_LOOP('',(#8847,#8848,#8871,#8892));
#8847 = ORIENTED_EDGE('',*,*,#8823,.T.);
#8848 = ORIENTED_EDGE('',*,*,#8849,.T.);
#8849 = EDGE_CURVE('',#8801,#8850,#8852,.T.);
#8850 = VERTEX_POINT('',#8851);
#8851 = CARTESIAN_POINT('',(36.0482421875,-11.2,5.710986328125));
#8852 = SURFACE_CURVE('',#8853,(#8857,#8864),.PCURVE_S1.);
#8853 = B_SPLINE_CURVE_WITH_KNOTS('',2,(#8854,#8855,#8856),
  .UNSPECIFIED.,.F.,.F.,(3,3),(0.,1.),.PIECEWISE_BEZIER_KNOTS.);
#8854 = CARTESIAN_POINT('',(36.54140625,-11.2,5.840380859375));
#8855 = CARTESIAN_POINT('',(36.22646484375,-11.2,5.840380859375));
#8856 = CARTESIAN_POINT('',(36.0482421875,-11.2,5.710986328125));
#8857 = PCURVE('',#2880,#8858);
#8858 = DEFINITIONAL_REPRESENTATION('',(#8859),#8863);
#8859 = LINE('',#8860,#8861);
#8860 = CARTESIAN_POINT('',(0.,-0.5));
#8861 = VECTOR('',#8862,1.);
#8862 = DIRECTION('',(1.,0.));
#8863 = ( GEOMETRIC_REPRESENTATION_CONTEXT(2) 
PARAMETRIC_REPRESENTATION_CONTEXT() REPRESENTATION_CONTEXT('2D SPACE',''
  ) );
#8864 = PCURVE('',#7978,#8865);
#8865 = DEFINITIONAL_REPRESENTATION('',(#8866),#8870);
#8866 = B_SPLINE_CURVE_WITH_KNOTS('',2,(#8867,#8868,#8869),
  .UNSPECIFIED.,.F.,.F.,(3,3),(0.,1.),.PIECEWISE_BEZIER_KNOTS.);
#8867 = CARTESIAN_POINT('',(1.60888671875,3.0419921875));
#8868 = CARTESIAN_POINT('',(1.2939453125,3.0419921875));
#8869 = CARTESIAN_POINT('',(1.11572265625,2.91259765625));
#8870 = ( GEOMETRIC_REPRESENTATION_CONTEXT(2) 
PARAMETRIC_REPRESENTATION_CONTEXT() REPRESENTATION_CONTEXT('2D SPACE',''
  ) );
#8871 = ORIENTED_EDGE('',*,*,#8872,.F.);
#8872 = EDGE_CURVE('',#2835,#8850,#8873,.T.);
#8873 = SURFACE_CURVE('',#8874,(#8878,#8885),.PCURVE_S1.);
#8874 = LINE('',#8875,#8876);
#8875 = CARTESIAN_POINT('',(36.0482421875,-11.7,5.710986328125));
#8876 = VECTOR('',#8877,1.);
#8877 = DIRECTION('',(-0.,1.,-0.));
#8878 = PCURVE('',#2880,#8879);
#8879 = DEFINITIONAL_REPRESENTATION('',(#8880),#8884);
#8880 = LINE('',#8881,#8882);
#8881 = CARTESIAN_POINT('',(1.,0.));
#8882 = VECTOR('',#8883,1.);
#8883 = DIRECTION('',(0.,-1.));
#8884 = ( GEOMETRIC_REPRESENTATION_CONTEXT(2) 
PARAMETRIC_REPRESENTATION_CONTEXT() REPRESENTATION_CONTEXT('2D SPACE',''
  ) );
#8885 = PCURVE('',#2850,#8886);
#8886 = DEFINITIONAL_REPRESENTATION('',(#8887),#8891);
#8887 = LINE('',#8888,#8889);
#8888 = CARTESIAN_POINT('',(0.,0.));
#8889 = VECTOR('',#8890,1.);
#8890 = DIRECTION('',(0.,-1.));
#8891 = ( GEOMETRIC_REPRESENTATION_CONTEXT(2) 
PARAMETRIC_REPRESENTATION_CONTEXT() REPRESENTATION_CONTEXT('2D SPACE',''
  ) );
#8892 = ORIENTED_EDGE('',*,*,#2864,.F.);
#8893 = ADVANCED_FACE('',(#8894),#2850,.T.);
#8894 = FACE_BOUND('',#8895,.T.);
#8895 = EDGE_LOOP('',(#8896,#8897,#8920,#8941));
#8896 = ORIENTED_EDGE('',*,*,#8872,.T.);
#8897 = ORIENTED_EDGE('',*,*,#8898,.T.);
#8898 = EDGE_CURVE('',#8850,#8899,#8901,.T.);
#8899 = VERTEX_POINT('',#8900);
#8900 = CARTESIAN_POINT('',(35.93349609375,-11.2,5.488818359375));
#8901 = SURFACE_CURVE('',#8902,(#8906,#8913),.PCURVE_S1.);
#8902 = B_SPLINE_CURVE_WITH_KNOTS('',2,(#8903,#8904,#8905),
  .UNSPECIFIED.,.F.,.F.,(3,3),(0.,1.),.PIECEWISE_BEZIER_KNOTS.);
#8903 = CARTESIAN_POINT('',(36.0482421875,-11.2,5.710986328125));
#8904 = CARTESIAN_POINT('',(35.93349609375,-11.2,5.627978515625));
#8905 = CARTESIAN_POINT('',(35.93349609375,-11.2,5.488818359375));
#8906 = PCURVE('',#2850,#8907);
#8907 = DEFINITIONAL_REPRESENTATION('',(#8908),#8912);
#8908 = LINE('',#8909,#8910);
#8909 = CARTESIAN_POINT('',(0.,-0.5));
#8910 = VECTOR('',#8911,1.);
#8911 = DIRECTION('',(1.,0.));
#8912 = ( GEOMETRIC_REPRESENTATION_CONTEXT(2) 
PARAMETRIC_REPRESENTATION_CONTEXT() REPRESENTATION_CONTEXT('2D SPACE',''
  ) );
#8913 = PCURVE('',#7978,#8914);
#8914 = DEFINITIONAL_REPRESENTATION('',(#8915),#8919);
#8915 = B_SPLINE_CURVE_WITH_KNOTS('',2,(#8916,#8917,#8918),
  .UNSPECIFIED.,.F.,.F.,(3,3),(0.,1.),.PIECEWISE_BEZIER_KNOTS.);
#8916 = CARTESIAN_POINT('',(1.11572265625,2.91259765625));
#8917 = CARTESIAN_POINT('',(1.0009765625,2.82958984375));
#8918 = CARTESIAN_POINT('',(1.0009765625,2.6904296875));
#8919 = ( GEOMETRIC_REPRESENTATION_CONTEXT(2) 
PARAMETRIC_REPRESENTATION_CONTEXT() REPRESENTATION_CONTEXT('2D SPACE',''
  ) );
#8920 = ORIENTED_EDGE('',*,*,#8921,.F.);
#8921 = EDGE_CURVE('',#2805,#8899,#8922,.T.);
#8922 = SURFACE_CURVE('',#8923,(#8927,#8934),.PCURVE_S1.);
#8923 = LINE('',#8924,#8925);
#8924 = CARTESIAN_POINT('',(35.93349609375,-11.7,5.488818359375));
#8925 = VECTOR('',#8926,1.);
#8926 = DIRECTION('',(-0.,1.,-0.));
#8927 = PCURVE('',#2850,#8928);
#8928 = DEFINITIONAL_REPRESENTATION('',(#8929),#8933);
#8929 = LINE('',#8930,#8931);
#8930 = CARTESIAN_POINT('',(1.,0.));
#8931 = VECTOR('',#8932,1.);
#8932 = DIRECTION('',(0.,-1.));
#8933 = ( GEOMETRIC_REPRESENTATION_CONTEXT(2) 
PARAMETRIC_REPRESENTATION_CONTEXT() REPRESENTATION_CONTEXT('2D SPACE',''
  ) );
#8934 = PCURVE('',#2820,#8935);
#8935 = DEFINITIONAL_REPRESENTATION('',(#8936),#8940);
#8936 = LINE('',#8937,#8938);
#8937 = CARTESIAN_POINT('',(0.,0.));
#8938 = VECTOR('',#8939,1.);
#8939 = DIRECTION('',(0.,-1.));
#8940 = ( GEOMETRIC_REPRESENTATION_CONTEXT(2) 
PARAMETRIC_REPRESENTATION_CONTEXT() REPRESENTATION_CONTEXT('2D SPACE',''
  ) );
#8941 = ORIENTED_EDGE('',*,*,#2834,.F.);
#8942 = ADVANCED_FACE('',(#8943),#2820,.T.);
#8943 = FACE_BOUND('',#8944,.T.);
#8944 = EDGE_LOOP('',(#8945,#8946,#8969,#8990));
#8945 = ORIENTED_EDGE('',*,*,#8921,.T.);
#8946 = ORIENTED_EDGE('',*,*,#8947,.T.);
#8947 = EDGE_CURVE('',#8899,#8948,#8950,.T.);
#8948 = VERTEX_POINT('',#8949);
#8949 = CARTESIAN_POINT('',(36.04091796875,-11.2,5.271533203125));
#8950 = SURFACE_CURVE('',#8951,(#8955,#8962),.PCURVE_S1.);
#8951 = B_SPLINE_CURVE_WITH_KNOTS('',2,(#8952,#8953,#8954),
  .UNSPECIFIED.,.F.,.F.,(3,3),(0.,1.),.PIECEWISE_BEZIER_KNOTS.);
#8952 = CARTESIAN_POINT('',(35.93349609375,-11.2,5.488818359375));
#8953 = CARTESIAN_POINT('',(35.93349609375,-11.2,5.361865234375));
#8954 = CARTESIAN_POINT('',(36.04091796875,-11.2,5.271533203125));
#8955 = PCURVE('',#2820,#8956);
#8956 = DEFINITIONAL_REPRESENTATION('',(#8957),#8961);
#8957 = LINE('',#8958,#8959);
#8958 = CARTESIAN_POINT('',(0.,-0.5));
#8959 = VECTOR('',#8960,1.);
#8960 = DIRECTION('',(1.,0.));
#8961 = ( GEOMETRIC_REPRESENTATION_CONTEXT(2) 
PARAMETRIC_REPRESENTATION_CONTEXT() REPRESENTATION_CONTEXT('2D SPACE',''
  ) );
#8962 = PCURVE('',#7978,#8963);
#8963 = DEFINITIONAL_REPRESENTATION('',(#8964),#8968);
#8964 = B_SPLINE_CURVE_WITH_KNOTS('',2,(#8965,#8966,#8967),
  .UNSPECIFIED.,.F.,.F.,(3,3),(0.,1.),.PIECEWISE_BEZIER_KNOTS.);
#8965 = CARTESIAN_POINT('',(1.0009765625,2.6904296875));
#8966 = CARTESIAN_POINT('',(1.0009765625,2.5634765625));
#8967 = CARTESIAN_POINT('',(1.1083984375,2.47314453125));
#8968 = ( GEOMETRIC_REPRESENTATION_CONTEXT(2) 
PARAMETRIC_REPRESENTATION_CONTEXT() REPRESENTATION_CONTEXT('2D SPACE',''
  ) );
#8969 = ORIENTED_EDGE('',*,*,#8970,.F.);
#8970 = EDGE_CURVE('',#2775,#8948,#8971,.T.);
#8971 = SURFACE_CURVE('',#8972,(#8976,#8983),.PCURVE_S1.);
#8972 = LINE('',#8973,#8974);
#8973 = CARTESIAN_POINT('',(36.04091796875,-11.7,5.271533203125));
#8974 = VECTOR('',#8975,1.);
#8975 = DIRECTION('',(-0.,1.,-0.));
#8976 = PCURVE('',#2820,#8977);
#8977 = DEFINITIONAL_REPRESENTATION('',(#8978),#8982);
#8978 = LINE('',#8979,#8980);
#8979 = CARTESIAN_POINT('',(1.,0.));
#8980 = VECTOR('',#8981,1.);
#8981 = DIRECTION('',(0.,-1.));
#8982 = ( GEOMETRIC_REPRESENTATION_CONTEXT(2) 
PARAMETRIC_REPRESENTATION_CONTEXT() REPRESENTATION_CONTEXT('2D SPACE',''
  ) );
#8983 = PCURVE('',#2790,#8984);
#8984 = DEFINITIONAL_REPRESENTATION('',(#8985),#8989);
#8985 = LINE('',#8986,#8987);
#8986 = CARTESIAN_POINT('',(0.,0.));
#8987 = VECTOR('',#8988,1.);
#8988 = DIRECTION('',(0.,-1.));
#8989 = ( GEOMETRIC_REPRESENTATION_CONTEXT(2) 
PARAMETRIC_REPRESENTATION_CONTEXT() REPRESENTATION_CONTEXT('2D SPACE',''
  ) );
#8990 = ORIENTED_EDGE('',*,*,#2804,.F.);
#8991 = ADVANCED_FACE('',(#8992),#2790,.T.);
#8992 = FACE_BOUND('',#8993,.T.);
#8993 = EDGE_LOOP('',(#8994,#8995,#9018,#9039));
#8994 = ORIENTED_EDGE('',*,*,#8970,.T.);
#8995 = ORIENTED_EDGE('',*,*,#8996,.T.);
#8996 = EDGE_CURVE('',#8948,#8997,#8999,.T.);
#8997 = VERTEX_POINT('',#8998);
#8998 = CARTESIAN_POINT('',(36.70498046875,-11.2,5.032275390625));
#8999 = SURFACE_CURVE('',#9000,(#9004,#9011),.PCURVE_S1.);
#9000 = B_SPLINE_CURVE_WITH_KNOTS('',2,(#9001,#9002,#9003),
  .UNSPECIFIED.,.F.,.F.,(3,3),(0.,1.),.PIECEWISE_BEZIER_KNOTS.);
#9001 = CARTESIAN_POINT('',(36.04091796875,-11.2,5.271533203125));
#9002 = CARTESIAN_POINT('',(36.17763671875,-11.2,5.156787109375));
#9003 = CARTESIAN_POINT('',(36.70498046875,-11.2,5.032275390625));
#9004 = PCURVE('',#2790,#9005);
#9005 = DEFINITIONAL_REPRESENTATION('',(#9006),#9010);
#9006 = LINE('',#9007,#9008);
#9007 = CARTESIAN_POINT('',(0.,-0.5));
#9008 = VECTOR('',#9009,1.);
#9009 = DIRECTION('',(1.,0.));
#9010 = ( GEOMETRIC_REPRESENTATION_CONTEXT(2) 
PARAMETRIC_REPRESENTATION_CONTEXT() REPRESENTATION_CONTEXT('2D SPACE',''
  ) );
#9011 = PCURVE('',#7978,#9012);
#9012 = DEFINITIONAL_REPRESENTATION('',(#9013),#9017);
#9013 = B_SPLINE_CURVE_WITH_KNOTS('',2,(#9014,#9015,#9016),
  .UNSPECIFIED.,.F.,.F.,(3,3),(0.,1.),.PIECEWISE_BEZIER_KNOTS.);
#9014 = CARTESIAN_POINT('',(1.1083984375,2.47314453125));
#9015 = CARTESIAN_POINT('',(1.2451171875,2.3583984375));
#9016 = CARTESIAN_POINT('',(1.7724609375,2.23388671875));
#9017 = ( GEOMETRIC_REPRESENTATION_CONTEXT(2) 
PARAMETRIC_REPRESENTATION_CONTEXT() REPRESENTATION_CONTEXT('2D SPACE',''
  ) );
#9018 = ORIENTED_EDGE('',*,*,#9019,.F.);
#9019 = EDGE_CURVE('',#2745,#8997,#9020,.T.);
#9020 = SURFACE_CURVE('',#9021,(#9025,#9032),.PCURVE_S1.);
#9021 = LINE('',#9022,#9023);
#9022 = CARTESIAN_POINT('',(36.70498046875,-11.7,5.032275390625));
#9023 = VECTOR('',#9024,1.);
#9024 = DIRECTION('',(-0.,1.,-0.));
#9025 = PCURVE('',#2790,#9026);
#9026 = DEFINITIONAL_REPRESENTATION('',(#9027),#9031);
#9027 = LINE('',#9028,#9029);
#9028 = CARTESIAN_POINT('',(1.,0.));
#9029 = VECTOR('',#9030,1.);
#9030 = DIRECTION('',(0.,-1.));
#9031 = ( GEOMETRIC_REPRESENTATION_CONTEXT(2) 
PARAMETRIC_REPRESENTATION_CONTEXT() REPRESENTATION_CONTEXT('2D SPACE',''
  ) );
#9032 = PCURVE('',#2760,#9033);
#9033 = DEFINITIONAL_REPRESENTATION('',(#9034),#9038);
#9034 = LINE('',#9035,#9036);
#9035 = CARTESIAN_POINT('',(0.,0.));
#9036 = VECTOR('',#9037,1.);
#9037 = DIRECTION('',(0.,-1.));
#9038 = ( GEOMETRIC_REPRESENTATION_CONTEXT(2) 
PARAMETRIC_REPRESENTATION_CONTEXT() REPRESENTATION_CONTEXT('2D SPACE',''
  ) );
#9039 = ORIENTED_EDGE('',*,*,#2774,.F.);
#9040 = ADVANCED_FACE('',(#9041),#2760,.T.);
#9041 = FACE_BOUND('',#9042,.T.);
#9042 = EDGE_LOOP('',(#9043,#9044,#9067,#9088));
#9043 = ORIENTED_EDGE('',*,*,#9019,.T.);
#9044 = ORIENTED_EDGE('',*,*,#9045,.T.);
#9045 = EDGE_CURVE('',#8997,#9046,#9048,.T.);
#9046 = VERTEX_POINT('',#9047);
#9047 = CARTESIAN_POINT('',(37.485009765625,-11.2,4.77470703125));
#9048 = SURFACE_CURVE('',#9049,(#9053,#9060),.PCURVE_S1.);
#9049 = B_SPLINE_CURVE_WITH_KNOTS('',2,(#9050,#9051,#9052),
  .UNSPECIFIED.,.F.,.F.,(3,3),(0.,1.),.PIECEWISE_BEZIER_KNOTS.);
#9050 = CARTESIAN_POINT('',(36.70498046875,-11.2,5.032275390625));
#9051 = CARTESIAN_POINT('',(37.23232421875,-11.2,4.907763671875));
#9052 = CARTESIAN_POINT('',(37.485009765625,-11.2,4.77470703125));
#9053 = PCURVE('',#2760,#9054);
#9054 = DEFINITIONAL_REPRESENTATION('',(#9055),#9059);
#9055 = LINE('',#9056,#9057);
#9056 = CARTESIAN_POINT('',(0.,-0.5));
#9057 = VECTOR('',#9058,1.);
#9058 = DIRECTION('',(1.,0.));
#9059 = ( GEOMETRIC_REPRESENTATION_CONTEXT(2) 
PARAMETRIC_REPRESENTATION_CONTEXT() REPRESENTATION_CONTEXT('2D SPACE',''
  ) );
#9060 = PCURVE('',#7978,#9061);
#9061 = DEFINITIONAL_REPRESENTATION('',(#9062),#9066);
#9062 = B_SPLINE_CURVE_WITH_KNOTS('',2,(#9063,#9064,#9065),
  .UNSPECIFIED.,.F.,.F.,(3,3),(0.,1.),.PIECEWISE_BEZIER_KNOTS.);
#9063 = CARTESIAN_POINT('',(1.7724609375,2.23388671875));
#9064 = CARTESIAN_POINT('',(2.2998046875,2.109375));
#9065 = CARTESIAN_POINT('',(2.552490234375,1.976318359375));
#9066 = ( GEOMETRIC_REPRESENTATION_CONTEXT(2) 
PARAMETRIC_REPRESENTATION_CONTEXT() REPRESENTATION_CONTEXT('2D SPACE',''
  ) );
#9067 = ORIENTED_EDGE('',*,*,#9068,.F.);
#9068 = EDGE_CURVE('',#2715,#9046,#9069,.T.);
#9069 = SURFACE_CURVE('',#9070,(#9074,#9081),.PCURVE_S1.);
#9070 = LINE('',#9071,#9072);
#9071 = CARTESIAN_POINT('',(37.485009765625,-11.7,4.77470703125));
#9072 = VECTOR('',#9073,1.);
#9073 = DIRECTION('',(-0.,1.,-0.));
#9074 = PCURVE('',#2760,#9075);
#9075 = DEFINITIONAL_REPRESENTATION('',(#9076),#9080);
#9076 = LINE('',#9077,#9078);
#9077 = CARTESIAN_POINT('',(1.,0.));
#9078 = VECTOR('',#9079,1.);
#9079 = DIRECTION('',(0.,-1.));
#9080 = ( GEOMETRIC_REPRESENTATION_CONTEXT(2) 
PARAMETRIC_REPRESENTATION_CONTEXT() REPRESENTATION_CONTEXT('2D SPACE',''
  ) );
#9081 = PCURVE('',#2730,#9082);
#9082 = DEFINITIONAL_REPRESENTATION('',(#9083),#9087);
#9083 = LINE('',#9084,#9085);
#9084 = CARTESIAN_POINT('',(0.,0.));
#9085 = VECTOR('',#9086,1.);
#9086 = DIRECTION('',(0.,-1.));
#9087 = ( GEOMETRIC_REPRESENTATION_CONTEXT(2) 
PARAMETRIC_REPRESENTATION_CONTEXT() REPRESENTATION_CONTEXT('2D SPACE',''
  ) );
#9088 = ORIENTED_EDGE('',*,*,#2744,.F.);
#9089 = ADVANCED_FACE('',(#9090),#2730,.T.);
#9090 = FACE_BOUND('',#9091,.T.);
#9091 = EDGE_LOOP('',(#9092,#9093,#9116,#9137));
#9092 = ORIENTED_EDGE('',*,*,#9068,.T.);
#9093 = ORIENTED_EDGE('',*,*,#9094,.T.);
#9094 = EDGE_CURVE('',#9046,#9095,#9097,.T.);
#9095 = VERTEX_POINT('',#9096);
#9096 = CARTESIAN_POINT('',(37.880517578125,-11.2,4.4109375));
#9097 = SURFACE_CURVE('',#9098,(#9102,#9109),.PCURVE_S1.);
#9098 = B_SPLINE_CURVE_WITH_KNOTS('',2,(#9099,#9100,#9101),
  .UNSPECIFIED.,.F.,.F.,(3,3),(0.,1.),.PIECEWISE_BEZIER_KNOTS.);
#9099 = CARTESIAN_POINT('',(37.485009765625,-11.2,4.77470703125));
#9100 = CARTESIAN_POINT('',(37.7376953125,-11.2,4.641650390625));
#9101 = CARTESIAN_POINT('',(37.880517578125,-11.2,4.4109375));
#9102 = PCURVE('',#2730,#9103);
#9103 = DEFINITIONAL_REPRESENTATION('',(#9104),#9108);
#9104 = LINE('',#9105,#9106);
#9105 = CARTESIAN_POINT('',(0.,-0.5));
#9106 = VECTOR('',#9107,1.);
#9107 = DIRECTION('',(1.,0.));
#9108 = ( GEOMETRIC_REPRESENTATION_CONTEXT(2) 
PARAMETRIC_REPRESENTATION_CONTEXT() REPRESENTATION_CONTEXT('2D SPACE',''
  ) );
#9109 = PCURVE('',#7978,#9110);
#9110 = DEFINITIONAL_REPRESENTATION('',(#9111),#9115);
#9111 = B_SPLINE_CURVE_WITH_KNOTS('',2,(#9112,#9113,#9114),
  .UNSPECIFIED.,.F.,.F.,(3,3),(0.,1.),.PIECEWISE_BEZIER_KNOTS.);
#9112 = CARTESIAN_POINT('',(2.552490234375,1.976318359375));
#9113 = CARTESIAN_POINT('',(2.80517578125,1.84326171875));
#9114 = CARTESIAN_POINT('',(2.947998046875,1.612548828125));
#9115 = ( GEOMETRIC_REPRESENTATION_CONTEXT(2) 
PARAMETRIC_REPRESENTATION_CONTEXT() REPRESENTATION_CONTEXT('2D SPACE',''
  ) );
#9116 = ORIENTED_EDGE('',*,*,#9117,.F.);
#9117 = EDGE_CURVE('',#2685,#9095,#9118,.T.);
#9118 = SURFACE_CURVE('',#9119,(#9123,#9130),.PCURVE_S1.);
#9119 = LINE('',#9120,#9121);
#9120 = CARTESIAN_POINT('',(37.880517578125,-11.7,4.4109375));
#9121 = VECTOR('',#9122,1.);
#9122 = DIRECTION('',(-0.,1.,-0.));
#9123 = PCURVE('',#2730,#9124);
#9124 = DEFINITIONAL_REPRESENTATION('',(#9125),#9129);
#9125 = LINE('',#9126,#9127);
#9126 = CARTESIAN_POINT('',(1.,0.));
#9127 = VECTOR('',#9128,1.);
#9128 = DIRECTION('',(0.,-1.));
#9129 = ( GEOMETRIC_REPRESENTATION_CONTEXT(2) 
PARAMETRIC_REPRESENTATION_CONTEXT() REPRESENTATION_CONTEXT('2D SPACE',''
  ) );
#9130 = PCURVE('',#2700,#9131);
#9131 = DEFINITIONAL_REPRESENTATION('',(#9132),#9136);
#9132 = LINE('',#9133,#9134);
#9133 = CARTESIAN_POINT('',(0.,0.));
#9134 = VECTOR('',#9135,1.);
#9135 = DIRECTION('',(0.,-1.));
#9136 = ( GEOMETRIC_REPRESENTATION_CONTEXT(2) 
PARAMETRIC_REPRESENTATION_CONTEXT() REPRESENTATION_CONTEXT('2D SPACE',''
  ) );
#9137 = ORIENTED_EDGE('',*,*,#2714,.F.);
#9138 = ADVANCED_FACE('',(#9139),#2700,.T.);
#9139 = FACE_BOUND('',#9140,.T.);
#9140 = EDGE_LOOP('',(#9141,#9142,#9165,#9186));
#9141 = ORIENTED_EDGE('',*,*,#9117,.T.);
#9142 = ORIENTED_EDGE('',*,*,#9143,.T.);
#9143 = EDGE_CURVE('',#9095,#9144,#9146,.T.);
#9144 = VERTEX_POINT('',#9145);
#9145 = CARTESIAN_POINT('',(38.02333984375,-11.2,3.840869140625));
#9146 = SURFACE_CURVE('',#9147,(#9151,#9158),.PCURVE_S1.);
#9147 = B_SPLINE_CURVE_WITH_KNOTS('',2,(#9148,#9149,#9150),
  .UNSPECIFIED.,.F.,.F.,(3,3),(0.,1.),.PIECEWISE_BEZIER_KNOTS.);
#9148 = CARTESIAN_POINT('',(37.880517578125,-11.2,4.4109375));
#9149 = CARTESIAN_POINT('',(38.02333984375,-11.2,4.180224609375));
#9150 = CARTESIAN_POINT('',(38.02333984375,-11.2,3.840869140625));
#9151 = PCURVE('',#2700,#9152);
#9152 = DEFINITIONAL_REPRESENTATION('',(#9153),#9157);
#9153 = LINE('',#9154,#9155);
#9154 = CARTESIAN_POINT('',(0.,-0.5));
#9155 = VECTOR('',#9156,1.);
#9156 = DIRECTION('',(1.,0.));
#9157 = ( GEOMETRIC_REPRESENTATION_CONTEXT(2) 
PARAMETRIC_REPRESENTATION_CONTEXT() REPRESENTATION_CONTEXT('2D SPACE',''
  ) );
#9158 = PCURVE('',#7978,#9159);
#9159 = DEFINITIONAL_REPRESENTATION('',(#9160),#9164);
#9160 = B_SPLINE_CURVE_WITH_KNOTS('',2,(#9161,#9162,#9163),
  .UNSPECIFIED.,.F.,.F.,(3,3),(0.,1.),.PIECEWISE_BEZIER_KNOTS.);
#9161 = CARTESIAN_POINT('',(2.947998046875,1.612548828125));
#9162 = CARTESIAN_POINT('',(3.0908203125,1.3818359375));
#9163 = CARTESIAN_POINT('',(3.0908203125,1.04248046875));
#9164 = ( GEOMETRIC_REPRESENTATION_CONTEXT(2) 
PARAMETRIC_REPRESENTATION_CONTEXT() REPRESENTATION_CONTEXT('2D SPACE',''
  ) );
#9165 = ORIENTED_EDGE('',*,*,#9166,.F.);
#9166 = EDGE_CURVE('',#2655,#9144,#9167,.T.);
#9167 = SURFACE_CURVE('',#9168,(#9172,#9179),.PCURVE_S1.);
#9168 = LINE('',#9169,#9170);
#9169 = CARTESIAN_POINT('',(38.02333984375,-11.7,3.840869140625));
#9170 = VECTOR('',#9171,1.);
#9171 = DIRECTION('',(-0.,1.,-0.));
#9172 = PCURVE('',#2700,#9173);
#9173 = DEFINITIONAL_REPRESENTATION('',(#9174),#9178);
#9174 = LINE('',#9175,#9176);
#9175 = CARTESIAN_POINT('',(1.,0.));
#9176 = VECTOR('',#9177,1.);
#9177 = DIRECTION('',(0.,-1.));
#9178 = ( GEOMETRIC_REPRESENTATION_CONTEXT(2) 
PARAMETRIC_REPRESENTATION_CONTEXT() REPRESENTATION_CONTEXT('2D SPACE',''
  ) );
#9179 = PCURVE('',#2670,#9180);
#9180 = DEFINITIONAL_REPRESENTATION('',(#9181),#9185);
#9181 = LINE('',#9182,#9183);
#9182 = CARTESIAN_POINT('',(0.,0.));
#9183 = VECTOR('',#9184,1.);
#9184 = DIRECTION('',(0.,-1.));
#9185 = ( GEOMETRIC_REPRESENTATION_CONTEXT(2) 
PARAMETRIC_REPRESENTATION_CONTEXT() REPRESENTATION_CONTEXT('2D SPACE',''
  ) );
#9186 = ORIENTED_EDGE('',*,*,#2684,.F.);
#9187 = ADVANCED_FACE('',(#9188),#2670,.T.);
#9188 = FACE_BOUND('',#9189,.T.);
#9189 = EDGE_LOOP('',(#9190,#9191,#9214,#9235));
#9190 = ORIENTED_EDGE('',*,*,#9166,.T.);
#9191 = ORIENTED_EDGE('',*,*,#9192,.T.);
#9192 = EDGE_CURVE('',#9144,#9193,#9195,.T.);
#9193 = VERTEX_POINT('',#9194);
#9194 = CARTESIAN_POINT('',(37.85244140625,-11.2,3.264697265625));
#9195 = SURFACE_CURVE('',#9196,(#9200,#9207),.PCURVE_S1.);
#9196 = B_SPLINE_CURVE_WITH_KNOTS('',2,(#9197,#9198,#9199),
  .UNSPECIFIED.,.F.,.F.,(3,3),(0.,1.),.PIECEWISE_BEZIER_KNOTS.);
#9197 = CARTESIAN_POINT('',(38.02333984375,-11.2,3.840869140625));
#9198 = CARTESIAN_POINT('',(38.02333984375,-11.2,3.533251953125));
#9199 = CARTESIAN_POINT('',(37.85244140625,-11.2,3.264697265625));
#9200 = PCURVE('',#2670,#9201);
#9201 = DEFINITIONAL_REPRESENTATION('',(#9202),#9206);
#9202 = LINE('',#9203,#9204);
#9203 = CARTESIAN_POINT('',(0.,-0.5));
#9204 = VECTOR('',#9205,1.);
#9205 = DIRECTION('',(1.,0.));
#9206 = ( GEOMETRIC_REPRESENTATION_CONTEXT(2) 
PARAMETRIC_REPRESENTATION_CONTEXT() REPRESENTATION_CONTEXT('2D SPACE',''
  ) );
#9207 = PCURVE('',#7978,#9208);
#9208 = DEFINITIONAL_REPRESENTATION('',(#9209),#9213);
#9209 = B_SPLINE_CURVE_WITH_KNOTS('',2,(#9210,#9211,#9212),
  .UNSPECIFIED.,.F.,.F.,(3,3),(0.,1.),.PIECEWISE_BEZIER_KNOTS.);
#9210 = CARTESIAN_POINT('',(3.0908203125,1.04248046875));
#9211 = CARTESIAN_POINT('',(3.0908203125,0.73486328125));
#9212 = CARTESIAN_POINT('',(2.919921875,0.46630859375));
#9213 = ( GEOMETRIC_REPRESENTATION_CONTEXT(2) 
PARAMETRIC_REPRESENTATION_CONTEXT() REPRESENTATION_CONTEXT('2D SPACE',''
  ) );
#9214 = ORIENTED_EDGE('',*,*,#9215,.F.);
#9215 = EDGE_CURVE('',#2625,#9193,#9216,.T.);
#9216 = SURFACE_CURVE('',#9217,(#9221,#9228),.PCURVE_S1.);
#9217 = LINE('',#9218,#9219);
#9218 = CARTESIAN_POINT('',(37.85244140625,-11.7,3.264697265625));
#9219 = VECTOR('',#9220,1.);
#9220 = DIRECTION('',(-0.,1.,-0.));
#9221 = PCURVE('',#2670,#9222);
#9222 = DEFINITIONAL_REPRESENTATION('',(#9223),#9227);
#9223 = LINE('',#9224,#9225);
#9224 = CARTESIAN_POINT('',(1.,0.));
#9225 = VECTOR('',#9226,1.);
#9226 = DIRECTION('',(0.,-1.));
#9227 = ( GEOMETRIC_REPRESENTATION_CONTEXT(2) 
PARAMETRIC_REPRESENTATION_CONTEXT() REPRESENTATION_CONTEXT('2D SPACE',''
  ) );
#9228 = PCURVE('',#2640,#9229);
#9229 = DEFINITIONAL_REPRESENTATION('',(#9230),#9234);
#9230 = LINE('',#9231,#9232);
#9231 = CARTESIAN_POINT('',(0.,0.));
#9232 = VECTOR('',#9233,1.);
#9233 = DIRECTION('',(0.,-1.));
#9234 = ( GEOMETRIC_REPRESENTATION_CONTEXT(2) 
PARAMETRIC_REPRESENTATION_CONTEXT() REPRESENTATION_CONTEXT('2D SPACE',''
  ) );
#9235 = ORIENTED_EDGE('',*,*,#2654,.F.);
#9236 = ADVANCED_FACE('',(#9237),#2640,.T.);
#9237 = FACE_BOUND('',#9238,.T.);
#9238 = EDGE_LOOP('',(#9239,#9240,#9263,#9284));
#9239 = ORIENTED_EDGE('',*,*,#9215,.T.);
#9240 = ORIENTED_EDGE('',*,*,#9241,.T.);
#9241 = EDGE_CURVE('',#9193,#9242,#9244,.T.);
#9242 = VERTEX_POINT('',#9243);
#9243 = CARTESIAN_POINT('',(37.36904296875,-11.2,2.86552734375));
#9244 = SURFACE_CURVE('',#9245,(#9249,#9256),.PCURVE_S1.);
#9245 = B_SPLINE_CURVE_WITH_KNOTS('',2,(#9246,#9247,#9248),
  .UNSPECIFIED.,.F.,.F.,(3,3),(0.,1.),.PIECEWISE_BEZIER_KNOTS.);
#9246 = CARTESIAN_POINT('',(37.85244140625,-11.2,3.264697265625));
#9247 = CARTESIAN_POINT('',(37.68154296875,-11.2,2.996142578125));
#9248 = CARTESIAN_POINT('',(37.36904296875,-11.2,2.86552734375));
#9249 = PCURVE('',#2640,#9250);
#9250 = DEFINITIONAL_REPRESENTATION('',(#9251),#9255);
#9251 = LINE('',#9252,#9253);
#9252 = CARTESIAN_POINT('',(0.,-0.5));
#9253 = VECTOR('',#9254,1.);
#9254 = DIRECTION('',(1.,0.));
#9255 = ( GEOMETRIC_REPRESENTATION_CONTEXT(2) 
PARAMETRIC_REPRESENTATION_CONTEXT() REPRESENTATION_CONTEXT('2D SPACE',''
  ) );
#9256 = PCURVE('',#7978,#9257);
#9257 = DEFINITIONAL_REPRESENTATION('',(#9258),#9262);
#9258 = B_SPLINE_CURVE_WITH_KNOTS('',2,(#9259,#9260,#9261),
  .UNSPECIFIED.,.F.,.F.,(3,3),(0.,1.),.PIECEWISE_BEZIER_KNOTS.);
#9259 = CARTESIAN_POINT('',(2.919921875,0.46630859375));
#9260 = CARTESIAN_POINT('',(2.7490234375,0.19775390625));
#9261 = CARTESIAN_POINT('',(2.4365234375,6.7138671875E-02));
#9262 = ( GEOMETRIC_REPRESENTATION_CONTEXT(2) 
PARAMETRIC_REPRESENTATION_CONTEXT() REPRESENTATION_CONTEXT('2D SPACE',''
  ) );
#9263 = ORIENTED_EDGE('',*,*,#9264,.F.);
#9264 = EDGE_CURVE('',#2595,#9242,#9265,.T.);
#9265 = SURFACE_CURVE('',#9266,(#9270,#9277),.PCURVE_S1.);
#9266 = LINE('',#9267,#9268);
#9267 = CARTESIAN_POINT('',(37.36904296875,-11.7,2.86552734375));
#9268 = VECTOR('',#9269,1.);
#9269 = DIRECTION('',(-0.,1.,-0.));
#9270 = PCURVE('',#2640,#9271);
#9271 = DEFINITIONAL_REPRESENTATION('',(#9272),#9276);
#9272 = LINE('',#9273,#9274);
#9273 = CARTESIAN_POINT('',(1.,0.));
#9274 = VECTOR('',#9275,1.);
#9275 = DIRECTION('',(0.,-1.));
#9276 = ( GEOMETRIC_REPRESENTATION_CONTEXT(2) 
PARAMETRIC_REPRESENTATION_CONTEXT() REPRESENTATION_CONTEXT('2D SPACE',''
  ) );
#9277 = PCURVE('',#2610,#9278);
#9278 = DEFINITIONAL_REPRESENTATION('',(#9279),#9283);
#9279 = LINE('',#9280,#9281);
#9280 = CARTESIAN_POINT('',(0.,0.));
#9281 = VECTOR('',#9282,1.);
#9282 = DIRECTION('',(0.,-1.));
#9283 = ( GEOMETRIC_REPRESENTATION_CONTEXT(2) 
PARAMETRIC_REPRESENTATION_CONTEXT() REPRESENTATION_CONTEXT('2D SPACE',''
  ) );
#9284 = ORIENTED_EDGE('',*,*,#2624,.F.);
#9285 = ADVANCED_FACE('',(#9286),#2610,.T.);
#9286 = FACE_BOUND('',#9287,.T.);
#9287 = EDGE_LOOP('',(#9288,#9289,#9312,#9333));
#9288 = ORIENTED_EDGE('',*,*,#9264,.T.);
#9289 = ORIENTED_EDGE('',*,*,#9290,.T.);
#9290 = EDGE_CURVE('',#9242,#9291,#9293,.T.);
#9291 = VERTEX_POINT('',#9292);
#9292 = CARTESIAN_POINT('',(36.590234375,-11.2,2.734912109375));
#9293 = SURFACE_CURVE('',#9294,(#9298,#9305),.PCURVE_S1.);
#9294 = B_SPLINE_CURVE_WITH_KNOTS('',2,(#9295,#9296,#9297),
  .UNSPECIFIED.,.F.,.F.,(3,3),(0.,1.),.PIECEWISE_BEZIER_KNOTS.);
#9295 = CARTESIAN_POINT('',(37.36904296875,-11.2,2.86552734375));
#9296 = CARTESIAN_POINT('',(37.05654296875,-11.2,2.734912109375));
#9297 = CARTESIAN_POINT('',(36.590234375,-11.2,2.734912109375));
#9298 = PCURVE('',#2610,#9299);
#9299 = DEFINITIONAL_REPRESENTATION('',(#9300),#9304);
#9300 = LINE('',#9301,#9302);
#9301 = CARTESIAN_POINT('',(0.,-0.5));
#9302 = VECTOR('',#9303,1.);
#9303 = DIRECTION('',(1.,0.));
#9304 = ( GEOMETRIC_REPRESENTATION_CONTEXT(2) 
PARAMETRIC_REPRESENTATION_CONTEXT() REPRESENTATION_CONTEXT('2D SPACE',''
  ) );
#9305 = PCURVE('',#7978,#9306);
#9306 = DEFINITIONAL_REPRESENTATION('',(#9307),#9311);
#9307 = B_SPLINE_CURVE_WITH_KNOTS('',2,(#9308,#9309,#9310),
  .UNSPECIFIED.,.F.,.F.,(3,3),(0.,1.),.PIECEWISE_BEZIER_KNOTS.);
#9308 = CARTESIAN_POINT('',(2.4365234375,6.7138671875E-02));
#9309 = CARTESIAN_POINT('',(2.1240234375,-6.34765625E-02));
#9310 = CARTESIAN_POINT('',(1.65771484375,-6.34765625E-02));
#9311 = ( GEOMETRIC_REPRESENTATION_CONTEXT(2) 
PARAMETRIC_REPRESENTATION_CONTEXT() REPRESENTATION_CONTEXT('2D SPACE',''
  ) );
#9312 = ORIENTED_EDGE('',*,*,#9313,.F.);
#9313 = EDGE_CURVE('',#2565,#9291,#9314,.T.);
#9314 = SURFACE_CURVE('',#9315,(#9319,#9326),.PCURVE_S1.);
#9315 = LINE('',#9316,#9317);
#9316 = CARTESIAN_POINT('',(36.590234375,-11.7,2.734912109375));
#9317 = VECTOR('',#9318,1.);
#9318 = DIRECTION('',(-0.,1.,-0.));
#9319 = PCURVE('',#2610,#9320);
#9320 = DEFINITIONAL_REPRESENTATION('',(#9321),#9325);
#9321 = LINE('',#9322,#9323);
#9322 = CARTESIAN_POINT('',(1.,0.));
#9323 = VECTOR('',#9324,1.);
#9324 = DIRECTION('',(0.,-1.));
#9325 = ( GEOMETRIC_REPRESENTATION_CONTEXT(2) 
PARAMETRIC_REPRESENTATION_CONTEXT() REPRESENTATION_CONTEXT('2D SPACE',''
  ) );
#9326 = PCURVE('',#2580,#9327);
#9327 = DEFINITIONAL_REPRESENTATION('',(#9328),#9332);
#9328 = LINE('',#9329,#9330);
#9329 = CARTESIAN_POINT('',(0.,0.));
#9330 = VECTOR('',#9331,1.);
#9331 = DIRECTION('',(0.,-1.));
#9332 = ( GEOMETRIC_REPRESENTATION_CONTEXT(2) 
PARAMETRIC_REPRESENTATION_CONTEXT() REPRESENTATION_CONTEXT('2D SPACE',''
  ) );
#9333 = ORIENTED_EDGE('',*,*,#2594,.F.);
#9334 = ADVANCED_FACE('',(#9335),#2580,.T.);
#9335 = FACE_BOUND('',#9336,.T.);
#9336 = EDGE_LOOP('',(#9337,#9338,#9361,#9382));
#9337 = ORIENTED_EDGE('',*,*,#9313,.T.);
#9338 = ORIENTED_EDGE('',*,*,#9339,.T.);
#9339 = EDGE_CURVE('',#9291,#9340,#9342,.T.);
#9340 = VERTEX_POINT('',#9341);
#9341 = CARTESIAN_POINT('',(35.54775390625,-11.2,3.0486328125));
#9342 = SURFACE_CURVE('',#9343,(#9347,#9354),.PCURVE_S1.);
#9343 = B_SPLINE_CURVE_WITH_KNOTS('',2,(#9344,#9345,#9346),
  .UNSPECIFIED.,.F.,.F.,(3,3),(0.,1.),.PIECEWISE_BEZIER_KNOTS.);
#9344 = CARTESIAN_POINT('',(36.590234375,-11.2,2.734912109375));
#9345 = CARTESIAN_POINT('',(35.9115234375,-11.2,2.734912109375));
#9346 = CARTESIAN_POINT('',(35.54775390625,-11.2,3.0486328125));
#9347 = PCURVE('',#2580,#9348);
#9348 = DEFINITIONAL_REPRESENTATION('',(#9349),#9353);
#9349 = LINE('',#9350,#9351);
#9350 = CARTESIAN_POINT('',(0.,-0.5));
#9351 = VECTOR('',#9352,1.);
#9352 = DIRECTION('',(1.,0.));
#9353 = ( GEOMETRIC_REPRESENTATION_CONTEXT(2) 
PARAMETRIC_REPRESENTATION_CONTEXT() REPRESENTATION_CONTEXT('2D SPACE',''
  ) );
#9354 = PCURVE('',#7978,#9355);
#9355 = DEFINITIONAL_REPRESENTATION('',(#9356),#9360);
#9356 = B_SPLINE_CURVE_WITH_KNOTS('',2,(#9357,#9358,#9359),
  .UNSPECIFIED.,.F.,.F.,(3,3),(0.,1.),.PIECEWISE_BEZIER_KNOTS.);
#9357 = CARTESIAN_POINT('',(1.65771484375,-6.34765625E-02));
#9358 = CARTESIAN_POINT('',(0.97900390625,-6.34765625E-02));
#9359 = CARTESIAN_POINT('',(0.615234375,0.250244140625));
#9360 = ( GEOMETRIC_REPRESENTATION_CONTEXT(2) 
PARAMETRIC_REPRESENTATION_CONTEXT() REPRESENTATION_CONTEXT('2D SPACE',''
  ) );
#9361 = ORIENTED_EDGE('',*,*,#9362,.F.);
#9362 = EDGE_CURVE('',#2535,#9340,#9363,.T.);
#9363 = SURFACE_CURVE('',#9364,(#9368,#9375),.PCURVE_S1.);
#9364 = LINE('',#9365,#9366);
#9365 = CARTESIAN_POINT('',(35.54775390625,-11.7,3.0486328125));
#9366 = VECTOR('',#9367,1.);
#9367 = DIRECTION('',(-0.,1.,-0.));
#9368 = PCURVE('',#2580,#9369);
#9369 = DEFINITIONAL_REPRESENTATION('',(#9370),#9374);
#9370 = LINE('',#9371,#9372);
#9371 = CARTESIAN_POINT('',(1.,0.));
#9372 = VECTOR('',#9373,1.);
#9373 = DIRECTION('',(0.,-1.));
#9374 = ( GEOMETRIC_REPRESENTATION_CONTEXT(2) 
PARAMETRIC_REPRESENTATION_CONTEXT() REPRESENTATION_CONTEXT('2D SPACE',''
  ) );
#9375 = PCURVE('',#2550,#9376);
#9376 = DEFINITIONAL_REPRESENTATION('',(#9377),#9381);
#9377 = LINE('',#9378,#9379);
#9378 = CARTESIAN_POINT('',(0.,0.));
#9379 = VECTOR('',#9380,1.);
#9380 = DIRECTION('',(0.,-1.));
#9381 = ( GEOMETRIC_REPRESENTATION_CONTEXT(2) 
PARAMETRIC_REPRESENTATION_CONTEXT() REPRESENTATION_CONTEXT('2D SPACE',''
  ) );
#9382 = ORIENTED_EDGE('',*,*,#2564,.F.);
#9383 = ADVANCED_FACE('',(#9384),#2550,.T.);
#9384 = FACE_BOUND('',#9385,.T.);
#9385 = EDGE_LOOP('',(#9386,#9387,#9408,#9409));
#9386 = ORIENTED_EDGE('',*,*,#9362,.T.);
#9387 = ORIENTED_EDGE('',*,*,#9388,.T.);
#9388 = EDGE_CURVE('',#9340,#7940,#9389,.T.);
#9389 = SURFACE_CURVE('',#9390,(#9394,#9401),.PCURVE_S1.);
#9390 = B_SPLINE_CURVE_WITH_KNOTS('',2,(#9391,#9392,#9393),
  .UNSPECIFIED.,.F.,.F.,(3,3),(0.,1.),.PIECEWISE_BEZIER_KNOTS.);
#9391 = CARTESIAN_POINT('',(35.54775390625,-11.2,3.0486328125));
#9392 = CARTESIAN_POINT('',(35.183984375,-11.2,3.362353515625));
#9393 = CARTESIAN_POINT('',(35.11318359375,-11.2,3.962939453125));
#9394 = PCURVE('',#2550,#9395);
#9395 = DEFINITIONAL_REPRESENTATION('',(#9396),#9400);
#9396 = LINE('',#9397,#9398);
#9397 = CARTESIAN_POINT('',(0.,-0.5));
#9398 = VECTOR('',#9399,1.);
#9399 = DIRECTION('',(1.,0.));
#9400 = ( GEOMETRIC_REPRESENTATION_CONTEXT(2) 
PARAMETRIC_REPRESENTATION_CONTEXT() REPRESENTATION_CONTEXT('2D SPACE',''
  ) );
#9401 = PCURVE('',#7978,#9402);
#9402 = DEFINITIONAL_REPRESENTATION('',(#9403),#9407);
#9403 = B_SPLINE_CURVE_WITH_KNOTS('',2,(#9404,#9405,#9406),
  .UNSPECIFIED.,.F.,.F.,(3,3),(0.,1.),.PIECEWISE_BEZIER_KNOTS.);
#9404 = CARTESIAN_POINT('',(0.615234375,0.250244140625));
#9405 = CARTESIAN_POINT('',(0.25146484375,0.56396484375));
#9406 = CARTESIAN_POINT('',(0.1806640625,1.16455078125));
#9407 = ( GEOMETRIC_REPRESENTATION_CONTEXT(2) 
PARAMETRIC_REPRESENTATION_CONTEXT() REPRESENTATION_CONTEXT('2D SPACE',''
  ) );
#9408 = ORIENTED_EDGE('',*,*,#7939,.F.);
#9409 = ORIENTED_EDGE('',*,*,#2534,.F.);
#9410 = ADVANCED_FACE('',(#9411),#3421,.T.);
#9411 = FACE_BOUND('',#9412,.F.);
#9412 = EDGE_LOOP('',(#9413,#9414,#9415,#9441));
#9413 = ORIENTED_EDGE('',*,*,#3513,.F.);
#9414 = ORIENTED_EDGE('',*,*,#3404,.T.);
#9415 = ORIENTED_EDGE('',*,*,#9416,.T.);
#9416 = EDGE_CURVE('',#3405,#9417,#9419,.T.);
#9417 = VERTEX_POINT('',#9418);
#9418 = CARTESIAN_POINT('',(43.7,-10.7,-7.771561172376E-16));
#9419 = SURFACE_CURVE('',#9420,(#9424,#9430),.PCURVE_S1.);
#9420 = LINE('',#9421,#9422);
#9421 = CARTESIAN_POINT('',(44.1,-10.7,0.4));
#9422 = VECTOR('',#9423,1.);
#9423 = DIRECTION('',(-0.707106781187,4.329780281177E-17,-0.707106781187
    ));
#9424 = PCURVE('',#3421,#9425);
#9425 = DEFINITIONAL_REPRESENTATION('',(#9426),#9429);
#9426 = B_SPLINE_CURVE_WITH_KNOTS('',1,(#9427,#9428),.UNSPECIFIED.,.F.,
  .F.,(2,2),(0.,0.565685424949),.PIECEWISE_BEZIER_KNOTS.);
#9427 = CARTESIAN_POINT('',(1.570796326795,0.));
#9428 = CARTESIAN_POINT('',(1.570796326795,-0.4));
#9429 = ( GEOMETRIC_REPRESENTATION_CONTEXT(2) 
PARAMETRIC_REPRESENTATION_CONTEXT() REPRESENTATION_CONTEXT('2D SPACE',''
  ) );
#9430 = PCURVE('',#9431,#9436);
#9431 = PLANE('',#9432);
#9432 = AXIS2_PLACEMENT_3D('',#9433,#9434,#9435);
#9433 = CARTESIAN_POINT('',(43.9,-10.7,0.2));
#9434 = DIRECTION('',(-0.707106781187,5.332783484717E-18,0.707106781187)
  );
#9435 = DIRECTION('',(3.770847364643E-18,1.,-3.770847364643E-18));
#9436 = DEFINITIONAL_REPRESENTATION('',(#9437),#9440);
#9437 = B_SPLINE_CURVE_WITH_KNOTS('',1,(#9438,#9439),.UNSPECIFIED.,.F.,
  .F.,(2,2),(0.,0.565685424949),.PIECEWISE_BEZIER_KNOTS.);
#9438 = CARTESIAN_POINT('',(0.,-0.282842712475));
#9439 = CARTESIAN_POINT('',(0.,0.282842712475));
#9440 = ( GEOMETRIC_REPRESENTATION_CONTEXT(2) 
PARAMETRIC_REPRESENTATION_CONTEXT() REPRESENTATION_CONTEXT('2D SPACE',''
  ) );
#9441 = ORIENTED_EDGE('',*,*,#9442,.F.);
#9442 = EDGE_CURVE('',#3514,#9417,#9443,.T.);
#9443 = SURFACE_CURVE('',#9444,(#9449,#9456),.PCURVE_S1.);
#9444 = CIRCLE('',#9445,0.6);
#9445 = AXIS2_PLACEMENT_3D('',#9446,#9447,#9448);
#9446 = CARTESIAN_POINT('',(43.1,-10.7,0.));
#9447 = DIRECTION('',(0.,0.,1.));
#9448 = DIRECTION('',(0.,-1.,0.));
#9449 = PCURVE('',#3421,#9450);
#9450 = DEFINITIONAL_REPRESENTATION('',(#9451),#9455);
#9451 = LINE('',#9452,#9453);
#9452 = CARTESIAN_POINT('',(0.,-0.4));
#9453 = VECTOR('',#9454,1.);
#9454 = DIRECTION('',(1.,-0.));
#9455 = ( GEOMETRIC_REPRESENTATION_CONTEXT(2) 
PARAMETRIC_REPRESENTATION_CONTEXT() REPRESENTATION_CONTEXT('2D SPACE',''
  ) );
#9456 = PCURVE('',#3548,#9457);
#9457 = DEFINITIONAL_REPRESENTATION('',(#9458),#9462);
#9458 = CIRCLE('',#9459,0.6);
#9459 = AXIS2_PLACEMENT_2D('',#9460,#9461);
#9460 = CARTESIAN_POINT('',(87.2,1.));
#9461 = DIRECTION('',(0.,-1.));
#9462 = ( GEOMETRIC_REPRESENTATION_CONTEXT(2) 
PARAMETRIC_REPRESENTATION_CONTEXT() REPRESENTATION_CONTEXT('2D SPACE',''
  ) );
#9463 = ADVANCED_FACE('',(#9464),#3449,.T.);
#9464 = FACE_BOUND('',#9465,.T.);
#9465 = EDGE_LOOP('',(#9466,#9467,#9490,#9511,#9512,#9533,#9559,#9578));
#9466 = ORIENTED_EDGE('',*,*,#3433,.F.);
#9467 = ORIENTED_EDGE('',*,*,#9468,.T.);
#9468 = EDGE_CURVE('',#3405,#9469,#9471,.T.);
#9469 = VERTEX_POINT('',#9470);
#9470 = CARTESIAN_POINT('',(44.1,10.7,0.4));
#9471 = SURFACE_CURVE('',#9472,(#9476,#9483),.PCURVE_S1.);
#9472 = LINE('',#9473,#9474);
#9473 = CARTESIAN_POINT('',(44.1,-10.7,0.4));
#9474 = VECTOR('',#9475,1.);
#9475 = DIRECTION('',(-0.,1.,0.));
#9476 = PCURVE('',#3449,#9477);
#9477 = DEFINITIONAL_REPRESENTATION('',(#9478),#9482);
#9478 = LINE('',#9479,#9480);
#9479 = CARTESIAN_POINT('',(0.4,-1.));
#9480 = VECTOR('',#9481,1.);
#9481 = DIRECTION('',(0.,-1.));
#9482 = ( GEOMETRIC_REPRESENTATION_CONTEXT(2) 
PARAMETRIC_REPRESENTATION_CONTEXT() REPRESENTATION_CONTEXT('2D SPACE',''
  ) );
#9483 = PCURVE('',#9431,#9484);
#9484 = DEFINITIONAL_REPRESENTATION('',(#9485),#9489);
#9485 = LINE('',#9486,#9487);
#9486 = CARTESIAN_POINT('',(0.,-0.282842712475));
#9487 = VECTOR('',#9488,1.);
#9488 = DIRECTION('',(1.,0.));
#9489 = ( GEOMETRIC_REPRESENTATION_CONTEXT(2) 
PARAMETRIC_REPRESENTATION_CONTEXT() REPRESENTATION_CONTEXT('2D SPACE',''
  ) );
#9490 = ORIENTED_EDGE('',*,*,#9491,.T.);
#9491 = EDGE_CURVE('',#9469,#3672,#9492,.T.);
#9492 = SURFACE_CURVE('',#9493,(#9497,#9504),.PCURVE_S1.);
#9493 = LINE('',#9494,#9495);
#9494 = CARTESIAN_POINT('',(44.1,10.7,0.));
#9495 = VECTOR('',#9496,1.);
#9496 = DIRECTION('',(0.,0.,1.));
#9497 = PCURVE('',#3449,#9498);
#9498 = DEFINITIONAL_REPRESENTATION('',(#9499),#9503);
#9499 = LINE('',#9500,#9501);
#9500 = CARTESIAN_POINT('',(0.,-22.4));
#9501 = VECTOR('',#9502,1.);
#9502 = DIRECTION('',(1.,0.));
#9503 = ( GEOMETRIC_REPRESENTATION_CONTEXT(2) 
PARAMETRIC_REPRESENTATION_CONTEXT() REPRESENTATION_CONTEXT('2D SPACE',''
  ) );
#9504 = PCURVE('',#3715,#9505);
#9505 = DEFINITIONAL_REPRESENTATION('',(#9506),#9510);
#9506 = LINE('',#9507,#9508);
#9507 = CARTESIAN_POINT('',(-1.570796326795,0.));
#9508 = VECTOR('',#9509,1.);
#9509 = DIRECTION('',(-0.,1.));
#9510 = ( GEOMETRIC_REPRESENTATION_CONTEXT(2) 
PARAMETRIC_REPRESENTATION_CONTEXT() REPRESENTATION_CONTEXT('2D SPACE',''
  ) );
#9511 = ORIENTED_EDGE('',*,*,#3671,.F.);
#9512 = ORIENTED_EDGE('',*,*,#9513,.T.);
#9513 = EDGE_CURVE('',#3644,#9514,#9516,.T.);
#9514 = VERTEX_POINT('',#9515);
#9515 = CARTESIAN_POINT('',(44.1,9.7,7.7));
#9516 = SURFACE_CURVE('',#9517,(#9521,#9527),.PCURVE_S1.);
#9517 = LINE('',#9518,#9519);
#9518 = CARTESIAN_POINT('',(44.1,8.566176470588,9.589705882353));
#9519 = VECTOR('',#9520,1.);
#9520 = DIRECTION('',(-0.,0.514495755428,-0.857492925713));
#9521 = PCURVE('',#3449,#9522);
#9522 = DEFINITIONAL_REPRESENTATION('',(#9523),#9526);
#9523 = B_SPLINE_CURVE_WITH_KNOTS('',1,(#9524,#9525),.UNSPECIFIED.,.F.,
  .F.,(2,2),(-0.128623938857,2.203756819081),.PIECEWISE_BEZIER_KNOTS.);
#9524 = CARTESIAN_POINT('',(9.7,-20.2));
#9525 = CARTESIAN_POINT('',(7.7,-21.4));
#9526 = ( GEOMETRIC_REPRESENTATION_CONTEXT(2) 
PARAMETRIC_REPRESENTATION_CONTEXT() REPRESENTATION_CONTEXT('2D SPACE',''
  ) );
#9527 = PCURVE('',#3659,#9528);
#9528 = DEFINITIONAL_REPRESENTATION('',(#9529),#9532);
#9529 = B_SPLINE_CURVE_WITH_KNOTS('',1,(#9530,#9531),.UNSPECIFIED.,.F.,
  .F.,(2,2),(-0.128623938857,2.203756819081),.PIECEWISE_BEZIER_KNOTS.);
#9530 = CARTESIAN_POINT('',(2.332380757938,-86.2));
#9531 = CARTESIAN_POINT('',(0.,-86.2));
#9532 = ( GEOMETRIC_REPRESENTATION_CONTEXT(2) 
PARAMETRIC_REPRESENTATION_CONTEXT() REPRESENTATION_CONTEXT('2D SPACE',''
  ) );
#9533 = ORIENTED_EDGE('',*,*,#9534,.T.);
#9534 = EDGE_CURVE('',#9514,#9535,#9537,.T.);
#9535 = VERTEX_POINT('',#9536);
#9536 = CARTESIAN_POINT('',(44.1,-9.7,7.7));
#9537 = SURFACE_CURVE('',#9538,(#9542,#9548),.PCURVE_S1.);
#9538 = LINE('',#9539,#9540);
#9539 = CARTESIAN_POINT('',(44.1,-10.7,7.7));
#9540 = VECTOR('',#9541,1.);
#9541 = DIRECTION('',(0.,-1.,0.));
#9542 = PCURVE('',#3449,#9543);
#9543 = DEFINITIONAL_REPRESENTATION('',(#9544),#9547);
#9544 = B_SPLINE_CURVE_WITH_KNOTS('',1,(#9545,#9546),.UNSPECIFIED.,.F.,
  .F.,(2,2),(-20.4,-1.),.PIECEWISE_BEZIER_KNOTS.);
#9545 = CARTESIAN_POINT('',(7.7,-21.4));
#9546 = CARTESIAN_POINT('',(7.7,-2.));
#9547 = ( GEOMETRIC_REPRESENTATION_CONTEXT(2) 
PARAMETRIC_REPRESENTATION_CONTEXT() REPRESENTATION_CONTEXT('2D SPACE',''
  ) );
#9548 = PCURVE('',#9549,#9554);
#9549 = PLANE('',#9550);
#9550 = AXIS2_PLACEMENT_3D('',#9551,#9552,#9553);
#9551 = CARTESIAN_POINT('',(-42.1,-9.7,7.7));
#9552 = DIRECTION('',(0.,0.,1.));
#9553 = DIRECTION('',(0.,1.,0.));
#9554 = DEFINITIONAL_REPRESENTATION('',(#9555),#9558);
#9555 = B_SPLINE_CURVE_WITH_KNOTS('',1,(#9556,#9557),.UNSPECIFIED.,.F.,
  .F.,(2,2),(-20.4,-1.),.PIECEWISE_BEZIER_KNOTS.);
#9556 = CARTESIAN_POINT('',(19.4,-86.2));
#9557 = CARTESIAN_POINT('',(0.,-86.2));
#9558 = ( GEOMETRIC_REPRESENTATION_CONTEXT(2) 
PARAMETRIC_REPRESENTATION_CONTEXT() REPRESENTATION_CONTEXT('2D SPACE',''
  ) );
#9559 = ORIENTED_EDGE('',*,*,#9560,.T.);
#9560 = EDGE_CURVE('',#9535,#3566,#9561,.T.);
#9561 = SURFACE_CURVE('',#9562,(#9566,#9572),.PCURVE_S1.);
#9562 = LINE('',#9563,#9564);
#9563 = CARTESIAN_POINT('',(44.1,-11.06323529411,5.427941176471));
#9564 = VECTOR('',#9565,1.);
#9565 = DIRECTION('',(0.,0.514495755428,0.857492925713));
#9566 = PCURVE('',#3449,#9567);
#9567 = DEFINITIONAL_REPRESENTATION('',(#9568),#9571);
#9568 = B_SPLINE_CURVE_WITH_KNOTS('',1,(#9569,#9570),.UNSPECIFIED.,.F.,
  .F.,(2,2),(2.649653140452,4.98203389839),.PIECEWISE_BEZIER_KNOTS.);
#9569 = CARTESIAN_POINT('',(7.7,-2.));
#9570 = CARTESIAN_POINT('',(9.7,-3.2));
#9571 = ( GEOMETRIC_REPRESENTATION_CONTEXT(2) 
PARAMETRIC_REPRESENTATION_CONTEXT() REPRESENTATION_CONTEXT('2D SPACE',''
  ) );
#9572 = PCURVE('',#3604,#9573);
#9573 = DEFINITIONAL_REPRESENTATION('',(#9574),#9577);
#9574 = B_SPLINE_CURVE_WITH_KNOTS('',1,(#9575,#9576),.UNSPECIFIED.,.F.,
  .F.,(2,2),(2.649653140452,4.98203389839),.PIECEWISE_BEZIER_KNOTS.);
#9575 = CARTESIAN_POINT('',(2.332380757938,-86.2));
#9576 = CARTESIAN_POINT('',(0.,-86.2));
#9577 = ( GEOMETRIC_REPRESENTATION_CONTEXT(2) 
PARAMETRIC_REPRESENTATION_CONTEXT() REPRESENTATION_CONTEXT('2D SPACE',''
  ) );
#9578 = ORIENTED_EDGE('',*,*,#3565,.F.);
#9579 = ADVANCED_FACE('',(#9580),#3501,.T.);
#9580 = FACE_BOUND('',#9581,.F.);
#9581 = EDGE_LOOP('',(#9582,#9608,#9609,#9610));
#9582 = ORIENTED_EDGE('',*,*,#9583,.F.);
#9583 = EDGE_CURVE('',#3842,#9584,#9586,.T.);
#9584 = VERTEX_POINT('',#9585);
#9585 = CARTESIAN_POINT('',(-43.7,-8.7,-2.41473507856E-15));
#9586 = SURFACE_CURVE('',#9587,(#9591,#9597),.PCURVE_S1.);
#9587 = LINE('',#9588,#9589);
#9588 = CARTESIAN_POINT('',(-43.9,-8.7,0.2));
#9589 = VECTOR('',#9590,1.);
#9590 = DIRECTION('',(0.707106781187,5.93224357051E-37,-0.707106781187)
  );
#9591 = PCURVE('',#3501,#9592);
#9592 = DEFINITIONAL_REPRESENTATION('',(#9593),#9596);
#9593 = B_SPLINE_CURVE_WITH_KNOTS('',1,(#9594,#9595),.UNSPECIFIED.,.F.,
  .F.,(2,2),(-0.282842712475,0.282842712475),.PIECEWISE_BEZIER_KNOTS.);
#9594 = CARTESIAN_POINT('',(0.,0.));
#9595 = CARTESIAN_POINT('',(0.,-0.4));
#9596 = ( GEOMETRIC_REPRESENTATION_CONTEXT(2) 
PARAMETRIC_REPRESENTATION_CONTEXT() REPRESENTATION_CONTEXT('2D SPACE',''
  ) );
#9597 = PCURVE('',#9598,#9603);
#9598 = PLANE('',#9599);
#9599 = AXIS2_PLACEMENT_3D('',#9600,#9601,#9602);
#9600 = CARTESIAN_POINT('',(-43.9,8.7,0.2));
#9601 = DIRECTION('',(-0.707106781187,-5.332783484717E-18,
    -0.707106781187));
#9602 = DIRECTION('',(-3.770847364643E-18,1.,-3.770847364643E-18));
#9603 = DEFINITIONAL_REPRESENTATION('',(#9604),#9607);
#9604 = B_SPLINE_CURVE_WITH_KNOTS('',1,(#9605,#9606),.UNSPECIFIED.,.F.,
  .F.,(2,2),(-0.282842712475,0.282842712475),.PIECEWISE_BEZIER_KNOTS.);
#9605 = CARTESIAN_POINT('',(-17.4,-0.282842712475));
#9606 = CARTESIAN_POINT('',(-17.4,0.282842712475));
#9607 = ( GEOMETRIC_REPRESENTATION_CONTEXT(2) 
PARAMETRIC_REPRESENTATION_CONTEXT() REPRESENTATION_CONTEXT('2D SPACE',''
  ) );
#9608 = ORIENTED_EDGE('',*,*,#3864,.T.);
#9609 = ORIENTED_EDGE('',*,*,#3486,.T.);
#9610 = ORIENTED_EDGE('',*,*,#9611,.F.);
#9611 = EDGE_CURVE('',#9584,#3487,#9612,.T.);
#9612 = SURFACE_CURVE('',#9613,(#9618,#9625),.PCURVE_S1.);
#9613 = CIRCLE('',#9614,2.6);
#9614 = AXIS2_PLACEMENT_3D('',#9615,#9616,#9617);
#9615 = CARTESIAN_POINT('',(-41.1,-8.7,0.));
#9616 = DIRECTION('',(0.,0.,1.));
#9617 = DIRECTION('',(-1.,0.,0.));
#9618 = PCURVE('',#3501,#9619);
#9619 = DEFINITIONAL_REPRESENTATION('',(#9620),#9624);
#9620 = LINE('',#9621,#9622);
#9621 = CARTESIAN_POINT('',(0.,-0.4));
#9622 = VECTOR('',#9623,1.);
#9623 = DIRECTION('',(1.,-0.));
#9624 = ( GEOMETRIC_REPRESENTATION_CONTEXT(2) 
PARAMETRIC_REPRESENTATION_CONTEXT() REPRESENTATION_CONTEXT('2D SPACE',''
  ) );
#9625 = PCURVE('',#3548,#9626);
#9626 = DEFINITIONAL_REPRESENTATION('',(#9627),#9631);
#9627 = CIRCLE('',#9628,2.6);
#9628 = AXIS2_PLACEMENT_2D('',#9629,#9630);
#9629 = CARTESIAN_POINT('',(3.,3.));
#9630 = DIRECTION('',(-1.,0.));
#9631 = ( GEOMETRIC_REPRESENTATION_CONTEXT(2) 
PARAMETRIC_REPRESENTATION_CONTEXT() REPRESENTATION_CONTEXT('2D SPACE',''
  ) );
#9632 = ADVANCED_FACE('',(#9633),#3548,.F.);
#9633 = FACE_BOUND('',#9634,.F.);
#9634 = EDGE_LOOP('',(#9635,#9636,#9637,#9660,#9689,#9717,#9746,#9767));
#9635 = ORIENTED_EDGE('',*,*,#3534,.T.);
#9636 = ORIENTED_EDGE('',*,*,#9442,.T.);
#9637 = ORIENTED_EDGE('',*,*,#9638,.T.);
#9638 = EDGE_CURVE('',#9417,#9639,#9641,.T.);
#9639 = VERTEX_POINT('',#9640);
#9640 = CARTESIAN_POINT('',(43.7,10.7,-2.553512956638E-15));
#9641 = SURFACE_CURVE('',#9642,(#9646,#9653),.PCURVE_S1.);
#9642 = LINE('',#9643,#9644);
#9643 = CARTESIAN_POINT('',(43.7,-10.7,0.));
#9644 = VECTOR('',#9645,1.);
#9645 = DIRECTION('',(-0.,1.,0.));
#9646 = PCURVE('',#3548,#9647);
#9647 = DEFINITIONAL_REPRESENTATION('',(#9648),#9652);
#9648 = LINE('',#9649,#9650);
#9649 = CARTESIAN_POINT('',(87.8,1.));
#9650 = VECTOR('',#9651,1.);
#9651 = DIRECTION('',(0.,1.));
#9652 = ( GEOMETRIC_REPRESENTATION_CONTEXT(2) 
PARAMETRIC_REPRESENTATION_CONTEXT() REPRESENTATION_CONTEXT('2D SPACE',''
  ) );
#9653 = PCURVE('',#9431,#9654);
#9654 = DEFINITIONAL_REPRESENTATION('',(#9655),#9659);
#9655 = LINE('',#9656,#9657);
#9656 = CARTESIAN_POINT('',(0.,0.282842712475));
#9657 = VECTOR('',#9658,1.);
#9658 = DIRECTION('',(1.,0.));
#9659 = ( GEOMETRIC_REPRESENTATION_CONTEXT(2) 
PARAMETRIC_REPRESENTATION_CONTEXT() REPRESENTATION_CONTEXT('2D SPACE',''
  ) );
#9660 = ORIENTED_EDGE('',*,*,#9661,.T.);
#9661 = EDGE_CURVE('',#9639,#9662,#9664,.T.);
#9662 = VERTEX_POINT('',#9663);
#9663 = CARTESIAN_POINT('',(43.1,11.3,-7.771561172376E-16));
#9664 = SURFACE_CURVE('',#9665,(#9670,#9677),.PCURVE_S1.);
#9665 = CIRCLE('',#9666,0.6);
#9666 = AXIS2_PLACEMENT_3D('',#9667,#9668,#9669);
#9667 = CARTESIAN_POINT('',(43.1,10.7,0.));
#9668 = DIRECTION('',(0.,0.,1.));
#9669 = DIRECTION('',(1.,0.,-0.));
#9670 = PCURVE('',#3548,#9671);
#9671 = DEFINITIONAL_REPRESENTATION('',(#9672),#9676);
#9672 = CIRCLE('',#9673,0.6);
#9673 = AXIS2_PLACEMENT_2D('',#9674,#9675);
#9674 = CARTESIAN_POINT('',(87.2,22.4));
#9675 = DIRECTION('',(1.,0.));
#9676 = ( GEOMETRIC_REPRESENTATION_CONTEXT(2) 
PARAMETRIC_REPRESENTATION_CONTEXT() REPRESENTATION_CONTEXT('2D SPACE',''
  ) );
#9677 = PCURVE('',#9678,#9683);
#9678 = CONICAL_SURFACE('',#9679,1.,0.785398163397);
#9679 = AXIS2_PLACEMENT_3D('',#9680,#9681,#9682);
#9680 = CARTESIAN_POINT('',(43.1,10.7,0.4));
#9681 = DIRECTION('',(0.,0.,1.));
#9682 = DIRECTION('',(1.,0.,-0.));
#9683 = DEFINITIONAL_REPRESENTATION('',(#9684),#9688);
#9684 = LINE('',#9685,#9686);
#9685 = CARTESIAN_POINT('',(0.,-0.4));
#9686 = VECTOR('',#9687,1.);
#9687 = DIRECTION('',(1.,-0.));
#9688 = ( GEOMETRIC_REPRESENTATION_CONTEXT(2) 
PARAMETRIC_REPRESENTATION_CONTEXT() REPRESENTATION_CONTEXT('2D SPACE',''
  ) );
#9689 = ORIENTED_EDGE('',*,*,#9690,.T.);
#9690 = EDGE_CURVE('',#9662,#9691,#9693,.T.);
#9691 = VERTEX_POINT('',#9692);
#9692 = CARTESIAN_POINT('',(-41.1,11.3,-6.661338147751E-16));
#9693 = SURFACE_CURVE('',#9694,(#9698,#9705),.PCURVE_S1.);
#9694 = LINE('',#9695,#9696);
#9695 = CARTESIAN_POINT('',(43.1,11.3,0.));
#9696 = VECTOR('',#9697,1.);
#9697 = DIRECTION('',(-1.,-0.,0.));
#9698 = PCURVE('',#3548,#9699);
#9699 = DEFINITIONAL_REPRESENTATION('',(#9700),#9704);
#9700 = LINE('',#9701,#9702);
#9701 = CARTESIAN_POINT('',(87.2,23.));
#9702 = VECTOR('',#9703,1.);
#9703 = DIRECTION('',(-1.,0.));
#9704 = ( GEOMETRIC_REPRESENTATION_CONTEXT(2) 
PARAMETRIC_REPRESENTATION_CONTEXT() REPRESENTATION_CONTEXT('2D SPACE',''
  ) );
#9705 = PCURVE('',#9706,#9711);
#9706 = PLANE('',#9707);
#9707 = AXIS2_PLACEMENT_3D('',#9708,#9709,#9710);
#9708 = CARTESIAN_POINT('',(43.1,11.5,0.2));
#9709 = DIRECTION('',(2.068430171249E-18,-0.707106781187,0.707106781187)
  );
#9710 = DIRECTION('',(-1.,-1.462601000501E-18,1.462601000501E-18));
#9711 = DEFINITIONAL_REPRESENTATION('',(#9712),#9716);
#9712 = LINE('',#9713,#9714);
#9713 = CARTESIAN_POINT('',(0.,0.282842712475));
#9714 = VECTOR('',#9715,1.);
#9715 = DIRECTION('',(1.,0.));
#9716 = ( GEOMETRIC_REPRESENTATION_CONTEXT(2) 
PARAMETRIC_REPRESENTATION_CONTEXT() REPRESENTATION_CONTEXT('2D SPACE',''
  ) );
#9717 = ORIENTED_EDGE('',*,*,#9718,.T.);
#9718 = EDGE_CURVE('',#9691,#9719,#9721,.T.);
#9719 = VERTEX_POINT('',#9720);
#9720 = CARTESIAN_POINT('',(-43.7,8.7,-7.771561172376E-16));
#9721 = SURFACE_CURVE('',#9722,(#9727,#9734),.PCURVE_S1.);
#9722 = CIRCLE('',#9723,2.6);
#9723 = AXIS2_PLACEMENT_3D('',#9724,#9725,#9726);
#9724 = CARTESIAN_POINT('',(-41.1,8.7,0.));
#9725 = DIRECTION('',(0.,-0.,1.));
#9726 = DIRECTION('',(0.,1.,0.));
#9727 = PCURVE('',#3548,#9728);
#9728 = DEFINITIONAL_REPRESENTATION('',(#9729),#9733);
#9729 = CIRCLE('',#9730,2.6);
#9730 = AXIS2_PLACEMENT_2D('',#9731,#9732);
#9731 = CARTESIAN_POINT('',(3.,20.4));
#9732 = DIRECTION('',(0.,1.));
#9733 = ( GEOMETRIC_REPRESENTATION_CONTEXT(2) 
PARAMETRIC_REPRESENTATION_CONTEXT() REPRESENTATION_CONTEXT('2D SPACE',''
  ) );
#9734 = PCURVE('',#9735,#9740);
#9735 = CONICAL_SURFACE('',#9736,3.,0.785398163397);
#9736 = AXIS2_PLACEMENT_3D('',#9737,#9738,#9739);
#9737 = CARTESIAN_POINT('',(-41.1,8.7,0.4));
#9738 = DIRECTION('',(0.,0.,1.));
#9739 = DIRECTION('',(0.,1.,0.));
#9740 = DEFINITIONAL_REPRESENTATION('',(#9741),#9745);
#9741 = LINE('',#9742,#9743);
#9742 = CARTESIAN_POINT('',(0.,-0.4));
#9743 = VECTOR('',#9744,1.);
#9744 = DIRECTION('',(1.,-0.));
#9745 = ( GEOMETRIC_REPRESENTATION_CONTEXT(2) 
PARAMETRIC_REPRESENTATION_CONTEXT() REPRESENTATION_CONTEXT('2D SPACE',''
  ) );
#9746 = ORIENTED_EDGE('',*,*,#9747,.T.);
#9747 = EDGE_CURVE('',#9719,#9584,#9748,.T.);
#9748 = SURFACE_CURVE('',#9749,(#9753,#9760),.PCURVE_S1.);
#9749 = LINE('',#9750,#9751);
#9750 = CARTESIAN_POINT('',(-43.7,8.7,0.));
#9751 = VECTOR('',#9752,1.);
#9752 = DIRECTION('',(0.,-1.,-0.));
#9753 = PCURVE('',#3548,#9754);
#9754 = DEFINITIONAL_REPRESENTATION('',(#9755),#9759);
#9755 = LINE('',#9756,#9757);
#9756 = CARTESIAN_POINT('',(0.4,20.4));
#9757 = VECTOR('',#9758,1.);
#9758 = DIRECTION('',(0.,-1.));
#9759 = ( GEOMETRIC_REPRESENTATION_CONTEXT(2) 
PARAMETRIC_REPRESENTATION_CONTEXT() REPRESENTATION_CONTEXT('2D SPACE',''
  ) );
#9760 = PCURVE('',#9598,#9761);
#9761 = DEFINITIONAL_REPRESENTATION('',(#9762),#9766);
#9762 = LINE('',#9763,#9764);
#9763 = CARTESIAN_POINT('',(-0.,0.282842712475));
#9764 = VECTOR('',#9765,1.);
#9765 = DIRECTION('',(-1.,0.));
#9766 = ( GEOMETRIC_REPRESENTATION_CONTEXT(2) 
PARAMETRIC_REPRESENTATION_CONTEXT() REPRESENTATION_CONTEXT('2D SPACE',''
  ) );
#9767 = ORIENTED_EDGE('',*,*,#9611,.T.);
#9768 = ADVANCED_FACE('',(#9769),#3804,.F.);
#9769 = FACE_BOUND('',#9770,.F.);
#9770 = EDGE_LOOP('',(#9771,#9772,#9795,#9816));
#9771 = ORIENTED_EDGE('',*,*,#3841,.F.);
#9772 = ORIENTED_EDGE('',*,*,#9773,.F.);
#9773 = EDGE_CURVE('',#9774,#3842,#9776,.T.);
#9774 = VERTEX_POINT('',#9775);
#9775 = CARTESIAN_POINT('',(-44.1,8.7,0.4));
#9776 = SURFACE_CURVE('',#9777,(#9781,#9788),.PCURVE_S1.);
#9777 = LINE('',#9778,#9779);
#9778 = CARTESIAN_POINT('',(-44.1,8.7,0.4));
#9779 = VECTOR('',#9780,1.);
#9780 = DIRECTION('',(0.,-1.,-0.));
#9781 = PCURVE('',#3804,#9782);
#9782 = DEFINITIONAL_REPRESENTATION('',(#9783),#9787);
#9783 = LINE('',#9784,#9785);
#9784 = CARTESIAN_POINT('',(0.4,-20.4));
#9785 = VECTOR('',#9786,1.);
#9786 = DIRECTION('',(0.,1.));
#9787 = ( GEOMETRIC_REPRESENTATION_CONTEXT(2) 
PARAMETRIC_REPRESENTATION_CONTEXT() REPRESENTATION_CONTEXT('2D SPACE',''
  ) );
#9788 = PCURVE('',#9598,#9789);
#9789 = DEFINITIONAL_REPRESENTATION('',(#9790),#9794);
#9790 = LINE('',#9791,#9792);
#9791 = CARTESIAN_POINT('',(-0.,-0.282842712475));
#9792 = VECTOR('',#9793,1.);
#9793 = DIRECTION('',(-1.,0.));
#9794 = ( GEOMETRIC_REPRESENTATION_CONTEXT(2) 
PARAMETRIC_REPRESENTATION_CONTEXT() REPRESENTATION_CONTEXT('2D SPACE',''
  ) );
#9795 = ORIENTED_EDGE('',*,*,#9796,.T.);
#9796 = EDGE_CURVE('',#9774,#3756,#9797,.T.);
#9797 = SURFACE_CURVE('',#9798,(#9802,#9809),.PCURVE_S1.);
#9798 = LINE('',#9799,#9800);
#9799 = CARTESIAN_POINT('',(-44.1,8.7,0.));
#9800 = VECTOR('',#9801,1.);
#9801 = DIRECTION('',(0.,0.,1.));
#9802 = PCURVE('',#3804,#9803);
#9803 = DEFINITIONAL_REPRESENTATION('',(#9804),#9808);
#9804 = LINE('',#9805,#9806);
#9805 = CARTESIAN_POINT('',(0.,-20.4));
#9806 = VECTOR('',#9807,1.);
#9807 = DIRECTION('',(1.,0.));
#9808 = ( GEOMETRIC_REPRESENTATION_CONTEXT(2) 
PARAMETRIC_REPRESENTATION_CONTEXT() REPRESENTATION_CONTEXT('2D SPACE',''
  ) );
#9809 = PCURVE('',#3776,#9810);
#9810 = DEFINITIONAL_REPRESENTATION('',(#9811),#9815);
#9811 = LINE('',#9812,#9813);
#9812 = CARTESIAN_POINT('',(-0.,0.));
#9813 = VECTOR('',#9814,1.);
#9814 = DIRECTION('',(-0.,1.));
#9815 = ( GEOMETRIC_REPRESENTATION_CONTEXT(2) 
PARAMETRIC_REPRESENTATION_CONTEXT() REPRESENTATION_CONTEXT('2D SPACE',''
  ) );
#9816 = ORIENTED_EDGE('',*,*,#3788,.F.);
#9817 = ADVANCED_FACE('',(#9818),#3776,.T.);
#9818 = FACE_BOUND('',#9819,.F.);
#9819 = EDGE_LOOP('',(#9820,#9821,#9845,#9866));
#9820 = ORIENTED_EDGE('',*,*,#9796,.F.);
#9821 = ORIENTED_EDGE('',*,*,#9822,.F.);
#9822 = EDGE_CURVE('',#9823,#9774,#9825,.T.);
#9823 = VERTEX_POINT('',#9824);
#9824 = CARTESIAN_POINT('',(-41.1,11.7,0.4));
#9825 = SURFACE_CURVE('',#9826,(#9831,#9838),.PCURVE_S1.);
#9826 = CIRCLE('',#9827,3.);
#9827 = AXIS2_PLACEMENT_3D('',#9828,#9829,#9830);
#9828 = CARTESIAN_POINT('',(-41.1,8.7,0.4));
#9829 = DIRECTION('',(0.,-0.,1.));
#9830 = DIRECTION('',(0.,1.,0.));
#9831 = PCURVE('',#3776,#9832);
#9832 = DEFINITIONAL_REPRESENTATION('',(#9833),#9837);
#9833 = LINE('',#9834,#9835);
#9834 = CARTESIAN_POINT('',(-1.570796326795,0.4));
#9835 = VECTOR('',#9836,1.);
#9836 = DIRECTION('',(1.,-0.));
#9837 = ( GEOMETRIC_REPRESENTATION_CONTEXT(2) 
PARAMETRIC_REPRESENTATION_CONTEXT() REPRESENTATION_CONTEXT('2D SPACE',''
  ) );
#9838 = PCURVE('',#9735,#9839);
#9839 = DEFINITIONAL_REPRESENTATION('',(#9840),#9844);
#9840 = LINE('',#9841,#9842);
#9841 = CARTESIAN_POINT('',(0.,-0.));
#9842 = VECTOR('',#9843,1.);
#9843 = DIRECTION('',(1.,-0.));
#9844 = ( GEOMETRIC_REPRESENTATION_CONTEXT(2) 
PARAMETRIC_REPRESENTATION_CONTEXT() REPRESENTATION_CONTEXT('2D SPACE',''
  ) );
#9845 = ORIENTED_EDGE('',*,*,#9846,.T.);
#9846 = EDGE_CURVE('',#9823,#3728,#9847,.T.);
#9847 = SURFACE_CURVE('',#9848,(#9852,#9859),.PCURVE_S1.);
#9848 = LINE('',#9849,#9850);
#9849 = CARTESIAN_POINT('',(-41.1,11.7,0.));
#9850 = VECTOR('',#9851,1.);
#9851 = DIRECTION('',(0.,0.,1.));
#9852 = PCURVE('',#3776,#9853);
#9853 = DEFINITIONAL_REPRESENTATION('',(#9854),#9858);
#9854 = LINE('',#9855,#9856);
#9855 = CARTESIAN_POINT('',(-1.570796326795,0.));
#9856 = VECTOR('',#9857,1.);
#9857 = DIRECTION('',(-0.,1.));
#9858 = ( GEOMETRIC_REPRESENTATION_CONTEXT(2) 
PARAMETRIC_REPRESENTATION_CONTEXT() REPRESENTATION_CONTEXT('2D SPACE',''
  ) );
#9859 = PCURVE('',#3743,#9860);
#9860 = DEFINITIONAL_REPRESENTATION('',(#9861),#9865);
#9861 = LINE('',#9862,#9863);
#9862 = CARTESIAN_POINT('',(0.,3.));
#9863 = VECTOR('',#9864,1.);
#9864 = DIRECTION('',(1.,0.));
#9865 = ( GEOMETRIC_REPRESENTATION_CONTEXT(2) 
PARAMETRIC_REPRESENTATION_CONTEXT() REPRESENTATION_CONTEXT('2D SPACE',''
  ) );
#9866 = ORIENTED_EDGE('',*,*,#3755,.F.);
#9867 = ADVANCED_FACE('',(#9868),#3743,.T.);
#9868 = FACE_BOUND('',#9869,.T.);
#9869 = EDGE_LOOP('',(#9870,#9893,#9914,#9915));
#9870 = ORIENTED_EDGE('',*,*,#9871,.F.);
#9871 = EDGE_CURVE('',#9872,#3695,#9874,.T.);
#9872 = VERTEX_POINT('',#9873);
#9873 = CARTESIAN_POINT('',(43.1,11.7,0.4));
#9874 = SURFACE_CURVE('',#9875,(#9879,#9886),.PCURVE_S1.);
#9875 = LINE('',#9876,#9877);
#9876 = CARTESIAN_POINT('',(43.1,11.7,0.));
#9877 = VECTOR('',#9878,1.);
#9878 = DIRECTION('',(0.,0.,1.));
#9879 = PCURVE('',#3743,#9880);
#9880 = DEFINITIONAL_REPRESENTATION('',(#9881),#9885);
#9881 = LINE('',#9882,#9883);
#9882 = CARTESIAN_POINT('',(0.,87.2));
#9883 = VECTOR('',#9884,1.);
#9884 = DIRECTION('',(1.,0.));
#9885 = ( GEOMETRIC_REPRESENTATION_CONTEXT(2) 
PARAMETRIC_REPRESENTATION_CONTEXT() REPRESENTATION_CONTEXT('2D SPACE',''
  ) );
#9886 = PCURVE('',#3715,#9887);
#9887 = DEFINITIONAL_REPRESENTATION('',(#9888),#9892);
#9888 = LINE('',#9889,#9890);
#9889 = CARTESIAN_POINT('',(-0.,0.));
#9890 = VECTOR('',#9891,1.);
#9891 = DIRECTION('',(-0.,1.));
#9892 = ( GEOMETRIC_REPRESENTATION_CONTEXT(2) 
PARAMETRIC_REPRESENTATION_CONTEXT() REPRESENTATION_CONTEXT('2D SPACE',''
  ) );
#9893 = ORIENTED_EDGE('',*,*,#9894,.T.);
#9894 = EDGE_CURVE('',#9872,#9823,#9895,.T.);
#9895 = SURFACE_CURVE('',#9896,(#9900,#9907),.PCURVE_S1.);
#9896 = LINE('',#9897,#9898);
#9897 = CARTESIAN_POINT('',(43.1,11.7,0.4));
#9898 = VECTOR('',#9899,1.);
#9899 = DIRECTION('',(-1.,-0.,0.));
#9900 = PCURVE('',#3743,#9901);
#9901 = DEFINITIONAL_REPRESENTATION('',(#9902),#9906);
#9902 = LINE('',#9903,#9904);
#9903 = CARTESIAN_POINT('',(0.4,87.2));
#9904 = VECTOR('',#9905,1.);
#9905 = DIRECTION('',(0.,-1.));
#9906 = ( GEOMETRIC_REPRESENTATION_CONTEXT(2) 
PARAMETRIC_REPRESENTATION_CONTEXT() REPRESENTATION_CONTEXT('2D SPACE',''
  ) );
#9907 = PCURVE('',#9706,#9908);
#9908 = DEFINITIONAL_REPRESENTATION('',(#9909),#9913);
#9909 = LINE('',#9910,#9911);
#9910 = CARTESIAN_POINT('',(0.,-0.282842712475));
#9911 = VECTOR('',#9912,1.);
#9912 = DIRECTION('',(1.,0.));
#9913 = ( GEOMETRIC_REPRESENTATION_CONTEXT(2) 
PARAMETRIC_REPRESENTATION_CONTEXT() REPRESENTATION_CONTEXT('2D SPACE',''
  ) );
#9914 = ORIENTED_EDGE('',*,*,#9846,.T.);
#9915 = ORIENTED_EDGE('',*,*,#3727,.T.);
#9916 = ADVANCED_FACE('',(#9917),#3715,.T.);
#9917 = FACE_BOUND('',#9918,.F.);
#9918 = EDGE_LOOP('',(#9919,#9920,#9942,#9943));
#9919 = ORIENTED_EDGE('',*,*,#9871,.F.);
#9920 = ORIENTED_EDGE('',*,*,#9921,.F.);
#9921 = EDGE_CURVE('',#9469,#9872,#9922,.T.);
#9922 = SURFACE_CURVE('',#9923,(#9928,#9935),.PCURVE_S1.);
#9923 = CIRCLE('',#9924,1.);
#9924 = AXIS2_PLACEMENT_3D('',#9925,#9926,#9927);
#9925 = CARTESIAN_POINT('',(43.1,10.7,0.4));
#9926 = DIRECTION('',(0.,0.,1.));
#9927 = DIRECTION('',(1.,0.,-0.));
#9928 = PCURVE('',#3715,#9929);
#9929 = DEFINITIONAL_REPRESENTATION('',(#9930),#9934);
#9930 = LINE('',#9931,#9932);
#9931 = CARTESIAN_POINT('',(-1.570796326795,0.4));
#9932 = VECTOR('',#9933,1.);
#9933 = DIRECTION('',(1.,-0.));
#9934 = ( GEOMETRIC_REPRESENTATION_CONTEXT(2) 
PARAMETRIC_REPRESENTATION_CONTEXT() REPRESENTATION_CONTEXT('2D SPACE',''
  ) );
#9935 = PCURVE('',#9678,#9936);
#9936 = DEFINITIONAL_REPRESENTATION('',(#9937),#9941);
#9937 = LINE('',#9938,#9939);
#9938 = CARTESIAN_POINT('',(0.,-0.));
#9939 = VECTOR('',#9940,1.);
#9940 = DIRECTION('',(1.,-0.));
#9941 = ( GEOMETRIC_REPRESENTATION_CONTEXT(2) 
PARAMETRIC_REPRESENTATION_CONTEXT() REPRESENTATION_CONTEXT('2D SPACE',''
  ) );
#9942 = ORIENTED_EDGE('',*,*,#9491,.T.);
#9943 = ORIENTED_EDGE('',*,*,#3694,.F.);
#9944 = ADVANCED_FACE('',(#9945),#3659,.T.);
#9945 = FACE_BOUND('',#9946,.T.);
#9946 = EDGE_LOOP('',(#9947,#9970,#9991,#9992));
#9947 = ORIENTED_EDGE('',*,*,#9948,.F.);
#9948 = EDGE_CURVE('',#9949,#3617,#9951,.T.);
#9949 = VERTEX_POINT('',#9950);
#9950 = CARTESIAN_POINT('',(-42.1,9.7,7.7));
#9951 = SURFACE_CURVE('',#9952,(#9956,#9963),.PCURVE_S1.);
#9952 = LINE('',#9953,#9954);
#9953 = CARTESIAN_POINT('',(-42.1,9.7,7.7));
#9954 = VECTOR('',#9955,1.);
#9955 = DIRECTION('',(0.,-0.514495755428,0.857492925713));
#9956 = PCURVE('',#3659,#9957);
#9957 = DEFINITIONAL_REPRESENTATION('',(#9958),#9962);
#9958 = LINE('',#9959,#9960);
#9959 = CARTESIAN_POINT('',(0.,0.));
#9960 = VECTOR('',#9961,1.);
#9961 = DIRECTION('',(1.,0.));
#9962 = ( GEOMETRIC_REPRESENTATION_CONTEXT(2) 
PARAMETRIC_REPRESENTATION_CONTEXT() REPRESENTATION_CONTEXT('2D SPACE',''
  ) );
#9963 = PCURVE('',#3631,#9964);
#9964 = DEFINITIONAL_REPRESENTATION('',(#9965),#9969);
#9965 = LINE('',#9966,#9967);
#9966 = CARTESIAN_POINT('',(9.7,-1.40868680983));
#9967 = VECTOR('',#9968,1.);
#9968 = DIRECTION('',(-0.514495755428,0.857492925713));
#9969 = ( GEOMETRIC_REPRESENTATION_CONTEXT(2) 
PARAMETRIC_REPRESENTATION_CONTEXT() REPRESENTATION_CONTEXT('2D SPACE',''
  ) );
#9970 = ORIENTED_EDGE('',*,*,#9971,.T.);
#9971 = EDGE_CURVE('',#9949,#9514,#9972,.T.);
#9972 = SURFACE_CURVE('',#9973,(#9977,#9984),.PCURVE_S1.);
#9973 = LINE('',#9974,#9975);
#9974 = CARTESIAN_POINT('',(-42.1,9.7,7.7));
#9975 = VECTOR('',#9976,1.);
#9976 = DIRECTION('',(1.,0.,0.));
#9977 = PCURVE('',#3659,#9978);
#9978 = DEFINITIONAL_REPRESENTATION('',(#9979),#9983);
#9979 = LINE('',#9980,#9981);
#9980 = CARTESIAN_POINT('',(0.,0.));
#9981 = VECTOR('',#9982,1.);
#9982 = DIRECTION('',(0.,-1.));
#9983 = ( GEOMETRIC_REPRESENTATION_CONTEXT(2) 
PARAMETRIC_REPRESENTATION_CONTEXT() REPRESENTATION_CONTEXT('2D SPACE',''
  ) );
#9984 = PCURVE('',#9549,#9985);
#9985 = DEFINITIONAL_REPRESENTATION('',(#9986),#9990);
#9986 = LINE('',#9987,#9988);
#9987 = CARTESIAN_POINT('',(19.4,0.));
#9988 = VECTOR('',#9989,1.);
#9989 = DIRECTION('',(0.,-1.));
#9990 = ( GEOMETRIC_REPRESENTATION_CONTEXT(2) 
PARAMETRIC_REPRESENTATION_CONTEXT() REPRESENTATION_CONTEXT('2D SPACE',''
  ) );
#9991 = ORIENTED_EDGE('',*,*,#9513,.F.);
#9992 = ORIENTED_EDGE('',*,*,#3643,.F.);
#9993 = ADVANCED_FACE('',(#9994),#3631,.T.);
#9994 = FACE_BOUND('',#9995,.T.);
#9995 = EDGE_LOOP('',(#9996,#10019,#10042,#10070,#10098,#10126,#10147,
    #10148));
#9996 = ORIENTED_EDGE('',*,*,#9997,.T.);
#9997 = EDGE_CURVE('',#3589,#9998,#10000,.T.);
#9998 = VERTEX_POINT('',#9999);
#9999 = CARTESIAN_POINT('',(-42.1,-9.7,7.7));
#10000 = SURFACE_CURVE('',#10001,(#10005,#10012),.PCURVE_S1.);
#10001 = LINE('',#10002,#10003);
#10002 = CARTESIAN_POINT('',(-42.1,-8.5,9.7));
#10003 = VECTOR('',#10004,1.);
#10004 = DIRECTION('',(0.,-0.514495755428,-0.857492925713));
#10005 = PCURVE('',#3631,#10006);
#10006 = DEFINITIONAL_REPRESENTATION('',(#10007),#10011);
#10007 = LINE('',#10008,#10009);
#10008 = CARTESIAN_POINT('',(-8.5,0.59131319017));
#10009 = VECTOR('',#10010,1.);
#10010 = DIRECTION('',(-0.514495755428,-0.857492925713));
#10011 = ( GEOMETRIC_REPRESENTATION_CONTEXT(2) 
PARAMETRIC_REPRESENTATION_CONTEXT() REPRESENTATION_CONTEXT('2D SPACE',''
  ) );
#10012 = PCURVE('',#3604,#10013);
#10013 = DEFINITIONAL_REPRESENTATION('',(#10014),#10018);
#10014 = LINE('',#10015,#10016);
#10015 = CARTESIAN_POINT('',(0.,0.));
#10016 = VECTOR('',#10017,1.);
#10017 = DIRECTION('',(1.,0.));
#10018 = ( GEOMETRIC_REPRESENTATION_CONTEXT(2) 
PARAMETRIC_REPRESENTATION_CONTEXT() REPRESENTATION_CONTEXT('2D SPACE',''
  ) );
#10019 = ORIENTED_EDGE('',*,*,#10020,.T.);
#10020 = EDGE_CURVE('',#9998,#10021,#10023,.T.);
#10021 = VERTEX_POINT('',#10022);
#10022 = CARTESIAN_POINT('',(-42.1,-5.5,7.7));
#10023 = SURFACE_CURVE('',#10024,(#10028,#10035),.PCURVE_S1.);
#10024 = LINE('',#10025,#10026);
#10025 = CARTESIAN_POINT('',(-42.1,-9.7,7.7));
#10026 = VECTOR('',#10027,1.);
#10027 = DIRECTION('',(0.,1.,0.));
#10028 = PCURVE('',#3631,#10029);
#10029 = DEFINITIONAL_REPRESENTATION('',(#10030),#10034);
#10030 = LINE('',#10031,#10032);
#10031 = CARTESIAN_POINT('',(-9.7,-1.40868680983));
#10032 = VECTOR('',#10033,1.);
#10033 = DIRECTION('',(1.,0.));
#10034 = ( GEOMETRIC_REPRESENTATION_CONTEXT(2) 
PARAMETRIC_REPRESENTATION_CONTEXT() REPRESENTATION_CONTEXT('2D SPACE',''
  ) );
#10035 = PCURVE('',#9549,#10036);
#10036 = DEFINITIONAL_REPRESENTATION('',(#10037),#10041);
#10037 = LINE('',#10038,#10039);
#10038 = CARTESIAN_POINT('',(0.,0.));
#10039 = VECTOR('',#10040,1.);
#10040 = DIRECTION('',(1.,0.));
#10041 = ( GEOMETRIC_REPRESENTATION_CONTEXT(2) 
PARAMETRIC_REPRESENTATION_CONTEXT() REPRESENTATION_CONTEXT('2D SPACE',''
  ) );
#10042 = ORIENTED_EDGE('',*,*,#10043,.F.);
#10043 = EDGE_CURVE('',#10044,#10021,#10046,.T.);
#10044 = VERTEX_POINT('',#10045);
#10045 = CARTESIAN_POINT('',(-42.1,-5.5,3.7));
#10046 = SURFACE_CURVE('',#10047,(#10051,#10058),.PCURVE_S1.);
#10047 = LINE('',#10048,#10049);
#10048 = CARTESIAN_POINT('',(-42.1,-5.5,1.2));
#10049 = VECTOR('',#10050,1.);
#10050 = DIRECTION('',(0.,0.,1.));
#10051 = PCURVE('',#3631,#10052);
#10052 = DEFINITIONAL_REPRESENTATION('',(#10053),#10057);
#10053 = LINE('',#10054,#10055);
#10054 = CARTESIAN_POINT('',(-5.5,-7.90868680983));
#10055 = VECTOR('',#10056,1.);
#10056 = DIRECTION('',(0.,1.));
#10057 = ( GEOMETRIC_REPRESENTATION_CONTEXT(2) 
PARAMETRIC_REPRESENTATION_CONTEXT() REPRESENTATION_CONTEXT('2D SPACE',''
  ) );
#10058 = PCURVE('',#10059,#10064);
#10059 = CYLINDRICAL_SURFACE('',#10060,3.);
#10060 = AXIS2_PLACEMENT_3D('',#10061,#10062,#10063);
#10061 = CARTESIAN_POINT('',(-39.1,-5.5,1.2));
#10062 = DIRECTION('',(0.,0.,1.));
#10063 = DIRECTION('',(-1.,-0.,0.));
#10064 = DEFINITIONAL_REPRESENTATION('',(#10065),#10069);
#10065 = LINE('',#10066,#10067);
#10066 = CARTESIAN_POINT('',(0.,0.));
#10067 = VECTOR('',#10068,1.);
#10068 = DIRECTION('',(0.,1.));
#10069 = ( GEOMETRIC_REPRESENTATION_CONTEXT(2) 
PARAMETRIC_REPRESENTATION_CONTEXT() REPRESENTATION_CONTEXT('2D SPACE',''
  ) );
#10070 = ORIENTED_EDGE('',*,*,#10071,.T.);
#10071 = EDGE_CURVE('',#10044,#10072,#10074,.T.);
#10072 = VERTEX_POINT('',#10073);
#10073 = CARTESIAN_POINT('',(-42.1,5.5,3.7));
#10074 = SURFACE_CURVE('',#10075,(#10079,#10086),.PCURVE_S1.);
#10075 = LINE('',#10076,#10077);
#10076 = CARTESIAN_POINT('',(-42.1,-5.5,3.7));
#10077 = VECTOR('',#10078,1.);
#10078 = DIRECTION('',(-0.,1.,0.));
#10079 = PCURVE('',#3631,#10080);
#10080 = DEFINITIONAL_REPRESENTATION('',(#10081),#10085);
#10081 = LINE('',#10082,#10083);
#10082 = CARTESIAN_POINT('',(-5.5,-5.40868680983));
#10083 = VECTOR('',#10084,1.);
#10084 = DIRECTION('',(1.,0.));
#10085 = ( GEOMETRIC_REPRESENTATION_CONTEXT(2) 
PARAMETRIC_REPRESENTATION_CONTEXT() REPRESENTATION_CONTEXT('2D SPACE',''
  ) );
#10086 = PCURVE('',#10087,#10092);
#10087 = CYLINDRICAL_SURFACE('',#10088,2.5);
#10088 = AXIS2_PLACEMENT_3D('',#10089,#10090,#10091);
#10089 = CARTESIAN_POINT('',(-39.6,-5.5,3.7));
#10090 = DIRECTION('',(-0.,1.,0.));
#10091 = DIRECTION('',(-1.,-0.,0.));
#10092 = DEFINITIONAL_REPRESENTATION('',(#10093),#10097);
#10093 = LINE('',#10094,#10095);
#10094 = CARTESIAN_POINT('',(-0.,0.));
#10095 = VECTOR('',#10096,1.);
#10096 = DIRECTION('',(-0.,1.));
#10097 = ( GEOMETRIC_REPRESENTATION_CONTEXT(2) 
PARAMETRIC_REPRESENTATION_CONTEXT() REPRESENTATION_CONTEXT('2D SPACE',''
  ) );
#10098 = ORIENTED_EDGE('',*,*,#10099,.T.);
#10099 = EDGE_CURVE('',#10072,#10100,#10102,.T.);
#10100 = VERTEX_POINT('',#10101);
#10101 = CARTESIAN_POINT('',(-42.1,5.5,7.7));
#10102 = SURFACE_CURVE('',#10103,(#10107,#10114),.PCURVE_S1.);
#10103 = LINE('',#10104,#10105);
#10104 = CARTESIAN_POINT('',(-42.1,5.5,1.2));
#10105 = VECTOR('',#10106,1.);
#10106 = DIRECTION('',(0.,0.,1.));
#10107 = PCURVE('',#3631,#10108);
#10108 = DEFINITIONAL_REPRESENTATION('',(#10109),#10113);
#10109 = LINE('',#10110,#10111);
#10110 = CARTESIAN_POINT('',(5.5,-7.90868680983));
#10111 = VECTOR('',#10112,1.);
#10112 = DIRECTION('',(0.,1.));
#10113 = ( GEOMETRIC_REPRESENTATION_CONTEXT(2) 
PARAMETRIC_REPRESENTATION_CONTEXT() REPRESENTATION_CONTEXT('2D SPACE',''
  ) );
#10114 = PCURVE('',#10115,#10120);
#10115 = CYLINDRICAL_SURFACE('',#10116,3.);
#10116 = AXIS2_PLACEMENT_3D('',#10117,#10118,#10119);
#10117 = CARTESIAN_POINT('',(-39.1,5.5,1.2));
#10118 = DIRECTION('',(0.,0.,1.));
#10119 = DIRECTION('',(-1.,-0.,0.));
#10120 = DEFINITIONAL_REPRESENTATION('',(#10121),#10125);
#10121 = LINE('',#10122,#10123);
#10122 = CARTESIAN_POINT('',(-0.,0.));
#10123 = VECTOR('',#10124,1.);
#10124 = DIRECTION('',(-0.,1.));
#10125 = ( GEOMETRIC_REPRESENTATION_CONTEXT(2) 
PARAMETRIC_REPRESENTATION_CONTEXT() REPRESENTATION_CONTEXT('2D SPACE',''
  ) );
#10126 = ORIENTED_EDGE('',*,*,#10127,.T.);
#10127 = EDGE_CURVE('',#10100,#9949,#10128,.T.);
#10128 = SURFACE_CURVE('',#10129,(#10133,#10140),.PCURVE_S1.);
#10129 = LINE('',#10130,#10131);
#10130 = CARTESIAN_POINT('',(-42.1,-9.7,7.7));
#10131 = VECTOR('',#10132,1.);
#10132 = DIRECTION('',(0.,1.,0.));
#10133 = PCURVE('',#3631,#10134);
#10134 = DEFINITIONAL_REPRESENTATION('',(#10135),#10139);
#10135 = LINE('',#10136,#10137);
#10136 = CARTESIAN_POINT('',(-9.7,-1.40868680983));
#10137 = VECTOR('',#10138,1.);
#10138 = DIRECTION('',(1.,0.));
#10139 = ( GEOMETRIC_REPRESENTATION_CONTEXT(2) 
PARAMETRIC_REPRESENTATION_CONTEXT() REPRESENTATION_CONTEXT('2D SPACE',''
  ) );
#10140 = PCURVE('',#9549,#10141);
#10141 = DEFINITIONAL_REPRESENTATION('',(#10142),#10146);
#10142 = LINE('',#10143,#10144);
#10143 = CARTESIAN_POINT('',(0.,0.));
#10144 = VECTOR('',#10145,1.);
#10145 = DIRECTION('',(1.,0.));
#10146 = ( GEOMETRIC_REPRESENTATION_CONTEXT(2) 
PARAMETRIC_REPRESENTATION_CONTEXT() REPRESENTATION_CONTEXT('2D SPACE',''
  ) );
#10147 = ORIENTED_EDGE('',*,*,#9948,.T.);
#10148 = ORIENTED_EDGE('',*,*,#3616,.F.);
#10149 = ADVANCED_FACE('',(#10150),#3604,.T.);
#10150 = FACE_BOUND('',#10151,.T.);
#10151 = EDGE_LOOP('',(#10152,#10153,#10154,#10155));
#10152 = ORIENTED_EDGE('',*,*,#9997,.F.);
#10153 = ORIENTED_EDGE('',*,*,#3588,.T.);
#10154 = ORIENTED_EDGE('',*,*,#9560,.F.);
#10155 = ORIENTED_EDGE('',*,*,#10156,.F.);
#10156 = EDGE_CURVE('',#9998,#9535,#10157,.T.);
#10157 = SURFACE_CURVE('',#10158,(#10162,#10169),.PCURVE_S1.);
#10158 = LINE('',#10159,#10160);
#10159 = CARTESIAN_POINT('',(-42.1,-9.7,7.7));
#10160 = VECTOR('',#10161,1.);
#10161 = DIRECTION('',(1.,0.,0.));
#10162 = PCURVE('',#3604,#10163);
#10163 = DEFINITIONAL_REPRESENTATION('',(#10164),#10168);
#10164 = LINE('',#10165,#10166);
#10165 = CARTESIAN_POINT('',(2.332380757938,0.));
#10166 = VECTOR('',#10167,1.);
#10167 = DIRECTION('',(0.,-1.));
#10168 = ( GEOMETRIC_REPRESENTATION_CONTEXT(2) 
PARAMETRIC_REPRESENTATION_CONTEXT() REPRESENTATION_CONTEXT('2D SPACE',''
  ) );
#10169 = PCURVE('',#9549,#10170);
#10170 = DEFINITIONAL_REPRESENTATION('',(#10171),#10175);
#10171 = LINE('',#10172,#10173);
#10172 = CARTESIAN_POINT('',(0.,0.));
#10173 = VECTOR('',#10174,1.);
#10174 = DIRECTION('',(0.,-1.));
#10175 = ( GEOMETRIC_REPRESENTATION_CONTEXT(2) 
PARAMETRIC_REPRESENTATION_CONTEXT() REPRESENTATION_CONTEXT('2D SPACE',''
  ) );
#10176 = ADVANCED_FACE('',(#10177),#3930,.T.);
#10177 = FACE_BOUND('',#10178,.F.);
#10178 = EDGE_LOOP('',(#10179,#10180,#10181,#10182,#10183,#10184,#10185,
    #10186,#10187,#10188,#10189,#10190,#10191));
#10179 = ORIENTED_EDGE('',*,*,#3914,.T.);
#10180 = ORIENTED_EDGE('',*,*,#4017,.T.);
#10181 = ORIENTED_EDGE('',*,*,#4115,.T.);
#10182 = ORIENTED_EDGE('',*,*,#4213,.T.);
#10183 = ORIENTED_EDGE('',*,*,#4311,.T.);
#10184 = ORIENTED_EDGE('',*,*,#4409,.T.);
#10185 = ORIENTED_EDGE('',*,*,#4507,.T.);
#10186 = ORIENTED_EDGE('',*,*,#4480,.T.);
#10187 = ORIENTED_EDGE('',*,*,#4382,.T.);
#10188 = ORIENTED_EDGE('',*,*,#4284,.T.);
#10189 = ORIENTED_EDGE('',*,*,#4186,.T.);
#10190 = ORIENTED_EDGE('',*,*,#4088,.T.);
#10191 = ORIENTED_EDGE('',*,*,#3990,.T.);
#10192 = ADVANCED_FACE('',(#10193),#4572,.T.);
#10193 = FACE_BOUND('',#10194,.F.);
#10194 = EDGE_LOOP('',(#10195,#10196,#10197,#10198,#10199,#10200,#10201,
    #10202));
#10195 = ORIENTED_EDGE('',*,*,#4556,.T.);
#10196 = ORIENTED_EDGE('',*,*,#4659,.T.);
#10197 = ORIENTED_EDGE('',*,*,#4757,.T.);
#10198 = ORIENTED_EDGE('',*,*,#4855,.T.);
#10199 = ORIENTED_EDGE('',*,*,#4904,.T.);
#10200 = ORIENTED_EDGE('',*,*,#4828,.T.);
#10201 = ORIENTED_EDGE('',*,*,#4730,.T.);
#10202 = ORIENTED_EDGE('',*,*,#4632,.T.);
#10203 = ADVANCED_FACE('',(#10204),#4969,.T.);
#10204 = FACE_BOUND('',#10205,.F.);
#10205 = EDGE_LOOP('',(#10206,#10207,#10208,#10209,#10210,#10211,#10212,
    #10213,#10214,#10215,#10216,#10217,#10218));
#10206 = ORIENTED_EDGE('',*,*,#4953,.T.);
#10207 = ORIENTED_EDGE('',*,*,#5056,.T.);
#10208 = ORIENTED_EDGE('',*,*,#5154,.T.);
#10209 = ORIENTED_EDGE('',*,*,#5252,.T.);
#10210 = ORIENTED_EDGE('',*,*,#5350,.T.);
#10211 = ORIENTED_EDGE('',*,*,#5448,.T.);
#10212 = ORIENTED_EDGE('',*,*,#5546,.T.);
#10213 = ORIENTED_EDGE('',*,*,#5519,.T.);
#10214 = ORIENTED_EDGE('',*,*,#5421,.T.);
#10215 = ORIENTED_EDGE('',*,*,#5323,.T.);
#10216 = ORIENTED_EDGE('',*,*,#5225,.T.);
#10217 = ORIENTED_EDGE('',*,*,#5127,.T.);
#10218 = ORIENTED_EDGE('',*,*,#5029,.T.);
#10219 = ADVANCED_FACE('',(#10220),#5611,.T.);
#10220 = FACE_BOUND('',#10221,.F.);
#10221 = EDGE_LOOP('',(#10222,#10223,#10224,#10225,#10226,#10227,#10228,
    #10229));
#10222 = ORIENTED_EDGE('',*,*,#5595,.T.);
#10223 = ORIENTED_EDGE('',*,*,#5698,.T.);
#10224 = ORIENTED_EDGE('',*,*,#5796,.T.);
#10225 = ORIENTED_EDGE('',*,*,#5894,.T.);
#10226 = ORIENTED_EDGE('',*,*,#5943,.T.);
#10227 = ORIENTED_EDGE('',*,*,#5867,.T.);
#10228 = ORIENTED_EDGE('',*,*,#5769,.T.);
#10229 = ORIENTED_EDGE('',*,*,#5671,.T.);
#10230 = ADVANCED_FACE('',(#10231),#6008,.T.);
#10231 = FACE_BOUND('',#10232,.F.);
#10232 = EDGE_LOOP('',(#10233,#10234,#10235,#10236,#10237,#10238,#10239,
    #10240,#10241,#10242));
#10233 = ORIENTED_EDGE('',*,*,#5992,.T.);
#10234 = ORIENTED_EDGE('',*,*,#6095,.T.);
#10235 = ORIENTED_EDGE('',*,*,#6193,.T.);
#10236 = ORIENTED_EDGE('',*,*,#6291,.T.);
#10237 = ORIENTED_EDGE('',*,*,#6389,.T.);
#10238 = ORIENTED_EDGE('',*,*,#6438,.T.);
#10239 = ORIENTED_EDGE('',*,*,#6362,.T.);
#10240 = ORIENTED_EDGE('',*,*,#6264,.T.);
#10241 = ORIENTED_EDGE('',*,*,#6166,.T.);
#10242 = ORIENTED_EDGE('',*,*,#6068,.T.);
#10243 = ADVANCED_FACE('',(#10244),#6503,.T.);
#10244 = FACE_BOUND('',#10245,.F.);
#10245 = EDGE_LOOP('',(#10246,#10247,#10248,#10249,#10250,#10251,#10252,
    #10253,#10254,#10255,#10256,#10257,#10258,#10259,#10260,#10261,
    #10262,#10263,#10264,#10265,#10266,#10267,#10268,#10269,#10270,
    #10271,#10272,#10273,#10274,#10275));
#10246 = ORIENTED_EDGE('',*,*,#6487,.T.);
#10247 = ORIENTED_EDGE('',*,*,#6590,.T.);
#10248 = ORIENTED_EDGE('',*,*,#6688,.T.);
#10249 = ORIENTED_EDGE('',*,*,#6786,.T.);
#10250 = ORIENTED_EDGE('',*,*,#6884,.T.);
#10251 = ORIENTED_EDGE('',*,*,#6982,.T.);
#10252 = ORIENTED_EDGE('',*,*,#7080,.T.);
#10253 = ORIENTED_EDGE('',*,*,#7178,.T.);
#10254 = ORIENTED_EDGE('',*,*,#7276,.T.);
#10255 = ORIENTED_EDGE('',*,*,#7374,.T.);
#10256 = ORIENTED_EDGE('',*,*,#7472,.T.);
#10257 = ORIENTED_EDGE('',*,*,#7570,.T.);
#10258 = ORIENTED_EDGE('',*,*,#7668,.T.);
#10259 = ORIENTED_EDGE('',*,*,#7766,.T.);
#10260 = ORIENTED_EDGE('',*,*,#7864,.T.);
#10261 = ORIENTED_EDGE('',*,*,#7913,.T.);
#10262 = ORIENTED_EDGE('',*,*,#7837,.T.);
#10263 = ORIENTED_EDGE('',*,*,#7739,.T.);
#10264 = ORIENTED_EDGE('',*,*,#7641,.T.);
#10265 = ORIENTED_EDGE('',*,*,#7543,.T.);
#10266 = ORIENTED_EDGE('',*,*,#7445,.T.);
#10267 = ORIENTED_EDGE('',*,*,#7347,.T.);
#10268 = ORIENTED_EDGE('',*,*,#7249,.T.);
#10269 = ORIENTED_EDGE('',*,*,#7151,.T.);
#10270 = ORIENTED_EDGE('',*,*,#7053,.T.);
#10271 = ORIENTED_EDGE('',*,*,#6955,.T.);
#10272 = ORIENTED_EDGE('',*,*,#6857,.T.);
#10273 = ORIENTED_EDGE('',*,*,#6759,.T.);
#10274 = ORIENTED_EDGE('',*,*,#6661,.T.);
#10275 = ORIENTED_EDGE('',*,*,#6563,.T.);
#10276 = ADVANCED_FACE('',(#10277),#7978,.T.);
#10277 = FACE_BOUND('',#10278,.F.);
#10278 = EDGE_LOOP('',(#10279,#10280,#10281,#10282,#10283,#10284,#10285,
    #10286,#10287,#10288,#10289,#10290,#10291,#10292,#10293,#10294,
    #10295,#10296,#10297,#10298,#10299,#10300,#10301,#10302,#10303,
    #10304,#10305,#10306,#10307,#10308));
#10279 = ORIENTED_EDGE('',*,*,#7962,.T.);
#10280 = ORIENTED_EDGE('',*,*,#8016,.T.);
#10281 = ORIENTED_EDGE('',*,*,#8065,.T.);
#10282 = ORIENTED_EDGE('',*,*,#8114,.T.);
#10283 = ORIENTED_EDGE('',*,*,#8163,.T.);
#10284 = ORIENTED_EDGE('',*,*,#8212,.T.);
#10285 = ORIENTED_EDGE('',*,*,#8261,.T.);
#10286 = ORIENTED_EDGE('',*,*,#8310,.T.);
#10287 = ORIENTED_EDGE('',*,*,#8359,.T.);
#10288 = ORIENTED_EDGE('',*,*,#8408,.T.);
#10289 = ORIENTED_EDGE('',*,*,#8457,.T.);
#10290 = ORIENTED_EDGE('',*,*,#8506,.T.);
#10291 = ORIENTED_EDGE('',*,*,#8555,.T.);
#10292 = ORIENTED_EDGE('',*,*,#8604,.T.);
#10293 = ORIENTED_EDGE('',*,*,#8653,.T.);
#10294 = ORIENTED_EDGE('',*,*,#8702,.T.);
#10295 = ORIENTED_EDGE('',*,*,#8751,.T.);
#10296 = ORIENTED_EDGE('',*,*,#8800,.T.);
#10297 = ORIENTED_EDGE('',*,*,#8849,.T.);
#10298 = ORIENTED_EDGE('',*,*,#8898,.T.);
#10299 = ORIENTED_EDGE('',*,*,#8947,.T.);
#10300 = ORIENTED_EDGE('',*,*,#8996,.T.);
#10301 = ORIENTED_EDGE('',*,*,#9045,.T.);
#10302 = ORIENTED_EDGE('',*,*,#9094,.T.);
#10303 = ORIENTED_EDGE('',*,*,#9143,.T.);
#10304 = ORIENTED_EDGE('',*,*,#9192,.T.);
#10305 = ORIENTED_EDGE('',*,*,#9241,.T.);
#10306 = ORIENTED_EDGE('',*,*,#9290,.T.);
#10307 = ORIENTED_EDGE('',*,*,#9339,.T.);
#10308 = ORIENTED_EDGE('',*,*,#9388,.T.);
#10309 = ADVANCED_FACE('',(#10310),#9431,.F.);
#10310 = FACE_BOUND('',#10311,.F.);
#10311 = EDGE_LOOP('',(#10312,#10313,#10314,#10333));
#10312 = ORIENTED_EDGE('',*,*,#9416,.F.);
#10313 = ORIENTED_EDGE('',*,*,#9468,.T.);
#10314 = ORIENTED_EDGE('',*,*,#10315,.T.);
#10315 = EDGE_CURVE('',#9469,#9639,#10316,.T.);
#10316 = SURFACE_CURVE('',#10317,(#10321,#10327),.PCURVE_S1.);
#10317 = LINE('',#10318,#10319);
#10318 = CARTESIAN_POINT('',(43.9,10.7,0.2));
#10319 = VECTOR('',#10320,1.);
#10320 = DIRECTION('',(-0.707106781187,5.93224357051E-37,-0.707106781187
    ));
#10321 = PCURVE('',#9431,#10322);
#10322 = DEFINITIONAL_REPRESENTATION('',(#10323),#10326);
#10323 = B_SPLINE_CURVE_WITH_KNOTS('',1,(#10324,#10325),.UNSPECIFIED.,
  .F.,.F.,(2,2),(-0.282842712475,0.282842712475),
  .PIECEWISE_BEZIER_KNOTS.);
#10324 = CARTESIAN_POINT('',(21.4,-0.282842712475));
#10325 = CARTESIAN_POINT('',(21.4,0.282842712475));
#10326 = ( GEOMETRIC_REPRESENTATION_CONTEXT(2) 
PARAMETRIC_REPRESENTATION_CONTEXT() REPRESENTATION_CONTEXT('2D SPACE',''
  ) );
#10327 = PCURVE('',#9678,#10328);
#10328 = DEFINITIONAL_REPRESENTATION('',(#10329),#10332);
#10329 = B_SPLINE_CURVE_WITH_KNOTS('',1,(#10330,#10331),.UNSPECIFIED.,
  .F.,.F.,(2,2),(-0.282842712475,0.282842712475),
  .PIECEWISE_BEZIER_KNOTS.);
#10330 = CARTESIAN_POINT('',(0.,0.));
#10331 = CARTESIAN_POINT('',(0.,-0.4));
#10332 = ( GEOMETRIC_REPRESENTATION_CONTEXT(2) 
PARAMETRIC_REPRESENTATION_CONTEXT() REPRESENTATION_CONTEXT('2D SPACE',''
  ) );
#10333 = ORIENTED_EDGE('',*,*,#9638,.F.);
#10334 = ADVANCED_FACE('',(#10335,#10524,#10746,#10968,#11190,#11412,
    #11634),#9549,.T.);
#10335 = FACE_BOUND('',#10336,.T.);
#10336 = EDGE_LOOP('',(#10337,#10338,#10339,#10340,#10341,#10342,#10366,
    #10392,#10421,#10447,#10476,#10502));
#10337 = ORIENTED_EDGE('',*,*,#10020,.F.);
#10338 = ORIENTED_EDGE('',*,*,#10156,.T.);
#10339 = ORIENTED_EDGE('',*,*,#9534,.F.);
#10340 = ORIENTED_EDGE('',*,*,#9971,.F.);
#10341 = ORIENTED_EDGE('',*,*,#10127,.F.);
#10342 = ORIENTED_EDGE('',*,*,#10343,.F.);
#10343 = EDGE_CURVE('',#10344,#10100,#10346,.T.);
#10344 = VERTEX_POINT('',#10345);
#10345 = CARTESIAN_POINT('',(-39.1,8.5,7.7));
#10346 = SURFACE_CURVE('',#10347,(#10352,#10359),.PCURVE_S1.);
#10347 = CIRCLE('',#10348,3.);
#10348 = AXIS2_PLACEMENT_3D('',#10349,#10350,#10351);
#10349 = CARTESIAN_POINT('',(-39.1,5.5,7.7));
#10350 = DIRECTION('',(0.,0.,1.));
#10351 = DIRECTION('',(-1.,-0.,0.));
#10352 = PCURVE('',#9549,#10353);
#10353 = DEFINITIONAL_REPRESENTATION('',(#10354),#10358);
#10354 = CIRCLE('',#10355,3.);
#10355 = AXIS2_PLACEMENT_2D('',#10356,#10357);
#10356 = CARTESIAN_POINT('',(15.2,-3.));
#10357 = DIRECTION('',(0.,1.));
#10358 = ( GEOMETRIC_REPRESENTATION_CONTEXT(2) 
PARAMETRIC_REPRESENTATION_CONTEXT() REPRESENTATION_CONTEXT('2D SPACE',''
  ) );
#10359 = PCURVE('',#10115,#10360);
#10360 = DEFINITIONAL_REPRESENTATION('',(#10361),#10365);
#10361 = LINE('',#10362,#10363);
#10362 = CARTESIAN_POINT('',(-6.28318530718,6.5));
#10363 = VECTOR('',#10364,1.);
#10364 = DIRECTION('',(1.,-0.));
#10365 = ( GEOMETRIC_REPRESENTATION_CONTEXT(2) 
PARAMETRIC_REPRESENTATION_CONTEXT() REPRESENTATION_CONTEXT('2D SPACE',''
  ) );
#10366 = ORIENTED_EDGE('',*,*,#10367,.T.);
#10367 = EDGE_CURVE('',#10344,#10368,#10370,.T.);
#10368 = VERTEX_POINT('',#10369);
#10369 = CARTESIAN_POINT('',(-34.1,8.5,7.7));
#10370 = SURFACE_CURVE('',#10371,(#10375,#10381),.PCURVE_S1.);
#10371 = LINE('',#10372,#10373);
#10372 = CARTESIAN_POINT('',(-42.1,8.5,7.7));
#10373 = VECTOR('',#10374,1.);
#10374 = DIRECTION('',(1.,0.,-0.));
#10375 = PCURVE('',#9549,#10376);
#10376 = DEFINITIONAL_REPRESENTATION('',(#10377),#10380);
#10377 = B_SPLINE_CURVE_WITH_KNOTS('',1,(#10378,#10379),.UNSPECIFIED.,
  .F.,.F.,(2,2),(3.,8.),.PIECEWISE_BEZIER_KNOTS.);
#10378 = CARTESIAN_POINT('',(18.2,-3.));
#10379 = CARTESIAN_POINT('',(18.2,-8.));
#10380 = ( GEOMETRIC_REPRESENTATION_CONTEXT(2) 
PARAMETRIC_REPRESENTATION_CONTEXT() REPRESENTATION_CONTEXT('2D SPACE',''
  ) );
#10381 = PCURVE('',#10382,#10387);
#10382 = PLANE('',#10383);
#10383 = AXIS2_PLACEMENT_3D('',#10384,#10385,#10386);
#10384 = CARTESIAN_POINT('',(-42.1,8.5,1.2));
#10385 = DIRECTION('',(-0.,1.,0.));
#10386 = DIRECTION('',(0.,0.,1.));
#10387 = DEFINITIONAL_REPRESENTATION('',(#10388),#10391);
#10388 = B_SPLINE_CURVE_WITH_KNOTS('',1,(#10389,#10390),.UNSPECIFIED.,
  .F.,.F.,(2,2),(3.,8.),.PIECEWISE_BEZIER_KNOTS.);
#10389 = CARTESIAN_POINT('',(6.5,3.));
#10390 = CARTESIAN_POINT('',(6.5,8.));
#10391 = ( GEOMETRIC_REPRESENTATION_CONTEXT(2) 
PARAMETRIC_REPRESENTATION_CONTEXT() REPRESENTATION_CONTEXT('2D SPACE',''
  ) );
#10392 = ORIENTED_EDGE('',*,*,#10393,.F.);
#10393 = EDGE_CURVE('',#10394,#10368,#10396,.T.);
#10394 = VERTEX_POINT('',#10395);
#10395 = CARTESIAN_POINT('',(-31.1,5.5,7.7));
#10396 = SURFACE_CURVE('',#10397,(#10402,#10409),.PCURVE_S1.);
#10397 = CIRCLE('',#10398,3.);
#10398 = AXIS2_PLACEMENT_3D('',#10399,#10400,#10401);
#10399 = CARTESIAN_POINT('',(-34.1,5.5,7.7));
#10400 = DIRECTION('',(0.,0.,1.));
#10401 = DIRECTION('',(1.,0.,-0.));
#10402 = PCURVE('',#9549,#10403);
#10403 = DEFINITIONAL_REPRESENTATION('',(#10404),#10408);
#10404 = CIRCLE('',#10405,3.);
#10405 = AXIS2_PLACEMENT_2D('',#10406,#10407);
#10406 = CARTESIAN_POINT('',(15.2,-8.));
#10407 = DIRECTION('',(0.,-1.));
#10408 = ( GEOMETRIC_REPRESENTATION_CONTEXT(2) 
PARAMETRIC_REPRESENTATION_CONTEXT() REPRESENTATION_CONTEXT('2D SPACE',''
  ) );
#10409 = PCURVE('',#10410,#10415);
#10410 = CYLINDRICAL_SURFACE('',#10411,3.);
#10411 = AXIS2_PLACEMENT_3D('',#10412,#10413,#10414);
#10412 = CARTESIAN_POINT('',(-34.1,5.5,1.2));
#10413 = DIRECTION('',(0.,0.,1.));
#10414 = DIRECTION('',(1.,0.,-0.));
#10415 = DEFINITIONAL_REPRESENTATION('',(#10416),#10420);
#10416 = LINE('',#10417,#10418);
#10417 = CARTESIAN_POINT('',(0.,6.5));
#10418 = VECTOR('',#10419,1.);
#10419 = DIRECTION('',(1.,0.));
#10420 = ( GEOMETRIC_REPRESENTATION_CONTEXT(2) 
PARAMETRIC_REPRESENTATION_CONTEXT() REPRESENTATION_CONTEXT('2D SPACE',''
  ) );
#10421 = ORIENTED_EDGE('',*,*,#10422,.T.);
#10422 = EDGE_CURVE('',#10394,#10423,#10425,.T.);
#10423 = VERTEX_POINT('',#10424);
#10424 = CARTESIAN_POINT('',(-31.1,-5.5,7.7));
#10425 = SURFACE_CURVE('',#10426,(#10430,#10436),.PCURVE_S1.);
#10426 = LINE('',#10427,#10428);
#10427 = CARTESIAN_POINT('',(-31.1,-9.1,7.7));
#10428 = VECTOR('',#10429,1.);
#10429 = DIRECTION('',(0.,-1.,0.));
#10430 = PCURVE('',#9549,#10431);
#10431 = DEFINITIONAL_REPRESENTATION('',(#10432),#10435);
#10432 = B_SPLINE_CURVE_WITH_KNOTS('',1,(#10433,#10434),.UNSPECIFIED.,
  .F.,.F.,(2,2),(-14.6,-3.6),.PIECEWISE_BEZIER_KNOTS.);
#10433 = CARTESIAN_POINT('',(15.2,-11.));
#10434 = CARTESIAN_POINT('',(4.2,-11.));
#10435 = ( GEOMETRIC_REPRESENTATION_CONTEXT(2) 
PARAMETRIC_REPRESENTATION_CONTEXT() REPRESENTATION_CONTEXT('2D SPACE',''
  ) );
#10436 = PCURVE('',#10437,#10442);
#10437 = PLANE('',#10438);
#10438 = AXIS2_PLACEMENT_3D('',#10439,#10440,#10441);
#10439 = CARTESIAN_POINT('',(-31.1,-8.5,1.2));
#10440 = DIRECTION('',(1.,0.,-0.));
#10441 = DIRECTION('',(0.,0.,1.));
#10442 = DEFINITIONAL_REPRESENTATION('',(#10443),#10446);
#10443 = B_SPLINE_CURVE_WITH_KNOTS('',1,(#10444,#10445),.UNSPECIFIED.,
  .F.,.F.,(2,2),(-14.6,-3.6),.PIECEWISE_BEZIER_KNOTS.);
#10444 = CARTESIAN_POINT('',(6.5,-14.));
#10445 = CARTESIAN_POINT('',(6.5,-3.));
#10446 = ( GEOMETRIC_REPRESENTATION_CONTEXT(2) 
PARAMETRIC_REPRESENTATION_CONTEXT() REPRESENTATION_CONTEXT('2D SPACE',''
  ) );
#10447 = ORIENTED_EDGE('',*,*,#10448,.F.);
#10448 = EDGE_CURVE('',#10449,#10423,#10451,.T.);
#10449 = VERTEX_POINT('',#10450);
#10450 = CARTESIAN_POINT('',(-34.1,-8.5,7.7));
#10451 = SURFACE_CURVE('',#10452,(#10457,#10464),.PCURVE_S1.);
#10452 = CIRCLE('',#10453,3.);
#10453 = AXIS2_PLACEMENT_3D('',#10454,#10455,#10456);
#10454 = CARTESIAN_POINT('',(-34.1,-5.5,7.7));
#10455 = DIRECTION('',(0.,0.,1.));
#10456 = DIRECTION('',(1.,0.,-0.));
#10457 = PCURVE('',#9549,#10458);
#10458 = DEFINITIONAL_REPRESENTATION('',(#10459),#10463);
#10459 = CIRCLE('',#10460,3.);
#10460 = AXIS2_PLACEMENT_2D('',#10461,#10462);
#10461 = CARTESIAN_POINT('',(4.2,-8.));
#10462 = DIRECTION('',(0.,-1.));
#10463 = ( GEOMETRIC_REPRESENTATION_CONTEXT(2) 
PARAMETRIC_REPRESENTATION_CONTEXT() REPRESENTATION_CONTEXT('2D SPACE',''
  ) );
#10464 = PCURVE('',#10465,#10470);
#10465 = CYLINDRICAL_SURFACE('',#10466,3.);
#10466 = AXIS2_PLACEMENT_3D('',#10467,#10468,#10469);
#10467 = CARTESIAN_POINT('',(-34.1,-5.5,1.2));
#10468 = DIRECTION('',(0.,0.,1.));
#10469 = DIRECTION('',(1.,0.,-0.));
#10470 = DEFINITIONAL_REPRESENTATION('',(#10471),#10475);
#10471 = LINE('',#10472,#10473);
#10472 = CARTESIAN_POINT('',(-6.28318530718,6.5));
#10473 = VECTOR('',#10474,1.);
#10474 = DIRECTION('',(1.,-0.));
#10475 = ( GEOMETRIC_REPRESENTATION_CONTEXT(2) 
PARAMETRIC_REPRESENTATION_CONTEXT() REPRESENTATION_CONTEXT('2D SPACE',''
  ) );
#10476 = ORIENTED_EDGE('',*,*,#10477,.F.);
#10477 = EDGE_CURVE('',#10478,#10449,#10480,.T.);
#10478 = VERTEX_POINT('',#10479);
#10479 = CARTESIAN_POINT('',(-39.1,-8.5,7.7));
#10480 = SURFACE_CURVE('',#10481,(#10485,#10491),.PCURVE_S1.);
#10481 = LINE('',#10482,#10483);
#10482 = CARTESIAN_POINT('',(-42.1,-8.5,7.7));
#10483 = VECTOR('',#10484,1.);
#10484 = DIRECTION('',(1.,0.,-0.));
#10485 = PCURVE('',#9549,#10486);
#10486 = DEFINITIONAL_REPRESENTATION('',(#10487),#10490);
#10487 = B_SPLINE_CURVE_WITH_KNOTS('',1,(#10488,#10489),.UNSPECIFIED.,
  .F.,.F.,(2,2),(3.,8.),.PIECEWISE_BEZIER_KNOTS.);
#10488 = CARTESIAN_POINT('',(1.2,-3.));
#10489 = CARTESIAN_POINT('',(1.2,-8.));
#10490 = ( GEOMETRIC_REPRESENTATION_CONTEXT(2) 
PARAMETRIC_REPRESENTATION_CONTEXT() REPRESENTATION_CONTEXT('2D SPACE',''
  ) );
#10491 = PCURVE('',#10492,#10497);
#10492 = PLANE('',#10493);
#10493 = AXIS2_PLACEMENT_3D('',#10494,#10495,#10496);
#10494 = CARTESIAN_POINT('',(-42.1,-8.5,1.2));
#10495 = DIRECTION('',(-0.,1.,0.));
#10496 = DIRECTION('',(0.,0.,1.));
#10497 = DEFINITIONAL_REPRESENTATION('',(#10498),#10501);
#10498 = B_SPLINE_CURVE_WITH_KNOTS('',1,(#10499,#10500),.UNSPECIFIED.,
  .F.,.F.,(2,2),(3.,8.),.PIECEWISE_BEZIER_KNOTS.);
#10499 = CARTESIAN_POINT('',(6.5,3.));
#10500 = CARTESIAN_POINT('',(6.5,8.));
#10501 = ( GEOMETRIC_REPRESENTATION_CONTEXT(2) 
PARAMETRIC_REPRESENTATION_CONTEXT() REPRESENTATION_CONTEXT('2D SPACE',''
  ) );
#10502 = ORIENTED_EDGE('',*,*,#10503,.F.);
#10503 = EDGE_CURVE('',#10021,#10478,#10504,.T.);
#10504 = SURFACE_CURVE('',#10505,(#10510,#10517),.PCURVE_S1.);
#10505 = CIRCLE('',#10506,3.);
#10506 = AXIS2_PLACEMENT_3D('',#10507,#10508,#10509);
#10507 = CARTESIAN_POINT('',(-39.1,-5.5,7.7));
#10508 = DIRECTION('',(0.,0.,1.));
#10509 = DIRECTION('',(-1.,-0.,0.));
#10510 = PCURVE('',#9549,#10511);
#10511 = DEFINITIONAL_REPRESENTATION('',(#10512),#10516);
#10512 = CIRCLE('',#10513,3.);
#10513 = AXIS2_PLACEMENT_2D('',#10514,#10515);
#10514 = CARTESIAN_POINT('',(4.2,-3.));
#10515 = DIRECTION('',(0.,1.));
#10516 = ( GEOMETRIC_REPRESENTATION_CONTEXT(2) 
PARAMETRIC_REPRESENTATION_CONTEXT() REPRESENTATION_CONTEXT('2D SPACE',''
  ) );
#10517 = PCURVE('',#10059,#10518);
#10518 = DEFINITIONAL_REPRESENTATION('',(#10519),#10523);
#10519 = LINE('',#10520,#10521);
#10520 = CARTESIAN_POINT('',(0.,6.5));
#10521 = VECTOR('',#10522,1.);
#10522 = DIRECTION('',(1.,0.));
#10523 = ( GEOMETRIC_REPRESENTATION_CONTEXT(2) 
PARAMETRIC_REPRESENTATION_CONTEXT() REPRESENTATION_CONTEXT('2D SPACE',''
  ) );
#10524 = FACE_BOUND('',#10525,.T.);
#10525 = EDGE_LOOP('',(#10526,#10554,#10583,#10609,#10638,#10664,#10693,
    #10719));
#10526 = ORIENTED_EDGE('',*,*,#10527,.F.);
#10527 = EDGE_CURVE('',#10528,#10530,#10532,.T.);
#10528 = VERTEX_POINT('',#10529);
#10529 = CARTESIAN_POINT('',(31.1,5.5,7.7));
#10530 = VERTEX_POINT('',#10531);
#10531 = CARTESIAN_POINT('',(31.1,-5.5,7.7));
#10532 = SURFACE_CURVE('',#10533,(#10537,#10543),.PCURVE_S1.);
#10533 = LINE('',#10534,#10535);
#10534 = CARTESIAN_POINT('',(31.1,-9.1,7.7));
#10535 = VECTOR('',#10536,1.);
#10536 = DIRECTION('',(0.,-1.,0.));
#10537 = PCURVE('',#9549,#10538);
#10538 = DEFINITIONAL_REPRESENTATION('',(#10539),#10542);
#10539 = B_SPLINE_CURVE_WITH_KNOTS('',1,(#10540,#10541),.UNSPECIFIED.,
  .F.,.F.,(2,2),(-14.6,-3.6),.PIECEWISE_BEZIER_KNOTS.);
#10540 = CARTESIAN_POINT('',(15.2,-73.2));
#10541 = CARTESIAN_POINT('',(4.2,-73.2));
#10542 = ( GEOMETRIC_REPRESENTATION_CONTEXT(2) 
PARAMETRIC_REPRESENTATION_CONTEXT() REPRESENTATION_CONTEXT('2D SPACE',''
  ) );
#10543 = PCURVE('',#10544,#10549);
#10544 = PLANE('',#10545);
#10545 = AXIS2_PLACEMENT_3D('',#10546,#10547,#10548);
#10546 = CARTESIAN_POINT('',(31.1,-8.5,1.2));
#10547 = DIRECTION('',(1.,0.,-0.));
#10548 = DIRECTION('',(0.,0.,1.));
#10549 = DEFINITIONAL_REPRESENTATION('',(#10550),#10553);
#10550 = B_SPLINE_CURVE_WITH_KNOTS('',1,(#10551,#10552),.UNSPECIFIED.,
  .F.,.F.,(2,2),(-14.6,-3.6),.PIECEWISE_BEZIER_KNOTS.);
#10551 = CARTESIAN_POINT('',(6.5,-14.));
#10552 = CARTESIAN_POINT('',(6.5,-3.));
#10553 = ( GEOMETRIC_REPRESENTATION_CONTEXT(2) 
PARAMETRIC_REPRESENTATION_CONTEXT() REPRESENTATION_CONTEXT('2D SPACE',''
  ) );
#10554 = ORIENTED_EDGE('',*,*,#10555,.F.);
#10555 = EDGE_CURVE('',#10556,#10528,#10558,.T.);
#10556 = VERTEX_POINT('',#10557);
#10557 = CARTESIAN_POINT('',(34.1,8.5,7.7));
#10558 = SURFACE_CURVE('',#10559,(#10564,#10571),.PCURVE_S1.);
#10559 = CIRCLE('',#10560,3.);
#10560 = AXIS2_PLACEMENT_3D('',#10561,#10562,#10563);
#10561 = CARTESIAN_POINT('',(34.1,5.5,7.7));
#10562 = DIRECTION('',(0.,0.,1.));
#10563 = DIRECTION('',(-1.,-0.,0.));
#10564 = PCURVE('',#9549,#10565);
#10565 = DEFINITIONAL_REPRESENTATION('',(#10566),#10570);
#10566 = CIRCLE('',#10567,3.);
#10567 = AXIS2_PLACEMENT_2D('',#10568,#10569);
#10568 = CARTESIAN_POINT('',(15.2,-76.2));
#10569 = DIRECTION('',(0.,1.));
#10570 = ( GEOMETRIC_REPRESENTATION_CONTEXT(2) 
PARAMETRIC_REPRESENTATION_CONTEXT() REPRESENTATION_CONTEXT('2D SPACE',''
  ) );
#10571 = PCURVE('',#10572,#10577);
#10572 = CYLINDRICAL_SURFACE('',#10573,3.);
#10573 = AXIS2_PLACEMENT_3D('',#10574,#10575,#10576);
#10574 = CARTESIAN_POINT('',(34.1,5.5,1.2));
#10575 = DIRECTION('',(0.,0.,1.));
#10576 = DIRECTION('',(-1.,-0.,0.));
#10577 = DEFINITIONAL_REPRESENTATION('',(#10578),#10582);
#10578 = LINE('',#10579,#10580);
#10579 = CARTESIAN_POINT('',(-6.28318530718,6.5));
#10580 = VECTOR('',#10581,1.);
#10581 = DIRECTION('',(1.,-0.));
#10582 = ( GEOMETRIC_REPRESENTATION_CONTEXT(2) 
PARAMETRIC_REPRESENTATION_CONTEXT() REPRESENTATION_CONTEXT('2D SPACE',''
  ) );
#10583 = ORIENTED_EDGE('',*,*,#10584,.T.);
#10584 = EDGE_CURVE('',#10556,#10585,#10587,.T.);
#10585 = VERTEX_POINT('',#10586);
#10586 = CARTESIAN_POINT('',(39.1,8.5,7.7));
#10587 = SURFACE_CURVE('',#10588,(#10592,#10598),.PCURVE_S1.);
#10588 = LINE('',#10589,#10590);
#10589 = CARTESIAN_POINT('',(-5.5,8.5,7.7));
#10590 = VECTOR('',#10591,1.);
#10591 = DIRECTION('',(1.,0.,-0.));
#10592 = PCURVE('',#9549,#10593);
#10593 = DEFINITIONAL_REPRESENTATION('',(#10594),#10597);
#10594 = B_SPLINE_CURVE_WITH_KNOTS('',1,(#10595,#10596),.UNSPECIFIED.,
  .F.,.F.,(2,2),(39.6,44.6),.PIECEWISE_BEZIER_KNOTS.);
#10595 = CARTESIAN_POINT('',(18.2,-76.2));
#10596 = CARTESIAN_POINT('',(18.2,-81.2));
#10597 = ( GEOMETRIC_REPRESENTATION_CONTEXT(2) 
PARAMETRIC_REPRESENTATION_CONTEXT() REPRESENTATION_CONTEXT('2D SPACE',''
  ) );
#10598 = PCURVE('',#10599,#10604);
#10599 = PLANE('',#10600);
#10600 = AXIS2_PLACEMENT_3D('',#10601,#10602,#10603);
#10601 = CARTESIAN_POINT('',(31.1,8.5,1.2));
#10602 = DIRECTION('',(-0.,1.,0.));
#10603 = DIRECTION('',(0.,0.,1.));
#10604 = DEFINITIONAL_REPRESENTATION('',(#10605),#10608);
#10605 = B_SPLINE_CURVE_WITH_KNOTS('',1,(#10606,#10607),.UNSPECIFIED.,
  .F.,.F.,(2,2),(39.6,44.6),.PIECEWISE_BEZIER_KNOTS.);
#10606 = CARTESIAN_POINT('',(6.5,3.));
#10607 = CARTESIAN_POINT('',(6.5,8.));
#10608 = ( GEOMETRIC_REPRESENTATION_CONTEXT(2) 
PARAMETRIC_REPRESENTATION_CONTEXT() REPRESENTATION_CONTEXT('2D SPACE',''
  ) );
#10609 = ORIENTED_EDGE('',*,*,#10610,.F.);
#10610 = EDGE_CURVE('',#10611,#10585,#10613,.T.);
#10611 = VERTEX_POINT('',#10612);
#10612 = CARTESIAN_POINT('',(42.1,5.5,7.7));
#10613 = SURFACE_CURVE('',#10614,(#10619,#10626),.PCURVE_S1.);
#10614 = CIRCLE('',#10615,3.);
#10615 = AXIS2_PLACEMENT_3D('',#10616,#10617,#10618);
#10616 = CARTESIAN_POINT('',(39.1,5.5,7.7));
#10617 = DIRECTION('',(0.,0.,1.));
#10618 = DIRECTION('',(1.,0.,-0.));
#10619 = PCURVE('',#9549,#10620);
#10620 = DEFINITIONAL_REPRESENTATION('',(#10621),#10625);
#10621 = CIRCLE('',#10622,3.);
#10622 = AXIS2_PLACEMENT_2D('',#10623,#10624);
#10623 = CARTESIAN_POINT('',(15.2,-81.2));
#10624 = DIRECTION('',(0.,-1.));
#10625 = ( GEOMETRIC_REPRESENTATION_CONTEXT(2) 
PARAMETRIC_REPRESENTATION_CONTEXT() REPRESENTATION_CONTEXT('2D SPACE',''
  ) );
#10626 = PCURVE('',#10627,#10632);
#10627 = CYLINDRICAL_SURFACE('',#10628,3.);
#10628 = AXIS2_PLACEMENT_3D('',#10629,#10630,#10631);
#10629 = CARTESIAN_POINT('',(39.1,5.5,1.2));
#10630 = DIRECTION('',(0.,0.,1.));
#10631 = DIRECTION('',(1.,0.,-0.));
#10632 = DEFINITIONAL_REPRESENTATION('',(#10633),#10637);
#10633 = LINE('',#10634,#10635);
#10634 = CARTESIAN_POINT('',(0.,6.5));
#10635 = VECTOR('',#10636,1.);
#10636 = DIRECTION('',(1.,0.));
#10637 = ( GEOMETRIC_REPRESENTATION_CONTEXT(2) 
PARAMETRIC_REPRESENTATION_CONTEXT() REPRESENTATION_CONTEXT('2D SPACE',''
  ) );
#10638 = ORIENTED_EDGE('',*,*,#10639,.T.);
#10639 = EDGE_CURVE('',#10611,#10640,#10642,.T.);
#10640 = VERTEX_POINT('',#10641);
#10641 = CARTESIAN_POINT('',(42.1,-5.5,7.7));
#10642 = SURFACE_CURVE('',#10643,(#10647,#10653),.PCURVE_S1.);
#10643 = LINE('',#10644,#10645);
#10644 = CARTESIAN_POINT('',(42.1,-9.1,7.7));
#10645 = VECTOR('',#10646,1.);
#10646 = DIRECTION('',(0.,-1.,0.));
#10647 = PCURVE('',#9549,#10648);
#10648 = DEFINITIONAL_REPRESENTATION('',(#10649),#10652);
#10649 = B_SPLINE_CURVE_WITH_KNOTS('',1,(#10650,#10651),.UNSPECIFIED.,
  .F.,.F.,(2,2),(-14.6,-3.6),.PIECEWISE_BEZIER_KNOTS.);
#10650 = CARTESIAN_POINT('',(15.2,-84.2));
#10651 = CARTESIAN_POINT('',(4.2,-84.2));
#10652 = ( GEOMETRIC_REPRESENTATION_CONTEXT(2) 
PARAMETRIC_REPRESENTATION_CONTEXT() REPRESENTATION_CONTEXT('2D SPACE',''
  ) );
#10653 = PCURVE('',#10654,#10659);
#10654 = PLANE('',#10655);
#10655 = AXIS2_PLACEMENT_3D('',#10656,#10657,#10658);
#10656 = CARTESIAN_POINT('',(42.1,-8.5,1.2));
#10657 = DIRECTION('',(1.,0.,-0.));
#10658 = DIRECTION('',(0.,0.,1.));
#10659 = DEFINITIONAL_REPRESENTATION('',(#10660),#10663);
#10660 = B_SPLINE_CURVE_WITH_KNOTS('',1,(#10661,#10662),.UNSPECIFIED.,
  .F.,.F.,(2,2),(-14.6,-3.6),.PIECEWISE_BEZIER_KNOTS.);
#10661 = CARTESIAN_POINT('',(6.5,-14.));
#10662 = CARTESIAN_POINT('',(6.5,-3.));
#10663 = ( GEOMETRIC_REPRESENTATION_CONTEXT(2) 
PARAMETRIC_REPRESENTATION_CONTEXT() REPRESENTATION_CONTEXT('2D SPACE',''
  ) );
#10664 = ORIENTED_EDGE('',*,*,#10665,.F.);
#10665 = EDGE_CURVE('',#10666,#10640,#10668,.T.);
#10666 = VERTEX_POINT('',#10667);
#10667 = CARTESIAN_POINT('',(39.1,-8.5,7.7));
#10668 = SURFACE_CURVE('',#10669,(#10674,#10681),.PCURVE_S1.);
#10669 = CIRCLE('',#10670,3.);
#10670 = AXIS2_PLACEMENT_3D('',#10671,#10672,#10673);
#10671 = CARTESIAN_POINT('',(39.1,-5.5,7.7));
#10672 = DIRECTION('',(0.,0.,1.));
#10673 = DIRECTION('',(1.,0.,-0.));
#10674 = PCURVE('',#9549,#10675);
#10675 = DEFINITIONAL_REPRESENTATION('',(#10676),#10680);
#10676 = CIRCLE('',#10677,3.);
#10677 = AXIS2_PLACEMENT_2D('',#10678,#10679);
#10678 = CARTESIAN_POINT('',(4.2,-81.2));
#10679 = DIRECTION('',(0.,-1.));
#10680 = ( GEOMETRIC_REPRESENTATION_CONTEXT(2) 
PARAMETRIC_REPRESENTATION_CONTEXT() REPRESENTATION_CONTEXT('2D SPACE',''
  ) );
#10681 = PCURVE('',#10682,#10687);
#10682 = CYLINDRICAL_SURFACE('',#10683,3.);
#10683 = AXIS2_PLACEMENT_3D('',#10684,#10685,#10686);
#10684 = CARTESIAN_POINT('',(39.1,-5.5,1.2));
#10685 = DIRECTION('',(0.,0.,1.));
#10686 = DIRECTION('',(1.,0.,-0.));
#10687 = DEFINITIONAL_REPRESENTATION('',(#10688),#10692);
#10688 = LINE('',#10689,#10690);
#10689 = CARTESIAN_POINT('',(-6.28318530718,6.5));
#10690 = VECTOR('',#10691,1.);
#10691 = DIRECTION('',(1.,-0.));
#10692 = ( GEOMETRIC_REPRESENTATION_CONTEXT(2) 
PARAMETRIC_REPRESENTATION_CONTEXT() REPRESENTATION_CONTEXT('2D SPACE',''
  ) );
#10693 = ORIENTED_EDGE('',*,*,#10694,.F.);
#10694 = EDGE_CURVE('',#10695,#10666,#10697,.T.);
#10695 = VERTEX_POINT('',#10696);
#10696 = CARTESIAN_POINT('',(34.1,-8.5,7.7));
#10697 = SURFACE_CURVE('',#10698,(#10702,#10708),.PCURVE_S1.);
#10698 = LINE('',#10699,#10700);
#10699 = CARTESIAN_POINT('',(-5.5,-8.5,7.7));
#10700 = VECTOR('',#10701,1.);
#10701 = DIRECTION('',(1.,0.,-0.));
#10702 = PCURVE('',#9549,#10703);
#10703 = DEFINITIONAL_REPRESENTATION('',(#10704),#10707);
#10704 = B_SPLINE_CURVE_WITH_KNOTS('',1,(#10705,#10706),.UNSPECIFIED.,
  .F.,.F.,(2,2),(39.6,44.6),.PIECEWISE_BEZIER_KNOTS.);
#10705 = CARTESIAN_POINT('',(1.2,-76.2));
#10706 = CARTESIAN_POINT('',(1.2,-81.2));
#10707 = ( GEOMETRIC_REPRESENTATION_CONTEXT(2) 
PARAMETRIC_REPRESENTATION_CONTEXT() REPRESENTATION_CONTEXT('2D SPACE',''
  ) );
#10708 = PCURVE('',#10709,#10714);
#10709 = PLANE('',#10710);
#10710 = AXIS2_PLACEMENT_3D('',#10711,#10712,#10713);
#10711 = CARTESIAN_POINT('',(31.1,-8.5,1.2));
#10712 = DIRECTION('',(-0.,1.,0.));
#10713 = DIRECTION('',(0.,0.,1.));
#10714 = DEFINITIONAL_REPRESENTATION('',(#10715),#10718);
#10715 = B_SPLINE_CURVE_WITH_KNOTS('',1,(#10716,#10717),.UNSPECIFIED.,
  .F.,.F.,(2,2),(39.6,44.6),.PIECEWISE_BEZIER_KNOTS.);
#10716 = CARTESIAN_POINT('',(6.5,3.));
#10717 = CARTESIAN_POINT('',(6.5,8.));
#10718 = ( GEOMETRIC_REPRESENTATION_CONTEXT(2) 
PARAMETRIC_REPRESENTATION_CONTEXT() REPRESENTATION_CONTEXT('2D SPACE',''
  ) );
#10719 = ORIENTED_EDGE('',*,*,#10720,.F.);
#10720 = EDGE_CURVE('',#10530,#10695,#10721,.T.);
#10721 = SURFACE_CURVE('',#10722,(#10727,#10734),.PCURVE_S1.);
#10722 = CIRCLE('',#10723,3.);
#10723 = AXIS2_PLACEMENT_3D('',#10724,#10725,#10726);
#10724 = CARTESIAN_POINT('',(34.1,-5.5,7.7));
#10725 = DIRECTION('',(0.,0.,1.));
#10726 = DIRECTION('',(-1.,-0.,0.));
#10727 = PCURVE('',#9549,#10728);
#10728 = DEFINITIONAL_REPRESENTATION('',(#10729),#10733);
#10729 = CIRCLE('',#10730,3.);
#10730 = AXIS2_PLACEMENT_2D('',#10731,#10732);
#10731 = CARTESIAN_POINT('',(4.2,-76.2));
#10732 = DIRECTION('',(0.,1.));
#10733 = ( GEOMETRIC_REPRESENTATION_CONTEXT(2) 
PARAMETRIC_REPRESENTATION_CONTEXT() REPRESENTATION_CONTEXT('2D SPACE',''
  ) );
#10734 = PCURVE('',#10735,#10740);
#10735 = CYLINDRICAL_SURFACE('',#10736,3.);
#10736 = AXIS2_PLACEMENT_3D('',#10737,#10738,#10739);
#10737 = CARTESIAN_POINT('',(34.1,-5.5,1.2));
#10738 = DIRECTION('',(0.,0.,1.));
#10739 = DIRECTION('',(-1.,-0.,0.));
#10740 = DEFINITIONAL_REPRESENTATION('',(#10741),#10745);
#10741 = LINE('',#10742,#10743);
#10742 = CARTESIAN_POINT('',(0.,6.5));
#10743 = VECTOR('',#10744,1.);
#10744 = DIRECTION('',(1.,0.));
#10745 = ( GEOMETRIC_REPRESENTATION_CONTEXT(2) 
PARAMETRIC_REPRESENTATION_CONTEXT() REPRESENTATION_CONTEXT('2D SPACE',''
  ) );
#10746 = FACE_BOUND('',#10747,.T.);
#10747 = EDGE_LOOP('',(#10748,#10776,#10805,#10831,#10860,#10886,#10915,
    #10941));
#10748 = ORIENTED_EDGE('',*,*,#10749,.F.);
#10749 = EDGE_CURVE('',#10750,#10752,#10754,.T.);
#10750 = VERTEX_POINT('',#10751);
#10751 = CARTESIAN_POINT('',(18.9,5.5,7.7));
#10752 = VERTEX_POINT('',#10753);
#10753 = CARTESIAN_POINT('',(18.9,-5.5,7.7));
#10754 = SURFACE_CURVE('',#10755,(#10759,#10765),.PCURVE_S1.);
#10755 = LINE('',#10756,#10757);
#10756 = CARTESIAN_POINT('',(18.9,-9.1,7.7));
#10757 = VECTOR('',#10758,1.);
#10758 = DIRECTION('',(0.,-1.,0.));
#10759 = PCURVE('',#9549,#10760);
#10760 = DEFINITIONAL_REPRESENTATION('',(#10761),#10764);
#10761 = B_SPLINE_CURVE_WITH_KNOTS('',1,(#10762,#10763),.UNSPECIFIED.,
  .F.,.F.,(2,2),(-14.6,-3.6),.PIECEWISE_BEZIER_KNOTS.);
#10762 = CARTESIAN_POINT('',(15.2,-61.));
#10763 = CARTESIAN_POINT('',(4.2,-61.));
#10764 = ( GEOMETRIC_REPRESENTATION_CONTEXT(2) 
PARAMETRIC_REPRESENTATION_CONTEXT() REPRESENTATION_CONTEXT('2D SPACE',''
  ) );
#10765 = PCURVE('',#10766,#10771);
#10766 = PLANE('',#10767);
#10767 = AXIS2_PLACEMENT_3D('',#10768,#10769,#10770);
#10768 = CARTESIAN_POINT('',(18.9,-8.5,1.2));
#10769 = DIRECTION('',(1.,0.,-0.));
#10770 = DIRECTION('',(0.,0.,1.));
#10771 = DEFINITIONAL_REPRESENTATION('',(#10772),#10775);
#10772 = B_SPLINE_CURVE_WITH_KNOTS('',1,(#10773,#10774),.UNSPECIFIED.,
  .F.,.F.,(2,2),(-14.6,-3.6),.PIECEWISE_BEZIER_KNOTS.);
#10773 = CARTESIAN_POINT('',(6.5,-14.));
#10774 = CARTESIAN_POINT('',(6.5,-3.));
#10775 = ( GEOMETRIC_REPRESENTATION_CONTEXT(2) 
PARAMETRIC_REPRESENTATION_CONTEXT() REPRESENTATION_CONTEXT('2D SPACE',''
  ) );
#10776 = ORIENTED_EDGE('',*,*,#10777,.F.);
#10777 = EDGE_CURVE('',#10778,#10750,#10780,.T.);
#10778 = VERTEX_POINT('',#10779);
#10779 = CARTESIAN_POINT('',(21.9,8.5,7.7));
#10780 = SURFACE_CURVE('',#10781,(#10786,#10793),.PCURVE_S1.);
#10781 = CIRCLE('',#10782,3.);
#10782 = AXIS2_PLACEMENT_3D('',#10783,#10784,#10785);
#10783 = CARTESIAN_POINT('',(21.9,5.5,7.7));
#10784 = DIRECTION('',(0.,0.,1.));
#10785 = DIRECTION('',(-1.,-0.,0.));
#10786 = PCURVE('',#9549,#10787);
#10787 = DEFINITIONAL_REPRESENTATION('',(#10788),#10792);
#10788 = CIRCLE('',#10789,3.);
#10789 = AXIS2_PLACEMENT_2D('',#10790,#10791);
#10790 = CARTESIAN_POINT('',(15.2,-64.));
#10791 = DIRECTION('',(0.,1.));
#10792 = ( GEOMETRIC_REPRESENTATION_CONTEXT(2) 
PARAMETRIC_REPRESENTATION_CONTEXT() REPRESENTATION_CONTEXT('2D SPACE',''
  ) );
#10793 = PCURVE('',#10794,#10799);
#10794 = CYLINDRICAL_SURFACE('',#10795,3.);
#10795 = AXIS2_PLACEMENT_3D('',#10796,#10797,#10798);
#10796 = CARTESIAN_POINT('',(21.9,5.5,1.2));
#10797 = DIRECTION('',(0.,0.,1.));
#10798 = DIRECTION('',(-1.,-0.,0.));
#10799 = DEFINITIONAL_REPRESENTATION('',(#10800),#10804);
#10800 = LINE('',#10801,#10802);
#10801 = CARTESIAN_POINT('',(-6.28318530718,6.5));
#10802 = VECTOR('',#10803,1.);
#10803 = DIRECTION('',(1.,-0.));
#10804 = ( GEOMETRIC_REPRESENTATION_CONTEXT(2) 
PARAMETRIC_REPRESENTATION_CONTEXT() REPRESENTATION_CONTEXT('2D SPACE',''
  ) );
#10805 = ORIENTED_EDGE('',*,*,#10806,.T.);
#10806 = EDGE_CURVE('',#10778,#10807,#10809,.T.);
#10807 = VERTEX_POINT('',#10808);
#10808 = CARTESIAN_POINT('',(26.9,8.5,7.7));
#10809 = SURFACE_CURVE('',#10810,(#10814,#10820),.PCURVE_S1.);
#10810 = LINE('',#10811,#10812);
#10811 = CARTESIAN_POINT('',(-11.6,8.5,7.7));
#10812 = VECTOR('',#10813,1.);
#10813 = DIRECTION('',(1.,0.,-0.));
#10814 = PCURVE('',#9549,#10815);
#10815 = DEFINITIONAL_REPRESENTATION('',(#10816),#10819);
#10816 = B_SPLINE_CURVE_WITH_KNOTS('',1,(#10817,#10818),.UNSPECIFIED.,
  .F.,.F.,(2,2),(33.5,38.5),.PIECEWISE_BEZIER_KNOTS.);
#10817 = CARTESIAN_POINT('',(18.2,-64.));
#10818 = CARTESIAN_POINT('',(18.2,-69.));
#10819 = ( GEOMETRIC_REPRESENTATION_CONTEXT(2) 
PARAMETRIC_REPRESENTATION_CONTEXT() REPRESENTATION_CONTEXT('2D SPACE',''
  ) );
#10820 = PCURVE('',#10821,#10826);
#10821 = PLANE('',#10822);
#10822 = AXIS2_PLACEMENT_3D('',#10823,#10824,#10825);
#10823 = CARTESIAN_POINT('',(18.9,8.5,1.2));
#10824 = DIRECTION('',(-0.,1.,0.));
#10825 = DIRECTION('',(0.,0.,1.));
#10826 = DEFINITIONAL_REPRESENTATION('',(#10827),#10830);
#10827 = B_SPLINE_CURVE_WITH_KNOTS('',1,(#10828,#10829),.UNSPECIFIED.,
  .F.,.F.,(2,2),(33.5,38.5),.PIECEWISE_BEZIER_KNOTS.);
#10828 = CARTESIAN_POINT('',(6.5,3.));
#10829 = CARTESIAN_POINT('',(6.5,8.));
#10830 = ( GEOMETRIC_REPRESENTATION_CONTEXT(2) 
PARAMETRIC_REPRESENTATION_CONTEXT() REPRESENTATION_CONTEXT('2D SPACE',''
  ) );
#10831 = ORIENTED_EDGE('',*,*,#10832,.F.);
#10832 = EDGE_CURVE('',#10833,#10807,#10835,.T.);
#10833 = VERTEX_POINT('',#10834);
#10834 = CARTESIAN_POINT('',(29.9,5.5,7.7));
#10835 = SURFACE_CURVE('',#10836,(#10841,#10848),.PCURVE_S1.);
#10836 = CIRCLE('',#10837,3.);
#10837 = AXIS2_PLACEMENT_3D('',#10838,#10839,#10840);
#10838 = CARTESIAN_POINT('',(26.9,5.5,7.7));
#10839 = DIRECTION('',(0.,0.,1.));
#10840 = DIRECTION('',(1.,0.,-0.));
#10841 = PCURVE('',#9549,#10842);
#10842 = DEFINITIONAL_REPRESENTATION('',(#10843),#10847);
#10843 = CIRCLE('',#10844,3.);
#10844 = AXIS2_PLACEMENT_2D('',#10845,#10846);
#10845 = CARTESIAN_POINT('',(15.2,-69.));
#10846 = DIRECTION('',(0.,-1.));
#10847 = ( GEOMETRIC_REPRESENTATION_CONTEXT(2) 
PARAMETRIC_REPRESENTATION_CONTEXT() REPRESENTATION_CONTEXT('2D SPACE',''
  ) );
#10848 = PCURVE('',#10849,#10854);
#10849 = CYLINDRICAL_SURFACE('',#10850,3.);
#10850 = AXIS2_PLACEMENT_3D('',#10851,#10852,#10853);
#10851 = CARTESIAN_POINT('',(26.9,5.5,1.2));
#10852 = DIRECTION('',(0.,0.,1.));
#10853 = DIRECTION('',(1.,0.,-0.));
#10854 = DEFINITIONAL_REPRESENTATION('',(#10855),#10859);
#10855 = LINE('',#10856,#10857);
#10856 = CARTESIAN_POINT('',(0.,6.5));
#10857 = VECTOR('',#10858,1.);
#10858 = DIRECTION('',(1.,0.));
#10859 = ( GEOMETRIC_REPRESENTATION_CONTEXT(2) 
PARAMETRIC_REPRESENTATION_CONTEXT() REPRESENTATION_CONTEXT('2D SPACE',''
  ) );
#10860 = ORIENTED_EDGE('',*,*,#10861,.T.);
#10861 = EDGE_CURVE('',#10833,#10862,#10864,.T.);
#10862 = VERTEX_POINT('',#10863);
#10863 = CARTESIAN_POINT('',(29.9,-5.5,7.7));
#10864 = SURFACE_CURVE('',#10865,(#10869,#10875),.PCURVE_S1.);
#10865 = LINE('',#10866,#10867);
#10866 = CARTESIAN_POINT('',(29.9,-9.1,7.7));
#10867 = VECTOR('',#10868,1.);
#10868 = DIRECTION('',(0.,-1.,0.));
#10869 = PCURVE('',#9549,#10870);
#10870 = DEFINITIONAL_REPRESENTATION('',(#10871),#10874);
#10871 = B_SPLINE_CURVE_WITH_KNOTS('',1,(#10872,#10873),.UNSPECIFIED.,
  .F.,.F.,(2,2),(-14.6,-3.6),.PIECEWISE_BEZIER_KNOTS.);
#10872 = CARTESIAN_POINT('',(15.2,-72.));
#10873 = CARTESIAN_POINT('',(4.2,-72.));
#10874 = ( GEOMETRIC_REPRESENTATION_CONTEXT(2) 
PARAMETRIC_REPRESENTATION_CONTEXT() REPRESENTATION_CONTEXT('2D SPACE',''
  ) );
#10875 = PCURVE('',#10876,#10881);
#10876 = PLANE('',#10877);
#10877 = AXIS2_PLACEMENT_3D('',#10878,#10879,#10880);
#10878 = CARTESIAN_POINT('',(29.9,-8.5,1.2));
#10879 = DIRECTION('',(1.,0.,-0.));
#10880 = DIRECTION('',(0.,0.,1.));
#10881 = DEFINITIONAL_REPRESENTATION('',(#10882),#10885);
#10882 = B_SPLINE_CURVE_WITH_KNOTS('',1,(#10883,#10884),.UNSPECIFIED.,
  .F.,.F.,(2,2),(-14.6,-3.6),.PIECEWISE_BEZIER_KNOTS.);
#10883 = CARTESIAN_POINT('',(6.5,-14.));
#10884 = CARTESIAN_POINT('',(6.5,-3.));
#10885 = ( GEOMETRIC_REPRESENTATION_CONTEXT(2) 
PARAMETRIC_REPRESENTATION_CONTEXT() REPRESENTATION_CONTEXT('2D SPACE',''
  ) );
#10886 = ORIENTED_EDGE('',*,*,#10887,.F.);
#10887 = EDGE_CURVE('',#10888,#10862,#10890,.T.);
#10888 = VERTEX_POINT('',#10889);
#10889 = CARTESIAN_POINT('',(26.9,-8.5,7.7));
#10890 = SURFACE_CURVE('',#10891,(#10896,#10903),.PCURVE_S1.);
#10891 = CIRCLE('',#10892,3.);
#10892 = AXIS2_PLACEMENT_3D('',#10893,#10894,#10895);
#10893 = CARTESIAN_POINT('',(26.9,-5.5,7.7));
#10894 = DIRECTION('',(0.,0.,1.));
#10895 = DIRECTION('',(1.,0.,-0.));
#10896 = PCURVE('',#9549,#10897);
#10897 = DEFINITIONAL_REPRESENTATION('',(#10898),#10902);
#10898 = CIRCLE('',#10899,3.);
#10899 = AXIS2_PLACEMENT_2D('',#10900,#10901);
#10900 = CARTESIAN_POINT('',(4.2,-69.));
#10901 = DIRECTION('',(0.,-1.));
#10902 = ( GEOMETRIC_REPRESENTATION_CONTEXT(2) 
PARAMETRIC_REPRESENTATION_CONTEXT() REPRESENTATION_CONTEXT('2D SPACE',''
  ) );
#10903 = PCURVE('',#10904,#10909);
#10904 = CYLINDRICAL_SURFACE('',#10905,3.);
#10905 = AXIS2_PLACEMENT_3D('',#10906,#10907,#10908);
#10906 = CARTESIAN_POINT('',(26.9,-5.5,1.2));
#10907 = DIRECTION('',(0.,0.,1.));
#10908 = DIRECTION('',(1.,0.,-0.));
#10909 = DEFINITIONAL_REPRESENTATION('',(#10910),#10914);
#10910 = LINE('',#10911,#10912);
#10911 = CARTESIAN_POINT('',(-6.28318530718,6.5));
#10912 = VECTOR('',#10913,1.);
#10913 = DIRECTION('',(1.,-0.));
#10914 = ( GEOMETRIC_REPRESENTATION_CONTEXT(2) 
PARAMETRIC_REPRESENTATION_CONTEXT() REPRESENTATION_CONTEXT('2D SPACE',''
  ) );
#10915 = ORIENTED_EDGE('',*,*,#10916,.F.);
#10916 = EDGE_CURVE('',#10917,#10888,#10919,.T.);
#10917 = VERTEX_POINT('',#10918);
#10918 = CARTESIAN_POINT('',(21.9,-8.5,7.7));
#10919 = SURFACE_CURVE('',#10920,(#10924,#10930),.PCURVE_S1.);
#10920 = LINE('',#10921,#10922);
#10921 = CARTESIAN_POINT('',(-11.6,-8.5,7.7));
#10922 = VECTOR('',#10923,1.);
#10923 = DIRECTION('',(1.,0.,-0.));
#10924 = PCURVE('',#9549,#10925);
#10925 = DEFINITIONAL_REPRESENTATION('',(#10926),#10929);
#10926 = B_SPLINE_CURVE_WITH_KNOTS('',1,(#10927,#10928),.UNSPECIFIED.,
  .F.,.F.,(2,2),(33.5,38.5),.PIECEWISE_BEZIER_KNOTS.);
#10927 = CARTESIAN_POINT('',(1.2,-64.));
#10928 = CARTESIAN_POINT('',(1.2,-69.));
#10929 = ( GEOMETRIC_REPRESENTATION_CONTEXT(2) 
PARAMETRIC_REPRESENTATION_CONTEXT() REPRESENTATION_CONTEXT('2D SPACE',''
  ) );
#10930 = PCURVE('',#10931,#10936);
#10931 = PLANE('',#10932);
#10932 = AXIS2_PLACEMENT_3D('',#10933,#10934,#10935);
#10933 = CARTESIAN_POINT('',(18.9,-8.5,1.2));
#10934 = DIRECTION('',(-0.,1.,0.));
#10935 = DIRECTION('',(0.,0.,1.));
#10936 = DEFINITIONAL_REPRESENTATION('',(#10937),#10940);
#10937 = B_SPLINE_CURVE_WITH_KNOTS('',1,(#10938,#10939),.UNSPECIFIED.,
  .F.,.F.,(2,2),(33.5,38.5),.PIECEWISE_BEZIER_KNOTS.);
#10938 = CARTESIAN_POINT('',(6.5,3.));
#10939 = CARTESIAN_POINT('',(6.5,8.));
#10940 = ( GEOMETRIC_REPRESENTATION_CONTEXT(2) 
PARAMETRIC_REPRESENTATION_CONTEXT() REPRESENTATION_CONTEXT('2D SPACE',''
  ) );
#10941 = ORIENTED_EDGE('',*,*,#10942,.F.);
#10942 = EDGE_CURVE('',#10752,#10917,#10943,.T.);
#10943 = SURFACE_CURVE('',#10944,(#10949,#10956),.PCURVE_S1.);
#10944 = CIRCLE('',#10945,3.);
#10945 = AXIS2_PLACEMENT_3D('',#10946,#10947,#10948);
#10946 = CARTESIAN_POINT('',(21.9,-5.5,7.7));
#10947 = DIRECTION('',(0.,0.,1.));
#10948 = DIRECTION('',(-1.,-0.,0.));
#10949 = PCURVE('',#9549,#10950);
#10950 = DEFINITIONAL_REPRESENTATION('',(#10951),#10955);
#10951 = CIRCLE('',#10952,3.);
#10952 = AXIS2_PLACEMENT_2D('',#10953,#10954);
#10953 = CARTESIAN_POINT('',(4.2,-64.));
#10954 = DIRECTION('',(0.,1.));
#10955 = ( GEOMETRIC_REPRESENTATION_CONTEXT(2) 
PARAMETRIC_REPRESENTATION_CONTEXT() REPRESENTATION_CONTEXT('2D SPACE',''
  ) );
#10956 = PCURVE('',#10957,#10962);
#10957 = CYLINDRICAL_SURFACE('',#10958,3.);
#10958 = AXIS2_PLACEMENT_3D('',#10959,#10960,#10961);
#10959 = CARTESIAN_POINT('',(21.9,-5.5,1.2));
#10960 = DIRECTION('',(0.,0.,1.));
#10961 = DIRECTION('',(-1.,-0.,0.));
#10962 = DEFINITIONAL_REPRESENTATION('',(#10963),#10967);
#10963 = LINE('',#10964,#10965);
#10964 = CARTESIAN_POINT('',(0.,6.5));
#10965 = VECTOR('',#10966,1.);
#10966 = DIRECTION('',(1.,0.));
#10967 = ( GEOMETRIC_REPRESENTATION_CONTEXT(2) 
PARAMETRIC_REPRESENTATION_CONTEXT() REPRESENTATION_CONTEXT('2D SPACE',''
  ) );
#10968 = FACE_BOUND('',#10969,.T.);
#10969 = EDGE_LOOP('',(#10970,#10998,#11027,#11053,#11082,#11108,#11137,
    #11163));
#10970 = ORIENTED_EDGE('',*,*,#10971,.F.);
#10971 = EDGE_CURVE('',#10972,#10974,#10976,.T.);
#10972 = VERTEX_POINT('',#10973);
#10973 = CARTESIAN_POINT('',(6.7,5.5,7.7));
#10974 = VERTEX_POINT('',#10975);
#10975 = CARTESIAN_POINT('',(6.7,-5.5,7.7));
#10976 = SURFACE_CURVE('',#10977,(#10981,#10987),.PCURVE_S1.);
#10977 = LINE('',#10978,#10979);
#10978 = CARTESIAN_POINT('',(6.7,-9.1,7.7));
#10979 = VECTOR('',#10980,1.);
#10980 = DIRECTION('',(0.,-1.,0.));
#10981 = PCURVE('',#9549,#10982);
#10982 = DEFINITIONAL_REPRESENTATION('',(#10983),#10986);
#10983 = B_SPLINE_CURVE_WITH_KNOTS('',1,(#10984,#10985),.UNSPECIFIED.,
  .F.,.F.,(2,2),(-14.6,-3.6),.PIECEWISE_BEZIER_KNOTS.);
#10984 = CARTESIAN_POINT('',(15.2,-48.8));
#10985 = CARTESIAN_POINT('',(4.2,-48.8));
#10986 = ( GEOMETRIC_REPRESENTATION_CONTEXT(2) 
PARAMETRIC_REPRESENTATION_CONTEXT() REPRESENTATION_CONTEXT('2D SPACE',''
  ) );
#10987 = PCURVE('',#10988,#10993);
#10988 = PLANE('',#10989);
#10989 = AXIS2_PLACEMENT_3D('',#10990,#10991,#10992);
#10990 = CARTESIAN_POINT('',(6.7,-8.5,1.2));
#10991 = DIRECTION('',(1.,0.,-0.));
#10992 = DIRECTION('',(0.,0.,1.));
#10993 = DEFINITIONAL_REPRESENTATION('',(#10994),#10997);
#10994 = B_SPLINE_CURVE_WITH_KNOTS('',1,(#10995,#10996),.UNSPECIFIED.,
  .F.,.F.,(2,2),(-14.6,-3.6),.PIECEWISE_BEZIER_KNOTS.);
#10995 = CARTESIAN_POINT('',(6.5,-14.));
#10996 = CARTESIAN_POINT('',(6.5,-3.));
#10997 = ( GEOMETRIC_REPRESENTATION_CONTEXT(2) 
PARAMETRIC_REPRESENTATION_CONTEXT() REPRESENTATION_CONTEXT('2D SPACE',''
  ) );
#10998 = ORIENTED_EDGE('',*,*,#10999,.F.);
#10999 = EDGE_CURVE('',#11000,#10972,#11002,.T.);
#11000 = VERTEX_POINT('',#11001);
#11001 = CARTESIAN_POINT('',(9.7,8.5,7.7));
#11002 = SURFACE_CURVE('',#11003,(#11008,#11015),.PCURVE_S1.);
#11003 = CIRCLE('',#11004,3.);
#11004 = AXIS2_PLACEMENT_3D('',#11005,#11006,#11007);
#11005 = CARTESIAN_POINT('',(9.7,5.5,7.7));
#11006 = DIRECTION('',(0.,0.,1.));
#11007 = DIRECTION('',(-1.,-0.,0.));
#11008 = PCURVE('',#9549,#11009);
#11009 = DEFINITIONAL_REPRESENTATION('',(#11010),#11014);
#11010 = CIRCLE('',#11011,3.);
#11011 = AXIS2_PLACEMENT_2D('',#11012,#11013);
#11012 = CARTESIAN_POINT('',(15.2,-51.8));
#11013 = DIRECTION('',(0.,1.));
#11014 = ( GEOMETRIC_REPRESENTATION_CONTEXT(2) 
PARAMETRIC_REPRESENTATION_CONTEXT() REPRESENTATION_CONTEXT('2D SPACE',''
  ) );
#11015 = PCURVE('',#11016,#11021);
#11016 = CYLINDRICAL_SURFACE('',#11017,3.);
#11017 = AXIS2_PLACEMENT_3D('',#11018,#11019,#11020);
#11018 = CARTESIAN_POINT('',(9.7,5.5,1.2));
#11019 = DIRECTION('',(0.,0.,1.));
#11020 = DIRECTION('',(-1.,-0.,0.));
#11021 = DEFINITIONAL_REPRESENTATION('',(#11022),#11026);
#11022 = LINE('',#11023,#11024);
#11023 = CARTESIAN_POINT('',(-6.28318530718,6.5));
#11024 = VECTOR('',#11025,1.);
#11025 = DIRECTION('',(1.,-0.));
#11026 = ( GEOMETRIC_REPRESENTATION_CONTEXT(2) 
PARAMETRIC_REPRESENTATION_CONTEXT() REPRESENTATION_CONTEXT('2D SPACE',''
  ) );
#11027 = ORIENTED_EDGE('',*,*,#11028,.T.);
#11028 = EDGE_CURVE('',#11000,#11029,#11031,.T.);
#11029 = VERTEX_POINT('',#11030);
#11030 = CARTESIAN_POINT('',(14.7,8.5,7.7));
#11031 = SURFACE_CURVE('',#11032,(#11036,#11042),.PCURVE_S1.);
#11032 = LINE('',#11033,#11034);
#11033 = CARTESIAN_POINT('',(-17.7,8.5,7.7));
#11034 = VECTOR('',#11035,1.);
#11035 = DIRECTION('',(1.,0.,-0.));
#11036 = PCURVE('',#9549,#11037);
#11037 = DEFINITIONAL_REPRESENTATION('',(#11038),#11041);
#11038 = B_SPLINE_CURVE_WITH_KNOTS('',1,(#11039,#11040),.UNSPECIFIED.,
  .F.,.F.,(2,2),(27.4,32.4),.PIECEWISE_BEZIER_KNOTS.);
#11039 = CARTESIAN_POINT('',(18.2,-51.8));
#11040 = CARTESIAN_POINT('',(18.2,-56.8));
#11041 = ( GEOMETRIC_REPRESENTATION_CONTEXT(2) 
PARAMETRIC_REPRESENTATION_CONTEXT() REPRESENTATION_CONTEXT('2D SPACE',''
  ) );
#11042 = PCURVE('',#11043,#11048);
#11043 = PLANE('',#11044);
#11044 = AXIS2_PLACEMENT_3D('',#11045,#11046,#11047);
#11045 = CARTESIAN_POINT('',(6.7,8.5,1.2));
#11046 = DIRECTION('',(-0.,1.,0.));
#11047 = DIRECTION('',(0.,0.,1.));
#11048 = DEFINITIONAL_REPRESENTATION('',(#11049),#11052);
#11049 = B_SPLINE_CURVE_WITH_KNOTS('',1,(#11050,#11051),.UNSPECIFIED.,
  .F.,.F.,(2,2),(27.4,32.4),.PIECEWISE_BEZIER_KNOTS.);
#11050 = CARTESIAN_POINT('',(6.5,3.));
#11051 = CARTESIAN_POINT('',(6.5,8.));
#11052 = ( GEOMETRIC_REPRESENTATION_CONTEXT(2) 
PARAMETRIC_REPRESENTATION_CONTEXT() REPRESENTATION_CONTEXT('2D SPACE',''
  ) );
#11053 = ORIENTED_EDGE('',*,*,#11054,.F.);
#11054 = EDGE_CURVE('',#11055,#11029,#11057,.T.);
#11055 = VERTEX_POINT('',#11056);
#11056 = CARTESIAN_POINT('',(17.7,5.5,7.7));
#11057 = SURFACE_CURVE('',#11058,(#11063,#11070),.PCURVE_S1.);
#11058 = CIRCLE('',#11059,3.);
#11059 = AXIS2_PLACEMENT_3D('',#11060,#11061,#11062);
#11060 = CARTESIAN_POINT('',(14.7,5.5,7.7));
#11061 = DIRECTION('',(0.,0.,1.));
#11062 = DIRECTION('',(1.,0.,-0.));
#11063 = PCURVE('',#9549,#11064);
#11064 = DEFINITIONAL_REPRESENTATION('',(#11065),#11069);
#11065 = CIRCLE('',#11066,3.);
#11066 = AXIS2_PLACEMENT_2D('',#11067,#11068);
#11067 = CARTESIAN_POINT('',(15.2,-56.8));
#11068 = DIRECTION('',(0.,-1.));
#11069 = ( GEOMETRIC_REPRESENTATION_CONTEXT(2) 
PARAMETRIC_REPRESENTATION_CONTEXT() REPRESENTATION_CONTEXT('2D SPACE',''
  ) );
#11070 = PCURVE('',#11071,#11076);
#11071 = CYLINDRICAL_SURFACE('',#11072,3.);
#11072 = AXIS2_PLACEMENT_3D('',#11073,#11074,#11075);
#11073 = CARTESIAN_POINT('',(14.7,5.5,1.2));
#11074 = DIRECTION('',(0.,0.,1.));
#11075 = DIRECTION('',(1.,0.,-0.));
#11076 = DEFINITIONAL_REPRESENTATION('',(#11077),#11081);
#11077 = LINE('',#11078,#11079);
#11078 = CARTESIAN_POINT('',(0.,6.5));
#11079 = VECTOR('',#11080,1.);
#11080 = DIRECTION('',(1.,0.));
#11081 = ( GEOMETRIC_REPRESENTATION_CONTEXT(2) 
PARAMETRIC_REPRESENTATION_CONTEXT() REPRESENTATION_CONTEXT('2D SPACE',''
  ) );
#11082 = ORIENTED_EDGE('',*,*,#11083,.T.);
#11083 = EDGE_CURVE('',#11055,#11084,#11086,.T.);
#11084 = VERTEX_POINT('',#11085);
#11085 = CARTESIAN_POINT('',(17.7,-5.5,7.7));
#11086 = SURFACE_CURVE('',#11087,(#11091,#11097),.PCURVE_S1.);
#11087 = LINE('',#11088,#11089);
#11088 = CARTESIAN_POINT('',(17.7,-9.1,7.7));
#11089 = VECTOR('',#11090,1.);
#11090 = DIRECTION('',(0.,-1.,0.));
#11091 = PCURVE('',#9549,#11092);
#11092 = DEFINITIONAL_REPRESENTATION('',(#11093),#11096);
#11093 = B_SPLINE_CURVE_WITH_KNOTS('',1,(#11094,#11095),.UNSPECIFIED.,
  .F.,.F.,(2,2),(-14.6,-3.6),.PIECEWISE_BEZIER_KNOTS.);
#11094 = CARTESIAN_POINT('',(15.2,-59.8));
#11095 = CARTESIAN_POINT('',(4.2,-59.8));
#11096 = ( GEOMETRIC_REPRESENTATION_CONTEXT(2) 
PARAMETRIC_REPRESENTATION_CONTEXT() REPRESENTATION_CONTEXT('2D SPACE',''
  ) );
#11097 = PCURVE('',#11098,#11103);
#11098 = PLANE('',#11099);
#11099 = AXIS2_PLACEMENT_3D('',#11100,#11101,#11102);
#11100 = CARTESIAN_POINT('',(17.7,-8.5,1.2));
#11101 = DIRECTION('',(1.,0.,-0.));
#11102 = DIRECTION('',(0.,0.,1.));
#11103 = DEFINITIONAL_REPRESENTATION('',(#11104),#11107);
#11104 = B_SPLINE_CURVE_WITH_KNOTS('',1,(#11105,#11106),.UNSPECIFIED.,
  .F.,.F.,(2,2),(-14.6,-3.6),.PIECEWISE_BEZIER_KNOTS.);
#11105 = CARTESIAN_POINT('',(6.5,-14.));
#11106 = CARTESIAN_POINT('',(6.5,-3.));
#11107 = ( GEOMETRIC_REPRESENTATION_CONTEXT(2) 
PARAMETRIC_REPRESENTATION_CONTEXT() REPRESENTATION_CONTEXT('2D SPACE',''
  ) );
#11108 = ORIENTED_EDGE('',*,*,#11109,.F.);
#11109 = EDGE_CURVE('',#11110,#11084,#11112,.T.);
#11110 = VERTEX_POINT('',#11111);
#11111 = CARTESIAN_POINT('',(14.7,-8.5,7.7));
#11112 = SURFACE_CURVE('',#11113,(#11118,#11125),.PCURVE_S1.);
#11113 = CIRCLE('',#11114,3.);
#11114 = AXIS2_PLACEMENT_3D('',#11115,#11116,#11117);
#11115 = CARTESIAN_POINT('',(14.7,-5.5,7.7));
#11116 = DIRECTION('',(0.,0.,1.));
#11117 = DIRECTION('',(1.,0.,-0.));
#11118 = PCURVE('',#9549,#11119);
#11119 = DEFINITIONAL_REPRESENTATION('',(#11120),#11124);
#11120 = CIRCLE('',#11121,3.);
#11121 = AXIS2_PLACEMENT_2D('',#11122,#11123);
#11122 = CARTESIAN_POINT('',(4.2,-56.8));
#11123 = DIRECTION('',(0.,-1.));
#11124 = ( GEOMETRIC_REPRESENTATION_CONTEXT(2) 
PARAMETRIC_REPRESENTATION_CONTEXT() REPRESENTATION_CONTEXT('2D SPACE',''
  ) );
#11125 = PCURVE('',#11126,#11131);
#11126 = CYLINDRICAL_SURFACE('',#11127,3.);
#11127 = AXIS2_PLACEMENT_3D('',#11128,#11129,#11130);
#11128 = CARTESIAN_POINT('',(14.7,-5.5,1.2));
#11129 = DIRECTION('',(0.,0.,1.));
#11130 = DIRECTION('',(1.,0.,-0.));
#11131 = DEFINITIONAL_REPRESENTATION('',(#11132),#11136);
#11132 = LINE('',#11133,#11134);
#11133 = CARTESIAN_POINT('',(-6.28318530718,6.5));
#11134 = VECTOR('',#11135,1.);
#11135 = DIRECTION('',(1.,-0.));
#11136 = ( GEOMETRIC_REPRESENTATION_CONTEXT(2) 
PARAMETRIC_REPRESENTATION_CONTEXT() REPRESENTATION_CONTEXT('2D SPACE',''
  ) );
#11137 = ORIENTED_EDGE('',*,*,#11138,.F.);
#11138 = EDGE_CURVE('',#11139,#11110,#11141,.T.);
#11139 = VERTEX_POINT('',#11140);
#11140 = CARTESIAN_POINT('',(9.7,-8.5,7.7));
#11141 = SURFACE_CURVE('',#11142,(#11146,#11152),.PCURVE_S1.);
#11142 = LINE('',#11143,#11144);
#11143 = CARTESIAN_POINT('',(-17.7,-8.5,7.7));
#11144 = VECTOR('',#11145,1.);
#11145 = DIRECTION('',(1.,0.,-0.));
#11146 = PCURVE('',#9549,#11147);
#11147 = DEFINITIONAL_REPRESENTATION('',(#11148),#11151);
#11148 = B_SPLINE_CURVE_WITH_KNOTS('',1,(#11149,#11150),.UNSPECIFIED.,
  .F.,.F.,(2,2),(27.4,32.4),.PIECEWISE_BEZIER_KNOTS.);
#11149 = CARTESIAN_POINT('',(1.2,-51.8));
#11150 = CARTESIAN_POINT('',(1.2,-56.8));
#11151 = ( GEOMETRIC_REPRESENTATION_CONTEXT(2) 
PARAMETRIC_REPRESENTATION_CONTEXT() REPRESENTATION_CONTEXT('2D SPACE',''
  ) );
#11152 = PCURVE('',#11153,#11158);
#11153 = PLANE('',#11154);
#11154 = AXIS2_PLACEMENT_3D('',#11155,#11156,#11157);
#11155 = CARTESIAN_POINT('',(6.7,-8.5,1.2));
#11156 = DIRECTION('',(-0.,1.,0.));
#11157 = DIRECTION('',(0.,0.,1.));
#11158 = DEFINITIONAL_REPRESENTATION('',(#11159),#11162);
#11159 = B_SPLINE_CURVE_WITH_KNOTS('',1,(#11160,#11161),.UNSPECIFIED.,
  .F.,.F.,(2,2),(27.4,32.4),.PIECEWISE_BEZIER_KNOTS.);
#11160 = CARTESIAN_POINT('',(6.5,3.));
#11161 = CARTESIAN_POINT('',(6.5,8.));
#11162 = ( GEOMETRIC_REPRESENTATION_CONTEXT(2) 
PARAMETRIC_REPRESENTATION_CONTEXT() REPRESENTATION_CONTEXT('2D SPACE',''
  ) );
#11163 = ORIENTED_EDGE('',*,*,#11164,.F.);
#11164 = EDGE_CURVE('',#10974,#11139,#11165,.T.);
#11165 = SURFACE_CURVE('',#11166,(#11171,#11178),.PCURVE_S1.);
#11166 = CIRCLE('',#11167,3.);
#11167 = AXIS2_PLACEMENT_3D('',#11168,#11169,#11170);
#11168 = CARTESIAN_POINT('',(9.7,-5.5,7.7));
#11169 = DIRECTION('',(0.,0.,1.));
#11170 = DIRECTION('',(-1.,-0.,0.));
#11171 = PCURVE('',#9549,#11172);
#11172 = DEFINITIONAL_REPRESENTATION('',(#11173),#11177);
#11173 = CIRCLE('',#11174,3.);
#11174 = AXIS2_PLACEMENT_2D('',#11175,#11176);
#11175 = CARTESIAN_POINT('',(4.2,-51.8));
#11176 = DIRECTION('',(0.,1.));
#11177 = ( GEOMETRIC_REPRESENTATION_CONTEXT(2) 
PARAMETRIC_REPRESENTATION_CONTEXT() REPRESENTATION_CONTEXT('2D SPACE',''
  ) );
#11178 = PCURVE('',#11179,#11184);
#11179 = CYLINDRICAL_SURFACE('',#11180,3.);
#11180 = AXIS2_PLACEMENT_3D('',#11181,#11182,#11183);
#11181 = CARTESIAN_POINT('',(9.7,-5.5,1.2));
#11182 = DIRECTION('',(0.,0.,1.));
#11183 = DIRECTION('',(-1.,-0.,0.));
#11184 = DEFINITIONAL_REPRESENTATION('',(#11185),#11189);
#11185 = LINE('',#11186,#11187);
#11186 = CARTESIAN_POINT('',(0.,6.5));
#11187 = VECTOR('',#11188,1.);
#11188 = DIRECTION('',(1.,0.));
#11189 = ( GEOMETRIC_REPRESENTATION_CONTEXT(2) 
PARAMETRIC_REPRESENTATION_CONTEXT() REPRESENTATION_CONTEXT('2D SPACE',''
  ) );
#11190 = FACE_BOUND('',#11191,.T.);
#11191 = EDGE_LOOP('',(#11192,#11220,#11249,#11275,#11304,#11330,#11359,
    #11385));
#11192 = ORIENTED_EDGE('',*,*,#11193,.F.);
#11193 = EDGE_CURVE('',#11194,#11196,#11198,.T.);
#11194 = VERTEX_POINT('',#11195);
#11195 = CARTESIAN_POINT('',(-5.5,5.5,7.7));
#11196 = VERTEX_POINT('',#11197);
#11197 = CARTESIAN_POINT('',(-5.5,-5.5,7.7));
#11198 = SURFACE_CURVE('',#11199,(#11203,#11209),.PCURVE_S1.);
#11199 = LINE('',#11200,#11201);
#11200 = CARTESIAN_POINT('',(-5.5,-9.1,7.7));
#11201 = VECTOR('',#11202,1.);
#11202 = DIRECTION('',(0.,-1.,0.));
#11203 = PCURVE('',#9549,#11204);
#11204 = DEFINITIONAL_REPRESENTATION('',(#11205),#11208);
#11205 = B_SPLINE_CURVE_WITH_KNOTS('',1,(#11206,#11207),.UNSPECIFIED.,
  .F.,.F.,(2,2),(-14.6,-3.6),.PIECEWISE_BEZIER_KNOTS.);
#11206 = CARTESIAN_POINT('',(15.2,-36.6));
#11207 = CARTESIAN_POINT('',(4.2,-36.6));
#11208 = ( GEOMETRIC_REPRESENTATION_CONTEXT(2) 
PARAMETRIC_REPRESENTATION_CONTEXT() REPRESENTATION_CONTEXT('2D SPACE',''
  ) );
#11209 = PCURVE('',#11210,#11215);
#11210 = PLANE('',#11211);
#11211 = AXIS2_PLACEMENT_3D('',#11212,#11213,#11214);
#11212 = CARTESIAN_POINT('',(-5.5,-8.5,1.2));
#11213 = DIRECTION('',(1.,0.,-0.));
#11214 = DIRECTION('',(0.,0.,1.));
#11215 = DEFINITIONAL_REPRESENTATION('',(#11216),#11219);
#11216 = B_SPLINE_CURVE_WITH_KNOTS('',1,(#11217,#11218),.UNSPECIFIED.,
  .F.,.F.,(2,2),(-14.6,-3.6),.PIECEWISE_BEZIER_KNOTS.);
#11217 = CARTESIAN_POINT('',(6.5,-14.));
#11218 = CARTESIAN_POINT('',(6.5,-3.));
#11219 = ( GEOMETRIC_REPRESENTATION_CONTEXT(2) 
PARAMETRIC_REPRESENTATION_CONTEXT() REPRESENTATION_CONTEXT('2D SPACE',''
  ) );
#11220 = ORIENTED_EDGE('',*,*,#11221,.F.);
#11221 = EDGE_CURVE('',#11222,#11194,#11224,.T.);
#11222 = VERTEX_POINT('',#11223);
#11223 = CARTESIAN_POINT('',(-2.5,8.5,7.7));
#11224 = SURFACE_CURVE('',#11225,(#11230,#11237),.PCURVE_S1.);
#11225 = CIRCLE('',#11226,3.);
#11226 = AXIS2_PLACEMENT_3D('',#11227,#11228,#11229);
#11227 = CARTESIAN_POINT('',(-2.5,5.5,7.7));
#11228 = DIRECTION('',(0.,0.,1.));
#11229 = DIRECTION('',(-1.,-0.,0.));
#11230 = PCURVE('',#9549,#11231);
#11231 = DEFINITIONAL_REPRESENTATION('',(#11232),#11236);
#11232 = CIRCLE('',#11233,3.);
#11233 = AXIS2_PLACEMENT_2D('',#11234,#11235);
#11234 = CARTESIAN_POINT('',(15.2,-39.6));
#11235 = DIRECTION('',(0.,1.));
#11236 = ( GEOMETRIC_REPRESENTATION_CONTEXT(2) 
PARAMETRIC_REPRESENTATION_CONTEXT() REPRESENTATION_CONTEXT('2D SPACE',''
  ) );
#11237 = PCURVE('',#11238,#11243);
#11238 = CYLINDRICAL_SURFACE('',#11239,3.);
#11239 = AXIS2_PLACEMENT_3D('',#11240,#11241,#11242);
#11240 = CARTESIAN_POINT('',(-2.5,5.5,1.2));
#11241 = DIRECTION('',(0.,0.,1.));
#11242 = DIRECTION('',(-1.,-0.,0.));
#11243 = DEFINITIONAL_REPRESENTATION('',(#11244),#11248);
#11244 = LINE('',#11245,#11246);
#11245 = CARTESIAN_POINT('',(-6.28318530718,6.5));
#11246 = VECTOR('',#11247,1.);
#11247 = DIRECTION('',(1.,-0.));
#11248 = ( GEOMETRIC_REPRESENTATION_CONTEXT(2) 
PARAMETRIC_REPRESENTATION_CONTEXT() REPRESENTATION_CONTEXT('2D SPACE',''
  ) );
#11249 = ORIENTED_EDGE('',*,*,#11250,.T.);
#11250 = EDGE_CURVE('',#11222,#11251,#11253,.T.);
#11251 = VERTEX_POINT('',#11252);
#11252 = CARTESIAN_POINT('',(2.5,8.5,7.7));
#11253 = SURFACE_CURVE('',#11254,(#11258,#11264),.PCURVE_S1.);
#11254 = LINE('',#11255,#11256);
#11255 = CARTESIAN_POINT('',(-23.8,8.5,7.7));
#11256 = VECTOR('',#11257,1.);
#11257 = DIRECTION('',(1.,0.,-0.));
#11258 = PCURVE('',#9549,#11259);
#11259 = DEFINITIONAL_REPRESENTATION('',(#11260),#11263);
#11260 = B_SPLINE_CURVE_WITH_KNOTS('',1,(#11261,#11262),.UNSPECIFIED.,
  .F.,.F.,(2,2),(21.3,26.3),.PIECEWISE_BEZIER_KNOTS.);
#11261 = CARTESIAN_POINT('',(18.2,-39.6));
#11262 = CARTESIAN_POINT('',(18.2,-44.6));
#11263 = ( GEOMETRIC_REPRESENTATION_CONTEXT(2) 
PARAMETRIC_REPRESENTATION_CONTEXT() REPRESENTATION_CONTEXT('2D SPACE',''
  ) );
#11264 = PCURVE('',#11265,#11270);
#11265 = PLANE('',#11266);
#11266 = AXIS2_PLACEMENT_3D('',#11267,#11268,#11269);
#11267 = CARTESIAN_POINT('',(-5.5,8.5,1.2));
#11268 = DIRECTION('',(-0.,1.,0.));
#11269 = DIRECTION('',(0.,0.,1.));
#11270 = DEFINITIONAL_REPRESENTATION('',(#11271),#11274);
#11271 = B_SPLINE_CURVE_WITH_KNOTS('',1,(#11272,#11273),.UNSPECIFIED.,
  .F.,.F.,(2,2),(21.3,26.3),.PIECEWISE_BEZIER_KNOTS.);
#11272 = CARTESIAN_POINT('',(6.5,3.));
#11273 = CARTESIAN_POINT('',(6.5,8.));
#11274 = ( GEOMETRIC_REPRESENTATION_CONTEXT(2) 
PARAMETRIC_REPRESENTATION_CONTEXT() REPRESENTATION_CONTEXT('2D SPACE',''
  ) );
#11275 = ORIENTED_EDGE('',*,*,#11276,.F.);
#11276 = EDGE_CURVE('',#11277,#11251,#11279,.T.);
#11277 = VERTEX_POINT('',#11278);
#11278 = CARTESIAN_POINT('',(5.5,5.5,7.7));
#11279 = SURFACE_CURVE('',#11280,(#11285,#11292),.PCURVE_S1.);
#11280 = CIRCLE('',#11281,3.);
#11281 = AXIS2_PLACEMENT_3D('',#11282,#11283,#11284);
#11282 = CARTESIAN_POINT('',(2.5,5.5,7.7));
#11283 = DIRECTION('',(0.,0.,1.));
#11284 = DIRECTION('',(1.,0.,-0.));
#11285 = PCURVE('',#9549,#11286);
#11286 = DEFINITIONAL_REPRESENTATION('',(#11287),#11291);
#11287 = CIRCLE('',#11288,3.);
#11288 = AXIS2_PLACEMENT_2D('',#11289,#11290);
#11289 = CARTESIAN_POINT('',(15.2,-44.6));
#11290 = DIRECTION('',(0.,-1.));
#11291 = ( GEOMETRIC_REPRESENTATION_CONTEXT(2) 
PARAMETRIC_REPRESENTATION_CONTEXT() REPRESENTATION_CONTEXT('2D SPACE',''
  ) );
#11292 = PCURVE('',#11293,#11298);
#11293 = CYLINDRICAL_SURFACE('',#11294,3.);
#11294 = AXIS2_PLACEMENT_3D('',#11295,#11296,#11297);
#11295 = CARTESIAN_POINT('',(2.5,5.5,1.2));
#11296 = DIRECTION('',(0.,0.,1.));
#11297 = DIRECTION('',(1.,0.,-0.));
#11298 = DEFINITIONAL_REPRESENTATION('',(#11299),#11303);
#11299 = LINE('',#11300,#11301);
#11300 = CARTESIAN_POINT('',(0.,6.5));
#11301 = VECTOR('',#11302,1.);
#11302 = DIRECTION('',(1.,0.));
#11303 = ( GEOMETRIC_REPRESENTATION_CONTEXT(2) 
PARAMETRIC_REPRESENTATION_CONTEXT() REPRESENTATION_CONTEXT('2D SPACE',''
  ) );
#11304 = ORIENTED_EDGE('',*,*,#11305,.T.);
#11305 = EDGE_CURVE('',#11277,#11306,#11308,.T.);
#11306 = VERTEX_POINT('',#11307);
#11307 = CARTESIAN_POINT('',(5.5,-5.5,7.7));
#11308 = SURFACE_CURVE('',#11309,(#11313,#11319),.PCURVE_S1.);
#11309 = LINE('',#11310,#11311);
#11310 = CARTESIAN_POINT('',(5.5,-9.1,7.7));
#11311 = VECTOR('',#11312,1.);
#11312 = DIRECTION('',(0.,-1.,0.));
#11313 = PCURVE('',#9549,#11314);
#11314 = DEFINITIONAL_REPRESENTATION('',(#11315),#11318);
#11315 = B_SPLINE_CURVE_WITH_KNOTS('',1,(#11316,#11317),.UNSPECIFIED.,
  .F.,.F.,(2,2),(-14.6,-3.6),.PIECEWISE_BEZIER_KNOTS.);
#11316 = CARTESIAN_POINT('',(15.2,-47.6));
#11317 = CARTESIAN_POINT('',(4.2,-47.6));
#11318 = ( GEOMETRIC_REPRESENTATION_CONTEXT(2) 
PARAMETRIC_REPRESENTATION_CONTEXT() REPRESENTATION_CONTEXT('2D SPACE',''
  ) );
#11319 = PCURVE('',#11320,#11325);
#11320 = PLANE('',#11321);
#11321 = AXIS2_PLACEMENT_3D('',#11322,#11323,#11324);
#11322 = CARTESIAN_POINT('',(5.5,-8.5,1.2));
#11323 = DIRECTION('',(1.,0.,-0.));
#11324 = DIRECTION('',(0.,0.,1.));
#11325 = DEFINITIONAL_REPRESENTATION('',(#11326),#11329);
#11326 = B_SPLINE_CURVE_WITH_KNOTS('',1,(#11327,#11328),.UNSPECIFIED.,
  .F.,.F.,(2,2),(-14.6,-3.6),.PIECEWISE_BEZIER_KNOTS.);
#11327 = CARTESIAN_POINT('',(6.5,-14.));
#11328 = CARTESIAN_POINT('',(6.5,-3.));
#11329 = ( GEOMETRIC_REPRESENTATION_CONTEXT(2) 
PARAMETRIC_REPRESENTATION_CONTEXT() REPRESENTATION_CONTEXT('2D SPACE',''
  ) );
#11330 = ORIENTED_EDGE('',*,*,#11331,.F.);
#11331 = EDGE_CURVE('',#11332,#11306,#11334,.T.);
#11332 = VERTEX_POINT('',#11333);
#11333 = CARTESIAN_POINT('',(2.5,-8.5,7.7));
#11334 = SURFACE_CURVE('',#11335,(#11340,#11347),.PCURVE_S1.);
#11335 = CIRCLE('',#11336,3.);
#11336 = AXIS2_PLACEMENT_3D('',#11337,#11338,#11339);
#11337 = CARTESIAN_POINT('',(2.5,-5.5,7.7));
#11338 = DIRECTION('',(0.,0.,1.));
#11339 = DIRECTION('',(1.,0.,-0.));
#11340 = PCURVE('',#9549,#11341);
#11341 = DEFINITIONAL_REPRESENTATION('',(#11342),#11346);
#11342 = CIRCLE('',#11343,3.);
#11343 = AXIS2_PLACEMENT_2D('',#11344,#11345);
#11344 = CARTESIAN_POINT('',(4.2,-44.6));
#11345 = DIRECTION('',(0.,-1.));
#11346 = ( GEOMETRIC_REPRESENTATION_CONTEXT(2) 
PARAMETRIC_REPRESENTATION_CONTEXT() REPRESENTATION_CONTEXT('2D SPACE',''
  ) );
#11347 = PCURVE('',#11348,#11353);
#11348 = CYLINDRICAL_SURFACE('',#11349,3.);
#11349 = AXIS2_PLACEMENT_3D('',#11350,#11351,#11352);
#11350 = CARTESIAN_POINT('',(2.5,-5.5,1.2));
#11351 = DIRECTION('',(0.,0.,1.));
#11352 = DIRECTION('',(1.,0.,-0.));
#11353 = DEFINITIONAL_REPRESENTATION('',(#11354),#11358);
#11354 = LINE('',#11355,#11356);
#11355 = CARTESIAN_POINT('',(-6.28318530718,6.5));
#11356 = VECTOR('',#11357,1.);
#11357 = DIRECTION('',(1.,-0.));
#11358 = ( GEOMETRIC_REPRESENTATION_CONTEXT(2) 
PARAMETRIC_REPRESENTATION_CONTEXT() REPRESENTATION_CONTEXT('2D SPACE',''
  ) );
#11359 = ORIENTED_EDGE('',*,*,#11360,.F.);
#11360 = EDGE_CURVE('',#11361,#11332,#11363,.T.);
#11361 = VERTEX_POINT('',#11362);
#11362 = CARTESIAN_POINT('',(-2.5,-8.5,7.7));
#11363 = SURFACE_CURVE('',#11364,(#11368,#11374),.PCURVE_S1.);
#11364 = LINE('',#11365,#11366);
#11365 = CARTESIAN_POINT('',(-23.8,-8.5,7.7));
#11366 = VECTOR('',#11367,1.);
#11367 = DIRECTION('',(1.,0.,-0.));
#11368 = PCURVE('',#9549,#11369);
#11369 = DEFINITIONAL_REPRESENTATION('',(#11370),#11373);
#11370 = B_SPLINE_CURVE_WITH_KNOTS('',1,(#11371,#11372),.UNSPECIFIED.,
  .F.,.F.,(2,2),(21.3,26.3),.PIECEWISE_BEZIER_KNOTS.);
#11371 = CARTESIAN_POINT('',(1.2,-39.6));
#11372 = CARTESIAN_POINT('',(1.2,-44.6));
#11373 = ( GEOMETRIC_REPRESENTATION_CONTEXT(2) 
PARAMETRIC_REPRESENTATION_CONTEXT() REPRESENTATION_CONTEXT('2D SPACE',''
  ) );
#11374 = PCURVE('',#11375,#11380);
#11375 = PLANE('',#11376);
#11376 = AXIS2_PLACEMENT_3D('',#11377,#11378,#11379);
#11377 = CARTESIAN_POINT('',(-5.5,-8.5,1.2));
#11378 = DIRECTION('',(-0.,1.,0.));
#11379 = DIRECTION('',(0.,0.,1.));
#11380 = DEFINITIONAL_REPRESENTATION('',(#11381),#11384);
#11381 = B_SPLINE_CURVE_WITH_KNOTS('',1,(#11382,#11383),.UNSPECIFIED.,
  .F.,.F.,(2,2),(21.3,26.3),.PIECEWISE_BEZIER_KNOTS.);
#11382 = CARTESIAN_POINT('',(6.5,3.));
#11383 = CARTESIAN_POINT('',(6.5,8.));
#11384 = ( GEOMETRIC_REPRESENTATION_CONTEXT(2) 
PARAMETRIC_REPRESENTATION_CONTEXT() REPRESENTATION_CONTEXT('2D SPACE',''
  ) );
#11385 = ORIENTED_EDGE('',*,*,#11386,.F.);
#11386 = EDGE_CURVE('',#11196,#11361,#11387,.T.);
#11387 = SURFACE_CURVE('',#11388,(#11393,#11400),.PCURVE_S1.);
#11388 = CIRCLE('',#11389,3.);
#11389 = AXIS2_PLACEMENT_3D('',#11390,#11391,#11392);
#11390 = CARTESIAN_POINT('',(-2.5,-5.5,7.7));
#11391 = DIRECTION('',(0.,0.,1.));
#11392 = DIRECTION('',(-1.,-0.,0.));
#11393 = PCURVE('',#9549,#11394);
#11394 = DEFINITIONAL_REPRESENTATION('',(#11395),#11399);
#11395 = CIRCLE('',#11396,3.);
#11396 = AXIS2_PLACEMENT_2D('',#11397,#11398);
#11397 = CARTESIAN_POINT('',(4.2,-39.6));
#11398 = DIRECTION('',(0.,1.));
#11399 = ( GEOMETRIC_REPRESENTATION_CONTEXT(2) 
PARAMETRIC_REPRESENTATION_CONTEXT() REPRESENTATION_CONTEXT('2D SPACE',''
  ) );
#11400 = PCURVE('',#11401,#11406);
#11401 = CYLINDRICAL_SURFACE('',#11402,3.);
#11402 = AXIS2_PLACEMENT_3D('',#11403,#11404,#11405);
#11403 = CARTESIAN_POINT('',(-2.5,-5.5,1.2));
#11404 = DIRECTION('',(0.,0.,1.));
#11405 = DIRECTION('',(-1.,-0.,0.));
#11406 = DEFINITIONAL_REPRESENTATION('',(#11407),#11411);
#11407 = LINE('',#11408,#11409);
#11408 = CARTESIAN_POINT('',(0.,6.5));
#11409 = VECTOR('',#11410,1.);
#11410 = DIRECTION('',(1.,0.));
#11411 = ( GEOMETRIC_REPRESENTATION_CONTEXT(2) 
PARAMETRIC_REPRESENTATION_CONTEXT() REPRESENTATION_CONTEXT('2D SPACE',''
  ) );
#11412 = FACE_BOUND('',#11413,.T.);
#11413 = EDGE_LOOP('',(#11414,#11442,#11471,#11497,#11526,#11552,#11581,
    #11607));
#11414 = ORIENTED_EDGE('',*,*,#11415,.F.);
#11415 = EDGE_CURVE('',#11416,#11418,#11420,.T.);
#11416 = VERTEX_POINT('',#11417);
#11417 = CARTESIAN_POINT('',(-17.7,5.5,7.7));
#11418 = VERTEX_POINT('',#11419);
#11419 = CARTESIAN_POINT('',(-17.7,-5.5,7.7));
#11420 = SURFACE_CURVE('',#11421,(#11425,#11431),.PCURVE_S1.);
#11421 = LINE('',#11422,#11423);
#11422 = CARTESIAN_POINT('',(-17.7,-9.1,7.7));
#11423 = VECTOR('',#11424,1.);
#11424 = DIRECTION('',(0.,-1.,0.));
#11425 = PCURVE('',#9549,#11426);
#11426 = DEFINITIONAL_REPRESENTATION('',(#11427),#11430);
#11427 = B_SPLINE_CURVE_WITH_KNOTS('',1,(#11428,#11429),.UNSPECIFIED.,
  .F.,.F.,(2,2),(-14.6,-3.6),.PIECEWISE_BEZIER_KNOTS.);
#11428 = CARTESIAN_POINT('',(15.2,-24.4));
#11429 = CARTESIAN_POINT('',(4.2,-24.4));
#11430 = ( GEOMETRIC_REPRESENTATION_CONTEXT(2) 
PARAMETRIC_REPRESENTATION_CONTEXT() REPRESENTATION_CONTEXT('2D SPACE',''
  ) );
#11431 = PCURVE('',#11432,#11437);
#11432 = PLANE('',#11433);
#11433 = AXIS2_PLACEMENT_3D('',#11434,#11435,#11436);
#11434 = CARTESIAN_POINT('',(-17.7,-8.5,1.2));
#11435 = DIRECTION('',(1.,0.,-0.));
#11436 = DIRECTION('',(0.,0.,1.));
#11437 = DEFINITIONAL_REPRESENTATION('',(#11438),#11441);
#11438 = B_SPLINE_CURVE_WITH_KNOTS('',1,(#11439,#11440),.UNSPECIFIED.,
  .F.,.F.,(2,2),(-14.6,-3.6),.PIECEWISE_BEZIER_KNOTS.);
#11439 = CARTESIAN_POINT('',(6.5,-14.));
#11440 = CARTESIAN_POINT('',(6.5,-3.));
#11441 = ( GEOMETRIC_REPRESENTATION_CONTEXT(2) 
PARAMETRIC_REPRESENTATION_CONTEXT() REPRESENTATION_CONTEXT('2D SPACE',''
  ) );
#11442 = ORIENTED_EDGE('',*,*,#11443,.F.);
#11443 = EDGE_CURVE('',#11444,#11416,#11446,.T.);
#11444 = VERTEX_POINT('',#11445);
#11445 = CARTESIAN_POINT('',(-14.7,8.5,7.7));
#11446 = SURFACE_CURVE('',#11447,(#11452,#11459),.PCURVE_S1.);
#11447 = CIRCLE('',#11448,3.);
#11448 = AXIS2_PLACEMENT_3D('',#11449,#11450,#11451);
#11449 = CARTESIAN_POINT('',(-14.7,5.5,7.7));
#11450 = DIRECTION('',(0.,0.,1.));
#11451 = DIRECTION('',(-1.,-0.,0.));
#11452 = PCURVE('',#9549,#11453);
#11453 = DEFINITIONAL_REPRESENTATION('',(#11454),#11458);
#11454 = CIRCLE('',#11455,3.);
#11455 = AXIS2_PLACEMENT_2D('',#11456,#11457);
#11456 = CARTESIAN_POINT('',(15.2,-27.4));
#11457 = DIRECTION('',(0.,1.));
#11458 = ( GEOMETRIC_REPRESENTATION_CONTEXT(2) 
PARAMETRIC_REPRESENTATION_CONTEXT() REPRESENTATION_CONTEXT('2D SPACE',''
  ) );
#11459 = PCURVE('',#11460,#11465);
#11460 = CYLINDRICAL_SURFACE('',#11461,3.);
#11461 = AXIS2_PLACEMENT_3D('',#11462,#11463,#11464);
#11462 = CARTESIAN_POINT('',(-14.7,5.5,1.2));
#11463 = DIRECTION('',(0.,0.,1.));
#11464 = DIRECTION('',(-1.,-0.,0.));
#11465 = DEFINITIONAL_REPRESENTATION('',(#11466),#11470);
#11466 = LINE('',#11467,#11468);
#11467 = CARTESIAN_POINT('',(-6.28318530718,6.5));
#11468 = VECTOR('',#11469,1.);
#11469 = DIRECTION('',(1.,-0.));
#11470 = ( GEOMETRIC_REPRESENTATION_CONTEXT(2) 
PARAMETRIC_REPRESENTATION_CONTEXT() REPRESENTATION_CONTEXT('2D SPACE',''
  ) );
#11471 = ORIENTED_EDGE('',*,*,#11472,.T.);
#11472 = EDGE_CURVE('',#11444,#11473,#11475,.T.);
#11473 = VERTEX_POINT('',#11474);
#11474 = CARTESIAN_POINT('',(-9.7,8.5,7.7));
#11475 = SURFACE_CURVE('',#11476,(#11480,#11486),.PCURVE_S1.);
#11476 = LINE('',#11477,#11478);
#11477 = CARTESIAN_POINT('',(-29.9,8.5,7.7));
#11478 = VECTOR('',#11479,1.);
#11479 = DIRECTION('',(1.,0.,-0.));
#11480 = PCURVE('',#9549,#11481);
#11481 = DEFINITIONAL_REPRESENTATION('',(#11482),#11485);
#11482 = B_SPLINE_CURVE_WITH_KNOTS('',1,(#11483,#11484),.UNSPECIFIED.,
  .F.,.F.,(2,2),(15.2,20.2),.PIECEWISE_BEZIER_KNOTS.);
#11483 = CARTESIAN_POINT('',(18.2,-27.4));
#11484 = CARTESIAN_POINT('',(18.2,-32.4));
#11485 = ( GEOMETRIC_REPRESENTATION_CONTEXT(2) 
PARAMETRIC_REPRESENTATION_CONTEXT() REPRESENTATION_CONTEXT('2D SPACE',''
  ) );
#11486 = PCURVE('',#11487,#11492);
#11487 = PLANE('',#11488);
#11488 = AXIS2_PLACEMENT_3D('',#11489,#11490,#11491);
#11489 = CARTESIAN_POINT('',(-17.7,8.5,1.2));
#11490 = DIRECTION('',(-0.,1.,0.));
#11491 = DIRECTION('',(0.,0.,1.));
#11492 = DEFINITIONAL_REPRESENTATION('',(#11493),#11496);
#11493 = B_SPLINE_CURVE_WITH_KNOTS('',1,(#11494,#11495),.UNSPECIFIED.,
  .F.,.F.,(2,2),(15.2,20.2),.PIECEWISE_BEZIER_KNOTS.);
#11494 = CARTESIAN_POINT('',(6.5,3.));
#11495 = CARTESIAN_POINT('',(6.5,8.));
#11496 = ( GEOMETRIC_REPRESENTATION_CONTEXT(2) 
PARAMETRIC_REPRESENTATION_CONTEXT() REPRESENTATION_CONTEXT('2D SPACE',''
  ) );
#11497 = ORIENTED_EDGE('',*,*,#11498,.F.);
#11498 = EDGE_CURVE('',#11499,#11473,#11501,.T.);
#11499 = VERTEX_POINT('',#11500);
#11500 = CARTESIAN_POINT('',(-6.7,5.5,7.7));
#11501 = SURFACE_CURVE('',#11502,(#11507,#11514),.PCURVE_S1.);
#11502 = CIRCLE('',#11503,3.);
#11503 = AXIS2_PLACEMENT_3D('',#11504,#11505,#11506);
#11504 = CARTESIAN_POINT('',(-9.7,5.5,7.7));
#11505 = DIRECTION('',(0.,0.,1.));
#11506 = DIRECTION('',(1.,0.,-0.));
#11507 = PCURVE('',#9549,#11508);
#11508 = DEFINITIONAL_REPRESENTATION('',(#11509),#11513);
#11509 = CIRCLE('',#11510,3.);
#11510 = AXIS2_PLACEMENT_2D('',#11511,#11512);
#11511 = CARTESIAN_POINT('',(15.2,-32.4));
#11512 = DIRECTION('',(0.,-1.));
#11513 = ( GEOMETRIC_REPRESENTATION_CONTEXT(2) 
PARAMETRIC_REPRESENTATION_CONTEXT() REPRESENTATION_CONTEXT('2D SPACE',''
  ) );
#11514 = PCURVE('',#11515,#11520);
#11515 = CYLINDRICAL_SURFACE('',#11516,3.);
#11516 = AXIS2_PLACEMENT_3D('',#11517,#11518,#11519);
#11517 = CARTESIAN_POINT('',(-9.7,5.5,1.2));
#11518 = DIRECTION('',(0.,0.,1.));
#11519 = DIRECTION('',(1.,0.,-0.));
#11520 = DEFINITIONAL_REPRESENTATION('',(#11521),#11525);
#11521 = LINE('',#11522,#11523);
#11522 = CARTESIAN_POINT('',(0.,6.5));
#11523 = VECTOR('',#11524,1.);
#11524 = DIRECTION('',(1.,0.));
#11525 = ( GEOMETRIC_REPRESENTATION_CONTEXT(2) 
PARAMETRIC_REPRESENTATION_CONTEXT() REPRESENTATION_CONTEXT('2D SPACE',''
  ) );
#11526 = ORIENTED_EDGE('',*,*,#11527,.T.);
#11527 = EDGE_CURVE('',#11499,#11528,#11530,.T.);
#11528 = VERTEX_POINT('',#11529);
#11529 = CARTESIAN_POINT('',(-6.7,-5.5,7.7));
#11530 = SURFACE_CURVE('',#11531,(#11535,#11541),.PCURVE_S1.);
#11531 = LINE('',#11532,#11533);
#11532 = CARTESIAN_POINT('',(-6.7,-9.1,7.7));
#11533 = VECTOR('',#11534,1.);
#11534 = DIRECTION('',(0.,-1.,0.));
#11535 = PCURVE('',#9549,#11536);
#11536 = DEFINITIONAL_REPRESENTATION('',(#11537),#11540);
#11537 = B_SPLINE_CURVE_WITH_KNOTS('',1,(#11538,#11539),.UNSPECIFIED.,
  .F.,.F.,(2,2),(-14.6,-3.6),.PIECEWISE_BEZIER_KNOTS.);
#11538 = CARTESIAN_POINT('',(15.2,-35.4));
#11539 = CARTESIAN_POINT('',(4.2,-35.4));
#11540 = ( GEOMETRIC_REPRESENTATION_CONTEXT(2) 
PARAMETRIC_REPRESENTATION_CONTEXT() REPRESENTATION_CONTEXT('2D SPACE',''
  ) );
#11541 = PCURVE('',#11542,#11547);
#11542 = PLANE('',#11543);
#11543 = AXIS2_PLACEMENT_3D('',#11544,#11545,#11546);
#11544 = CARTESIAN_POINT('',(-6.7,-8.5,1.2));
#11545 = DIRECTION('',(1.,0.,-0.));
#11546 = DIRECTION('',(0.,0.,1.));
#11547 = DEFINITIONAL_REPRESENTATION('',(#11548),#11551);
#11548 = B_SPLINE_CURVE_WITH_KNOTS('',1,(#11549,#11550),.UNSPECIFIED.,
  .F.,.F.,(2,2),(-14.6,-3.6),.PIECEWISE_BEZIER_KNOTS.);
#11549 = CARTESIAN_POINT('',(6.5,-14.));
#11550 = CARTESIAN_POINT('',(6.5,-3.));
#11551 = ( GEOMETRIC_REPRESENTATION_CONTEXT(2) 
PARAMETRIC_REPRESENTATION_CONTEXT() REPRESENTATION_CONTEXT('2D SPACE',''
  ) );
#11552 = ORIENTED_EDGE('',*,*,#11553,.F.);
#11553 = EDGE_CURVE('',#11554,#11528,#11556,.T.);
#11554 = VERTEX_POINT('',#11555);
#11555 = CARTESIAN_POINT('',(-9.7,-8.5,7.7));
#11556 = SURFACE_CURVE('',#11557,(#11562,#11569),.PCURVE_S1.);
#11557 = CIRCLE('',#11558,3.);
#11558 = AXIS2_PLACEMENT_3D('',#11559,#11560,#11561);
#11559 = CARTESIAN_POINT('',(-9.7,-5.5,7.7));
#11560 = DIRECTION('',(0.,0.,1.));
#11561 = DIRECTION('',(1.,0.,-0.));
#11562 = PCURVE('',#9549,#11563);
#11563 = DEFINITIONAL_REPRESENTATION('',(#11564),#11568);
#11564 = CIRCLE('',#11565,3.);
#11565 = AXIS2_PLACEMENT_2D('',#11566,#11567);
#11566 = CARTESIAN_POINT('',(4.2,-32.4));
#11567 = DIRECTION('',(0.,-1.));
#11568 = ( GEOMETRIC_REPRESENTATION_CONTEXT(2) 
PARAMETRIC_REPRESENTATION_CONTEXT() REPRESENTATION_CONTEXT('2D SPACE',''
  ) );
#11569 = PCURVE('',#11570,#11575);
#11570 = CYLINDRICAL_SURFACE('',#11571,3.);
#11571 = AXIS2_PLACEMENT_3D('',#11572,#11573,#11574);
#11572 = CARTESIAN_POINT('',(-9.7,-5.5,1.2));
#11573 = DIRECTION('',(0.,0.,1.));
#11574 = DIRECTION('',(1.,0.,-0.));
#11575 = DEFINITIONAL_REPRESENTATION('',(#11576),#11580);
#11576 = LINE('',#11577,#11578);
#11577 = CARTESIAN_POINT('',(-6.28318530718,6.5));
#11578 = VECTOR('',#11579,1.);
#11579 = DIRECTION('',(1.,-0.));
#11580 = ( GEOMETRIC_REPRESENTATION_CONTEXT(2) 
PARAMETRIC_REPRESENTATION_CONTEXT() REPRESENTATION_CONTEXT('2D SPACE',''
  ) );
#11581 = ORIENTED_EDGE('',*,*,#11582,.F.);
#11582 = EDGE_CURVE('',#11583,#11554,#11585,.T.);
#11583 = VERTEX_POINT('',#11584);
#11584 = CARTESIAN_POINT('',(-14.7,-8.5,7.7));
#11585 = SURFACE_CURVE('',#11586,(#11590,#11596),.PCURVE_S1.);
#11586 = LINE('',#11587,#11588);
#11587 = CARTESIAN_POINT('',(-29.9,-8.5,7.7));
#11588 = VECTOR('',#11589,1.);
#11589 = DIRECTION('',(1.,0.,-0.));
#11590 = PCURVE('',#9549,#11591);
#11591 = DEFINITIONAL_REPRESENTATION('',(#11592),#11595);
#11592 = B_SPLINE_CURVE_WITH_KNOTS('',1,(#11593,#11594),.UNSPECIFIED.,
  .F.,.F.,(2,2),(15.2,20.2),.PIECEWISE_BEZIER_KNOTS.);
#11593 = CARTESIAN_POINT('',(1.2,-27.4));
#11594 = CARTESIAN_POINT('',(1.2,-32.4));
#11595 = ( GEOMETRIC_REPRESENTATION_CONTEXT(2) 
PARAMETRIC_REPRESENTATION_CONTEXT() REPRESENTATION_CONTEXT('2D SPACE',''
  ) );
#11596 = PCURVE('',#11597,#11602);
#11597 = PLANE('',#11598);
#11598 = AXIS2_PLACEMENT_3D('',#11599,#11600,#11601);
#11599 = CARTESIAN_POINT('',(-17.7,-8.5,1.2));
#11600 = DIRECTION('',(-0.,1.,0.));
#11601 = DIRECTION('',(0.,0.,1.));
#11602 = DEFINITIONAL_REPRESENTATION('',(#11603),#11606);
#11603 = B_SPLINE_CURVE_WITH_KNOTS('',1,(#11604,#11605),.UNSPECIFIED.,
  .F.,.F.,(2,2),(15.2,20.2),.PIECEWISE_BEZIER_KNOTS.);
#11604 = CARTESIAN_POINT('',(6.5,3.));
#11605 = CARTESIAN_POINT('',(6.5,8.));
#11606 = ( GEOMETRIC_REPRESENTATION_CONTEXT(2) 
PARAMETRIC_REPRESENTATION_CONTEXT() REPRESENTATION_CONTEXT('2D SPACE',''
  ) );
#11607 = ORIENTED_EDGE('',*,*,#11608,.F.);
#11608 = EDGE_CURVE('',#11418,#11583,#11609,.T.);
#11609 = SURFACE_CURVE('',#11610,(#11615,#11622),.PCURVE_S1.);
#11610 = CIRCLE('',#11611,3.);
#11611 = AXIS2_PLACEMENT_3D('',#11612,#11613,#11614);
#11612 = CARTESIAN_POINT('',(-14.7,-5.5,7.7));
#11613 = DIRECTION('',(0.,0.,1.));
#11614 = DIRECTION('',(-1.,-0.,0.));
#11615 = PCURVE('',#9549,#11616);
#11616 = DEFINITIONAL_REPRESENTATION('',(#11617),#11621);
#11617 = CIRCLE('',#11618,3.);
#11618 = AXIS2_PLACEMENT_2D('',#11619,#11620);
#11619 = CARTESIAN_POINT('',(4.2,-27.4));
#11620 = DIRECTION('',(0.,1.));
#11621 = ( GEOMETRIC_REPRESENTATION_CONTEXT(2) 
PARAMETRIC_REPRESENTATION_CONTEXT() REPRESENTATION_CONTEXT('2D SPACE',''
  ) );
#11622 = PCURVE('',#11623,#11628);
#11623 = CYLINDRICAL_SURFACE('',#11624,3.);
#11624 = AXIS2_PLACEMENT_3D('',#11625,#11626,#11627);
#11625 = CARTESIAN_POINT('',(-14.7,-5.5,1.2));
#11626 = DIRECTION('',(0.,0.,1.));
#11627 = DIRECTION('',(-1.,-0.,0.));
#11628 = DEFINITIONAL_REPRESENTATION('',(#11629),#11633);
#11629 = LINE('',#11630,#11631);
#11630 = CARTESIAN_POINT('',(0.,6.5));
#11631 = VECTOR('',#11632,1.);
#11632 = DIRECTION('',(1.,0.));
#11633 = ( GEOMETRIC_REPRESENTATION_CONTEXT(2) 
PARAMETRIC_REPRESENTATION_CONTEXT() REPRESENTATION_CONTEXT('2D SPACE',''
  ) );
#11634 = FACE_BOUND('',#11635,.T.);
#11635 = EDGE_LOOP('',(#11636,#11664,#11693,#11719,#11748,#11774,#11803,
    #11829));
#11636 = ORIENTED_EDGE('',*,*,#11637,.F.);
#11637 = EDGE_CURVE('',#11638,#11640,#11642,.T.);
#11638 = VERTEX_POINT('',#11639);
#11639 = CARTESIAN_POINT('',(-29.9,5.5,7.7));
#11640 = VERTEX_POINT('',#11641);
#11641 = CARTESIAN_POINT('',(-29.9,-5.5,7.7));
#11642 = SURFACE_CURVE('',#11643,(#11647,#11653),.PCURVE_S1.);
#11643 = LINE('',#11644,#11645);
#11644 = CARTESIAN_POINT('',(-29.9,-9.1,7.7));
#11645 = VECTOR('',#11646,1.);
#11646 = DIRECTION('',(0.,-1.,0.));
#11647 = PCURVE('',#9549,#11648);
#11648 = DEFINITIONAL_REPRESENTATION('',(#11649),#11652);
#11649 = B_SPLINE_CURVE_WITH_KNOTS('',1,(#11650,#11651),.UNSPECIFIED.,
  .F.,.F.,(2,2),(-14.6,-3.6),.PIECEWISE_BEZIER_KNOTS.);
#11650 = CARTESIAN_POINT('',(15.2,-12.2));
#11651 = CARTESIAN_POINT('',(4.2,-12.2));
#11652 = ( GEOMETRIC_REPRESENTATION_CONTEXT(2) 
PARAMETRIC_REPRESENTATION_CONTEXT() REPRESENTATION_CONTEXT('2D SPACE',''
  ) );
#11653 = PCURVE('',#11654,#11659);
#11654 = PLANE('',#11655);
#11655 = AXIS2_PLACEMENT_3D('',#11656,#11657,#11658);
#11656 = CARTESIAN_POINT('',(-29.9,-8.5,1.2));
#11657 = DIRECTION('',(1.,0.,-0.));
#11658 = DIRECTION('',(0.,0.,1.));
#11659 = DEFINITIONAL_REPRESENTATION('',(#11660),#11663);
#11660 = B_SPLINE_CURVE_WITH_KNOTS('',1,(#11661,#11662),.UNSPECIFIED.,
  .F.,.F.,(2,2),(-14.6,-3.6),.PIECEWISE_BEZIER_KNOTS.);
#11661 = CARTESIAN_POINT('',(6.5,-14.));
#11662 = CARTESIAN_POINT('',(6.5,-3.));
#11663 = ( GEOMETRIC_REPRESENTATION_CONTEXT(2) 
PARAMETRIC_REPRESENTATION_CONTEXT() REPRESENTATION_CONTEXT('2D SPACE',''
  ) );
#11664 = ORIENTED_EDGE('',*,*,#11665,.F.);
#11665 = EDGE_CURVE('',#11666,#11638,#11668,.T.);
#11666 = VERTEX_POINT('',#11667);
#11667 = CARTESIAN_POINT('',(-26.9,8.5,7.7));
#11668 = SURFACE_CURVE('',#11669,(#11674,#11681),.PCURVE_S1.);
#11669 = CIRCLE('',#11670,3.);
#11670 = AXIS2_PLACEMENT_3D('',#11671,#11672,#11673);
#11671 = CARTESIAN_POINT('',(-26.9,5.5,7.7));
#11672 = DIRECTION('',(0.,0.,1.));
#11673 = DIRECTION('',(-1.,-0.,0.));
#11674 = PCURVE('',#9549,#11675);
#11675 = DEFINITIONAL_REPRESENTATION('',(#11676),#11680);
#11676 = CIRCLE('',#11677,3.);
#11677 = AXIS2_PLACEMENT_2D('',#11678,#11679);
#11678 = CARTESIAN_POINT('',(15.2,-15.2));
#11679 = DIRECTION('',(0.,1.));
#11680 = ( GEOMETRIC_REPRESENTATION_CONTEXT(2) 
PARAMETRIC_REPRESENTATION_CONTEXT() REPRESENTATION_CONTEXT('2D SPACE',''
  ) );
#11681 = PCURVE('',#11682,#11687);
#11682 = CYLINDRICAL_SURFACE('',#11683,3.);
#11683 = AXIS2_PLACEMENT_3D('',#11684,#11685,#11686);
#11684 = CARTESIAN_POINT('',(-26.9,5.5,1.2));
#11685 = DIRECTION('',(0.,0.,1.));
#11686 = DIRECTION('',(-1.,-0.,0.));
#11687 = DEFINITIONAL_REPRESENTATION('',(#11688),#11692);
#11688 = LINE('',#11689,#11690);
#11689 = CARTESIAN_POINT('',(-6.28318530718,6.5));
#11690 = VECTOR('',#11691,1.);
#11691 = DIRECTION('',(1.,-0.));
#11692 = ( GEOMETRIC_REPRESENTATION_CONTEXT(2) 
PARAMETRIC_REPRESENTATION_CONTEXT() REPRESENTATION_CONTEXT('2D SPACE',''
  ) );
#11693 = ORIENTED_EDGE('',*,*,#11694,.T.);
#11694 = EDGE_CURVE('',#11666,#11695,#11697,.T.);
#11695 = VERTEX_POINT('',#11696);
#11696 = CARTESIAN_POINT('',(-21.9,8.5,7.7));
#11697 = SURFACE_CURVE('',#11698,(#11702,#11708),.PCURVE_S1.);
#11698 = LINE('',#11699,#11700);
#11699 = CARTESIAN_POINT('',(-36.,8.5,7.7));
#11700 = VECTOR('',#11701,1.);
#11701 = DIRECTION('',(1.,0.,-0.));
#11702 = PCURVE('',#9549,#11703);
#11703 = DEFINITIONAL_REPRESENTATION('',(#11704),#11707);
#11704 = B_SPLINE_CURVE_WITH_KNOTS('',1,(#11705,#11706),.UNSPECIFIED.,
  .F.,.F.,(2,2),(9.1,14.1),.PIECEWISE_BEZIER_KNOTS.);
#11705 = CARTESIAN_POINT('',(18.2,-15.2));
#11706 = CARTESIAN_POINT('',(18.2,-20.2));
#11707 = ( GEOMETRIC_REPRESENTATION_CONTEXT(2) 
PARAMETRIC_REPRESENTATION_CONTEXT() REPRESENTATION_CONTEXT('2D SPACE',''
  ) );
#11708 = PCURVE('',#11709,#11714);
#11709 = PLANE('',#11710);
#11710 = AXIS2_PLACEMENT_3D('',#11711,#11712,#11713);
#11711 = CARTESIAN_POINT('',(-29.9,8.5,1.2));
#11712 = DIRECTION('',(-0.,1.,0.));
#11713 = DIRECTION('',(0.,0.,1.));
#11714 = DEFINITIONAL_REPRESENTATION('',(#11715),#11718);
#11715 = B_SPLINE_CURVE_WITH_KNOTS('',1,(#11716,#11717),.UNSPECIFIED.,
  .F.,.F.,(2,2),(9.1,14.1),.PIECEWISE_BEZIER_KNOTS.);
#11716 = CARTESIAN_POINT('',(6.5,3.));
#11717 = CARTESIAN_POINT('',(6.5,8.));
#11718 = ( GEOMETRIC_REPRESENTATION_CONTEXT(2) 
PARAMETRIC_REPRESENTATION_CONTEXT() REPRESENTATION_CONTEXT('2D SPACE',''
  ) );
#11719 = ORIENTED_EDGE('',*,*,#11720,.F.);
#11720 = EDGE_CURVE('',#11721,#11695,#11723,.T.);
#11721 = VERTEX_POINT('',#11722);
#11722 = CARTESIAN_POINT('',(-18.9,5.5,7.7));
#11723 = SURFACE_CURVE('',#11724,(#11729,#11736),.PCURVE_S1.);
#11724 = CIRCLE('',#11725,3.);
#11725 = AXIS2_PLACEMENT_3D('',#11726,#11727,#11728);
#11726 = CARTESIAN_POINT('',(-21.9,5.5,7.7));
#11727 = DIRECTION('',(0.,0.,1.));
#11728 = DIRECTION('',(1.,0.,-0.));
#11729 = PCURVE('',#9549,#11730);
#11730 = DEFINITIONAL_REPRESENTATION('',(#11731),#11735);
#11731 = CIRCLE('',#11732,3.);
#11732 = AXIS2_PLACEMENT_2D('',#11733,#11734);
#11733 = CARTESIAN_POINT('',(15.2,-20.2));
#11734 = DIRECTION('',(0.,-1.));
#11735 = ( GEOMETRIC_REPRESENTATION_CONTEXT(2) 
PARAMETRIC_REPRESENTATION_CONTEXT() REPRESENTATION_CONTEXT('2D SPACE',''
  ) );
#11736 = PCURVE('',#11737,#11742);
#11737 = CYLINDRICAL_SURFACE('',#11738,3.);
#11738 = AXIS2_PLACEMENT_3D('',#11739,#11740,#11741);
#11739 = CARTESIAN_POINT('',(-21.9,5.5,1.2));
#11740 = DIRECTION('',(0.,0.,1.));
#11741 = DIRECTION('',(1.,0.,-0.));
#11742 = DEFINITIONAL_REPRESENTATION('',(#11743),#11747);
#11743 = LINE('',#11744,#11745);
#11744 = CARTESIAN_POINT('',(0.,6.5));
#11745 = VECTOR('',#11746,1.);
#11746 = DIRECTION('',(1.,0.));
#11747 = ( GEOMETRIC_REPRESENTATION_CONTEXT(2) 
PARAMETRIC_REPRESENTATION_CONTEXT() REPRESENTATION_CONTEXT('2D SPACE',''
  ) );
#11748 = ORIENTED_EDGE('',*,*,#11749,.T.);
#11749 = EDGE_CURVE('',#11721,#11750,#11752,.T.);
#11750 = VERTEX_POINT('',#11751);
#11751 = CARTESIAN_POINT('',(-18.9,-5.5,7.7));
#11752 = SURFACE_CURVE('',#11753,(#11757,#11763),.PCURVE_S1.);
#11753 = LINE('',#11754,#11755);
#11754 = CARTESIAN_POINT('',(-18.9,-9.1,7.7));
#11755 = VECTOR('',#11756,1.);
#11756 = DIRECTION('',(0.,-1.,0.));
#11757 = PCURVE('',#9549,#11758);
#11758 = DEFINITIONAL_REPRESENTATION('',(#11759),#11762);
#11759 = B_SPLINE_CURVE_WITH_KNOTS('',1,(#11760,#11761),.UNSPECIFIED.,
  .F.,.F.,(2,2),(-14.6,-3.6),.PIECEWISE_BEZIER_KNOTS.);
#11760 = CARTESIAN_POINT('',(15.2,-23.2));
#11761 = CARTESIAN_POINT('',(4.2,-23.2));
#11762 = ( GEOMETRIC_REPRESENTATION_CONTEXT(2) 
PARAMETRIC_REPRESENTATION_CONTEXT() REPRESENTATION_CONTEXT('2D SPACE',''
  ) );
#11763 = PCURVE('',#11764,#11769);
#11764 = PLANE('',#11765);
#11765 = AXIS2_PLACEMENT_3D('',#11766,#11767,#11768);
#11766 = CARTESIAN_POINT('',(-18.9,-8.5,1.2));
#11767 = DIRECTION('',(1.,0.,-0.));
#11768 = DIRECTION('',(0.,0.,1.));
#11769 = DEFINITIONAL_REPRESENTATION('',(#11770),#11773);
#11770 = B_SPLINE_CURVE_WITH_KNOTS('',1,(#11771,#11772),.UNSPECIFIED.,
  .F.,.F.,(2,2),(-14.6,-3.6),.PIECEWISE_BEZIER_KNOTS.);
#11771 = CARTESIAN_POINT('',(6.5,-14.));
#11772 = CARTESIAN_POINT('',(6.5,-3.));
#11773 = ( GEOMETRIC_REPRESENTATION_CONTEXT(2) 
PARAMETRIC_REPRESENTATION_CONTEXT() REPRESENTATION_CONTEXT('2D SPACE',''
  ) );
#11774 = ORIENTED_EDGE('',*,*,#11775,.F.);
#11775 = EDGE_CURVE('',#11776,#11750,#11778,.T.);
#11776 = VERTEX_POINT('',#11777);
#11777 = CARTESIAN_POINT('',(-21.9,-8.5,7.7));
#11778 = SURFACE_CURVE('',#11779,(#11784,#11791),.PCURVE_S1.);
#11779 = CIRCLE('',#11780,3.);
#11780 = AXIS2_PLACEMENT_3D('',#11781,#11782,#11783);
#11781 = CARTESIAN_POINT('',(-21.9,-5.5,7.7));
#11782 = DIRECTION('',(0.,0.,1.));
#11783 = DIRECTION('',(1.,0.,-0.));
#11784 = PCURVE('',#9549,#11785);
#11785 = DEFINITIONAL_REPRESENTATION('',(#11786),#11790);
#11786 = CIRCLE('',#11787,3.);
#11787 = AXIS2_PLACEMENT_2D('',#11788,#11789);
#11788 = CARTESIAN_POINT('',(4.2,-20.2));
#11789 = DIRECTION('',(0.,-1.));
#11790 = ( GEOMETRIC_REPRESENTATION_CONTEXT(2) 
PARAMETRIC_REPRESENTATION_CONTEXT() REPRESENTATION_CONTEXT('2D SPACE',''
  ) );
#11791 = PCURVE('',#11792,#11797);
#11792 = CYLINDRICAL_SURFACE('',#11793,3.);
#11793 = AXIS2_PLACEMENT_3D('',#11794,#11795,#11796);
#11794 = CARTESIAN_POINT('',(-21.9,-5.5,1.2));
#11795 = DIRECTION('',(0.,0.,1.));
#11796 = DIRECTION('',(1.,0.,-0.));
#11797 = DEFINITIONAL_REPRESENTATION('',(#11798),#11802);
#11798 = LINE('',#11799,#11800);
#11799 = CARTESIAN_POINT('',(-6.28318530718,6.5));
#11800 = VECTOR('',#11801,1.);
#11801 = DIRECTION('',(1.,-0.));
#11802 = ( GEOMETRIC_REPRESENTATION_CONTEXT(2) 
PARAMETRIC_REPRESENTATION_CONTEXT() REPRESENTATION_CONTEXT('2D SPACE',''
  ) );
#11803 = ORIENTED_EDGE('',*,*,#11804,.F.);
#11804 = EDGE_CURVE('',#11805,#11776,#11807,.T.);
#11805 = VERTEX_POINT('',#11806);
#11806 = CARTESIAN_POINT('',(-26.9,-8.5,7.7));
#11807 = SURFACE_CURVE('',#11808,(#11812,#11818),.PCURVE_S1.);
#11808 = LINE('',#11809,#11810);
#11809 = CARTESIAN_POINT('',(-36.,-8.5,7.7));
#11810 = VECTOR('',#11811,1.);
#11811 = DIRECTION('',(1.,0.,-0.));
#11812 = PCURVE('',#9549,#11813);
#11813 = DEFINITIONAL_REPRESENTATION('',(#11814),#11817);
#11814 = B_SPLINE_CURVE_WITH_KNOTS('',1,(#11815,#11816),.UNSPECIFIED.,
  .F.,.F.,(2,2),(9.1,14.1),.PIECEWISE_BEZIER_KNOTS.);
#11815 = CARTESIAN_POINT('',(1.2,-15.2));
#11816 = CARTESIAN_POINT('',(1.2,-20.2));
#11817 = ( GEOMETRIC_REPRESENTATION_CONTEXT(2) 
PARAMETRIC_REPRESENTATION_CONTEXT() REPRESENTATION_CONTEXT('2D SPACE',''
  ) );
#11818 = PCURVE('',#11819,#11824);
#11819 = PLANE('',#11820);
#11820 = AXIS2_PLACEMENT_3D('',#11821,#11822,#11823);
#11821 = CARTESIAN_POINT('',(-29.9,-8.5,1.2));
#11822 = DIRECTION('',(-0.,1.,0.));
#11823 = DIRECTION('',(0.,0.,1.));
#11824 = DEFINITIONAL_REPRESENTATION('',(#11825),#11828);
#11825 = B_SPLINE_CURVE_WITH_KNOTS('',1,(#11826,#11827),.UNSPECIFIED.,
  .F.,.F.,(2,2),(9.1,14.1),.PIECEWISE_BEZIER_KNOTS.);
#11826 = CARTESIAN_POINT('',(6.5,3.));
#11827 = CARTESIAN_POINT('',(6.5,8.));
#11828 = ( GEOMETRIC_REPRESENTATION_CONTEXT(2) 
PARAMETRIC_REPRESENTATION_CONTEXT() REPRESENTATION_CONTEXT('2D SPACE',''
  ) );
#11829 = ORIENTED_EDGE('',*,*,#11830,.F.);
#11830 = EDGE_CURVE('',#11640,#11805,#11831,.T.);
#11831 = SURFACE_CURVE('',#11832,(#11837,#11844),.PCURVE_S1.);
#11832 = CIRCLE('',#11833,3.);
#11833 = AXIS2_PLACEMENT_3D('',#11834,#11835,#11836);
#11834 = CARTESIAN_POINT('',(-26.9,-5.5,7.7));
#11835 = DIRECTION('',(0.,0.,1.));
#11836 = DIRECTION('',(-1.,-0.,0.));
#11837 = PCURVE('',#9549,#11838);
#11838 = DEFINITIONAL_REPRESENTATION('',(#11839),#11843);
#11839 = CIRCLE('',#11840,3.);
#11840 = AXIS2_PLACEMENT_2D('',#11841,#11842);
#11841 = CARTESIAN_POINT('',(4.2,-15.2));
#11842 = DIRECTION('',(0.,1.));
#11843 = ( GEOMETRIC_REPRESENTATION_CONTEXT(2) 
PARAMETRIC_REPRESENTATION_CONTEXT() REPRESENTATION_CONTEXT('2D SPACE',''
  ) );
#11844 = PCURVE('',#11845,#11850);
#11845 = CYLINDRICAL_SURFACE('',#11846,3.);
#11846 = AXIS2_PLACEMENT_3D('',#11847,#11848,#11849);
#11847 = CARTESIAN_POINT('',(-26.9,-5.5,1.2));
#11848 = DIRECTION('',(0.,0.,1.));
#11849 = DIRECTION('',(-1.,-0.,0.));
#11850 = DEFINITIONAL_REPRESENTATION('',(#11851),#11855);
#11851 = LINE('',#11852,#11853);
#11852 = CARTESIAN_POINT('',(0.,6.5));
#11853 = VECTOR('',#11854,1.);
#11854 = DIRECTION('',(1.,0.));
#11855 = ( GEOMETRIC_REPRESENTATION_CONTEXT(2) 
PARAMETRIC_REPRESENTATION_CONTEXT() REPRESENTATION_CONTEXT('2D SPACE',''
  ) );
#11856 = ADVANCED_FACE('',(#11857),#9598,.T.);
#11857 = FACE_BOUND('',#11858,.F.);
#11858 = EDGE_LOOP('',(#11859,#11878,#11879,#11880));
#11859 = ORIENTED_EDGE('',*,*,#11860,.F.);
#11860 = EDGE_CURVE('',#9774,#9719,#11861,.T.);
#11861 = SURFACE_CURVE('',#11862,(#11866,#11872),.PCURVE_S1.);
#11862 = LINE('',#11863,#11864);
#11863 = CARTESIAN_POINT('',(-44.1,8.7,0.4));
#11864 = VECTOR('',#11865,1.);
#11865 = DIRECTION('',(0.707106781187,-4.329780281177E-17,
    -0.707106781187));
#11866 = PCURVE('',#9598,#11867);
#11867 = DEFINITIONAL_REPRESENTATION('',(#11868),#11871);
#11868 = B_SPLINE_CURVE_WITH_KNOTS('',1,(#11869,#11870),.UNSPECIFIED.,
  .F.,.F.,(2,2),(0.,0.565685424949),.PIECEWISE_BEZIER_KNOTS.);
#11869 = CARTESIAN_POINT('',(0.,-0.282842712475));
#11870 = CARTESIAN_POINT('',(0.,0.282842712475));
#11871 = ( GEOMETRIC_REPRESENTATION_CONTEXT(2) 
PARAMETRIC_REPRESENTATION_CONTEXT() REPRESENTATION_CONTEXT('2D SPACE',''
  ) );
#11872 = PCURVE('',#9735,#11873);
#11873 = DEFINITIONAL_REPRESENTATION('',(#11874),#11877);
#11874 = B_SPLINE_CURVE_WITH_KNOTS('',1,(#11875,#11876),.UNSPECIFIED.,
  .F.,.F.,(2,2),(0.,0.565685424949),.PIECEWISE_BEZIER_KNOTS.);
#11875 = CARTESIAN_POINT('',(1.570796326795,0.));
#11876 = CARTESIAN_POINT('',(1.570796326795,-0.4));
#11877 = ( GEOMETRIC_REPRESENTATION_CONTEXT(2) 
PARAMETRIC_REPRESENTATION_CONTEXT() REPRESENTATION_CONTEXT('2D SPACE',''
  ) );
#11878 = ORIENTED_EDGE('',*,*,#9773,.T.);
#11879 = ORIENTED_EDGE('',*,*,#9583,.T.);
#11880 = ORIENTED_EDGE('',*,*,#9747,.F.);
#11881 = ADVANCED_FACE('',(#11882),#9735,.T.);
#11882 = FACE_BOUND('',#11883,.F.);
#11883 = EDGE_LOOP('',(#11884,#11903,#11904,#11905));
#11884 = ORIENTED_EDGE('',*,*,#11885,.F.);
#11885 = EDGE_CURVE('',#9823,#9691,#11886,.T.);
#11886 = SURFACE_CURVE('',#11887,(#11891,#11897),.PCURVE_S1.);
#11887 = LINE('',#11888,#11889);
#11888 = CARTESIAN_POINT('',(-41.1,11.5,0.2));
#11889 = VECTOR('',#11890,1.);
#11890 = DIRECTION('',(-3.148982773777E-35,-0.707106781187,
    -0.707106781187));
#11891 = PCURVE('',#9735,#11892);
#11892 = DEFINITIONAL_REPRESENTATION('',(#11893),#11896);
#11893 = B_SPLINE_CURVE_WITH_KNOTS('',1,(#11894,#11895),.UNSPECIFIED.,
  .F.,.F.,(2,2),(-0.282842712475,0.282842712475),
  .PIECEWISE_BEZIER_KNOTS.);
#11894 = CARTESIAN_POINT('',(0.,0.));
#11895 = CARTESIAN_POINT('',(0.,-0.4));
#11896 = ( GEOMETRIC_REPRESENTATION_CONTEXT(2) 
PARAMETRIC_REPRESENTATION_CONTEXT() REPRESENTATION_CONTEXT('2D SPACE',''
  ) );
#11897 = PCURVE('',#9706,#11898);
#11898 = DEFINITIONAL_REPRESENTATION('',(#11899),#11902);
#11899 = B_SPLINE_CURVE_WITH_KNOTS('',1,(#11900,#11901),.UNSPECIFIED.,
  .F.,.F.,(2,2),(-0.282842712475,0.282842712475),
  .PIECEWISE_BEZIER_KNOTS.);
#11900 = CARTESIAN_POINT('',(84.2,-0.282842712475));
#11901 = CARTESIAN_POINT('',(84.2,0.282842712475));
#11902 = ( GEOMETRIC_REPRESENTATION_CONTEXT(2) 
PARAMETRIC_REPRESENTATION_CONTEXT() REPRESENTATION_CONTEXT('2D SPACE',''
  ) );
#11903 = ORIENTED_EDGE('',*,*,#9822,.T.);
#11904 = ORIENTED_EDGE('',*,*,#11860,.T.);
#11905 = ORIENTED_EDGE('',*,*,#9718,.F.);
#11906 = ADVANCED_FACE('',(#11907),#9678,.T.);
#11907 = FACE_BOUND('',#11908,.F.);
#11908 = EDGE_LOOP('',(#11909,#11910,#11911,#11930));
#11909 = ORIENTED_EDGE('',*,*,#10315,.F.);
#11910 = ORIENTED_EDGE('',*,*,#9921,.T.);
#11911 = ORIENTED_EDGE('',*,*,#11912,.T.);
#11912 = EDGE_CURVE('',#9872,#9662,#11913,.T.);
#11913 = SURFACE_CURVE('',#11914,(#11918,#11924),.PCURVE_S1.);
#11914 = LINE('',#11915,#11916);
#11915 = CARTESIAN_POINT('',(43.1,11.7,0.4));
#11916 = VECTOR('',#11917,1.);
#11917 = DIRECTION('',(-4.329780281177E-17,-0.707106781187,
    -0.707106781187));
#11918 = PCURVE('',#9678,#11919);
#11919 = DEFINITIONAL_REPRESENTATION('',(#11920),#11923);
#11920 = B_SPLINE_CURVE_WITH_KNOTS('',1,(#11921,#11922),.UNSPECIFIED.,
  .F.,.F.,(2,2),(0.,0.565685424949),.PIECEWISE_BEZIER_KNOTS.);
#11921 = CARTESIAN_POINT('',(1.570796326795,0.));
#11922 = CARTESIAN_POINT('',(1.570796326795,-0.4));
#11923 = ( GEOMETRIC_REPRESENTATION_CONTEXT(2) 
PARAMETRIC_REPRESENTATION_CONTEXT() REPRESENTATION_CONTEXT('2D SPACE',''
  ) );
#11924 = PCURVE('',#9706,#11925);
#11925 = DEFINITIONAL_REPRESENTATION('',(#11926),#11929);
#11926 = B_SPLINE_CURVE_WITH_KNOTS('',1,(#11927,#11928),.UNSPECIFIED.,
  .F.,.F.,(2,2),(0.,0.565685424949),.PIECEWISE_BEZIER_KNOTS.);
#11927 = CARTESIAN_POINT('',(0.,-0.282842712475));
#11928 = CARTESIAN_POINT('',(0.,0.282842712475));
#11929 = ( GEOMETRIC_REPRESENTATION_CONTEXT(2) 
PARAMETRIC_REPRESENTATION_CONTEXT() REPRESENTATION_CONTEXT('2D SPACE',''
  ) );
#11930 = ORIENTED_EDGE('',*,*,#9661,.F.);
#11931 = ADVANCED_FACE('',(#11932),#9706,.F.);
#11932 = FACE_BOUND('',#11933,.F.);
#11933 = EDGE_LOOP('',(#11934,#11935,#11936,#11937));
#11934 = ORIENTED_EDGE('',*,*,#11912,.F.);
#11935 = ORIENTED_EDGE('',*,*,#9894,.T.);
#11936 = ORIENTED_EDGE('',*,*,#11885,.T.);
#11937 = ORIENTED_EDGE('',*,*,#9690,.F.);
#11938 = ADVANCED_FACE('',(#11939),#10059,.F.);
#11939 = FACE_BOUND('',#11940,.F.);
#11940 = EDGE_LOOP('',(#11941,#11942,#11983,#12004));
#11941 = ORIENTED_EDGE('',*,*,#10043,.F.);
#11942 = ORIENTED_EDGE('',*,*,#11943,.F.);
#11943 = EDGE_CURVE('',#11944,#10044,#11946,.T.);
#11944 = VERTEX_POINT('',#11945);
#11945 = CARTESIAN_POINT('',(-39.1,-8.5,3.7));
#11946 = SURFACE_CURVE('',#11947,(#11952,#11959),.PCURVE_S1.);
#11947 = CIRCLE('',#11948,3.);
#11948 = AXIS2_PLACEMENT_3D('',#11949,#11950,#11951);
#11949 = CARTESIAN_POINT('',(-39.1,-5.5,3.7));
#11950 = DIRECTION('',(-0.,0.,-1.));
#11951 = DIRECTION('',(-2.960594732334E-16,-1.,0.));
#11952 = PCURVE('',#10059,#11953);
#11953 = DEFINITIONAL_REPRESENTATION('',(#11954),#11958);
#11954 = LINE('',#11955,#11956);
#11955 = CARTESIAN_POINT('',(1.570796326795,2.5));
#11956 = VECTOR('',#11957,1.);
#11957 = DIRECTION('',(-1.,-0.));
#11958 = ( GEOMETRIC_REPRESENTATION_CONTEXT(2) 
PARAMETRIC_REPRESENTATION_CONTEXT() REPRESENTATION_CONTEXT('2D SPACE',''
  ) );
#11959 = PCURVE('',#11960,#11977);
#11960 = SURFACE_OF_REVOLUTION('',#11961,#11974);
#11961 = B_SPLINE_CURVE_WITH_KNOTS('',6,(#11962,#11963,#11964,#11965,
    #11966,#11967,#11968,#11969,#11970,#11971,#11972,#11973),
  .UNSPECIFIED.,.F.,.F.,(7,5,7),(0.,0.785398163397,1.570796326795),
  .UNSPECIFIED.);
#11962 = CARTESIAN_POINT('',(-39.1,-8.5,3.7));
#11963 = CARTESIAN_POINT('',(-39.1,-8.5,3.372750765251));
#11964 = CARTESIAN_POINT('',(-39.1,-8.448596012046,3.045502077098));
#11965 = CARTESIAN_POINT('',(-39.1,-8.345786696975,2.728343335679));
#11966 = CARTESIAN_POINT('',(-39.1,-8.194218764061,2.431381075052));
#11967 = CARTESIAN_POINT('',(-39.1,-7.999167105995,2.163633200063));
#11968 = CARTESIAN_POINT('',(-39.1,-7.536366799937,1.700832894005));
#11969 = CARTESIAN_POINT('',(-39.1,-7.268618924948,1.505781235939));
#11970 = CARTESIAN_POINT('',(-39.1,-6.971656664321,1.354213303025));
#11971 = CARTESIAN_POINT('',(-39.1,-6.654497922902,1.251403987954));
#11972 = CARTESIAN_POINT('',(-39.1,-6.327249234749,1.2));
#11973 = CARTESIAN_POINT('',(-39.1,-6.,1.2));
#11974 = AXIS1_PLACEMENT('',#11975,#11976);
#11975 = CARTESIAN_POINT('',(-39.1,-5.5,3.7));
#11976 = DIRECTION('',(-0.,-0.,-1.));
#11977 = DEFINITIONAL_REPRESENTATION('',(#11978),#11982);
#11978 = LINE('',#11979,#11980);
#11979 = CARTESIAN_POINT('',(0.,0.));
#11980 = VECTOR('',#11981,1.);
#11981 = DIRECTION('',(1.,0.));
#11982 = ( GEOMETRIC_REPRESENTATION_CONTEXT(2) 
PARAMETRIC_REPRESENTATION_CONTEXT() REPRESENTATION_CONTEXT('2D SPACE',''
  ) );
#11983 = ORIENTED_EDGE('',*,*,#11984,.T.);
#11984 = EDGE_CURVE('',#11944,#10478,#11985,.T.);
#11985 = SURFACE_CURVE('',#11986,(#11990,#11997),.PCURVE_S1.);
#11986 = LINE('',#11987,#11988);
#11987 = CARTESIAN_POINT('',(-39.1,-8.5,1.2));
#11988 = VECTOR('',#11989,1.);
#11989 = DIRECTION('',(0.,0.,1.));
#11990 = PCURVE('',#10059,#11991);
#11991 = DEFINITIONAL_REPRESENTATION('',(#11992),#11996);
#11992 = LINE('',#11993,#11994);
#11993 = CARTESIAN_POINT('',(1.570796326795,0.));
#11994 = VECTOR('',#11995,1.);
#11995 = DIRECTION('',(0.,1.));
#11996 = ( GEOMETRIC_REPRESENTATION_CONTEXT(2) 
PARAMETRIC_REPRESENTATION_CONTEXT() REPRESENTATION_CONTEXT('2D SPACE',''
  ) );
#11997 = PCURVE('',#10492,#11998);
#11998 = DEFINITIONAL_REPRESENTATION('',(#11999),#12003);
#11999 = LINE('',#12000,#12001);
#12000 = CARTESIAN_POINT('',(0.,3.));
#12001 = VECTOR('',#12002,1.);
#12002 = DIRECTION('',(1.,0.));
#12003 = ( GEOMETRIC_REPRESENTATION_CONTEXT(2) 
PARAMETRIC_REPRESENTATION_CONTEXT() REPRESENTATION_CONTEXT('2D SPACE',''
  ) );
#12004 = ORIENTED_EDGE('',*,*,#10503,.F.);
#12005 = ADVANCED_FACE('',(#12006),#10087,.F.);
#12006 = FACE_BOUND('',#12007,.T.);
#12007 = EDGE_LOOP('',(#12008,#12030,#12058,#12095));
#12008 = ORIENTED_EDGE('',*,*,#12009,.T.);
#12009 = EDGE_CURVE('',#10044,#12010,#12012,.T.);
#12010 = VERTEX_POINT('',#12011);
#12011 = CARTESIAN_POINT('',(-39.6,-5.5,1.2));
#12012 = SURFACE_CURVE('',#12013,(#12018,#12024),.PCURVE_S1.);
#12013 = CIRCLE('',#12014,2.5);
#12014 = AXIS2_PLACEMENT_3D('',#12015,#12016,#12017);
#12015 = CARTESIAN_POINT('',(-39.6,-5.5,3.7));
#12016 = DIRECTION('',(0.,-1.,-0.));
#12017 = DIRECTION('',(-1.,-0.,0.));
#12018 = PCURVE('',#10087,#12019);
#12019 = DEFINITIONAL_REPRESENTATION('',(#12020),#12023);
#12020 = B_SPLINE_CURVE_WITH_KNOTS('',1,(#12021,#12022),.UNSPECIFIED.,
  .F.,.F.,(2,2),(0.,1.570796326795),.PIECEWISE_BEZIER_KNOTS.);
#12021 = CARTESIAN_POINT('',(0.,0.));
#12022 = CARTESIAN_POINT('',(-1.570796326795,0.));
#12023 = ( GEOMETRIC_REPRESENTATION_CONTEXT(2) 
PARAMETRIC_REPRESENTATION_CONTEXT() REPRESENTATION_CONTEXT('2D SPACE',''
  ) );
#12024 = PCURVE('',#11960,#12025);
#12025 = DEFINITIONAL_REPRESENTATION('',(#12026),#12029);
#12026 = B_SPLINE_CURVE_WITH_KNOTS('',1,(#12027,#12028),.UNSPECIFIED.,
  .F.,.F.,(2,2),(0.,1.570796326795),.PIECEWISE_BEZIER_KNOTS.);
#12027 = CARTESIAN_POINT('',(1.570796326795,0.));
#12028 = CARTESIAN_POINT('',(1.570796326795,1.570796326795));
#12029 = ( GEOMETRIC_REPRESENTATION_CONTEXT(2) 
PARAMETRIC_REPRESENTATION_CONTEXT() REPRESENTATION_CONTEXT('2D SPACE',''
  ) );
#12030 = ORIENTED_EDGE('',*,*,#12031,.T.);
#12031 = EDGE_CURVE('',#12010,#12032,#12034,.T.);
#12032 = VERTEX_POINT('',#12033);
#12033 = CARTESIAN_POINT('',(-39.6,5.5,1.2));
#12034 = SURFACE_CURVE('',#12035,(#12039,#12046),.PCURVE_S1.);
#12035 = LINE('',#12036,#12037);
#12036 = CARTESIAN_POINT('',(-39.6,-5.5,1.2));
#12037 = VECTOR('',#12038,1.);
#12038 = DIRECTION('',(-0.,1.,0.));
#12039 = PCURVE('',#10087,#12040);
#12040 = DEFINITIONAL_REPRESENTATION('',(#12041),#12045);
#12041 = LINE('',#12042,#12043);
#12042 = CARTESIAN_POINT('',(-1.570796326795,0.));
#12043 = VECTOR('',#12044,1.);
#12044 = DIRECTION('',(-0.,1.));
#12045 = ( GEOMETRIC_REPRESENTATION_CONTEXT(2) 
PARAMETRIC_REPRESENTATION_CONTEXT() REPRESENTATION_CONTEXT('2D SPACE',''
  ) );
#12046 = PCURVE('',#12047,#12052);
#12047 = PLANE('',#12048);
#12048 = AXIS2_PLACEMENT_3D('',#12049,#12050,#12051);
#12049 = CARTESIAN_POINT('',(-42.1,-8.5,1.2));
#12050 = DIRECTION('',(0.,0.,1.));
#12051 = DIRECTION('',(1.,0.,-0.));
#12052 = DEFINITIONAL_REPRESENTATION('',(#12053),#12057);
#12053 = LINE('',#12054,#12055);
#12054 = CARTESIAN_POINT('',(2.5,3.));
#12055 = VECTOR('',#12056,1.);
#12056 = DIRECTION('',(0.,1.));
#12057 = ( GEOMETRIC_REPRESENTATION_CONTEXT(2) 
PARAMETRIC_REPRESENTATION_CONTEXT() REPRESENTATION_CONTEXT('2D SPACE',''
  ) );
#12058 = ORIENTED_EDGE('',*,*,#12059,.F.);
#12059 = EDGE_CURVE('',#10072,#12032,#12060,.T.);
#12060 = SURFACE_CURVE('',#12061,(#12066,#12072),.PCURVE_S1.);
#12061 = CIRCLE('',#12062,2.5);
#12062 = AXIS2_PLACEMENT_3D('',#12063,#12064,#12065);
#12063 = CARTESIAN_POINT('',(-39.6,5.5,3.7));
#12064 = DIRECTION('',(0.,-1.,-0.));
#12065 = DIRECTION('',(-1.,-0.,0.));
#12066 = PCURVE('',#10087,#12067);
#12067 = DEFINITIONAL_REPRESENTATION('',(#12068),#12071);
#12068 = B_SPLINE_CURVE_WITH_KNOTS('',1,(#12069,#12070),.UNSPECIFIED.,
  .F.,.F.,(2,2),(0.,1.570796326795),.PIECEWISE_BEZIER_KNOTS.);
#12069 = CARTESIAN_POINT('',(0.,11.));
#12070 = CARTESIAN_POINT('',(-1.570796326795,11.));
#12071 = ( GEOMETRIC_REPRESENTATION_CONTEXT(2) 
PARAMETRIC_REPRESENTATION_CONTEXT() REPRESENTATION_CONTEXT('2D SPACE',''
  ) );
#12072 = PCURVE('',#12073,#12090);
#12073 = SURFACE_OF_REVOLUTION('',#12074,#12087);
#12074 = B_SPLINE_CURVE_WITH_KNOTS('',6,(#12075,#12076,#12077,#12078,
    #12079,#12080,#12081,#12082,#12083,#12084,#12085,#12086),
  .UNSPECIFIED.,.F.,.F.,(7,5,7),(0.,0.785398163397,1.570796326795),
  .UNSPECIFIED.);
#12075 = CARTESIAN_POINT('',(-42.1,5.5,3.7));
#12076 = CARTESIAN_POINT('',(-42.1,5.5,3.372750765251));
#12077 = CARTESIAN_POINT('',(-42.04859601204,5.5,3.045502077098));
#12078 = CARTESIAN_POINT('',(-41.94578669697,5.5,2.728343335679));
#12079 = CARTESIAN_POINT('',(-41.79421876406,5.5,2.431381075052));
#12080 = CARTESIAN_POINT('',(-41.59916710599,5.5,2.163633200063));
#12081 = CARTESIAN_POINT('',(-41.13636679993,5.5,1.700832894005));
#12082 = CARTESIAN_POINT('',(-40.86861892494,5.5,1.505781235939));
#12083 = CARTESIAN_POINT('',(-40.57165666432,5.5,1.354213303025));
#12084 = CARTESIAN_POINT('',(-40.2544979229,5.5,1.251403987954));
#12085 = CARTESIAN_POINT('',(-39.92724923474,5.5,1.2));
#12086 = CARTESIAN_POINT('',(-39.6,5.5,1.2));
#12087 = AXIS1_PLACEMENT('',#12088,#12089);
#12088 = CARTESIAN_POINT('',(-39.1,5.5,3.7));
#12089 = DIRECTION('',(-0.,-0.,-1.));
#12090 = DEFINITIONAL_REPRESENTATION('',(#12091),#12094);
#12091 = B_SPLINE_CURVE_WITH_KNOTS('',1,(#12092,#12093),.UNSPECIFIED.,
  .F.,.F.,(2,2),(0.,1.570796326795),.PIECEWISE_BEZIER_KNOTS.);
#12092 = CARTESIAN_POINT('',(0.,0.));
#12093 = CARTESIAN_POINT('',(0.,1.570796326795));
#12094 = ( GEOMETRIC_REPRESENTATION_CONTEXT(2) 
PARAMETRIC_REPRESENTATION_CONTEXT() REPRESENTATION_CONTEXT('2D SPACE',''
  ) );
#12095 = ORIENTED_EDGE('',*,*,#10071,.F.);
#12096 = ADVANCED_FACE('',(#12097),#10115,.F.);
#12097 = FACE_BOUND('',#12098,.T.);
#12098 = EDGE_LOOP('',(#12099,#12100,#12124,#12145));
#12099 = ORIENTED_EDGE('',*,*,#10099,.F.);
#12100 = ORIENTED_EDGE('',*,*,#12101,.T.);
#12101 = EDGE_CURVE('',#10072,#12102,#12104,.T.);
#12102 = VERTEX_POINT('',#12103);
#12103 = CARTESIAN_POINT('',(-39.1,8.5,3.7));
#12104 = SURFACE_CURVE('',#12105,(#12110,#12117),.PCURVE_S1.);
#12105 = CIRCLE('',#12106,3.);
#12106 = AXIS2_PLACEMENT_3D('',#12107,#12108,#12109);
#12107 = CARTESIAN_POINT('',(-39.1,5.5,3.7));
#12108 = DIRECTION('',(-0.,0.,-1.));
#12109 = DIRECTION('',(-1.,2.960594732334E-16,0.));
#12110 = PCURVE('',#10115,#12111);
#12111 = DEFINITIONAL_REPRESENTATION('',(#12112),#12116);
#12112 = LINE('',#12113,#12114);
#12113 = CARTESIAN_POINT('',(-0.,2.5));
#12114 = VECTOR('',#12115,1.);
#12115 = DIRECTION('',(-1.,0.));
#12116 = ( GEOMETRIC_REPRESENTATION_CONTEXT(2) 
PARAMETRIC_REPRESENTATION_CONTEXT() REPRESENTATION_CONTEXT('2D SPACE',''
  ) );
#12117 = PCURVE('',#12073,#12118);
#12118 = DEFINITIONAL_REPRESENTATION('',(#12119),#12123);
#12119 = LINE('',#12120,#12121);
#12120 = CARTESIAN_POINT('',(0.,0.));
#12121 = VECTOR('',#12122,1.);
#12122 = DIRECTION('',(1.,0.));
#12123 = ( GEOMETRIC_REPRESENTATION_CONTEXT(2) 
PARAMETRIC_REPRESENTATION_CONTEXT() REPRESENTATION_CONTEXT('2D SPACE',''
  ) );
#12124 = ORIENTED_EDGE('',*,*,#12125,.T.);
#12125 = EDGE_CURVE('',#12102,#10344,#12126,.T.);
#12126 = SURFACE_CURVE('',#12127,(#12131,#12138),.PCURVE_S1.);
#12127 = LINE('',#12128,#12129);
#12128 = CARTESIAN_POINT('',(-39.1,8.5,1.2));
#12129 = VECTOR('',#12130,1.);
#12130 = DIRECTION('',(0.,0.,1.));
#12131 = PCURVE('',#10115,#12132);
#12132 = DEFINITIONAL_REPRESENTATION('',(#12133),#12137);
#12133 = LINE('',#12134,#12135);
#12134 = CARTESIAN_POINT('',(-1.570796326795,0.));
#12135 = VECTOR('',#12136,1.);
#12136 = DIRECTION('',(-0.,1.));
#12137 = ( GEOMETRIC_REPRESENTATION_CONTEXT(2) 
PARAMETRIC_REPRESENTATION_CONTEXT() REPRESENTATION_CONTEXT('2D SPACE',''
  ) );
#12138 = PCURVE('',#10382,#12139);
#12139 = DEFINITIONAL_REPRESENTATION('',(#12140),#12144);
#12140 = LINE('',#12141,#12142);
#12141 = CARTESIAN_POINT('',(0.,3.));
#12142 = VECTOR('',#12143,1.);
#12143 = DIRECTION('',(1.,0.));
#12144 = ( GEOMETRIC_REPRESENTATION_CONTEXT(2) 
PARAMETRIC_REPRESENTATION_CONTEXT() REPRESENTATION_CONTEXT('2D SPACE',''
  ) );
#12145 = ORIENTED_EDGE('',*,*,#10343,.T.);
#12146 = ADVANCED_FACE('',(#12147),#10492,.T.);
#12147 = FACE_BOUND('',#12148,.T.);
#12148 = EDGE_LOOP('',(#12149,#12177,#12178,#12179));
#12149 = ORIENTED_EDGE('',*,*,#12150,.T.);
#12150 = EDGE_CURVE('',#12151,#11944,#12153,.T.);
#12151 = VERTEX_POINT('',#12152);
#12152 = CARTESIAN_POINT('',(-34.1,-8.5,3.7));
#12153 = SURFACE_CURVE('',#12154,(#12158,#12165),.PCURVE_S1.);
#12154 = LINE('',#12155,#12156);
#12155 = CARTESIAN_POINT('',(-34.1,-8.5,3.7));
#12156 = VECTOR('',#12157,1.);
#12157 = DIRECTION('',(-1.,-0.,0.));
#12158 = PCURVE('',#10492,#12159);
#12159 = DEFINITIONAL_REPRESENTATION('',(#12160),#12164);
#12160 = LINE('',#12161,#12162);
#12161 = CARTESIAN_POINT('',(2.5,8.));
#12162 = VECTOR('',#12163,1.);
#12163 = DIRECTION('',(0.,-1.));
#12164 = ( GEOMETRIC_REPRESENTATION_CONTEXT(2) 
PARAMETRIC_REPRESENTATION_CONTEXT() REPRESENTATION_CONTEXT('2D SPACE',''
  ) );
#12165 = PCURVE('',#12166,#12171);
#12166 = CYLINDRICAL_SURFACE('',#12167,2.5);
#12167 = AXIS2_PLACEMENT_3D('',#12168,#12169,#12170);
#12168 = CARTESIAN_POINT('',(-34.1,-6.,3.7));
#12169 = DIRECTION('',(-1.,-0.,0.));
#12170 = DIRECTION('',(0.,-1.,-0.));
#12171 = DEFINITIONAL_REPRESENTATION('',(#12172),#12176);
#12172 = LINE('',#12173,#12174);
#12173 = CARTESIAN_POINT('',(-0.,0.));
#12174 = VECTOR('',#12175,1.);
#12175 = DIRECTION('',(-0.,1.));
#12176 = ( GEOMETRIC_REPRESENTATION_CONTEXT(2) 
PARAMETRIC_REPRESENTATION_CONTEXT() REPRESENTATION_CONTEXT('2D SPACE',''
  ) );
#12177 = ORIENTED_EDGE('',*,*,#11984,.T.);
#12178 = ORIENTED_EDGE('',*,*,#10477,.T.);
#12179 = ORIENTED_EDGE('',*,*,#12180,.F.);
#12180 = EDGE_CURVE('',#12151,#10449,#12181,.T.);
#12181 = SURFACE_CURVE('',#12182,(#12186,#12193),.PCURVE_S1.);
#12182 = LINE('',#12183,#12184);
#12183 = CARTESIAN_POINT('',(-34.1,-8.5,1.2));
#12184 = VECTOR('',#12185,1.);
#12185 = DIRECTION('',(0.,0.,1.));
#12186 = PCURVE('',#10492,#12187);
#12187 = DEFINITIONAL_REPRESENTATION('',(#12188),#12192);
#12188 = LINE('',#12189,#12190);
#12189 = CARTESIAN_POINT('',(0.,8.));
#12190 = VECTOR('',#12191,1.);
#12191 = DIRECTION('',(1.,0.));
#12192 = ( GEOMETRIC_REPRESENTATION_CONTEXT(2) 
PARAMETRIC_REPRESENTATION_CONTEXT() REPRESENTATION_CONTEXT('2D SPACE',''
  ) );
#12193 = PCURVE('',#10465,#12194);
#12194 = DEFINITIONAL_REPRESENTATION('',(#12195),#12199);
#12195 = LINE('',#12196,#12197);
#12196 = CARTESIAN_POINT('',(-1.570796326795,0.));
#12197 = VECTOR('',#12198,1.);
#12198 = DIRECTION('',(-0.,1.));
#12199 = ( GEOMETRIC_REPRESENTATION_CONTEXT(2) 
PARAMETRIC_REPRESENTATION_CONTEXT() REPRESENTATION_CONTEXT('2D SPACE',''
  ) );
#12200 = ADVANCED_FACE('',(#12201),#10465,.F.);
#12201 = FACE_BOUND('',#12202,.T.);
#12202 = EDGE_LOOP('',(#12203,#12226,#12265,#12266));
#12203 = ORIENTED_EDGE('',*,*,#12204,.F.);
#12204 = EDGE_CURVE('',#12205,#10423,#12207,.T.);
#12205 = VERTEX_POINT('',#12206);
#12206 = CARTESIAN_POINT('',(-31.1,-5.5,3.7));
#12207 = SURFACE_CURVE('',#12208,(#12212,#12219),.PCURVE_S1.);
#12208 = LINE('',#12209,#12210);
#12209 = CARTESIAN_POINT('',(-31.1,-5.5,1.2));
#12210 = VECTOR('',#12211,1.);
#12211 = DIRECTION('',(0.,0.,1.));
#12212 = PCURVE('',#10465,#12213);
#12213 = DEFINITIONAL_REPRESENTATION('',(#12214),#12218);
#12214 = LINE('',#12215,#12216);
#12215 = CARTESIAN_POINT('',(-0.,0.));
#12216 = VECTOR('',#12217,1.);
#12217 = DIRECTION('',(-0.,1.));
#12218 = ( GEOMETRIC_REPRESENTATION_CONTEXT(2) 
PARAMETRIC_REPRESENTATION_CONTEXT() REPRESENTATION_CONTEXT('2D SPACE',''
  ) );
#12219 = PCURVE('',#10437,#12220);
#12220 = DEFINITIONAL_REPRESENTATION('',(#12221),#12225);
#12221 = LINE('',#12222,#12223);
#12222 = CARTESIAN_POINT('',(0.,-3.));
#12223 = VECTOR('',#12224,1.);
#12224 = DIRECTION('',(1.,0.));
#12225 = ( GEOMETRIC_REPRESENTATION_CONTEXT(2) 
PARAMETRIC_REPRESENTATION_CONTEXT() REPRESENTATION_CONTEXT('2D SPACE',''
  ) );
#12226 = ORIENTED_EDGE('',*,*,#12227,.T.);
#12227 = EDGE_CURVE('',#12205,#12151,#12228,.T.);
#12228 = SURFACE_CURVE('',#12229,(#12234,#12241),.PCURVE_S1.);
#12229 = CIRCLE('',#12230,3.);
#12230 = AXIS2_PLACEMENT_3D('',#12231,#12232,#12233);
#12231 = CARTESIAN_POINT('',(-34.1,-5.5,3.7));
#12232 = DIRECTION('',(0.,-0.,-1.));
#12233 = DIRECTION('',(1.,0.,-0.));
#12234 = PCURVE('',#10465,#12235);
#12235 = DEFINITIONAL_REPRESENTATION('',(#12236),#12240);
#12236 = LINE('',#12237,#12238);
#12237 = CARTESIAN_POINT('',(-0.,2.5));
#12238 = VECTOR('',#12239,1.);
#12239 = DIRECTION('',(-1.,0.));
#12240 = ( GEOMETRIC_REPRESENTATION_CONTEXT(2) 
PARAMETRIC_REPRESENTATION_CONTEXT() REPRESENTATION_CONTEXT('2D SPACE',''
  ) );
#12241 = PCURVE('',#12242,#12259);
#12242 = SURFACE_OF_REVOLUTION('',#12243,#12256);
#12243 = B_SPLINE_CURVE_WITH_KNOTS('',6,(#12244,#12245,#12246,#12247,
    #12248,#12249,#12250,#12251,#12252,#12253,#12254,#12255),
  .UNSPECIFIED.,.F.,.F.,(7,5,7),(0.,0.785398163397,1.570796326795),
  .UNSPECIFIED.);
#12244 = CARTESIAN_POINT('',(-31.1,-5.5,3.7));
#12245 = CARTESIAN_POINT('',(-31.1,-5.5,3.372750765251));
#12246 = CARTESIAN_POINT('',(-31.15140398795,-5.5,3.045502077098));
#12247 = CARTESIAN_POINT('',(-31.25421330302,-5.5,2.728343335679));
#12248 = CARTESIAN_POINT('',(-31.40578123593,-5.5,2.431381075052));
#12249 = CARTESIAN_POINT('',(-31.600832894,-5.5,2.163633200063));
#12250 = CARTESIAN_POINT('',(-32.06363320006,-5.5,1.700832894005));
#12251 = CARTESIAN_POINT('',(-32.33138107505,-5.5,1.505781235939));
#12252 = CARTESIAN_POINT('',(-32.62834333567,-5.5,1.354213303025));
#12253 = CARTESIAN_POINT('',(-32.94550207709,-5.5,1.251403987954));
#12254 = CARTESIAN_POINT('',(-33.27275076525,-5.5,1.2));
#12255 = CARTESIAN_POINT('',(-33.6,-5.5,1.2));
#12256 = AXIS1_PLACEMENT('',#12257,#12258);
#12257 = CARTESIAN_POINT('',(-34.1,-5.5,3.7));
#12258 = DIRECTION('',(-0.,-0.,-1.));
#12259 = DEFINITIONAL_REPRESENTATION('',(#12260),#12264);
#12260 = LINE('',#12261,#12262);
#12261 = CARTESIAN_POINT('',(0.,0.));
#12262 = VECTOR('',#12263,1.);
#12263 = DIRECTION('',(1.,0.));
#12264 = ( GEOMETRIC_REPRESENTATION_CONTEXT(2) 
PARAMETRIC_REPRESENTATION_CONTEXT() REPRESENTATION_CONTEXT('2D SPACE',''
  ) );
#12265 = ORIENTED_EDGE('',*,*,#12180,.T.);
#12266 = ORIENTED_EDGE('',*,*,#10448,.T.);
#12267 = ADVANCED_FACE('',(#12268),#10437,.F.);
#12268 = FACE_BOUND('',#12269,.F.);
#12269 = EDGE_LOOP('',(#12270,#12271,#12299,#12320));
#12270 = ORIENTED_EDGE('',*,*,#12204,.F.);
#12271 = ORIENTED_EDGE('',*,*,#12272,.F.);
#12272 = EDGE_CURVE('',#12273,#12205,#12275,.T.);
#12273 = VERTEX_POINT('',#12274);
#12274 = CARTESIAN_POINT('',(-31.1,5.5,3.7));
#12275 = SURFACE_CURVE('',#12276,(#12280,#12287),.PCURVE_S1.);
#12276 = LINE('',#12277,#12278);
#12277 = CARTESIAN_POINT('',(-31.1,5.5,3.7));
#12278 = VECTOR('',#12279,1.);
#12279 = DIRECTION('',(0.,-1.,-0.));
#12280 = PCURVE('',#10437,#12281);
#12281 = DEFINITIONAL_REPRESENTATION('',(#12282),#12286);
#12282 = LINE('',#12283,#12284);
#12283 = CARTESIAN_POINT('',(2.5,-14.));
#12284 = VECTOR('',#12285,1.);
#12285 = DIRECTION('',(0.,1.));
#12286 = ( GEOMETRIC_REPRESENTATION_CONTEXT(2) 
PARAMETRIC_REPRESENTATION_CONTEXT() REPRESENTATION_CONTEXT('2D SPACE',''
  ) );
#12287 = PCURVE('',#12288,#12293);
#12288 = CYLINDRICAL_SURFACE('',#12289,2.5);
#12289 = AXIS2_PLACEMENT_3D('',#12290,#12291,#12292);
#12290 = CARTESIAN_POINT('',(-33.6,5.5,3.7));
#12291 = DIRECTION('',(0.,-1.,-0.));
#12292 = DIRECTION('',(1.,0.,0.));
#12293 = DEFINITIONAL_REPRESENTATION('',(#12294),#12298);
#12294 = LINE('',#12295,#12296);
#12295 = CARTESIAN_POINT('',(-0.,0.));
#12296 = VECTOR('',#12297,1.);
#12297 = DIRECTION('',(-0.,1.));
#12298 = ( GEOMETRIC_REPRESENTATION_CONTEXT(2) 
PARAMETRIC_REPRESENTATION_CONTEXT() REPRESENTATION_CONTEXT('2D SPACE',''
  ) );
#12299 = ORIENTED_EDGE('',*,*,#12300,.T.);
#12300 = EDGE_CURVE('',#12273,#10394,#12301,.T.);
#12301 = SURFACE_CURVE('',#12302,(#12306,#12313),.PCURVE_S1.);
#12302 = LINE('',#12303,#12304);
#12303 = CARTESIAN_POINT('',(-31.1,5.5,1.2));
#12304 = VECTOR('',#12305,1.);
#12305 = DIRECTION('',(0.,0.,1.));
#12306 = PCURVE('',#10437,#12307);
#12307 = DEFINITIONAL_REPRESENTATION('',(#12308),#12312);
#12308 = LINE('',#12309,#12310);
#12309 = CARTESIAN_POINT('',(0.,-14.));
#12310 = VECTOR('',#12311,1.);
#12311 = DIRECTION('',(1.,0.));
#12312 = ( GEOMETRIC_REPRESENTATION_CONTEXT(2) 
PARAMETRIC_REPRESENTATION_CONTEXT() REPRESENTATION_CONTEXT('2D SPACE',''
  ) );
#12313 = PCURVE('',#10410,#12314);
#12314 = DEFINITIONAL_REPRESENTATION('',(#12315),#12319);
#12315 = LINE('',#12316,#12317);
#12316 = CARTESIAN_POINT('',(0.,0.));
#12317 = VECTOR('',#12318,1.);
#12318 = DIRECTION('',(0.,1.));
#12319 = ( GEOMETRIC_REPRESENTATION_CONTEXT(2) 
PARAMETRIC_REPRESENTATION_CONTEXT() REPRESENTATION_CONTEXT('2D SPACE',''
  ) );
#12320 = ORIENTED_EDGE('',*,*,#10422,.T.);
#12321 = ADVANCED_FACE('',(#12322),#10410,.F.);
#12322 = FACE_BOUND('',#12323,.F.);
#12323 = EDGE_LOOP('',(#12324,#12325,#12366,#12387));
#12324 = ORIENTED_EDGE('',*,*,#12300,.F.);
#12325 = ORIENTED_EDGE('',*,*,#12326,.F.);
#12326 = EDGE_CURVE('',#12327,#12273,#12329,.T.);
#12327 = VERTEX_POINT('',#12328);
#12328 = CARTESIAN_POINT('',(-34.1,8.5,3.7));
#12329 = SURFACE_CURVE('',#12330,(#12335,#12342),.PCURVE_S1.);
#12330 = CIRCLE('',#12331,3.);
#12331 = AXIS2_PLACEMENT_3D('',#12332,#12333,#12334);
#12332 = CARTESIAN_POINT('',(-34.1,5.5,3.7));
#12333 = DIRECTION('',(0.,-0.,-1.));
#12334 = DIRECTION('',(2.960594732334E-16,1.,-0.));
#12335 = PCURVE('',#10410,#12336);
#12336 = DEFINITIONAL_REPRESENTATION('',(#12337),#12341);
#12337 = LINE('',#12338,#12339);
#12338 = CARTESIAN_POINT('',(1.570796326795,2.5));
#12339 = VECTOR('',#12340,1.);
#12340 = DIRECTION('',(-1.,-0.));
#12341 = ( GEOMETRIC_REPRESENTATION_CONTEXT(2) 
PARAMETRIC_REPRESENTATION_CONTEXT() REPRESENTATION_CONTEXT('2D SPACE',''
  ) );
#12342 = PCURVE('',#12343,#12360);
#12343 = SURFACE_OF_REVOLUTION('',#12344,#12357);
#12344 = B_SPLINE_CURVE_WITH_KNOTS('',6,(#12345,#12346,#12347,#12348,
    #12349,#12350,#12351,#12352,#12353,#12354,#12355,#12356),
  .UNSPECIFIED.,.F.,.F.,(7,5,7),(0.,0.785398163397,1.570796326795),
  .UNSPECIFIED.);
#12345 = CARTESIAN_POINT('',(-34.1,8.5,3.7));
#12346 = CARTESIAN_POINT('',(-34.1,8.5,3.372750765251));
#12347 = CARTESIAN_POINT('',(-34.1,8.448596012046,3.045502077098));
#12348 = CARTESIAN_POINT('',(-34.1,8.345786696975,2.728343335679));
#12349 = CARTESIAN_POINT('',(-34.1,8.194218764061,2.431381075052));
#12350 = CARTESIAN_POINT('',(-34.1,7.999167105995,2.163633200063));
#12351 = CARTESIAN_POINT('',(-34.1,7.536366799937,1.700832894005));
#12352 = CARTESIAN_POINT('',(-34.1,7.268618924948,1.505781235939));
#12353 = CARTESIAN_POINT('',(-34.1,6.971656664321,1.354213303025));
#12354 = CARTESIAN_POINT('',(-34.1,6.654497922902,1.251403987954));
#12355 = CARTESIAN_POINT('',(-34.1,6.327249234749,1.2));
#12356 = CARTESIAN_POINT('',(-34.1,6.,1.2));
#12357 = AXIS1_PLACEMENT('',#12358,#12359);
#12358 = CARTESIAN_POINT('',(-34.1,5.5,3.7));
#12359 = DIRECTION('',(-0.,-0.,-1.));
#12360 = DEFINITIONAL_REPRESENTATION('',(#12361),#12365);
#12361 = LINE('',#12362,#12363);
#12362 = CARTESIAN_POINT('',(0.,0.));
#12363 = VECTOR('',#12364,1.);
#12364 = DIRECTION('',(1.,0.));
#12365 = ( GEOMETRIC_REPRESENTATION_CONTEXT(2) 
PARAMETRIC_REPRESENTATION_CONTEXT() REPRESENTATION_CONTEXT('2D SPACE',''
  ) );
#12366 = ORIENTED_EDGE('',*,*,#12367,.T.);
#12367 = EDGE_CURVE('',#12327,#10368,#12368,.T.);
#12368 = SURFACE_CURVE('',#12369,(#12373,#12380),.PCURVE_S1.);
#12369 = LINE('',#12370,#12371);
#12370 = CARTESIAN_POINT('',(-34.1,8.5,1.2));
#12371 = VECTOR('',#12372,1.);
#12372 = DIRECTION('',(0.,0.,1.));
#12373 = PCURVE('',#10410,#12374);
#12374 = DEFINITIONAL_REPRESENTATION('',(#12375),#12379);
#12375 = LINE('',#12376,#12377);
#12376 = CARTESIAN_POINT('',(1.570796326795,0.));
#12377 = VECTOR('',#12378,1.);
#12378 = DIRECTION('',(0.,1.));
#12379 = ( GEOMETRIC_REPRESENTATION_CONTEXT(2) 
PARAMETRIC_REPRESENTATION_CONTEXT() REPRESENTATION_CONTEXT('2D SPACE',''
  ) );
#12380 = PCURVE('',#10382,#12381);
#12381 = DEFINITIONAL_REPRESENTATION('',(#12382),#12386);
#12382 = LINE('',#12383,#12384);
#12383 = CARTESIAN_POINT('',(0.,8.));
#12384 = VECTOR('',#12385,1.);
#12385 = DIRECTION('',(1.,0.));
#12386 = ( GEOMETRIC_REPRESENTATION_CONTEXT(2) 
PARAMETRIC_REPRESENTATION_CONTEXT() REPRESENTATION_CONTEXT('2D SPACE',''
  ) );
#12387 = ORIENTED_EDGE('',*,*,#10393,.F.);
#12388 = ADVANCED_FACE('',(#12389),#10382,.F.);
#12389 = FACE_BOUND('',#12390,.F.);
#12390 = EDGE_LOOP('',(#12391,#12417,#12418,#12419));
#12391 = ORIENTED_EDGE('',*,*,#12392,.F.);
#12392 = EDGE_CURVE('',#12102,#12327,#12393,.T.);
#12393 = SURFACE_CURVE('',#12394,(#12398,#12405),.PCURVE_S1.);
#12394 = LINE('',#12395,#12396);
#12395 = CARTESIAN_POINT('',(-39.1,8.5,3.7));
#12396 = VECTOR('',#12397,1.);
#12397 = DIRECTION('',(1.,0.,-0.));
#12398 = PCURVE('',#10382,#12399);
#12399 = DEFINITIONAL_REPRESENTATION('',(#12400),#12404);
#12400 = LINE('',#12401,#12402);
#12401 = CARTESIAN_POINT('',(2.5,3.));
#12402 = VECTOR('',#12403,1.);
#12403 = DIRECTION('',(0.,1.));
#12404 = ( GEOMETRIC_REPRESENTATION_CONTEXT(2) 
PARAMETRIC_REPRESENTATION_CONTEXT() REPRESENTATION_CONTEXT('2D SPACE',''
  ) );
#12405 = PCURVE('',#12406,#12411);
#12406 = CYLINDRICAL_SURFACE('',#12407,2.5);
#12407 = AXIS2_PLACEMENT_3D('',#12408,#12409,#12410);
#12408 = CARTESIAN_POINT('',(-39.1,6.,3.7));
#12409 = DIRECTION('',(1.,0.,-0.));
#12410 = DIRECTION('',(0.,1.,0.));
#12411 = DEFINITIONAL_REPRESENTATION('',(#12412),#12416);
#12412 = LINE('',#12413,#12414);
#12413 = CARTESIAN_POINT('',(-0.,0.));
#12414 = VECTOR('',#12415,1.);
#12415 = DIRECTION('',(-0.,1.));
#12416 = ( GEOMETRIC_REPRESENTATION_CONTEXT(2) 
PARAMETRIC_REPRESENTATION_CONTEXT() REPRESENTATION_CONTEXT('2D SPACE',''
  ) );
#12417 = ORIENTED_EDGE('',*,*,#12125,.T.);
#12418 = ORIENTED_EDGE('',*,*,#10367,.T.);
#12419 = ORIENTED_EDGE('',*,*,#12367,.F.);
#12420 = ADVANCED_FACE('',(#12421),#10544,.T.);
#12421 = FACE_BOUND('',#12422,.T.);
#12422 = EDGE_LOOP('',(#12423,#12446,#12474,#12495));
#12423 = ORIENTED_EDGE('',*,*,#12424,.F.);
#12424 = EDGE_CURVE('',#12425,#10530,#12427,.T.);
#12425 = VERTEX_POINT('',#12426);
#12426 = CARTESIAN_POINT('',(31.1,-5.5,3.7));
#12427 = SURFACE_CURVE('',#12428,(#12432,#12439),.PCURVE_S1.);
#12428 = LINE('',#12429,#12430);
#12429 = CARTESIAN_POINT('',(31.1,-5.5,1.2));
#12430 = VECTOR('',#12431,1.);
#12431 = DIRECTION('',(0.,0.,1.));
#12432 = PCURVE('',#10544,#12433);
#12433 = DEFINITIONAL_REPRESENTATION('',(#12434),#12438);
#12434 = LINE('',#12435,#12436);
#12435 = CARTESIAN_POINT('',(0.,-3.));
#12436 = VECTOR('',#12437,1.);
#12437 = DIRECTION('',(1.,0.));
#12438 = ( GEOMETRIC_REPRESENTATION_CONTEXT(2) 
PARAMETRIC_REPRESENTATION_CONTEXT() REPRESENTATION_CONTEXT('2D SPACE',''
  ) );
#12439 = PCURVE('',#10735,#12440);
#12440 = DEFINITIONAL_REPRESENTATION('',(#12441),#12445);
#12441 = LINE('',#12442,#12443);
#12442 = CARTESIAN_POINT('',(0.,0.));
#12443 = VECTOR('',#12444,1.);
#12444 = DIRECTION('',(0.,1.));
#12445 = ( GEOMETRIC_REPRESENTATION_CONTEXT(2) 
PARAMETRIC_REPRESENTATION_CONTEXT() REPRESENTATION_CONTEXT('2D SPACE',''
  ) );
#12446 = ORIENTED_EDGE('',*,*,#12447,.T.);
#12447 = EDGE_CURVE('',#12425,#12448,#12450,.T.);
#12448 = VERTEX_POINT('',#12449);
#12449 = CARTESIAN_POINT('',(31.1,5.5,3.7));
#12450 = SURFACE_CURVE('',#12451,(#12455,#12462),.PCURVE_S1.);
#12451 = LINE('',#12452,#12453);
#12452 = CARTESIAN_POINT('',(31.1,-5.5,3.7));
#12453 = VECTOR('',#12454,1.);
#12454 = DIRECTION('',(-0.,1.,0.));
#12455 = PCURVE('',#10544,#12456);
#12456 = DEFINITIONAL_REPRESENTATION('',(#12457),#12461);
#12457 = LINE('',#12458,#12459);
#12458 = CARTESIAN_POINT('',(2.5,-3.));
#12459 = VECTOR('',#12460,1.);
#12460 = DIRECTION('',(0.,-1.));
#12461 = ( GEOMETRIC_REPRESENTATION_CONTEXT(2) 
PARAMETRIC_REPRESENTATION_CONTEXT() REPRESENTATION_CONTEXT('2D SPACE',''
  ) );
#12462 = PCURVE('',#12463,#12468);
#12463 = CYLINDRICAL_SURFACE('',#12464,2.5);
#12464 = AXIS2_PLACEMENT_3D('',#12465,#12466,#12467);
#12465 = CARTESIAN_POINT('',(33.6,-5.5,3.7));
#12466 = DIRECTION('',(-0.,1.,0.));
#12467 = DIRECTION('',(-1.,-0.,0.));
#12468 = DEFINITIONAL_REPRESENTATION('',(#12469),#12473);
#12469 = LINE('',#12470,#12471);
#12470 = CARTESIAN_POINT('',(-0.,0.));
#12471 = VECTOR('',#12472,1.);
#12472 = DIRECTION('',(-0.,1.));
#12473 = ( GEOMETRIC_REPRESENTATION_CONTEXT(2) 
PARAMETRIC_REPRESENTATION_CONTEXT() REPRESENTATION_CONTEXT('2D SPACE',''
  ) );
#12474 = ORIENTED_EDGE('',*,*,#12475,.T.);
#12475 = EDGE_CURVE('',#12448,#10528,#12476,.T.);
#12476 = SURFACE_CURVE('',#12477,(#12481,#12488),.PCURVE_S1.);
#12477 = LINE('',#12478,#12479);
#12478 = CARTESIAN_POINT('',(31.1,5.5,1.2));
#12479 = VECTOR('',#12480,1.);
#12480 = DIRECTION('',(0.,0.,1.));
#12481 = PCURVE('',#10544,#12482);
#12482 = DEFINITIONAL_REPRESENTATION('',(#12483),#12487);
#12483 = LINE('',#12484,#12485);
#12484 = CARTESIAN_POINT('',(0.,-14.));
#12485 = VECTOR('',#12486,1.);
#12486 = DIRECTION('',(1.,0.));
#12487 = ( GEOMETRIC_REPRESENTATION_CONTEXT(2) 
PARAMETRIC_REPRESENTATION_CONTEXT() REPRESENTATION_CONTEXT('2D SPACE',''
  ) );
#12488 = PCURVE('',#10572,#12489);
#12489 = DEFINITIONAL_REPRESENTATION('',(#12490),#12494);
#12490 = LINE('',#12491,#12492);
#12491 = CARTESIAN_POINT('',(-0.,0.));
#12492 = VECTOR('',#12493,1.);
#12493 = DIRECTION('',(-0.,1.));
#12494 = ( GEOMETRIC_REPRESENTATION_CONTEXT(2) 
PARAMETRIC_REPRESENTATION_CONTEXT() REPRESENTATION_CONTEXT('2D SPACE',''
  ) );
#12495 = ORIENTED_EDGE('',*,*,#10527,.T.);
#12496 = ADVANCED_FACE('',(#12497),#10735,.F.);
#12497 = FACE_BOUND('',#12498,.F.);
#12498 = EDGE_LOOP('',(#12499,#12500,#12541,#12562));
#12499 = ORIENTED_EDGE('',*,*,#12424,.F.);
#12500 = ORIENTED_EDGE('',*,*,#12501,.F.);
#12501 = EDGE_CURVE('',#12502,#12425,#12504,.T.);
#12502 = VERTEX_POINT('',#12503);
#12503 = CARTESIAN_POINT('',(34.1,-8.5,3.7));
#12504 = SURFACE_CURVE('',#12505,(#12510,#12517),.PCURVE_S1.);
#12505 = CIRCLE('',#12506,3.);
#12506 = AXIS2_PLACEMENT_3D('',#12507,#12508,#12509);
#12507 = CARTESIAN_POINT('',(34.1,-5.5,3.7));
#12508 = DIRECTION('',(-0.,0.,-1.));
#12509 = DIRECTION('',(-2.960594732334E-16,-1.,0.));
#12510 = PCURVE('',#10735,#12511);
#12511 = DEFINITIONAL_REPRESENTATION('',(#12512),#12516);
#12512 = LINE('',#12513,#12514);
#12513 = CARTESIAN_POINT('',(1.570796326795,2.5));
#12514 = VECTOR('',#12515,1.);
#12515 = DIRECTION('',(-1.,-0.));
#12516 = ( GEOMETRIC_REPRESENTATION_CONTEXT(2) 
PARAMETRIC_REPRESENTATION_CONTEXT() REPRESENTATION_CONTEXT('2D SPACE',''
  ) );
#12517 = PCURVE('',#12518,#12535);
#12518 = SURFACE_OF_REVOLUTION('',#12519,#12532);
#12519 = B_SPLINE_CURVE_WITH_KNOTS('',6,(#12520,#12521,#12522,#12523,
    #12524,#12525,#12526,#12527,#12528,#12529,#12530,#12531),
  .UNSPECIFIED.,.F.,.F.,(7,5,7),(0.,0.785398163397,1.570796326795),
  .UNSPECIFIED.);
#12520 = CARTESIAN_POINT('',(34.1,-8.5,3.7));
#12521 = CARTESIAN_POINT('',(34.1,-8.5,3.372750765251));
#12522 = CARTESIAN_POINT('',(34.1,-8.448596012046,3.045502077098));
#12523 = CARTESIAN_POINT('',(34.1,-8.345786696975,2.728343335679));
#12524 = CARTESIAN_POINT('',(34.1,-8.194218764061,2.431381075052));
#12525 = CARTESIAN_POINT('',(34.1,-7.999167105995,2.163633200063));
#12526 = CARTESIAN_POINT('',(34.1,-7.536366799937,1.700832894005));
#12527 = CARTESIAN_POINT('',(34.1,-7.268618924948,1.505781235939));
#12528 = CARTESIAN_POINT('',(34.1,-6.971656664321,1.354213303025));
#12529 = CARTESIAN_POINT('',(34.1,-6.654497922902,1.251403987954));
#12530 = CARTESIAN_POINT('',(34.1,-6.327249234749,1.2));
#12531 = CARTESIAN_POINT('',(34.1,-6.,1.2));
#12532 = AXIS1_PLACEMENT('',#12533,#12534);
#12533 = CARTESIAN_POINT('',(34.1,-5.5,3.7));
#12534 = DIRECTION('',(-0.,-0.,-1.));
#12535 = DEFINITIONAL_REPRESENTATION('',(#12536),#12540);
#12536 = LINE('',#12537,#12538);
#12537 = CARTESIAN_POINT('',(0.,0.));
#12538 = VECTOR('',#12539,1.);
#12539 = DIRECTION('',(1.,0.));
#12540 = ( GEOMETRIC_REPRESENTATION_CONTEXT(2) 
PARAMETRIC_REPRESENTATION_CONTEXT() REPRESENTATION_CONTEXT('2D SPACE',''
  ) );
#12541 = ORIENTED_EDGE('',*,*,#12542,.T.);
#12542 = EDGE_CURVE('',#12502,#10695,#12543,.T.);
#12543 = SURFACE_CURVE('',#12544,(#12548,#12555),.PCURVE_S1.);
#12544 = LINE('',#12545,#12546);
#12545 = CARTESIAN_POINT('',(34.1,-8.5,1.2));
#12546 = VECTOR('',#12547,1.);
#12547 = DIRECTION('',(0.,0.,1.));
#12548 = PCURVE('',#10735,#12549);
#12549 = DEFINITIONAL_REPRESENTATION('',(#12550),#12554);
#12550 = LINE('',#12551,#12552);
#12551 = CARTESIAN_POINT('',(1.570796326795,0.));
#12552 = VECTOR('',#12553,1.);
#12553 = DIRECTION('',(0.,1.));
#12554 = ( GEOMETRIC_REPRESENTATION_CONTEXT(2) 
PARAMETRIC_REPRESENTATION_CONTEXT() REPRESENTATION_CONTEXT('2D SPACE',''
  ) );
#12555 = PCURVE('',#10709,#12556);
#12556 = DEFINITIONAL_REPRESENTATION('',(#12557),#12561);
#12557 = LINE('',#12558,#12559);
#12558 = CARTESIAN_POINT('',(0.,3.));
#12559 = VECTOR('',#12560,1.);
#12560 = DIRECTION('',(1.,0.));
#12561 = ( GEOMETRIC_REPRESENTATION_CONTEXT(2) 
PARAMETRIC_REPRESENTATION_CONTEXT() REPRESENTATION_CONTEXT('2D SPACE',''
  ) );
#12562 = ORIENTED_EDGE('',*,*,#10720,.F.);
#12563 = ADVANCED_FACE('',(#12564),#10709,.T.);
#12564 = FACE_BOUND('',#12565,.T.);
#12565 = EDGE_LOOP('',(#12566,#12594,#12595,#12596));
#12566 = ORIENTED_EDGE('',*,*,#12567,.T.);
#12567 = EDGE_CURVE('',#12568,#12502,#12570,.T.);
#12568 = VERTEX_POINT('',#12569);
#12569 = CARTESIAN_POINT('',(39.1,-8.5,3.7));
#12570 = SURFACE_CURVE('',#12571,(#12575,#12582),.PCURVE_S1.);
#12571 = LINE('',#12572,#12573);
#12572 = CARTESIAN_POINT('',(39.1,-8.5,3.7));
#12573 = VECTOR('',#12574,1.);
#12574 = DIRECTION('',(-1.,-0.,0.));
#12575 = PCURVE('',#10709,#12576);
#12576 = DEFINITIONAL_REPRESENTATION('',(#12577),#12581);
#12577 = LINE('',#12578,#12579);
#12578 = CARTESIAN_POINT('',(2.5,8.));
#12579 = VECTOR('',#12580,1.);
#12580 = DIRECTION('',(0.,-1.));
#12581 = ( GEOMETRIC_REPRESENTATION_CONTEXT(2) 
PARAMETRIC_REPRESENTATION_CONTEXT() REPRESENTATION_CONTEXT('2D SPACE',''
  ) );
#12582 = PCURVE('',#12583,#12588);
#12583 = CYLINDRICAL_SURFACE('',#12584,2.5);
#12584 = AXIS2_PLACEMENT_3D('',#12585,#12586,#12587);
#12585 = CARTESIAN_POINT('',(39.1,-6.,3.7));
#12586 = DIRECTION('',(-1.,-0.,0.));
#12587 = DIRECTION('',(0.,-1.,-0.));
#12588 = DEFINITIONAL_REPRESENTATION('',(#12589),#12593);
#12589 = LINE('',#12590,#12591);
#12590 = CARTESIAN_POINT('',(-0.,0.));
#12591 = VECTOR('',#12592,1.);
#12592 = DIRECTION('',(-0.,1.));
#12593 = ( GEOMETRIC_REPRESENTATION_CONTEXT(2) 
PARAMETRIC_REPRESENTATION_CONTEXT() REPRESENTATION_CONTEXT('2D SPACE',''
  ) );
#12594 = ORIENTED_EDGE('',*,*,#12542,.T.);
#12595 = ORIENTED_EDGE('',*,*,#10694,.T.);
#12596 = ORIENTED_EDGE('',*,*,#12597,.F.);
#12597 = EDGE_CURVE('',#12568,#10666,#12598,.T.);
#12598 = SURFACE_CURVE('',#12599,(#12603,#12610),.PCURVE_S1.);
#12599 = LINE('',#12600,#12601);
#12600 = CARTESIAN_POINT('',(39.1,-8.5,1.2));
#12601 = VECTOR('',#12602,1.);
#12602 = DIRECTION('',(0.,0.,1.));
#12603 = PCURVE('',#10709,#12604);
#12604 = DEFINITIONAL_REPRESENTATION('',(#12605),#12609);
#12605 = LINE('',#12606,#12607);
#12606 = CARTESIAN_POINT('',(0.,8.));
#12607 = VECTOR('',#12608,1.);
#12608 = DIRECTION('',(1.,0.));
#12609 = ( GEOMETRIC_REPRESENTATION_CONTEXT(2) 
PARAMETRIC_REPRESENTATION_CONTEXT() REPRESENTATION_CONTEXT('2D SPACE',''
  ) );
#12610 = PCURVE('',#10682,#12611);
#12611 = DEFINITIONAL_REPRESENTATION('',(#12612),#12616);
#12612 = LINE('',#12613,#12614);
#12613 = CARTESIAN_POINT('',(-1.570796326795,0.));
#12614 = VECTOR('',#12615,1.);
#12615 = DIRECTION('',(-0.,1.));
#12616 = ( GEOMETRIC_REPRESENTATION_CONTEXT(2) 
PARAMETRIC_REPRESENTATION_CONTEXT() REPRESENTATION_CONTEXT('2D SPACE',''
  ) );
#12617 = ADVANCED_FACE('',(#12618),#10682,.F.);
#12618 = FACE_BOUND('',#12619,.T.);
#12619 = EDGE_LOOP('',(#12620,#12643,#12682,#12683));
#12620 = ORIENTED_EDGE('',*,*,#12621,.F.);
#12621 = EDGE_CURVE('',#12622,#10640,#12624,.T.);
#12622 = VERTEX_POINT('',#12623);
#12623 = CARTESIAN_POINT('',(42.1,-5.5,3.7));
#12624 = SURFACE_CURVE('',#12625,(#12629,#12636),.PCURVE_S1.);
#12625 = LINE('',#12626,#12627);
#12626 = CARTESIAN_POINT('',(42.1,-5.5,1.2));
#12627 = VECTOR('',#12628,1.);
#12628 = DIRECTION('',(0.,0.,1.));
#12629 = PCURVE('',#10682,#12630);
#12630 = DEFINITIONAL_REPRESENTATION('',(#12631),#12635);
#12631 = LINE('',#12632,#12633);
#12632 = CARTESIAN_POINT('',(-0.,0.));
#12633 = VECTOR('',#12634,1.);
#12634 = DIRECTION('',(-0.,1.));
#12635 = ( GEOMETRIC_REPRESENTATION_CONTEXT(2) 
PARAMETRIC_REPRESENTATION_CONTEXT() REPRESENTATION_CONTEXT('2D SPACE',''
  ) );
#12636 = PCURVE('',#10654,#12637);
#12637 = DEFINITIONAL_REPRESENTATION('',(#12638),#12642);
#12638 = LINE('',#12639,#12640);
#12639 = CARTESIAN_POINT('',(0.,-3.));
#12640 = VECTOR('',#12641,1.);
#12641 = DIRECTION('',(1.,0.));
#12642 = ( GEOMETRIC_REPRESENTATION_CONTEXT(2) 
PARAMETRIC_REPRESENTATION_CONTEXT() REPRESENTATION_CONTEXT('2D SPACE',''
  ) );
#12643 = ORIENTED_EDGE('',*,*,#12644,.T.);
#12644 = EDGE_CURVE('',#12622,#12568,#12645,.T.);
#12645 = SURFACE_CURVE('',#12646,(#12651,#12658),.PCURVE_S1.);
#12646 = CIRCLE('',#12647,3.);
#12647 = AXIS2_PLACEMENT_3D('',#12648,#12649,#12650);
#12648 = CARTESIAN_POINT('',(39.1,-5.5,3.7));
#12649 = DIRECTION('',(0.,-0.,-1.));
#12650 = DIRECTION('',(1.,0.,-0.));
#12651 = PCURVE('',#10682,#12652);
#12652 = DEFINITIONAL_REPRESENTATION('',(#12653),#12657);
#12653 = LINE('',#12654,#12655);
#12654 = CARTESIAN_POINT('',(-0.,2.5));
#12655 = VECTOR('',#12656,1.);
#12656 = DIRECTION('',(-1.,0.));
#12657 = ( GEOMETRIC_REPRESENTATION_CONTEXT(2) 
PARAMETRIC_REPRESENTATION_CONTEXT() REPRESENTATION_CONTEXT('2D SPACE',''
  ) );
#12658 = PCURVE('',#12659,#12676);
#12659 = SURFACE_OF_REVOLUTION('',#12660,#12673);
#12660 = B_SPLINE_CURVE_WITH_KNOTS('',6,(#12661,#12662,#12663,#12664,
    #12665,#12666,#12667,#12668,#12669,#12670,#12671,#12672),
  .UNSPECIFIED.,.F.,.F.,(7,5,7),(0.,0.785398163397,1.570796326795),
  .UNSPECIFIED.);
#12661 = CARTESIAN_POINT('',(42.1,-5.5,3.7));
#12662 = CARTESIAN_POINT('',(42.1,-5.5,3.372750765251));
#12663 = CARTESIAN_POINT('',(42.048596012046,-5.5,3.045502077098));
#12664 = CARTESIAN_POINT('',(41.945786696975,-5.5,2.728343335679));
#12665 = CARTESIAN_POINT('',(41.79421876406,-5.5,2.431381075052));
#12666 = CARTESIAN_POINT('',(41.599167105996,-5.5,2.163633200063));
#12667 = CARTESIAN_POINT('',(41.136366799937,-5.5,1.700832894005));
#12668 = CARTESIAN_POINT('',(40.868618924948,-5.5,1.505781235939));
#12669 = CARTESIAN_POINT('',(40.571656664321,-5.5,1.354213303025));
#12670 = CARTESIAN_POINT('',(40.254497922902,-5.5,1.251403987954));
#12671 = CARTESIAN_POINT('',(39.927249234749,-5.5,1.2));
#12672 = CARTESIAN_POINT('',(39.6,-5.5,1.2));
#12673 = AXIS1_PLACEMENT('',#12674,#12675);
#12674 = CARTESIAN_POINT('',(39.1,-5.5,3.7));
#12675 = DIRECTION('',(-0.,-0.,-1.));
#12676 = DEFINITIONAL_REPRESENTATION('',(#12677),#12681);
#12677 = LINE('',#12678,#12679);
#12678 = CARTESIAN_POINT('',(0.,0.));
#12679 = VECTOR('',#12680,1.);
#12680 = DIRECTION('',(1.,0.));
#12681 = ( GEOMETRIC_REPRESENTATION_CONTEXT(2) 
PARAMETRIC_REPRESENTATION_CONTEXT() REPRESENTATION_CONTEXT('2D SPACE',''
  ) );
#12682 = ORIENTED_EDGE('',*,*,#12597,.T.);
#12683 = ORIENTED_EDGE('',*,*,#10665,.T.);
#12684 = ADVANCED_FACE('',(#12685),#10654,.F.);
#12685 = FACE_BOUND('',#12686,.F.);
#12686 = EDGE_LOOP('',(#12687,#12688,#12716,#12737));
#12687 = ORIENTED_EDGE('',*,*,#12621,.F.);
#12688 = ORIENTED_EDGE('',*,*,#12689,.F.);
#12689 = EDGE_CURVE('',#12690,#12622,#12692,.T.);
#12690 = VERTEX_POINT('',#12691);
#12691 = CARTESIAN_POINT('',(42.1,5.5,3.7));
#12692 = SURFACE_CURVE('',#12693,(#12697,#12704),.PCURVE_S1.);
#12693 = LINE('',#12694,#12695);
#12694 = CARTESIAN_POINT('',(42.1,5.5,3.7));
#12695 = VECTOR('',#12696,1.);
#12696 = DIRECTION('',(0.,-1.,-0.));
#12697 = PCURVE('',#10654,#12698);
#12698 = DEFINITIONAL_REPRESENTATION('',(#12699),#12703);
#12699 = LINE('',#12700,#12701);
#12700 = CARTESIAN_POINT('',(2.5,-14.));
#12701 = VECTOR('',#12702,1.);
#12702 = DIRECTION('',(0.,1.));
#12703 = ( GEOMETRIC_REPRESENTATION_CONTEXT(2) 
PARAMETRIC_REPRESENTATION_CONTEXT() REPRESENTATION_CONTEXT('2D SPACE',''
  ) );
#12704 = PCURVE('',#12705,#12710);
#12705 = CYLINDRICAL_SURFACE('',#12706,2.5);
#12706 = AXIS2_PLACEMENT_3D('',#12707,#12708,#12709);
#12707 = CARTESIAN_POINT('',(39.6,5.5,3.7));
#12708 = DIRECTION('',(0.,-1.,-0.));
#12709 = DIRECTION('',(1.,0.,0.));
#12710 = DEFINITIONAL_REPRESENTATION('',(#12711),#12715);
#12711 = LINE('',#12712,#12713);
#12712 = CARTESIAN_POINT('',(-0.,0.));
#12713 = VECTOR('',#12714,1.);
#12714 = DIRECTION('',(-0.,1.));
#12715 = ( GEOMETRIC_REPRESENTATION_CONTEXT(2) 
PARAMETRIC_REPRESENTATION_CONTEXT() REPRESENTATION_CONTEXT('2D SPACE',''
  ) );
#12716 = ORIENTED_EDGE('',*,*,#12717,.T.);
#12717 = EDGE_CURVE('',#12690,#10611,#12718,.T.);
#12718 = SURFACE_CURVE('',#12719,(#12723,#12730),.PCURVE_S1.);
#12719 = LINE('',#12720,#12721);
#12720 = CARTESIAN_POINT('',(42.1,5.5,1.2));
#12721 = VECTOR('',#12722,1.);
#12722 = DIRECTION('',(0.,0.,1.));
#12723 = PCURVE('',#10654,#12724);
#12724 = DEFINITIONAL_REPRESENTATION('',(#12725),#12729);
#12725 = LINE('',#12726,#12727);
#12726 = CARTESIAN_POINT('',(0.,-14.));
#12727 = VECTOR('',#12728,1.);
#12728 = DIRECTION('',(1.,0.));
#12729 = ( GEOMETRIC_REPRESENTATION_CONTEXT(2) 
PARAMETRIC_REPRESENTATION_CONTEXT() REPRESENTATION_CONTEXT('2D SPACE',''
  ) );
#12730 = PCURVE('',#10627,#12731);
#12731 = DEFINITIONAL_REPRESENTATION('',(#12732),#12736);
#12732 = LINE('',#12733,#12734);
#12733 = CARTESIAN_POINT('',(0.,0.));
#12734 = VECTOR('',#12735,1.);
#12735 = DIRECTION('',(0.,1.));
#12736 = ( GEOMETRIC_REPRESENTATION_CONTEXT(2) 
PARAMETRIC_REPRESENTATION_CONTEXT() REPRESENTATION_CONTEXT('2D SPACE',''
  ) );
#12737 = ORIENTED_EDGE('',*,*,#10639,.T.);
#12738 = ADVANCED_FACE('',(#12739),#10627,.F.);
#12739 = FACE_BOUND('',#12740,.F.);
#12740 = EDGE_LOOP('',(#12741,#12742,#12783,#12804));
#12741 = ORIENTED_EDGE('',*,*,#12717,.F.);
#12742 = ORIENTED_EDGE('',*,*,#12743,.F.);
#12743 = EDGE_CURVE('',#12744,#12690,#12746,.T.);
#12744 = VERTEX_POINT('',#12745);
#12745 = CARTESIAN_POINT('',(39.1,8.5,3.7));
#12746 = SURFACE_CURVE('',#12747,(#12752,#12759),.PCURVE_S1.);
#12747 = CIRCLE('',#12748,3.);
#12748 = AXIS2_PLACEMENT_3D('',#12749,#12750,#12751);
#12749 = CARTESIAN_POINT('',(39.1,5.5,3.7));
#12750 = DIRECTION('',(0.,-0.,-1.));
#12751 = DIRECTION('',(2.960594732334E-16,1.,-0.));
#12752 = PCURVE('',#10627,#12753);
#12753 = DEFINITIONAL_REPRESENTATION('',(#12754),#12758);
#12754 = LINE('',#12755,#12756);
#12755 = CARTESIAN_POINT('',(1.570796326795,2.5));
#12756 = VECTOR('',#12757,1.);
#12757 = DIRECTION('',(-1.,-0.));
#12758 = ( GEOMETRIC_REPRESENTATION_CONTEXT(2) 
PARAMETRIC_REPRESENTATION_CONTEXT() REPRESENTATION_CONTEXT('2D SPACE',''
  ) );
#12759 = PCURVE('',#12760,#12777);
#12760 = SURFACE_OF_REVOLUTION('',#12761,#12774);
#12761 = B_SPLINE_CURVE_WITH_KNOTS('',6,(#12762,#12763,#12764,#12765,
    #12766,#12767,#12768,#12769,#12770,#12771,#12772,#12773),
  .UNSPECIFIED.,.F.,.F.,(7,5,7),(0.,0.785398163397,1.570796326795),
  .UNSPECIFIED.);
#12762 = CARTESIAN_POINT('',(39.1,8.5,3.7));
#12763 = CARTESIAN_POINT('',(39.1,8.5,3.372750765251));
#12764 = CARTESIAN_POINT('',(39.1,8.448596012046,3.045502077098));
#12765 = CARTESIAN_POINT('',(39.1,8.345786696975,2.728343335679));
#12766 = CARTESIAN_POINT('',(39.1,8.194218764061,2.431381075052));
#12767 = CARTESIAN_POINT('',(39.1,7.999167105995,2.163633200063));
#12768 = CARTESIAN_POINT('',(39.1,7.536366799937,1.700832894005));
#12769 = CARTESIAN_POINT('',(39.1,7.268618924948,1.505781235939));
#12770 = CARTESIAN_POINT('',(39.1,6.971656664321,1.354213303025));
#12771 = CARTESIAN_POINT('',(39.1,6.654497922902,1.251403987954));
#12772 = CARTESIAN_POINT('',(39.1,6.327249234749,1.2));
#12773 = CARTESIAN_POINT('',(39.1,6.,1.2));
#12774 = AXIS1_PLACEMENT('',#12775,#12776);
#12775 = CARTESIAN_POINT('',(39.1,5.5,3.7));
#12776 = DIRECTION('',(-0.,-0.,-1.));
#12777 = DEFINITIONAL_REPRESENTATION('',(#12778),#12782);
#12778 = LINE('',#12779,#12780);
#12779 = CARTESIAN_POINT('',(0.,0.));
#12780 = VECTOR('',#12781,1.);
#12781 = DIRECTION('',(1.,0.));
#12782 = ( GEOMETRIC_REPRESENTATION_CONTEXT(2) 
PARAMETRIC_REPRESENTATION_CONTEXT() REPRESENTATION_CONTEXT('2D SPACE',''
  ) );
#12783 = ORIENTED_EDGE('',*,*,#12784,.T.);
#12784 = EDGE_CURVE('',#12744,#10585,#12785,.T.);
#12785 = SURFACE_CURVE('',#12786,(#12790,#12797),.PCURVE_S1.);
#12786 = LINE('',#12787,#12788);
#12787 = CARTESIAN_POINT('',(39.1,8.5,1.2));
#12788 = VECTOR('',#12789,1.);
#12789 = DIRECTION('',(0.,0.,1.));
#12790 = PCURVE('',#10627,#12791);
#12791 = DEFINITIONAL_REPRESENTATION('',(#12792),#12796);
#12792 = LINE('',#12793,#12794);
#12793 = CARTESIAN_POINT('',(1.570796326795,0.));
#12794 = VECTOR('',#12795,1.);
#12795 = DIRECTION('',(0.,1.));
#12796 = ( GEOMETRIC_REPRESENTATION_CONTEXT(2) 
PARAMETRIC_REPRESENTATION_CONTEXT() REPRESENTATION_CONTEXT('2D SPACE',''
  ) );
#12797 = PCURVE('',#10599,#12798);
#12798 = DEFINITIONAL_REPRESENTATION('',(#12799),#12803);
#12799 = LINE('',#12800,#12801);
#12800 = CARTESIAN_POINT('',(0.,8.));
#12801 = VECTOR('',#12802,1.);
#12802 = DIRECTION('',(1.,0.));
#12803 = ( GEOMETRIC_REPRESENTATION_CONTEXT(2) 
PARAMETRIC_REPRESENTATION_CONTEXT() REPRESENTATION_CONTEXT('2D SPACE',''
  ) );
#12804 = ORIENTED_EDGE('',*,*,#10610,.F.);
#12805 = ADVANCED_FACE('',(#12806),#10599,.F.);
#12806 = FACE_BOUND('',#12807,.F.);
#12807 = EDGE_LOOP('',(#12808,#12836,#12857,#12858));
#12808 = ORIENTED_EDGE('',*,*,#12809,.F.);
#12809 = EDGE_CURVE('',#12810,#12744,#12812,.T.);
#12810 = VERTEX_POINT('',#12811);
#12811 = CARTESIAN_POINT('',(34.1,8.5,3.7));
#12812 = SURFACE_CURVE('',#12813,(#12817,#12824),.PCURVE_S1.);
#12813 = LINE('',#12814,#12815);
#12814 = CARTESIAN_POINT('',(34.1,8.5,3.7));
#12815 = VECTOR('',#12816,1.);
#12816 = DIRECTION('',(1.,0.,-0.));
#12817 = PCURVE('',#10599,#12818);
#12818 = DEFINITIONAL_REPRESENTATION('',(#12819),#12823);
#12819 = LINE('',#12820,#12821);
#12820 = CARTESIAN_POINT('',(2.5,3.));
#12821 = VECTOR('',#12822,1.);
#12822 = DIRECTION('',(0.,1.));
#12823 = ( GEOMETRIC_REPRESENTATION_CONTEXT(2) 
PARAMETRIC_REPRESENTATION_CONTEXT() REPRESENTATION_CONTEXT('2D SPACE',''
  ) );
#12824 = PCURVE('',#12825,#12830);
#12825 = CYLINDRICAL_SURFACE('',#12826,2.5);
#12826 = AXIS2_PLACEMENT_3D('',#12827,#12828,#12829);
#12827 = CARTESIAN_POINT('',(34.1,6.,3.7));
#12828 = DIRECTION('',(1.,0.,-0.));
#12829 = DIRECTION('',(0.,1.,0.));
#12830 = DEFINITIONAL_REPRESENTATION('',(#12831),#12835);
#12831 = LINE('',#12832,#12833);
#12832 = CARTESIAN_POINT('',(-0.,0.));
#12833 = VECTOR('',#12834,1.);
#12834 = DIRECTION('',(-0.,1.));
#12835 = ( GEOMETRIC_REPRESENTATION_CONTEXT(2) 
PARAMETRIC_REPRESENTATION_CONTEXT() REPRESENTATION_CONTEXT('2D SPACE',''
  ) );
#12836 = ORIENTED_EDGE('',*,*,#12837,.T.);
#12837 = EDGE_CURVE('',#12810,#10556,#12838,.T.);
#12838 = SURFACE_CURVE('',#12839,(#12843,#12850),.PCURVE_S1.);
#12839 = LINE('',#12840,#12841);
#12840 = CARTESIAN_POINT('',(34.1,8.5,1.2));
#12841 = VECTOR('',#12842,1.);
#12842 = DIRECTION('',(0.,0.,1.));
#12843 = PCURVE('',#10599,#12844);
#12844 = DEFINITIONAL_REPRESENTATION('',(#12845),#12849);
#12845 = LINE('',#12846,#12847);
#12846 = CARTESIAN_POINT('',(0.,3.));
#12847 = VECTOR('',#12848,1.);
#12848 = DIRECTION('',(1.,0.));
#12849 = ( GEOMETRIC_REPRESENTATION_CONTEXT(2) 
PARAMETRIC_REPRESENTATION_CONTEXT() REPRESENTATION_CONTEXT('2D SPACE',''
  ) );
#12850 = PCURVE('',#10572,#12851);
#12851 = DEFINITIONAL_REPRESENTATION('',(#12852),#12856);
#12852 = LINE('',#12853,#12854);
#12853 = CARTESIAN_POINT('',(-1.570796326795,0.));
#12854 = VECTOR('',#12855,1.);
#12855 = DIRECTION('',(-0.,1.));
#12856 = ( GEOMETRIC_REPRESENTATION_CONTEXT(2) 
PARAMETRIC_REPRESENTATION_CONTEXT() REPRESENTATION_CONTEXT('2D SPACE',''
  ) );
#12857 = ORIENTED_EDGE('',*,*,#10584,.T.);
#12858 = ORIENTED_EDGE('',*,*,#12784,.F.);
#12859 = ADVANCED_FACE('',(#12860),#10572,.F.);
#12860 = FACE_BOUND('',#12861,.T.);
#12861 = EDGE_LOOP('',(#12862,#12863,#12902,#12903));
#12862 = ORIENTED_EDGE('',*,*,#12475,.F.);
#12863 = ORIENTED_EDGE('',*,*,#12864,.T.);
#12864 = EDGE_CURVE('',#12448,#12810,#12865,.T.);
#12865 = SURFACE_CURVE('',#12866,(#12871,#12878),.PCURVE_S1.);
#12866 = CIRCLE('',#12867,3.);
#12867 = AXIS2_PLACEMENT_3D('',#12868,#12869,#12870);
#12868 = CARTESIAN_POINT('',(34.1,5.5,3.7));
#12869 = DIRECTION('',(-0.,0.,-1.));
#12870 = DIRECTION('',(-1.,2.960594732334E-16,0.));
#12871 = PCURVE('',#10572,#12872);
#12872 = DEFINITIONAL_REPRESENTATION('',(#12873),#12877);
#12873 = LINE('',#12874,#12875);
#12874 = CARTESIAN_POINT('',(-0.,2.5));
#12875 = VECTOR('',#12876,1.);
#12876 = DIRECTION('',(-1.,0.));
#12877 = ( GEOMETRIC_REPRESENTATION_CONTEXT(2) 
PARAMETRIC_REPRESENTATION_CONTEXT() REPRESENTATION_CONTEXT('2D SPACE',''
  ) );
#12878 = PCURVE('',#12879,#12896);
#12879 = SURFACE_OF_REVOLUTION('',#12880,#12893);
#12880 = B_SPLINE_CURVE_WITH_KNOTS('',6,(#12881,#12882,#12883,#12884,
    #12885,#12886,#12887,#12888,#12889,#12890,#12891,#12892),
  .UNSPECIFIED.,.F.,.F.,(7,5,7),(0.,0.785398163397,1.570796326795),
  .UNSPECIFIED.);
#12881 = CARTESIAN_POINT('',(31.1,5.5,3.7));
#12882 = CARTESIAN_POINT('',(31.1,5.5,3.372750765251));
#12883 = CARTESIAN_POINT('',(31.151403987953,5.5,3.045502077098));
#12884 = CARTESIAN_POINT('',(31.254213303025,5.5,2.728343335679));
#12885 = CARTESIAN_POINT('',(31.405781235939,5.5,2.431381075052));
#12886 = CARTESIAN_POINT('',(31.600832894005,5.5,2.163633200063));
#12887 = CARTESIAN_POINT('',(32.063633200063,5.5,1.700832894005));
#12888 = CARTESIAN_POINT('',(32.331381075052,5.5,1.505781235939));
#12889 = CARTESIAN_POINT('',(32.628343335678,5.5,1.354213303025));
#12890 = CARTESIAN_POINT('',(32.945502077098,5.5,1.251403987954));
#12891 = CARTESIAN_POINT('',(33.272750765251,5.5,1.2));
#12892 = CARTESIAN_POINT('',(33.6,5.5,1.2));
#12893 = AXIS1_PLACEMENT('',#12894,#12895);
#12894 = CARTESIAN_POINT('',(34.1,5.5,3.7));
#12895 = DIRECTION('',(-0.,-0.,-1.));
#12896 = DEFINITIONAL_REPRESENTATION('',(#12897),#12901);
#12897 = LINE('',#12898,#12899);
#12898 = CARTESIAN_POINT('',(0.,0.));
#12899 = VECTOR('',#12900,1.);
#12900 = DIRECTION('',(1.,0.));
#12901 = ( GEOMETRIC_REPRESENTATION_CONTEXT(2) 
PARAMETRIC_REPRESENTATION_CONTEXT() REPRESENTATION_CONTEXT('2D SPACE',''
  ) );
#12902 = ORIENTED_EDGE('',*,*,#12837,.T.);
#12903 = ORIENTED_EDGE('',*,*,#10555,.T.);
#12904 = ADVANCED_FACE('',(#12905),#10766,.T.);
#12905 = FACE_BOUND('',#12906,.T.);
#12906 = EDGE_LOOP('',(#12907,#12930,#12958,#12979));
#12907 = ORIENTED_EDGE('',*,*,#12908,.F.);
#12908 = EDGE_CURVE('',#12909,#10752,#12911,.T.);
#12909 = VERTEX_POINT('',#12910);
#12910 = CARTESIAN_POINT('',(18.9,-5.5,3.7));
#12911 = SURFACE_CURVE('',#12912,(#12916,#12923),.PCURVE_S1.);
#12912 = LINE('',#12913,#12914);
#12913 = CARTESIAN_POINT('',(18.9,-5.5,1.2));
#12914 = VECTOR('',#12915,1.);
#12915 = DIRECTION('',(0.,0.,1.));
#12916 = PCURVE('',#10766,#12917);
#12917 = DEFINITIONAL_REPRESENTATION('',(#12918),#12922);
#12918 = LINE('',#12919,#12920);
#12919 = CARTESIAN_POINT('',(0.,-3.));
#12920 = VECTOR('',#12921,1.);
#12921 = DIRECTION('',(1.,0.));
#12922 = ( GEOMETRIC_REPRESENTATION_CONTEXT(2) 
PARAMETRIC_REPRESENTATION_CONTEXT() REPRESENTATION_CONTEXT('2D SPACE',''
  ) );
#12923 = PCURVE('',#10957,#12924);
#12924 = DEFINITIONAL_REPRESENTATION('',(#12925),#12929);
#12925 = LINE('',#12926,#12927);
#12926 = CARTESIAN_POINT('',(0.,0.));
#12927 = VECTOR('',#12928,1.);
#12928 = DIRECTION('',(0.,1.));
#12929 = ( GEOMETRIC_REPRESENTATION_CONTEXT(2) 
PARAMETRIC_REPRESENTATION_CONTEXT() REPRESENTATION_CONTEXT('2D SPACE',''
  ) );
#12930 = ORIENTED_EDGE('',*,*,#12931,.T.);
#12931 = EDGE_CURVE('',#12909,#12932,#12934,.T.);
#12932 = VERTEX_POINT('',#12933);
#12933 = CARTESIAN_POINT('',(18.9,5.5,3.7));
#12934 = SURFACE_CURVE('',#12935,(#12939,#12946),.PCURVE_S1.);
#12935 = LINE('',#12936,#12937);
#12936 = CARTESIAN_POINT('',(18.9,-5.5,3.7));
#12937 = VECTOR('',#12938,1.);
#12938 = DIRECTION('',(-0.,1.,0.));
#12939 = PCURVE('',#10766,#12940);
#12940 = DEFINITIONAL_REPRESENTATION('',(#12941),#12945);
#12941 = LINE('',#12942,#12943);
#12942 = CARTESIAN_POINT('',(2.5,-3.));
#12943 = VECTOR('',#12944,1.);
#12944 = DIRECTION('',(0.,-1.));
#12945 = ( GEOMETRIC_REPRESENTATION_CONTEXT(2) 
PARAMETRIC_REPRESENTATION_CONTEXT() REPRESENTATION_CONTEXT('2D SPACE',''
  ) );
#12946 = PCURVE('',#12947,#12952);
#12947 = CYLINDRICAL_SURFACE('',#12948,2.5);
#12948 = AXIS2_PLACEMENT_3D('',#12949,#12950,#12951);
#12949 = CARTESIAN_POINT('',(21.4,-5.5,3.7));
#12950 = DIRECTION('',(-0.,1.,0.));
#12951 = DIRECTION('',(-1.,-0.,0.));
#12952 = DEFINITIONAL_REPRESENTATION('',(#12953),#12957);
#12953 = LINE('',#12954,#12955);
#12954 = CARTESIAN_POINT('',(-0.,0.));
#12955 = VECTOR('',#12956,1.);
#12956 = DIRECTION('',(-0.,1.));
#12957 = ( GEOMETRIC_REPRESENTATION_CONTEXT(2) 
PARAMETRIC_REPRESENTATION_CONTEXT() REPRESENTATION_CONTEXT('2D SPACE',''
  ) );
#12958 = ORIENTED_EDGE('',*,*,#12959,.T.);
#12959 = EDGE_CURVE('',#12932,#10750,#12960,.T.);
#12960 = SURFACE_CURVE('',#12961,(#12965,#12972),.PCURVE_S1.);
#12961 = LINE('',#12962,#12963);
#12962 = CARTESIAN_POINT('',(18.9,5.5,1.2));
#12963 = VECTOR('',#12964,1.);
#12964 = DIRECTION('',(0.,0.,1.));
#12965 = PCURVE('',#10766,#12966);
#12966 = DEFINITIONAL_REPRESENTATION('',(#12967),#12971);
#12967 = LINE('',#12968,#12969);
#12968 = CARTESIAN_POINT('',(0.,-14.));
#12969 = VECTOR('',#12970,1.);
#12970 = DIRECTION('',(1.,0.));
#12971 = ( GEOMETRIC_REPRESENTATION_CONTEXT(2) 
PARAMETRIC_REPRESENTATION_CONTEXT() REPRESENTATION_CONTEXT('2D SPACE',''
  ) );
#12972 = PCURVE('',#10794,#12973);
#12973 = DEFINITIONAL_REPRESENTATION('',(#12974),#12978);
#12974 = LINE('',#12975,#12976);
#12975 = CARTESIAN_POINT('',(-0.,0.));
#12976 = VECTOR('',#12977,1.);
#12977 = DIRECTION('',(-0.,1.));
#12978 = ( GEOMETRIC_REPRESENTATION_CONTEXT(2) 
PARAMETRIC_REPRESENTATION_CONTEXT() REPRESENTATION_CONTEXT('2D SPACE',''
  ) );
#12979 = ORIENTED_EDGE('',*,*,#10749,.T.);
#12980 = ADVANCED_FACE('',(#12981),#10957,.F.);
#12981 = FACE_BOUND('',#12982,.F.);
#12982 = EDGE_LOOP('',(#12983,#12984,#13025,#13046));
#12983 = ORIENTED_EDGE('',*,*,#12908,.F.);
#12984 = ORIENTED_EDGE('',*,*,#12985,.F.);
#12985 = EDGE_CURVE('',#12986,#12909,#12988,.T.);
#12986 = VERTEX_POINT('',#12987);
#12987 = CARTESIAN_POINT('',(21.9,-8.5,3.7));
#12988 = SURFACE_CURVE('',#12989,(#12994,#13001),.PCURVE_S1.);
#12989 = CIRCLE('',#12990,3.);
#12990 = AXIS2_PLACEMENT_3D('',#12991,#12992,#12993);
#12991 = CARTESIAN_POINT('',(21.9,-5.5,3.7));
#12992 = DIRECTION('',(-0.,0.,-1.));
#12993 = DIRECTION('',(-2.960594732334E-16,-1.,0.));
#12994 = PCURVE('',#10957,#12995);
#12995 = DEFINITIONAL_REPRESENTATION('',(#12996),#13000);
#12996 = LINE('',#12997,#12998);
#12997 = CARTESIAN_POINT('',(1.570796326795,2.5));
#12998 = VECTOR('',#12999,1.);
#12999 = DIRECTION('',(-1.,-0.));
#13000 = ( GEOMETRIC_REPRESENTATION_CONTEXT(2) 
PARAMETRIC_REPRESENTATION_CONTEXT() REPRESENTATION_CONTEXT('2D SPACE',''
  ) );
#13001 = PCURVE('',#13002,#13019);
#13002 = SURFACE_OF_REVOLUTION('',#13003,#13016);
#13003 = B_SPLINE_CURVE_WITH_KNOTS('',6,(#13004,#13005,#13006,#13007,
    #13008,#13009,#13010,#13011,#13012,#13013,#13014,#13015),
  .UNSPECIFIED.,.F.,.F.,(7,5,7),(0.,0.785398163397,1.570796326795),
  .UNSPECIFIED.);
#13004 = CARTESIAN_POINT('',(21.9,-8.5,3.7));
#13005 = CARTESIAN_POINT('',(21.9,-8.5,3.372750765251));
#13006 = CARTESIAN_POINT('',(21.9,-8.448596012046,3.045502077098));
#13007 = CARTESIAN_POINT('',(21.9,-8.345786696975,2.728343335679));
#13008 = CARTESIAN_POINT('',(21.9,-8.194218764061,2.431381075052));
#13009 = CARTESIAN_POINT('',(21.9,-7.999167105995,2.163633200063));
#13010 = CARTESIAN_POINT('',(21.9,-7.536366799937,1.700832894005));
#13011 = CARTESIAN_POINT('',(21.9,-7.268618924948,1.505781235939));
#13012 = CARTESIAN_POINT('',(21.9,-6.971656664321,1.354213303025));
#13013 = CARTESIAN_POINT('',(21.9,-6.654497922902,1.251403987954));
#13014 = CARTESIAN_POINT('',(21.9,-6.327249234749,1.2));
#13015 = CARTESIAN_POINT('',(21.9,-6.,1.2));
#13016 = AXIS1_PLACEMENT('',#13017,#13018);
#13017 = CARTESIAN_POINT('',(21.9,-5.5,3.7));
#13018 = DIRECTION('',(-0.,-0.,-1.));
#13019 = DEFINITIONAL_REPRESENTATION('',(#13020),#13024);
#13020 = LINE('',#13021,#13022);
#13021 = CARTESIAN_POINT('',(0.,0.));
#13022 = VECTOR('',#13023,1.);
#13023 = DIRECTION('',(1.,0.));
#13024 = ( GEOMETRIC_REPRESENTATION_CONTEXT(2) 
PARAMETRIC_REPRESENTATION_CONTEXT() REPRESENTATION_CONTEXT('2D SPACE',''
  ) );
#13025 = ORIENTED_EDGE('',*,*,#13026,.T.);
#13026 = EDGE_CURVE('',#12986,#10917,#13027,.T.);
#13027 = SURFACE_CURVE('',#13028,(#13032,#13039),.PCURVE_S1.);
#13028 = LINE('',#13029,#13030);
#13029 = CARTESIAN_POINT('',(21.9,-8.5,1.2));
#13030 = VECTOR('',#13031,1.);
#13031 = DIRECTION('',(0.,0.,1.));
#13032 = PCURVE('',#10957,#13033);
#13033 = DEFINITIONAL_REPRESENTATION('',(#13034),#13038);
#13034 = LINE('',#13035,#13036);
#13035 = CARTESIAN_POINT('',(1.570796326795,0.));
#13036 = VECTOR('',#13037,1.);
#13037 = DIRECTION('',(0.,1.));
#13038 = ( GEOMETRIC_REPRESENTATION_CONTEXT(2) 
PARAMETRIC_REPRESENTATION_CONTEXT() REPRESENTATION_CONTEXT('2D SPACE',''
  ) );
#13039 = PCURVE('',#10931,#13040);
#13040 = DEFINITIONAL_REPRESENTATION('',(#13041),#13045);
#13041 = LINE('',#13042,#13043);
#13042 = CARTESIAN_POINT('',(0.,3.));
#13043 = VECTOR('',#13044,1.);
#13044 = DIRECTION('',(1.,0.));
#13045 = ( GEOMETRIC_REPRESENTATION_CONTEXT(2) 
PARAMETRIC_REPRESENTATION_CONTEXT() REPRESENTATION_CONTEXT('2D SPACE',''
  ) );
#13046 = ORIENTED_EDGE('',*,*,#10942,.F.);
#13047 = ADVANCED_FACE('',(#13048),#10931,.T.);
#13048 = FACE_BOUND('',#13049,.T.);
#13049 = EDGE_LOOP('',(#13050,#13078,#13079,#13080));
#13050 = ORIENTED_EDGE('',*,*,#13051,.T.);
#13051 = EDGE_CURVE('',#13052,#12986,#13054,.T.);
#13052 = VERTEX_POINT('',#13053);
#13053 = CARTESIAN_POINT('',(26.9,-8.5,3.7));
#13054 = SURFACE_CURVE('',#13055,(#13059,#13066),.PCURVE_S1.);
#13055 = LINE('',#13056,#13057);
#13056 = CARTESIAN_POINT('',(26.9,-8.5,3.7));
#13057 = VECTOR('',#13058,1.);
#13058 = DIRECTION('',(-1.,-0.,0.));
#13059 = PCURVE('',#10931,#13060);
#13060 = DEFINITIONAL_REPRESENTATION('',(#13061),#13065);
#13061 = LINE('',#13062,#13063);
#13062 = CARTESIAN_POINT('',(2.5,8.));
#13063 = VECTOR('',#13064,1.);
#13064 = DIRECTION('',(0.,-1.));
#13065 = ( GEOMETRIC_REPRESENTATION_CONTEXT(2) 
PARAMETRIC_REPRESENTATION_CONTEXT() REPRESENTATION_CONTEXT('2D SPACE',''
  ) );
#13066 = PCURVE('',#13067,#13072);
#13067 = CYLINDRICAL_SURFACE('',#13068,2.5);
#13068 = AXIS2_PLACEMENT_3D('',#13069,#13070,#13071);
#13069 = CARTESIAN_POINT('',(26.9,-6.,3.7));
#13070 = DIRECTION('',(-1.,-0.,0.));
#13071 = DIRECTION('',(0.,-1.,-0.));
#13072 = DEFINITIONAL_REPRESENTATION('',(#13073),#13077);
#13073 = LINE('',#13074,#13075);
#13074 = CARTESIAN_POINT('',(-0.,0.));
#13075 = VECTOR('',#13076,1.);
#13076 = DIRECTION('',(-0.,1.));
#13077 = ( GEOMETRIC_REPRESENTATION_CONTEXT(2) 
PARAMETRIC_REPRESENTATION_CONTEXT() REPRESENTATION_CONTEXT('2D SPACE',''
  ) );
#13078 = ORIENTED_EDGE('',*,*,#13026,.T.);
#13079 = ORIENTED_EDGE('',*,*,#10916,.T.);
#13080 = ORIENTED_EDGE('',*,*,#13081,.F.);
#13081 = EDGE_CURVE('',#13052,#10888,#13082,.T.);
#13082 = SURFACE_CURVE('',#13083,(#13087,#13094),.PCURVE_S1.);
#13083 = LINE('',#13084,#13085);
#13084 = CARTESIAN_POINT('',(26.9,-8.5,1.2));
#13085 = VECTOR('',#13086,1.);
#13086 = DIRECTION('',(0.,0.,1.));
#13087 = PCURVE('',#10931,#13088);
#13088 = DEFINITIONAL_REPRESENTATION('',(#13089),#13093);
#13089 = LINE('',#13090,#13091);
#13090 = CARTESIAN_POINT('',(0.,8.));
#13091 = VECTOR('',#13092,1.);
#13092 = DIRECTION('',(1.,0.));
#13093 = ( GEOMETRIC_REPRESENTATION_CONTEXT(2) 
PARAMETRIC_REPRESENTATION_CONTEXT() REPRESENTATION_CONTEXT('2D SPACE',''
  ) );
#13094 = PCURVE('',#10904,#13095);
#13095 = DEFINITIONAL_REPRESENTATION('',(#13096),#13100);
#13096 = LINE('',#13097,#13098);
#13097 = CARTESIAN_POINT('',(-1.570796326795,0.));
#13098 = VECTOR('',#13099,1.);
#13099 = DIRECTION('',(-0.,1.));
#13100 = ( GEOMETRIC_REPRESENTATION_CONTEXT(2) 
PARAMETRIC_REPRESENTATION_CONTEXT() REPRESENTATION_CONTEXT('2D SPACE',''
  ) );
#13101 = ADVANCED_FACE('',(#13102),#10904,.F.);
#13102 = FACE_BOUND('',#13103,.T.);
#13103 = EDGE_LOOP('',(#13104,#13127,#13166,#13167));
#13104 = ORIENTED_EDGE('',*,*,#13105,.F.);
#13105 = EDGE_CURVE('',#13106,#10862,#13108,.T.);
#13106 = VERTEX_POINT('',#13107);
#13107 = CARTESIAN_POINT('',(29.9,-5.5,3.7));
#13108 = SURFACE_CURVE('',#13109,(#13113,#13120),.PCURVE_S1.);
#13109 = LINE('',#13110,#13111);
#13110 = CARTESIAN_POINT('',(29.9,-5.5,1.2));
#13111 = VECTOR('',#13112,1.);
#13112 = DIRECTION('',(0.,0.,1.));
#13113 = PCURVE('',#10904,#13114);
#13114 = DEFINITIONAL_REPRESENTATION('',(#13115),#13119);
#13115 = LINE('',#13116,#13117);
#13116 = CARTESIAN_POINT('',(-0.,0.));
#13117 = VECTOR('',#13118,1.);
#13118 = DIRECTION('',(-0.,1.));
#13119 = ( GEOMETRIC_REPRESENTATION_CONTEXT(2) 
PARAMETRIC_REPRESENTATION_CONTEXT() REPRESENTATION_CONTEXT('2D SPACE',''
  ) );
#13120 = PCURVE('',#10876,#13121);
#13121 = DEFINITIONAL_REPRESENTATION('',(#13122),#13126);
#13122 = LINE('',#13123,#13124);
#13123 = CARTESIAN_POINT('',(0.,-3.));
#13124 = VECTOR('',#13125,1.);
#13125 = DIRECTION('',(1.,0.));
#13126 = ( GEOMETRIC_REPRESENTATION_CONTEXT(2) 
PARAMETRIC_REPRESENTATION_CONTEXT() REPRESENTATION_CONTEXT('2D SPACE',''
  ) );
#13127 = ORIENTED_EDGE('',*,*,#13128,.T.);
#13128 = EDGE_CURVE('',#13106,#13052,#13129,.T.);
#13129 = SURFACE_CURVE('',#13130,(#13135,#13142),.PCURVE_S1.);
#13130 = CIRCLE('',#13131,3.);
#13131 = AXIS2_PLACEMENT_3D('',#13132,#13133,#13134);
#13132 = CARTESIAN_POINT('',(26.9,-5.5,3.7));
#13133 = DIRECTION('',(0.,-0.,-1.));
#13134 = DIRECTION('',(1.,0.,-0.));
#13135 = PCURVE('',#10904,#13136);
#13136 = DEFINITIONAL_REPRESENTATION('',(#13137),#13141);
#13137 = LINE('',#13138,#13139);
#13138 = CARTESIAN_POINT('',(-0.,2.5));
#13139 = VECTOR('',#13140,1.);
#13140 = DIRECTION('',(-1.,0.));
#13141 = ( GEOMETRIC_REPRESENTATION_CONTEXT(2) 
PARAMETRIC_REPRESENTATION_CONTEXT() REPRESENTATION_CONTEXT('2D SPACE',''
  ) );
#13142 = PCURVE('',#13143,#13160);
#13143 = SURFACE_OF_REVOLUTION('',#13144,#13157);
#13144 = B_SPLINE_CURVE_WITH_KNOTS('',6,(#13145,#13146,#13147,#13148,
    #13149,#13150,#13151,#13152,#13153,#13154,#13155,#13156),
  .UNSPECIFIED.,.F.,.F.,(7,5,7),(0.,0.785398163397,1.570796326795),
  .UNSPECIFIED.);
#13145 = CARTESIAN_POINT('',(29.9,-5.5,3.7));
#13146 = CARTESIAN_POINT('',(29.9,-5.5,3.372750765251));
#13147 = CARTESIAN_POINT('',(29.848596012046,-5.5,3.045502077098));
#13148 = CARTESIAN_POINT('',(29.745786696975,-5.5,2.728343335679));
#13149 = CARTESIAN_POINT('',(29.594218764061,-5.5,2.431381075052));
#13150 = CARTESIAN_POINT('',(29.399167105995,-5.5,2.163633200063));
#13151 = CARTESIAN_POINT('',(28.936366799937,-5.5,1.700832894005));
#13152 = CARTESIAN_POINT('',(28.668618924948,-5.5,1.505781235939));
#13153 = CARTESIAN_POINT('',(28.371656664321,-5.5,1.354213303025));
#13154 = CARTESIAN_POINT('',(28.054497922902,-5.5,1.251403987954));
#13155 = CARTESIAN_POINT('',(27.727249234749,-5.5,1.2));
#13156 = CARTESIAN_POINT('',(27.4,-5.5,1.2));
#13157 = AXIS1_PLACEMENT('',#13158,#13159);
#13158 = CARTESIAN_POINT('',(26.9,-5.5,3.7));
#13159 = DIRECTION('',(-0.,-0.,-1.));
#13160 = DEFINITIONAL_REPRESENTATION('',(#13161),#13165);
#13161 = LINE('',#13162,#13163);
#13162 = CARTESIAN_POINT('',(0.,0.));
#13163 = VECTOR('',#13164,1.);
#13164 = DIRECTION('',(1.,0.));
#13165 = ( GEOMETRIC_REPRESENTATION_CONTEXT(2) 
PARAMETRIC_REPRESENTATION_CONTEXT() REPRESENTATION_CONTEXT('2D SPACE',''
  ) );
#13166 = ORIENTED_EDGE('',*,*,#13081,.T.);
#13167 = ORIENTED_EDGE('',*,*,#10887,.T.);
#13168 = ADVANCED_FACE('',(#13169),#10876,.F.);
#13169 = FACE_BOUND('',#13170,.F.);
#13170 = EDGE_LOOP('',(#13171,#13172,#13200,#13221));
#13171 = ORIENTED_EDGE('',*,*,#13105,.F.);
#13172 = ORIENTED_EDGE('',*,*,#13173,.F.);
#13173 = EDGE_CURVE('',#13174,#13106,#13176,.T.);
#13174 = VERTEX_POINT('',#13175);
#13175 = CARTESIAN_POINT('',(29.9,5.5,3.7));
#13176 = SURFACE_CURVE('',#13177,(#13181,#13188),.PCURVE_S1.);
#13177 = LINE('',#13178,#13179);
#13178 = CARTESIAN_POINT('',(29.9,5.5,3.7));
#13179 = VECTOR('',#13180,1.);
#13180 = DIRECTION('',(0.,-1.,-0.));
#13181 = PCURVE('',#10876,#13182);
#13182 = DEFINITIONAL_REPRESENTATION('',(#13183),#13187);
#13183 = LINE('',#13184,#13185);
#13184 = CARTESIAN_POINT('',(2.5,-14.));
#13185 = VECTOR('',#13186,1.);
#13186 = DIRECTION('',(0.,1.));
#13187 = ( GEOMETRIC_REPRESENTATION_CONTEXT(2) 
PARAMETRIC_REPRESENTATION_CONTEXT() REPRESENTATION_CONTEXT('2D SPACE',''
  ) );
#13188 = PCURVE('',#13189,#13194);
#13189 = CYLINDRICAL_SURFACE('',#13190,2.5);
#13190 = AXIS2_PLACEMENT_3D('',#13191,#13192,#13193);
#13191 = CARTESIAN_POINT('',(27.4,5.5,3.7));
#13192 = DIRECTION('',(0.,-1.,-0.));
#13193 = DIRECTION('',(1.,0.,0.));
#13194 = DEFINITIONAL_REPRESENTATION('',(#13195),#13199);
#13195 = LINE('',#13196,#13197);
#13196 = CARTESIAN_POINT('',(-0.,0.));
#13197 = VECTOR('',#13198,1.);
#13198 = DIRECTION('',(-0.,1.));
#13199 = ( GEOMETRIC_REPRESENTATION_CONTEXT(2) 
PARAMETRIC_REPRESENTATION_CONTEXT() REPRESENTATION_CONTEXT('2D SPACE',''
  ) );
#13200 = ORIENTED_EDGE('',*,*,#13201,.T.);
#13201 = EDGE_CURVE('',#13174,#10833,#13202,.T.);
#13202 = SURFACE_CURVE('',#13203,(#13207,#13214),.PCURVE_S1.);
#13203 = LINE('',#13204,#13205);
#13204 = CARTESIAN_POINT('',(29.9,5.5,1.2));
#13205 = VECTOR('',#13206,1.);
#13206 = DIRECTION('',(0.,0.,1.));
#13207 = PCURVE('',#10876,#13208);
#13208 = DEFINITIONAL_REPRESENTATION('',(#13209),#13213);
#13209 = LINE('',#13210,#13211);
#13210 = CARTESIAN_POINT('',(0.,-14.));
#13211 = VECTOR('',#13212,1.);
#13212 = DIRECTION('',(1.,0.));
#13213 = ( GEOMETRIC_REPRESENTATION_CONTEXT(2) 
PARAMETRIC_REPRESENTATION_CONTEXT() REPRESENTATION_CONTEXT('2D SPACE',''
  ) );
#13214 = PCURVE('',#10849,#13215);
#13215 = DEFINITIONAL_REPRESENTATION('',(#13216),#13220);
#13216 = LINE('',#13217,#13218);
#13217 = CARTESIAN_POINT('',(0.,0.));
#13218 = VECTOR('',#13219,1.);
#13219 = DIRECTION('',(0.,1.));
#13220 = ( GEOMETRIC_REPRESENTATION_CONTEXT(2) 
PARAMETRIC_REPRESENTATION_CONTEXT() REPRESENTATION_CONTEXT('2D SPACE',''
  ) );
#13221 = ORIENTED_EDGE('',*,*,#10861,.T.);
#13222 = ADVANCED_FACE('',(#13223),#10849,.F.);
#13223 = FACE_BOUND('',#13224,.F.);
#13224 = EDGE_LOOP('',(#13225,#13226,#13267,#13288));
#13225 = ORIENTED_EDGE('',*,*,#13201,.F.);
#13226 = ORIENTED_EDGE('',*,*,#13227,.F.);
#13227 = EDGE_CURVE('',#13228,#13174,#13230,.T.);
#13228 = VERTEX_POINT('',#13229);
#13229 = CARTESIAN_POINT('',(26.9,8.5,3.7));
#13230 = SURFACE_CURVE('',#13231,(#13236,#13243),.PCURVE_S1.);
#13231 = CIRCLE('',#13232,3.);
#13232 = AXIS2_PLACEMENT_3D('',#13233,#13234,#13235);
#13233 = CARTESIAN_POINT('',(26.9,5.5,3.7));
#13234 = DIRECTION('',(0.,-0.,-1.));
#13235 = DIRECTION('',(2.960594732334E-16,1.,-0.));
#13236 = PCURVE('',#10849,#13237);
#13237 = DEFINITIONAL_REPRESENTATION('',(#13238),#13242);
#13238 = LINE('',#13239,#13240);
#13239 = CARTESIAN_POINT('',(1.570796326795,2.5));
#13240 = VECTOR('',#13241,1.);
#13241 = DIRECTION('',(-1.,-0.));
#13242 = ( GEOMETRIC_REPRESENTATION_CONTEXT(2) 
PARAMETRIC_REPRESENTATION_CONTEXT() REPRESENTATION_CONTEXT('2D SPACE',''
  ) );
#13243 = PCURVE('',#13244,#13261);
#13244 = SURFACE_OF_REVOLUTION('',#13245,#13258);
#13245 = B_SPLINE_CURVE_WITH_KNOTS('',6,(#13246,#13247,#13248,#13249,
    #13250,#13251,#13252,#13253,#13254,#13255,#13256,#13257),
  .UNSPECIFIED.,.F.,.F.,(7,5,7),(0.,0.785398163397,1.570796326795),
  .UNSPECIFIED.);
#13246 = CARTESIAN_POINT('',(26.9,8.5,3.7));
#13247 = CARTESIAN_POINT('',(26.9,8.5,3.372750765251));
#13248 = CARTESIAN_POINT('',(26.9,8.448596012046,3.045502077098));
#13249 = CARTESIAN_POINT('',(26.9,8.345786696975,2.728343335679));
#13250 = CARTESIAN_POINT('',(26.9,8.194218764061,2.431381075052));
#13251 = CARTESIAN_POINT('',(26.9,7.999167105995,2.163633200063));
#13252 = CARTESIAN_POINT('',(26.9,7.536366799937,1.700832894005));
#13253 = CARTESIAN_POINT('',(26.9,7.268618924948,1.505781235939));
#13254 = CARTESIAN_POINT('',(26.9,6.971656664321,1.354213303025));
#13255 = CARTESIAN_POINT('',(26.9,6.654497922902,1.251403987954));
#13256 = CARTESIAN_POINT('',(26.9,6.327249234749,1.2));
#13257 = CARTESIAN_POINT('',(26.9,6.,1.2));
#13258 = AXIS1_PLACEMENT('',#13259,#13260);
#13259 = CARTESIAN_POINT('',(26.9,5.5,3.7));
#13260 = DIRECTION('',(-0.,-0.,-1.));
#13261 = DEFINITIONAL_REPRESENTATION('',(#13262),#13266);
#13262 = LINE('',#13263,#13264);
#13263 = CARTESIAN_POINT('',(0.,0.));
#13264 = VECTOR('',#13265,1.);
#13265 = DIRECTION('',(1.,0.));
#13266 = ( GEOMETRIC_REPRESENTATION_CONTEXT(2) 
PARAMETRIC_REPRESENTATION_CONTEXT() REPRESENTATION_CONTEXT('2D SPACE',''
  ) );
#13267 = ORIENTED_EDGE('',*,*,#13268,.T.);
#13268 = EDGE_CURVE('',#13228,#10807,#13269,.T.);
#13269 = SURFACE_CURVE('',#13270,(#13274,#13281),.PCURVE_S1.);
#13270 = LINE('',#13271,#13272);
#13271 = CARTESIAN_POINT('',(26.9,8.5,1.2));
#13272 = VECTOR('',#13273,1.);
#13273 = DIRECTION('',(0.,0.,1.));
#13274 = PCURVE('',#10849,#13275);
#13275 = DEFINITIONAL_REPRESENTATION('',(#13276),#13280);
#13276 = LINE('',#13277,#13278);
#13277 = CARTESIAN_POINT('',(1.570796326795,0.));
#13278 = VECTOR('',#13279,1.);
#13279 = DIRECTION('',(0.,1.));
#13280 = ( GEOMETRIC_REPRESENTATION_CONTEXT(2) 
PARAMETRIC_REPRESENTATION_CONTEXT() REPRESENTATION_CONTEXT('2D SPACE',''
  ) );
#13281 = PCURVE('',#10821,#13282);
#13282 = DEFINITIONAL_REPRESENTATION('',(#13283),#13287);
#13283 = LINE('',#13284,#13285);
#13284 = CARTESIAN_POINT('',(0.,8.));
#13285 = VECTOR('',#13286,1.);
#13286 = DIRECTION('',(1.,0.));
#13287 = ( GEOMETRIC_REPRESENTATION_CONTEXT(2) 
PARAMETRIC_REPRESENTATION_CONTEXT() REPRESENTATION_CONTEXT('2D SPACE',''
  ) );
#13288 = ORIENTED_EDGE('',*,*,#10832,.F.);
#13289 = ADVANCED_FACE('',(#13290),#10821,.F.);
#13290 = FACE_BOUND('',#13291,.F.);
#13291 = EDGE_LOOP('',(#13292,#13320,#13341,#13342));
#13292 = ORIENTED_EDGE('',*,*,#13293,.F.);
#13293 = EDGE_CURVE('',#13294,#13228,#13296,.T.);
#13294 = VERTEX_POINT('',#13295);
#13295 = CARTESIAN_POINT('',(21.9,8.5,3.7));
#13296 = SURFACE_CURVE('',#13297,(#13301,#13308),.PCURVE_S1.);
#13297 = LINE('',#13298,#13299);
#13298 = CARTESIAN_POINT('',(21.9,8.5,3.7));
#13299 = VECTOR('',#13300,1.);
#13300 = DIRECTION('',(1.,0.,-0.));
#13301 = PCURVE('',#10821,#13302);
#13302 = DEFINITIONAL_REPRESENTATION('',(#13303),#13307);
#13303 = LINE('',#13304,#13305);
#13304 = CARTESIAN_POINT('',(2.5,3.));
#13305 = VECTOR('',#13306,1.);
#13306 = DIRECTION('',(0.,1.));
#13307 = ( GEOMETRIC_REPRESENTATION_CONTEXT(2) 
PARAMETRIC_REPRESENTATION_CONTEXT() REPRESENTATION_CONTEXT('2D SPACE',''
  ) );
#13308 = PCURVE('',#13309,#13314);
#13309 = CYLINDRICAL_SURFACE('',#13310,2.5);
#13310 = AXIS2_PLACEMENT_3D('',#13311,#13312,#13313);
#13311 = CARTESIAN_POINT('',(21.9,6.,3.7));
#13312 = DIRECTION('',(1.,0.,-0.));
#13313 = DIRECTION('',(0.,1.,0.));
#13314 = DEFINITIONAL_REPRESENTATION('',(#13315),#13319);
#13315 = LINE('',#13316,#13317);
#13316 = CARTESIAN_POINT('',(-0.,0.));
#13317 = VECTOR('',#13318,1.);
#13318 = DIRECTION('',(-0.,1.));
#13319 = ( GEOMETRIC_REPRESENTATION_CONTEXT(2) 
PARAMETRIC_REPRESENTATION_CONTEXT() REPRESENTATION_CONTEXT('2D SPACE',''
  ) );
#13320 = ORIENTED_EDGE('',*,*,#13321,.T.);
#13321 = EDGE_CURVE('',#13294,#10778,#13322,.T.);
#13322 = SURFACE_CURVE('',#13323,(#13327,#13334),.PCURVE_S1.);
#13323 = LINE('',#13324,#13325);
#13324 = CARTESIAN_POINT('',(21.9,8.5,1.2));
#13325 = VECTOR('',#13326,1.);
#13326 = DIRECTION('',(0.,0.,1.));
#13327 = PCURVE('',#10821,#13328);
#13328 = DEFINITIONAL_REPRESENTATION('',(#13329),#13333);
#13329 = LINE('',#13330,#13331);
#13330 = CARTESIAN_POINT('',(0.,3.));
#13331 = VECTOR('',#13332,1.);
#13332 = DIRECTION('',(1.,0.));
#13333 = ( GEOMETRIC_REPRESENTATION_CONTEXT(2) 
PARAMETRIC_REPRESENTATION_CONTEXT() REPRESENTATION_CONTEXT('2D SPACE',''
  ) );
#13334 = PCURVE('',#10794,#13335);
#13335 = DEFINITIONAL_REPRESENTATION('',(#13336),#13340);
#13336 = LINE('',#13337,#13338);
#13337 = CARTESIAN_POINT('',(-1.570796326795,0.));
#13338 = VECTOR('',#13339,1.);
#13339 = DIRECTION('',(-0.,1.));
#13340 = ( GEOMETRIC_REPRESENTATION_CONTEXT(2) 
PARAMETRIC_REPRESENTATION_CONTEXT() REPRESENTATION_CONTEXT('2D SPACE',''
  ) );
#13341 = ORIENTED_EDGE('',*,*,#10806,.T.);
#13342 = ORIENTED_EDGE('',*,*,#13268,.F.);
#13343 = ADVANCED_FACE('',(#13344),#10794,.F.);
#13344 = FACE_BOUND('',#13345,.T.);
#13345 = EDGE_LOOP('',(#13346,#13347,#13386,#13387));
#13346 = ORIENTED_EDGE('',*,*,#12959,.F.);
#13347 = ORIENTED_EDGE('',*,*,#13348,.T.);
#13348 = EDGE_CURVE('',#12932,#13294,#13349,.T.);
#13349 = SURFACE_CURVE('',#13350,(#13355,#13362),.PCURVE_S1.);
#13350 = CIRCLE('',#13351,3.);
#13351 = AXIS2_PLACEMENT_3D('',#13352,#13353,#13354);
#13352 = CARTESIAN_POINT('',(21.9,5.5,3.7));
#13353 = DIRECTION('',(-0.,0.,-1.));
#13354 = DIRECTION('',(-1.,2.960594732334E-16,0.));
#13355 = PCURVE('',#10794,#13356);
#13356 = DEFINITIONAL_REPRESENTATION('',(#13357),#13361);
#13357 = LINE('',#13358,#13359);
#13358 = CARTESIAN_POINT('',(-0.,2.5));
#13359 = VECTOR('',#13360,1.);
#13360 = DIRECTION('',(-1.,0.));
#13361 = ( GEOMETRIC_REPRESENTATION_CONTEXT(2) 
PARAMETRIC_REPRESENTATION_CONTEXT() REPRESENTATION_CONTEXT('2D SPACE',''
  ) );
#13362 = PCURVE('',#13363,#13380);
#13363 = SURFACE_OF_REVOLUTION('',#13364,#13377);
#13364 = B_SPLINE_CURVE_WITH_KNOTS('',6,(#13365,#13366,#13367,#13368,
    #13369,#13370,#13371,#13372,#13373,#13374,#13375,#13376),
  .UNSPECIFIED.,.F.,.F.,(7,5,7),(0.,0.785398163397,1.570796326795),
  .UNSPECIFIED.);
#13365 = CARTESIAN_POINT('',(18.9,5.5,3.7));
#13366 = CARTESIAN_POINT('',(18.9,5.5,3.372750765251));
#13367 = CARTESIAN_POINT('',(18.951403987954,5.5,3.045502077098));
#13368 = CARTESIAN_POINT('',(19.054213303025,5.5,2.728343335679));
#13369 = CARTESIAN_POINT('',(19.205781235939,5.5,2.431381075052));
#13370 = CARTESIAN_POINT('',(19.400832894005,5.5,2.163633200063));
#13371 = CARTESIAN_POINT('',(19.863633200063,5.5,1.700832894005));
#13372 = CARTESIAN_POINT('',(20.131381075052,5.5,1.505781235939));
#13373 = CARTESIAN_POINT('',(20.428343335678,5.5,1.354213303025));
#13374 = CARTESIAN_POINT('',(20.745502077098,5.5,1.251403987954));
#13375 = CARTESIAN_POINT('',(21.072750765251,5.5,1.2));
#13376 = CARTESIAN_POINT('',(21.4,5.5,1.2));
#13377 = AXIS1_PLACEMENT('',#13378,#13379);
#13378 = CARTESIAN_POINT('',(21.9,5.5,3.7));
#13379 = DIRECTION('',(-0.,-0.,-1.));
#13380 = DEFINITIONAL_REPRESENTATION('',(#13381),#13385);
#13381 = LINE('',#13382,#13383);
#13382 = CARTESIAN_POINT('',(0.,0.));
#13383 = VECTOR('',#13384,1.);
#13384 = DIRECTION('',(1.,0.));
#13385 = ( GEOMETRIC_REPRESENTATION_CONTEXT(2) 
PARAMETRIC_REPRESENTATION_CONTEXT() REPRESENTATION_CONTEXT('2D SPACE',''
  ) );
#13386 = ORIENTED_EDGE('',*,*,#13321,.T.);
#13387 = ORIENTED_EDGE('',*,*,#10777,.T.);
#13388 = ADVANCED_FACE('',(#13389),#10988,.T.);
#13389 = FACE_BOUND('',#13390,.T.);
#13390 = EDGE_LOOP('',(#13391,#13414,#13442,#13463));
#13391 = ORIENTED_EDGE('',*,*,#13392,.F.);
#13392 = EDGE_CURVE('',#13393,#10974,#13395,.T.);
#13393 = VERTEX_POINT('',#13394);
#13394 = CARTESIAN_POINT('',(6.7,-5.5,3.7));
#13395 = SURFACE_CURVE('',#13396,(#13400,#13407),.PCURVE_S1.);
#13396 = LINE('',#13397,#13398);
#13397 = CARTESIAN_POINT('',(6.7,-5.5,1.2));
#13398 = VECTOR('',#13399,1.);
#13399 = DIRECTION('',(0.,0.,1.));
#13400 = PCURVE('',#10988,#13401);
#13401 = DEFINITIONAL_REPRESENTATION('',(#13402),#13406);
#13402 = LINE('',#13403,#13404);
#13403 = CARTESIAN_POINT('',(0.,-3.));
#13404 = VECTOR('',#13405,1.);
#13405 = DIRECTION('',(1.,0.));
#13406 = ( GEOMETRIC_REPRESENTATION_CONTEXT(2) 
PARAMETRIC_REPRESENTATION_CONTEXT() REPRESENTATION_CONTEXT('2D SPACE',''
  ) );
#13407 = PCURVE('',#11179,#13408);
#13408 = DEFINITIONAL_REPRESENTATION('',(#13409),#13413);
#13409 = LINE('',#13410,#13411);
#13410 = CARTESIAN_POINT('',(0.,0.));
#13411 = VECTOR('',#13412,1.);
#13412 = DIRECTION('',(0.,1.));
#13413 = ( GEOMETRIC_REPRESENTATION_CONTEXT(2) 
PARAMETRIC_REPRESENTATION_CONTEXT() REPRESENTATION_CONTEXT('2D SPACE',''
  ) );
#13414 = ORIENTED_EDGE('',*,*,#13415,.T.);
#13415 = EDGE_CURVE('',#13393,#13416,#13418,.T.);
#13416 = VERTEX_POINT('',#13417);
#13417 = CARTESIAN_POINT('',(6.7,5.5,3.7));
#13418 = SURFACE_CURVE('',#13419,(#13423,#13430),.PCURVE_S1.);
#13419 = LINE('',#13420,#13421);
#13420 = CARTESIAN_POINT('',(6.7,-5.5,3.7));
#13421 = VECTOR('',#13422,1.);
#13422 = DIRECTION('',(-0.,1.,0.));
#13423 = PCURVE('',#10988,#13424);
#13424 = DEFINITIONAL_REPRESENTATION('',(#13425),#13429);
#13425 = LINE('',#13426,#13427);
#13426 = CARTESIAN_POINT('',(2.5,-3.));
#13427 = VECTOR('',#13428,1.);
#13428 = DIRECTION('',(0.,-1.));
#13429 = ( GEOMETRIC_REPRESENTATION_CONTEXT(2) 
PARAMETRIC_REPRESENTATION_CONTEXT() REPRESENTATION_CONTEXT('2D SPACE',''
  ) );
#13430 = PCURVE('',#13431,#13436);
#13431 = CYLINDRICAL_SURFACE('',#13432,2.5);
#13432 = AXIS2_PLACEMENT_3D('',#13433,#13434,#13435);
#13433 = CARTESIAN_POINT('',(9.2,-5.5,3.7));
#13434 = DIRECTION('',(-0.,1.,0.));
#13435 = DIRECTION('',(-1.,-0.,0.));
#13436 = DEFINITIONAL_REPRESENTATION('',(#13437),#13441);
#13437 = LINE('',#13438,#13439);
#13438 = CARTESIAN_POINT('',(-0.,0.));
#13439 = VECTOR('',#13440,1.);
#13440 = DIRECTION('',(-0.,1.));
#13441 = ( GEOMETRIC_REPRESENTATION_CONTEXT(2) 
PARAMETRIC_REPRESENTATION_CONTEXT() REPRESENTATION_CONTEXT('2D SPACE',''
  ) );
#13442 = ORIENTED_EDGE('',*,*,#13443,.T.);
#13443 = EDGE_CURVE('',#13416,#10972,#13444,.T.);
#13444 = SURFACE_CURVE('',#13445,(#13449,#13456),.PCURVE_S1.);
#13445 = LINE('',#13446,#13447);
#13446 = CARTESIAN_POINT('',(6.7,5.5,1.2));
#13447 = VECTOR('',#13448,1.);
#13448 = DIRECTION('',(0.,0.,1.));
#13449 = PCURVE('',#10988,#13450);
#13450 = DEFINITIONAL_REPRESENTATION('',(#13451),#13455);
#13451 = LINE('',#13452,#13453);
#13452 = CARTESIAN_POINT('',(0.,-14.));
#13453 = VECTOR('',#13454,1.);
#13454 = DIRECTION('',(1.,0.));
#13455 = ( GEOMETRIC_REPRESENTATION_CONTEXT(2) 
PARAMETRIC_REPRESENTATION_CONTEXT() REPRESENTATION_CONTEXT('2D SPACE',''
  ) );
#13456 = PCURVE('',#11016,#13457);
#13457 = DEFINITIONAL_REPRESENTATION('',(#13458),#13462);
#13458 = LINE('',#13459,#13460);
#13459 = CARTESIAN_POINT('',(-0.,0.));
#13460 = VECTOR('',#13461,1.);
#13461 = DIRECTION('',(-0.,1.));
#13462 = ( GEOMETRIC_REPRESENTATION_CONTEXT(2) 
PARAMETRIC_REPRESENTATION_CONTEXT() REPRESENTATION_CONTEXT('2D SPACE',''
  ) );
#13463 = ORIENTED_EDGE('',*,*,#10971,.T.);
#13464 = ADVANCED_FACE('',(#13465),#11179,.F.);
#13465 = FACE_BOUND('',#13466,.F.);
#13466 = EDGE_LOOP('',(#13467,#13468,#13509,#13530));
#13467 = ORIENTED_EDGE('',*,*,#13392,.F.);
#13468 = ORIENTED_EDGE('',*,*,#13469,.F.);
#13469 = EDGE_CURVE('',#13470,#13393,#13472,.T.);
#13470 = VERTEX_POINT('',#13471);
#13471 = CARTESIAN_POINT('',(9.7,-8.5,3.7));
#13472 = SURFACE_CURVE('',#13473,(#13478,#13485),.PCURVE_S1.);
#13473 = CIRCLE('',#13474,3.);
#13474 = AXIS2_PLACEMENT_3D('',#13475,#13476,#13477);
#13475 = CARTESIAN_POINT('',(9.7,-5.5,3.7));
#13476 = DIRECTION('',(-0.,0.,-1.));
#13477 = DIRECTION('',(-2.960594732334E-16,-1.,0.));
#13478 = PCURVE('',#11179,#13479);
#13479 = DEFINITIONAL_REPRESENTATION('',(#13480),#13484);
#13480 = LINE('',#13481,#13482);
#13481 = CARTESIAN_POINT('',(1.570796326795,2.5));
#13482 = VECTOR('',#13483,1.);
#13483 = DIRECTION('',(-1.,-0.));
#13484 = ( GEOMETRIC_REPRESENTATION_CONTEXT(2) 
PARAMETRIC_REPRESENTATION_CONTEXT() REPRESENTATION_CONTEXT('2D SPACE',''
  ) );
#13485 = PCURVE('',#13486,#13503);
#13486 = SURFACE_OF_REVOLUTION('',#13487,#13500);
#13487 = B_SPLINE_CURVE_WITH_KNOTS('',6,(#13488,#13489,#13490,#13491,
    #13492,#13493,#13494,#13495,#13496,#13497,#13498,#13499),
  .UNSPECIFIED.,.F.,.F.,(7,5,7),(0.,0.785398163397,1.570796326795),
  .UNSPECIFIED.);
#13488 = CARTESIAN_POINT('',(9.7,-8.5,3.7));
#13489 = CARTESIAN_POINT('',(9.7,-8.5,3.372750765251));
#13490 = CARTESIAN_POINT('',(9.7,-8.448596012046,3.045502077098));
#13491 = CARTESIAN_POINT('',(9.7,-8.345786696975,2.728343335679));
#13492 = CARTESIAN_POINT('',(9.7,-8.194218764061,2.431381075052));
#13493 = CARTESIAN_POINT('',(9.7,-7.999167105995,2.163633200063));
#13494 = CARTESIAN_POINT('',(9.7,-7.536366799937,1.700832894005));
#13495 = CARTESIAN_POINT('',(9.7,-7.268618924948,1.505781235939));
#13496 = CARTESIAN_POINT('',(9.7,-6.971656664321,1.354213303025));
#13497 = CARTESIAN_POINT('',(9.7,-6.654497922902,1.251403987954));
#13498 = CARTESIAN_POINT('',(9.7,-6.327249234749,1.2));
#13499 = CARTESIAN_POINT('',(9.7,-6.,1.2));
#13500 = AXIS1_PLACEMENT('',#13501,#13502);
#13501 = CARTESIAN_POINT('',(9.7,-5.5,3.7));
#13502 = DIRECTION('',(-0.,-0.,-1.));
#13503 = DEFINITIONAL_REPRESENTATION('',(#13504),#13508);
#13504 = LINE('',#13505,#13506);
#13505 = CARTESIAN_POINT('',(0.,0.));
#13506 = VECTOR('',#13507,1.);
#13507 = DIRECTION('',(1.,0.));
#13508 = ( GEOMETRIC_REPRESENTATION_CONTEXT(2) 
PARAMETRIC_REPRESENTATION_CONTEXT() REPRESENTATION_CONTEXT('2D SPACE',''
  ) );
#13509 = ORIENTED_EDGE('',*,*,#13510,.T.);
#13510 = EDGE_CURVE('',#13470,#11139,#13511,.T.);
#13511 = SURFACE_CURVE('',#13512,(#13516,#13523),.PCURVE_S1.);
#13512 = LINE('',#13513,#13514);
#13513 = CARTESIAN_POINT('',(9.7,-8.5,1.2));
#13514 = VECTOR('',#13515,1.);
#13515 = DIRECTION('',(0.,0.,1.));
#13516 = PCURVE('',#11179,#13517);
#13517 = DEFINITIONAL_REPRESENTATION('',(#13518),#13522);
#13518 = LINE('',#13519,#13520);
#13519 = CARTESIAN_POINT('',(1.570796326795,0.));
#13520 = VECTOR('',#13521,1.);
#13521 = DIRECTION('',(0.,1.));
#13522 = ( GEOMETRIC_REPRESENTATION_CONTEXT(2) 
PARAMETRIC_REPRESENTATION_CONTEXT() REPRESENTATION_CONTEXT('2D SPACE',''
  ) );
#13523 = PCURVE('',#11153,#13524);
#13524 = DEFINITIONAL_REPRESENTATION('',(#13525),#13529);
#13525 = LINE('',#13526,#13527);
#13526 = CARTESIAN_POINT('',(0.,3.));
#13527 = VECTOR('',#13528,1.);
#13528 = DIRECTION('',(1.,0.));
#13529 = ( GEOMETRIC_REPRESENTATION_CONTEXT(2) 
PARAMETRIC_REPRESENTATION_CONTEXT() REPRESENTATION_CONTEXT('2D SPACE',''
  ) );
#13530 = ORIENTED_EDGE('',*,*,#11164,.F.);
#13531 = ADVANCED_FACE('',(#13532),#11153,.T.);
#13532 = FACE_BOUND('',#13533,.T.);
#13533 = EDGE_LOOP('',(#13534,#13562,#13563,#13564));
#13534 = ORIENTED_EDGE('',*,*,#13535,.T.);
#13535 = EDGE_CURVE('',#13536,#13470,#13538,.T.);
#13536 = VERTEX_POINT('',#13537);
#13537 = CARTESIAN_POINT('',(14.7,-8.5,3.7));
#13538 = SURFACE_CURVE('',#13539,(#13543,#13550),.PCURVE_S1.);
#13539 = LINE('',#13540,#13541);
#13540 = CARTESIAN_POINT('',(14.7,-8.5,3.7));
#13541 = VECTOR('',#13542,1.);
#13542 = DIRECTION('',(-1.,-0.,0.));
#13543 = PCURVE('',#11153,#13544);
#13544 = DEFINITIONAL_REPRESENTATION('',(#13545),#13549);
#13545 = LINE('',#13546,#13547);
#13546 = CARTESIAN_POINT('',(2.5,8.));
#13547 = VECTOR('',#13548,1.);
#13548 = DIRECTION('',(0.,-1.));
#13549 = ( GEOMETRIC_REPRESENTATION_CONTEXT(2) 
PARAMETRIC_REPRESENTATION_CONTEXT() REPRESENTATION_CONTEXT('2D SPACE',''
  ) );
#13550 = PCURVE('',#13551,#13556);
#13551 = CYLINDRICAL_SURFACE('',#13552,2.5);
#13552 = AXIS2_PLACEMENT_3D('',#13553,#13554,#13555);
#13553 = CARTESIAN_POINT('',(14.7,-6.,3.7));
#13554 = DIRECTION('',(-1.,-0.,0.));
#13555 = DIRECTION('',(0.,-1.,-0.));
#13556 = DEFINITIONAL_REPRESENTATION('',(#13557),#13561);
#13557 = LINE('',#13558,#13559);
#13558 = CARTESIAN_POINT('',(-0.,0.));
#13559 = VECTOR('',#13560,1.);
#13560 = DIRECTION('',(-0.,1.));
#13561 = ( GEOMETRIC_REPRESENTATION_CONTEXT(2) 
PARAMETRIC_REPRESENTATION_CONTEXT() REPRESENTATION_CONTEXT('2D SPACE',''
  ) );
#13562 = ORIENTED_EDGE('',*,*,#13510,.T.);
#13563 = ORIENTED_EDGE('',*,*,#11138,.T.);
#13564 = ORIENTED_EDGE('',*,*,#13565,.F.);
#13565 = EDGE_CURVE('',#13536,#11110,#13566,.T.);
#13566 = SURFACE_CURVE('',#13567,(#13571,#13578),.PCURVE_S1.);
#13567 = LINE('',#13568,#13569);
#13568 = CARTESIAN_POINT('',(14.7,-8.5,1.2));
#13569 = VECTOR('',#13570,1.);
#13570 = DIRECTION('',(0.,0.,1.));
#13571 = PCURVE('',#11153,#13572);
#13572 = DEFINITIONAL_REPRESENTATION('',(#13573),#13577);
#13573 = LINE('',#13574,#13575);
#13574 = CARTESIAN_POINT('',(0.,8.));
#13575 = VECTOR('',#13576,1.);
#13576 = DIRECTION('',(1.,0.));
#13577 = ( GEOMETRIC_REPRESENTATION_CONTEXT(2) 
PARAMETRIC_REPRESENTATION_CONTEXT() REPRESENTATION_CONTEXT('2D SPACE',''
  ) );
#13578 = PCURVE('',#11126,#13579);
#13579 = DEFINITIONAL_REPRESENTATION('',(#13580),#13584);
#13580 = LINE('',#13581,#13582);
#13581 = CARTESIAN_POINT('',(-1.570796326795,0.));
#13582 = VECTOR('',#13583,1.);
#13583 = DIRECTION('',(-0.,1.));
#13584 = ( GEOMETRIC_REPRESENTATION_CONTEXT(2) 
PARAMETRIC_REPRESENTATION_CONTEXT() REPRESENTATION_CONTEXT('2D SPACE',''
  ) );
#13585 = ADVANCED_FACE('',(#13586),#11126,.F.);
#13586 = FACE_BOUND('',#13587,.T.);
#13587 = EDGE_LOOP('',(#13588,#13611,#13650,#13651));
#13588 = ORIENTED_EDGE('',*,*,#13589,.F.);
#13589 = EDGE_CURVE('',#13590,#11084,#13592,.T.);
#13590 = VERTEX_POINT('',#13591);
#13591 = CARTESIAN_POINT('',(17.7,-5.5,3.7));
#13592 = SURFACE_CURVE('',#13593,(#13597,#13604),.PCURVE_S1.);
#13593 = LINE('',#13594,#13595);
#13594 = CARTESIAN_POINT('',(17.7,-5.5,1.2));
#13595 = VECTOR('',#13596,1.);
#13596 = DIRECTION('',(0.,0.,1.));
#13597 = PCURVE('',#11126,#13598);
#13598 = DEFINITIONAL_REPRESENTATION('',(#13599),#13603);
#13599 = LINE('',#13600,#13601);
#13600 = CARTESIAN_POINT('',(-0.,0.));
#13601 = VECTOR('',#13602,1.);
#13602 = DIRECTION('',(-0.,1.));
#13603 = ( GEOMETRIC_REPRESENTATION_CONTEXT(2) 
PARAMETRIC_REPRESENTATION_CONTEXT() REPRESENTATION_CONTEXT('2D SPACE',''
  ) );
#13604 = PCURVE('',#11098,#13605);
#13605 = DEFINITIONAL_REPRESENTATION('',(#13606),#13610);
#13606 = LINE('',#13607,#13608);
#13607 = CARTESIAN_POINT('',(0.,-3.));
#13608 = VECTOR('',#13609,1.);
#13609 = DIRECTION('',(1.,0.));
#13610 = ( GEOMETRIC_REPRESENTATION_CONTEXT(2) 
PARAMETRIC_REPRESENTATION_CONTEXT() REPRESENTATION_CONTEXT('2D SPACE',''
  ) );
#13611 = ORIENTED_EDGE('',*,*,#13612,.T.);
#13612 = EDGE_CURVE('',#13590,#13536,#13613,.T.);
#13613 = SURFACE_CURVE('',#13614,(#13619,#13626),.PCURVE_S1.);
#13614 = CIRCLE('',#13615,3.);
#13615 = AXIS2_PLACEMENT_3D('',#13616,#13617,#13618);
#13616 = CARTESIAN_POINT('',(14.7,-5.5,3.7));
#13617 = DIRECTION('',(0.,-0.,-1.));
#13618 = DIRECTION('',(1.,0.,-0.));
#13619 = PCURVE('',#11126,#13620);
#13620 = DEFINITIONAL_REPRESENTATION('',(#13621),#13625);
#13621 = LINE('',#13622,#13623);
#13622 = CARTESIAN_POINT('',(-0.,2.5));
#13623 = VECTOR('',#13624,1.);
#13624 = DIRECTION('',(-1.,0.));
#13625 = ( GEOMETRIC_REPRESENTATION_CONTEXT(2) 
PARAMETRIC_REPRESENTATION_CONTEXT() REPRESENTATION_CONTEXT('2D SPACE',''
  ) );
#13626 = PCURVE('',#13627,#13644);
#13627 = SURFACE_OF_REVOLUTION('',#13628,#13641);
#13628 = B_SPLINE_CURVE_WITH_KNOTS('',6,(#13629,#13630,#13631,#13632,
    #13633,#13634,#13635,#13636,#13637,#13638,#13639,#13640),
  .UNSPECIFIED.,.F.,.F.,(7,5,7),(0.,0.785398163397,1.570796326795),
  .UNSPECIFIED.);
#13629 = CARTESIAN_POINT('',(17.7,-5.5,3.7));
#13630 = CARTESIAN_POINT('',(17.7,-5.5,3.372750765251));
#13631 = CARTESIAN_POINT('',(17.648596012046,-5.5,3.045502077098));
#13632 = CARTESIAN_POINT('',(17.545786696975,-5.5,2.728343335679));
#13633 = CARTESIAN_POINT('',(17.394218764061,-5.5,2.431381075052));
#13634 = CARTESIAN_POINT('',(17.199167105995,-5.5,2.163633200063));
#13635 = CARTESIAN_POINT('',(16.736366799937,-5.5,1.700832894005));
#13636 = CARTESIAN_POINT('',(16.468618924948,-5.5,1.505781235939));
#13637 = CARTESIAN_POINT('',(16.171656664321,-5.5,1.354213303025));
#13638 = CARTESIAN_POINT('',(15.854497922902,-5.5,1.251403987954));
#13639 = CARTESIAN_POINT('',(15.527249234749,-5.5,1.2));
#13640 = CARTESIAN_POINT('',(15.2,-5.5,1.2));
#13641 = AXIS1_PLACEMENT('',#13642,#13643);
#13642 = CARTESIAN_POINT('',(14.7,-5.5,3.7));
#13643 = DIRECTION('',(-0.,-0.,-1.));
#13644 = DEFINITIONAL_REPRESENTATION('',(#13645),#13649);
#13645 = LINE('',#13646,#13647);
#13646 = CARTESIAN_POINT('',(0.,0.));
#13647 = VECTOR('',#13648,1.);
#13648 = DIRECTION('',(1.,0.));
#13649 = ( GEOMETRIC_REPRESENTATION_CONTEXT(2) 
PARAMETRIC_REPRESENTATION_CONTEXT() REPRESENTATION_CONTEXT('2D SPACE',''
  ) );
#13650 = ORIENTED_EDGE('',*,*,#13565,.T.);
#13651 = ORIENTED_EDGE('',*,*,#11109,.T.);
#13652 = ADVANCED_FACE('',(#13653),#11098,.F.);
#13653 = FACE_BOUND('',#13654,.F.);
#13654 = EDGE_LOOP('',(#13655,#13656,#13684,#13705));
#13655 = ORIENTED_EDGE('',*,*,#13589,.F.);
#13656 = ORIENTED_EDGE('',*,*,#13657,.F.);
#13657 = EDGE_CURVE('',#13658,#13590,#13660,.T.);
#13658 = VERTEX_POINT('',#13659);
#13659 = CARTESIAN_POINT('',(17.7,5.5,3.7));
#13660 = SURFACE_CURVE('',#13661,(#13665,#13672),.PCURVE_S1.);
#13661 = LINE('',#13662,#13663);
#13662 = CARTESIAN_POINT('',(17.7,5.5,3.7));
#13663 = VECTOR('',#13664,1.);
#13664 = DIRECTION('',(0.,-1.,-0.));
#13665 = PCURVE('',#11098,#13666);
#13666 = DEFINITIONAL_REPRESENTATION('',(#13667),#13671);
#13667 = LINE('',#13668,#13669);
#13668 = CARTESIAN_POINT('',(2.5,-14.));
#13669 = VECTOR('',#13670,1.);
#13670 = DIRECTION('',(0.,1.));
#13671 = ( GEOMETRIC_REPRESENTATION_CONTEXT(2) 
PARAMETRIC_REPRESENTATION_CONTEXT() REPRESENTATION_CONTEXT('2D SPACE',''
  ) );
#13672 = PCURVE('',#13673,#13678);
#13673 = CYLINDRICAL_SURFACE('',#13674,2.5);
#13674 = AXIS2_PLACEMENT_3D('',#13675,#13676,#13677);
#13675 = CARTESIAN_POINT('',(15.2,5.5,3.7));
#13676 = DIRECTION('',(0.,-1.,-0.));
#13677 = DIRECTION('',(1.,0.,0.));
#13678 = DEFINITIONAL_REPRESENTATION('',(#13679),#13683);
#13679 = LINE('',#13680,#13681);
#13680 = CARTESIAN_POINT('',(-0.,0.));
#13681 = VECTOR('',#13682,1.);
#13682 = DIRECTION('',(-0.,1.));
#13683 = ( GEOMETRIC_REPRESENTATION_CONTEXT(2) 
PARAMETRIC_REPRESENTATION_CONTEXT() REPRESENTATION_CONTEXT('2D SPACE',''
  ) );
#13684 = ORIENTED_EDGE('',*,*,#13685,.T.);
#13685 = EDGE_CURVE('',#13658,#11055,#13686,.T.);
#13686 = SURFACE_CURVE('',#13687,(#13691,#13698),.PCURVE_S1.);
#13687 = LINE('',#13688,#13689);
#13688 = CARTESIAN_POINT('',(17.7,5.5,1.2));
#13689 = VECTOR('',#13690,1.);
#13690 = DIRECTION('',(0.,0.,1.));
#13691 = PCURVE('',#11098,#13692);
#13692 = DEFINITIONAL_REPRESENTATION('',(#13693),#13697);
#13693 = LINE('',#13694,#13695);
#13694 = CARTESIAN_POINT('',(0.,-14.));
#13695 = VECTOR('',#13696,1.);
#13696 = DIRECTION('',(1.,0.));
#13697 = ( GEOMETRIC_REPRESENTATION_CONTEXT(2) 
PARAMETRIC_REPRESENTATION_CONTEXT() REPRESENTATION_CONTEXT('2D SPACE',''
  ) );
#13698 = PCURVE('',#11071,#13699);
#13699 = DEFINITIONAL_REPRESENTATION('',(#13700),#13704);
#13700 = LINE('',#13701,#13702);
#13701 = CARTESIAN_POINT('',(0.,0.));
#13702 = VECTOR('',#13703,1.);
#13703 = DIRECTION('',(0.,1.));
#13704 = ( GEOMETRIC_REPRESENTATION_CONTEXT(2) 
PARAMETRIC_REPRESENTATION_CONTEXT() REPRESENTATION_CONTEXT('2D SPACE',''
  ) );
#13705 = ORIENTED_EDGE('',*,*,#11083,.T.);
#13706 = ADVANCED_FACE('',(#13707),#11071,.F.);
#13707 = FACE_BOUND('',#13708,.F.);
#13708 = EDGE_LOOP('',(#13709,#13710,#13751,#13772));
#13709 = ORIENTED_EDGE('',*,*,#13685,.F.);
#13710 = ORIENTED_EDGE('',*,*,#13711,.F.);
#13711 = EDGE_CURVE('',#13712,#13658,#13714,.T.);
#13712 = VERTEX_POINT('',#13713);
#13713 = CARTESIAN_POINT('',(14.7,8.5,3.7));
#13714 = SURFACE_CURVE('',#13715,(#13720,#13727),.PCURVE_S1.);
#13715 = CIRCLE('',#13716,3.);
#13716 = AXIS2_PLACEMENT_3D('',#13717,#13718,#13719);
#13717 = CARTESIAN_POINT('',(14.7,5.5,3.7));
#13718 = DIRECTION('',(0.,-0.,-1.));
#13719 = DIRECTION('',(2.960594732334E-16,1.,-0.));
#13720 = PCURVE('',#11071,#13721);
#13721 = DEFINITIONAL_REPRESENTATION('',(#13722),#13726);
#13722 = LINE('',#13723,#13724);
#13723 = CARTESIAN_POINT('',(1.570796326795,2.5));
#13724 = VECTOR('',#13725,1.);
#13725 = DIRECTION('',(-1.,-0.));
#13726 = ( GEOMETRIC_REPRESENTATION_CONTEXT(2) 
PARAMETRIC_REPRESENTATION_CONTEXT() REPRESENTATION_CONTEXT('2D SPACE',''
  ) );
#13727 = PCURVE('',#13728,#13745);
#13728 = SURFACE_OF_REVOLUTION('',#13729,#13742);
#13729 = B_SPLINE_CURVE_WITH_KNOTS('',6,(#13730,#13731,#13732,#13733,
    #13734,#13735,#13736,#13737,#13738,#13739,#13740,#13741),
  .UNSPECIFIED.,.F.,.F.,(7,5,7),(0.,0.785398163397,1.570796326795),
  .UNSPECIFIED.);
#13730 = CARTESIAN_POINT('',(14.7,8.5,3.7));
#13731 = CARTESIAN_POINT('',(14.7,8.5,3.372750765251));
#13732 = CARTESIAN_POINT('',(14.7,8.448596012046,3.045502077098));
#13733 = CARTESIAN_POINT('',(14.7,8.345786696975,2.728343335679));
#13734 = CARTESIAN_POINT('',(14.7,8.194218764061,2.431381075052));
#13735 = CARTESIAN_POINT('',(14.7,7.999167105995,2.163633200063));
#13736 = CARTESIAN_POINT('',(14.7,7.536366799937,1.700832894005));
#13737 = CARTESIAN_POINT('',(14.7,7.268618924948,1.505781235939));
#13738 = CARTESIAN_POINT('',(14.7,6.971656664321,1.354213303025));
#13739 = CARTESIAN_POINT('',(14.7,6.654497922902,1.251403987954));
#13740 = CARTESIAN_POINT('',(14.7,6.327249234749,1.2));
#13741 = CARTESIAN_POINT('',(14.7,6.,1.2));
#13742 = AXIS1_PLACEMENT('',#13743,#13744);
#13743 = CARTESIAN_POINT('',(14.7,5.5,3.7));
#13744 = DIRECTION('',(-0.,-0.,-1.));
#13745 = DEFINITIONAL_REPRESENTATION('',(#13746),#13750);
#13746 = LINE('',#13747,#13748);
#13747 = CARTESIAN_POINT('',(0.,0.));
#13748 = VECTOR('',#13749,1.);
#13749 = DIRECTION('',(1.,0.));
#13750 = ( GEOMETRIC_REPRESENTATION_CONTEXT(2) 
PARAMETRIC_REPRESENTATION_CONTEXT() REPRESENTATION_CONTEXT('2D SPACE',''
  ) );
#13751 = ORIENTED_EDGE('',*,*,#13752,.T.);
#13752 = EDGE_CURVE('',#13712,#11029,#13753,.T.);
#13753 = SURFACE_CURVE('',#13754,(#13758,#13765),.PCURVE_S1.);
#13754 = LINE('',#13755,#13756);
#13755 = CARTESIAN_POINT('',(14.7,8.5,1.2));
#13756 = VECTOR('',#13757,1.);
#13757 = DIRECTION('',(0.,0.,1.));
#13758 = PCURVE('',#11071,#13759);
#13759 = DEFINITIONAL_REPRESENTATION('',(#13760),#13764);
#13760 = LINE('',#13761,#13762);
#13761 = CARTESIAN_POINT('',(1.570796326795,0.));
#13762 = VECTOR('',#13763,1.);
#13763 = DIRECTION('',(0.,1.));
#13764 = ( GEOMETRIC_REPRESENTATION_CONTEXT(2) 
PARAMETRIC_REPRESENTATION_CONTEXT() REPRESENTATION_CONTEXT('2D SPACE',''
  ) );
#13765 = PCURVE('',#11043,#13766);
#13766 = DEFINITIONAL_REPRESENTATION('',(#13767),#13771);
#13767 = LINE('',#13768,#13769);
#13768 = CARTESIAN_POINT('',(0.,8.));
#13769 = VECTOR('',#13770,1.);
#13770 = DIRECTION('',(1.,0.));
#13771 = ( GEOMETRIC_REPRESENTATION_CONTEXT(2) 
PARAMETRIC_REPRESENTATION_CONTEXT() REPRESENTATION_CONTEXT('2D SPACE',''
  ) );
#13772 = ORIENTED_EDGE('',*,*,#11054,.F.);
#13773 = ADVANCED_FACE('',(#13774),#11043,.F.);
#13774 = FACE_BOUND('',#13775,.F.);
#13775 = EDGE_LOOP('',(#13776,#13804,#13825,#13826));
#13776 = ORIENTED_EDGE('',*,*,#13777,.F.);
#13777 = EDGE_CURVE('',#13778,#13712,#13780,.T.);
#13778 = VERTEX_POINT('',#13779);
#13779 = CARTESIAN_POINT('',(9.7,8.5,3.7));
#13780 = SURFACE_CURVE('',#13781,(#13785,#13792),.PCURVE_S1.);
#13781 = LINE('',#13782,#13783);
#13782 = CARTESIAN_POINT('',(9.7,8.5,3.7));
#13783 = VECTOR('',#13784,1.);
#13784 = DIRECTION('',(1.,0.,-0.));
#13785 = PCURVE('',#11043,#13786);
#13786 = DEFINITIONAL_REPRESENTATION('',(#13787),#13791);
#13787 = LINE('',#13788,#13789);
#13788 = CARTESIAN_POINT('',(2.5,3.));
#13789 = VECTOR('',#13790,1.);
#13790 = DIRECTION('',(0.,1.));
#13791 = ( GEOMETRIC_REPRESENTATION_CONTEXT(2) 
PARAMETRIC_REPRESENTATION_CONTEXT() REPRESENTATION_CONTEXT('2D SPACE',''
  ) );
#13792 = PCURVE('',#13793,#13798);
#13793 = CYLINDRICAL_SURFACE('',#13794,2.5);
#13794 = AXIS2_PLACEMENT_3D('',#13795,#13796,#13797);
#13795 = CARTESIAN_POINT('',(9.7,6.,3.7));
#13796 = DIRECTION('',(1.,0.,-0.));
#13797 = DIRECTION('',(0.,1.,0.));
#13798 = DEFINITIONAL_REPRESENTATION('',(#13799),#13803);
#13799 = LINE('',#13800,#13801);
#13800 = CARTESIAN_POINT('',(-0.,0.));
#13801 = VECTOR('',#13802,1.);
#13802 = DIRECTION('',(-0.,1.));
#13803 = ( GEOMETRIC_REPRESENTATION_CONTEXT(2) 
PARAMETRIC_REPRESENTATION_CONTEXT() REPRESENTATION_CONTEXT('2D SPACE',''
  ) );
#13804 = ORIENTED_EDGE('',*,*,#13805,.T.);
#13805 = EDGE_CURVE('',#13778,#11000,#13806,.T.);
#13806 = SURFACE_CURVE('',#13807,(#13811,#13818),.PCURVE_S1.);
#13807 = LINE('',#13808,#13809);
#13808 = CARTESIAN_POINT('',(9.7,8.5,1.2));
#13809 = VECTOR('',#13810,1.);
#13810 = DIRECTION('',(0.,0.,1.));
#13811 = PCURVE('',#11043,#13812);
#13812 = DEFINITIONAL_REPRESENTATION('',(#13813),#13817);
#13813 = LINE('',#13814,#13815);
#13814 = CARTESIAN_POINT('',(0.,3.));
#13815 = VECTOR('',#13816,1.);
#13816 = DIRECTION('',(1.,0.));
#13817 = ( GEOMETRIC_REPRESENTATION_CONTEXT(2) 
PARAMETRIC_REPRESENTATION_CONTEXT() REPRESENTATION_CONTEXT('2D SPACE',''
  ) );
#13818 = PCURVE('',#11016,#13819);
#13819 = DEFINITIONAL_REPRESENTATION('',(#13820),#13824);
#13820 = LINE('',#13821,#13822);
#13821 = CARTESIAN_POINT('',(-1.570796326795,0.));
#13822 = VECTOR('',#13823,1.);
#13823 = DIRECTION('',(-0.,1.));
#13824 = ( GEOMETRIC_REPRESENTATION_CONTEXT(2) 
PARAMETRIC_REPRESENTATION_CONTEXT() REPRESENTATION_CONTEXT('2D SPACE',''
  ) );
#13825 = ORIENTED_EDGE('',*,*,#11028,.T.);
#13826 = ORIENTED_EDGE('',*,*,#13752,.F.);
#13827 = ADVANCED_FACE('',(#13828),#11016,.F.);
#13828 = FACE_BOUND('',#13829,.T.);
#13829 = EDGE_LOOP('',(#13830,#13831,#13870,#13871));
#13830 = ORIENTED_EDGE('',*,*,#13443,.F.);
#13831 = ORIENTED_EDGE('',*,*,#13832,.T.);
#13832 = EDGE_CURVE('',#13416,#13778,#13833,.T.);
#13833 = SURFACE_CURVE('',#13834,(#13839,#13846),.PCURVE_S1.);
#13834 = CIRCLE('',#13835,3.);
#13835 = AXIS2_PLACEMENT_3D('',#13836,#13837,#13838);
#13836 = CARTESIAN_POINT('',(9.7,5.5,3.7));
#13837 = DIRECTION('',(-0.,0.,-1.));
#13838 = DIRECTION('',(-1.,2.960594732334E-16,0.));
#13839 = PCURVE('',#11016,#13840);
#13840 = DEFINITIONAL_REPRESENTATION('',(#13841),#13845);
#13841 = LINE('',#13842,#13843);
#13842 = CARTESIAN_POINT('',(-0.,2.5));
#13843 = VECTOR('',#13844,1.);
#13844 = DIRECTION('',(-1.,0.));
#13845 = ( GEOMETRIC_REPRESENTATION_CONTEXT(2) 
PARAMETRIC_REPRESENTATION_CONTEXT() REPRESENTATION_CONTEXT('2D SPACE',''
  ) );
#13846 = PCURVE('',#13847,#13864);
#13847 = SURFACE_OF_REVOLUTION('',#13848,#13861);
#13848 = B_SPLINE_CURVE_WITH_KNOTS('',6,(#13849,#13850,#13851,#13852,
    #13853,#13854,#13855,#13856,#13857,#13858,#13859,#13860),
  .UNSPECIFIED.,.F.,.F.,(7,5,7),(0.,0.785398163397,1.570796326795),
  .UNSPECIFIED.);
#13849 = CARTESIAN_POINT('',(6.7,5.5,3.7));
#13850 = CARTESIAN_POINT('',(6.7,5.5,3.372750765251));
#13851 = CARTESIAN_POINT('',(6.751403987954,5.5,3.045502077098));
#13852 = CARTESIAN_POINT('',(6.854213303025,5.5,2.728343335679));
#13853 = CARTESIAN_POINT('',(7.005781235939,5.5,2.431381075052));
#13854 = CARTESIAN_POINT('',(7.200832894005,5.5,2.163633200063));
#13855 = CARTESIAN_POINT('',(7.663633200063,5.5,1.700832894005));
#13856 = CARTESIAN_POINT('',(7.931381075052,5.5,1.505781235939));
#13857 = CARTESIAN_POINT('',(8.228343335678,5.5,1.354213303025));
#13858 = CARTESIAN_POINT('',(8.545502077098,5.5,1.251403987954));
#13859 = CARTESIAN_POINT('',(8.872750765251,5.5,1.2));
#13860 = CARTESIAN_POINT('',(9.2,5.5,1.2));
#13861 = AXIS1_PLACEMENT('',#13862,#13863);
#13862 = CARTESIAN_POINT('',(9.7,5.5,3.7));
#13863 = DIRECTION('',(-0.,-0.,-1.));
#13864 = DEFINITIONAL_REPRESENTATION('',(#13865),#13869);
#13865 = LINE('',#13866,#13867);
#13866 = CARTESIAN_POINT('',(0.,0.));
#13867 = VECTOR('',#13868,1.);
#13868 = DIRECTION('',(1.,0.));
#13869 = ( GEOMETRIC_REPRESENTATION_CONTEXT(2) 
PARAMETRIC_REPRESENTATION_CONTEXT() REPRESENTATION_CONTEXT('2D SPACE',''
  ) );
#13870 = ORIENTED_EDGE('',*,*,#13805,.T.);
#13871 = ORIENTED_EDGE('',*,*,#10999,.T.);
#13872 = ADVANCED_FACE('',(#13873),#11210,.T.);
#13873 = FACE_BOUND('',#13874,.T.);
#13874 = EDGE_LOOP('',(#13875,#13898,#13926,#13947));
#13875 = ORIENTED_EDGE('',*,*,#13876,.F.);
#13876 = EDGE_CURVE('',#13877,#11196,#13879,.T.);
#13877 = VERTEX_POINT('',#13878);
#13878 = CARTESIAN_POINT('',(-5.5,-5.5,3.7));
#13879 = SURFACE_CURVE('',#13880,(#13884,#13891),.PCURVE_S1.);
#13880 = LINE('',#13881,#13882);
#13881 = CARTESIAN_POINT('',(-5.5,-5.5,1.2));
#13882 = VECTOR('',#13883,1.);
#13883 = DIRECTION('',(0.,0.,1.));
#13884 = PCURVE('',#11210,#13885);
#13885 = DEFINITIONAL_REPRESENTATION('',(#13886),#13890);
#13886 = LINE('',#13887,#13888);
#13887 = CARTESIAN_POINT('',(0.,-3.));
#13888 = VECTOR('',#13889,1.);
#13889 = DIRECTION('',(1.,0.));
#13890 = ( GEOMETRIC_REPRESENTATION_CONTEXT(2) 
PARAMETRIC_REPRESENTATION_CONTEXT() REPRESENTATION_CONTEXT('2D SPACE',''
  ) );
#13891 = PCURVE('',#11401,#13892);
#13892 = DEFINITIONAL_REPRESENTATION('',(#13893),#13897);
#13893 = LINE('',#13894,#13895);
#13894 = CARTESIAN_POINT('',(0.,0.));
#13895 = VECTOR('',#13896,1.);
#13896 = DIRECTION('',(0.,1.));
#13897 = ( GEOMETRIC_REPRESENTATION_CONTEXT(2) 
PARAMETRIC_REPRESENTATION_CONTEXT() REPRESENTATION_CONTEXT('2D SPACE',''
  ) );
#13898 = ORIENTED_EDGE('',*,*,#13899,.T.);
#13899 = EDGE_CURVE('',#13877,#13900,#13902,.T.);
#13900 = VERTEX_POINT('',#13901);
#13901 = CARTESIAN_POINT('',(-5.5,5.5,3.7));
#13902 = SURFACE_CURVE('',#13903,(#13907,#13914),.PCURVE_S1.);
#13903 = LINE('',#13904,#13905);
#13904 = CARTESIAN_POINT('',(-5.5,-5.5,3.7));
#13905 = VECTOR('',#13906,1.);
#13906 = DIRECTION('',(-0.,1.,0.));
#13907 = PCURVE('',#11210,#13908);
#13908 = DEFINITIONAL_REPRESENTATION('',(#13909),#13913);
#13909 = LINE('',#13910,#13911);
#13910 = CARTESIAN_POINT('',(2.5,-3.));
#13911 = VECTOR('',#13912,1.);
#13912 = DIRECTION('',(0.,-1.));
#13913 = ( GEOMETRIC_REPRESENTATION_CONTEXT(2) 
PARAMETRIC_REPRESENTATION_CONTEXT() REPRESENTATION_CONTEXT('2D SPACE',''
  ) );
#13914 = PCURVE('',#13915,#13920);
#13915 = CYLINDRICAL_SURFACE('',#13916,2.5);
#13916 = AXIS2_PLACEMENT_3D('',#13917,#13918,#13919);
#13917 = CARTESIAN_POINT('',(-3.,-5.5,3.7));
#13918 = DIRECTION('',(-0.,1.,0.));
#13919 = DIRECTION('',(-1.,-0.,0.));
#13920 = DEFINITIONAL_REPRESENTATION('',(#13921),#13925);
#13921 = LINE('',#13922,#13923);
#13922 = CARTESIAN_POINT('',(-0.,0.));
#13923 = VECTOR('',#13924,1.);
#13924 = DIRECTION('',(-0.,1.));
#13925 = ( GEOMETRIC_REPRESENTATION_CONTEXT(2) 
PARAMETRIC_REPRESENTATION_CONTEXT() REPRESENTATION_CONTEXT('2D SPACE',''
  ) );
#13926 = ORIENTED_EDGE('',*,*,#13927,.T.);
#13927 = EDGE_CURVE('',#13900,#11194,#13928,.T.);
#13928 = SURFACE_CURVE('',#13929,(#13933,#13940),.PCURVE_S1.);
#13929 = LINE('',#13930,#13931);
#13930 = CARTESIAN_POINT('',(-5.5,5.5,1.2));
#13931 = VECTOR('',#13932,1.);
#13932 = DIRECTION('',(0.,0.,1.));
#13933 = PCURVE('',#11210,#13934);
#13934 = DEFINITIONAL_REPRESENTATION('',(#13935),#13939);
#13935 = LINE('',#13936,#13937);
#13936 = CARTESIAN_POINT('',(0.,-14.));
#13937 = VECTOR('',#13938,1.);
#13938 = DIRECTION('',(1.,0.));
#13939 = ( GEOMETRIC_REPRESENTATION_CONTEXT(2) 
PARAMETRIC_REPRESENTATION_CONTEXT() REPRESENTATION_CONTEXT('2D SPACE',''
  ) );
#13940 = PCURVE('',#11238,#13941);
#13941 = DEFINITIONAL_REPRESENTATION('',(#13942),#13946);
#13942 = LINE('',#13943,#13944);
#13943 = CARTESIAN_POINT('',(-0.,0.));
#13944 = VECTOR('',#13945,1.);
#13945 = DIRECTION('',(-0.,1.));
#13946 = ( GEOMETRIC_REPRESENTATION_CONTEXT(2) 
PARAMETRIC_REPRESENTATION_CONTEXT() REPRESENTATION_CONTEXT('2D SPACE',''
  ) );
#13947 = ORIENTED_EDGE('',*,*,#11193,.T.);
#13948 = ADVANCED_FACE('',(#13949),#11401,.F.);
#13949 = FACE_BOUND('',#13950,.F.);
#13950 = EDGE_LOOP('',(#13951,#13952,#13993,#14014));
#13951 = ORIENTED_EDGE('',*,*,#13876,.F.);
#13952 = ORIENTED_EDGE('',*,*,#13953,.F.);
#13953 = EDGE_CURVE('',#13954,#13877,#13956,.T.);
#13954 = VERTEX_POINT('',#13955);
#13955 = CARTESIAN_POINT('',(-2.5,-8.5,3.7));
#13956 = SURFACE_CURVE('',#13957,(#13962,#13969),.PCURVE_S1.);
#13957 = CIRCLE('',#13958,3.);
#13958 = AXIS2_PLACEMENT_3D('',#13959,#13960,#13961);
#13959 = CARTESIAN_POINT('',(-2.5,-5.5,3.7));
#13960 = DIRECTION('',(-0.,0.,-1.));
#13961 = DIRECTION('',(-2.960594732334E-16,-1.,0.));
#13962 = PCURVE('',#11401,#13963);
#13963 = DEFINITIONAL_REPRESENTATION('',(#13964),#13968);
#13964 = LINE('',#13965,#13966);
#13965 = CARTESIAN_POINT('',(1.570796326795,2.5));
#13966 = VECTOR('',#13967,1.);
#13967 = DIRECTION('',(-1.,-0.));
#13968 = ( GEOMETRIC_REPRESENTATION_CONTEXT(2) 
PARAMETRIC_REPRESENTATION_CONTEXT() REPRESENTATION_CONTEXT('2D SPACE',''
  ) );
#13969 = PCURVE('',#13970,#13987);
#13970 = SURFACE_OF_REVOLUTION('',#13971,#13984);
#13971 = B_SPLINE_CURVE_WITH_KNOTS('',6,(#13972,#13973,#13974,#13975,
    #13976,#13977,#13978,#13979,#13980,#13981,#13982,#13983),
  .UNSPECIFIED.,.F.,.F.,(7,5,7),(0.,0.785398163397,1.570796326795),
  .UNSPECIFIED.);
#13972 = CARTESIAN_POINT('',(-2.5,-8.5,3.7));
#13973 = CARTESIAN_POINT('',(-2.5,-8.5,3.372750765251));
#13974 = CARTESIAN_POINT('',(-2.5,-8.448596012046,3.045502077098));
#13975 = CARTESIAN_POINT('',(-2.5,-8.345786696975,2.728343335679));
#13976 = CARTESIAN_POINT('',(-2.5,-8.194218764061,2.431381075052));
#13977 = CARTESIAN_POINT('',(-2.5,-7.999167105995,2.163633200063));
#13978 = CARTESIAN_POINT('',(-2.5,-7.536366799937,1.700832894005));
#13979 = CARTESIAN_POINT('',(-2.5,-7.268618924948,1.505781235939));
#13980 = CARTESIAN_POINT('',(-2.5,-6.971656664321,1.354213303025));
#13981 = CARTESIAN_POINT('',(-2.5,-6.654497922902,1.251403987954));
#13982 = CARTESIAN_POINT('',(-2.5,-6.327249234749,1.2));
#13983 = CARTESIAN_POINT('',(-2.5,-6.,1.2));
#13984 = AXIS1_PLACEMENT('',#13985,#13986);
#13985 = CARTESIAN_POINT('',(-2.5,-5.5,3.7));
#13986 = DIRECTION('',(-0.,-0.,-1.));
#13987 = DEFINITIONAL_REPRESENTATION('',(#13988),#13992);
#13988 = LINE('',#13989,#13990);
#13989 = CARTESIAN_POINT('',(0.,0.));
#13990 = VECTOR('',#13991,1.);
#13991 = DIRECTION('',(1.,0.));
#13992 = ( GEOMETRIC_REPRESENTATION_CONTEXT(2) 
PARAMETRIC_REPRESENTATION_CONTEXT() REPRESENTATION_CONTEXT('2D SPACE',''
  ) );
#13993 = ORIENTED_EDGE('',*,*,#13994,.T.);
#13994 = EDGE_CURVE('',#13954,#11361,#13995,.T.);
#13995 = SURFACE_CURVE('',#13996,(#14000,#14007),.PCURVE_S1.);
#13996 = LINE('',#13997,#13998);
#13997 = CARTESIAN_POINT('',(-2.5,-8.5,1.2));
#13998 = VECTOR('',#13999,1.);
#13999 = DIRECTION('',(0.,0.,1.));
#14000 = PCURVE('',#11401,#14001);
#14001 = DEFINITIONAL_REPRESENTATION('',(#14002),#14006);
#14002 = LINE('',#14003,#14004);
#14003 = CARTESIAN_POINT('',(1.570796326795,0.));
#14004 = VECTOR('',#14005,1.);
#14005 = DIRECTION('',(0.,1.));
#14006 = ( GEOMETRIC_REPRESENTATION_CONTEXT(2) 
PARAMETRIC_REPRESENTATION_CONTEXT() REPRESENTATION_CONTEXT('2D SPACE',''
  ) );
#14007 = PCURVE('',#11375,#14008);
#14008 = DEFINITIONAL_REPRESENTATION('',(#14009),#14013);
#14009 = LINE('',#14010,#14011);
#14010 = CARTESIAN_POINT('',(0.,3.));
#14011 = VECTOR('',#14012,1.);
#14012 = DIRECTION('',(1.,0.));
#14013 = ( GEOMETRIC_REPRESENTATION_CONTEXT(2) 
PARAMETRIC_REPRESENTATION_CONTEXT() REPRESENTATION_CONTEXT('2D SPACE',''
  ) );
#14014 = ORIENTED_EDGE('',*,*,#11386,.F.);
#14015 = ADVANCED_FACE('',(#14016),#11375,.T.);
#14016 = FACE_BOUND('',#14017,.T.);
#14017 = EDGE_LOOP('',(#14018,#14046,#14047,#14048));
#14018 = ORIENTED_EDGE('',*,*,#14019,.T.);
#14019 = EDGE_CURVE('',#14020,#13954,#14022,.T.);
#14020 = VERTEX_POINT('',#14021);
#14021 = CARTESIAN_POINT('',(2.5,-8.5,3.7));
#14022 = SURFACE_CURVE('',#14023,(#14027,#14034),.PCURVE_S1.);
#14023 = LINE('',#14024,#14025);
#14024 = CARTESIAN_POINT('',(2.5,-8.5,3.7));
#14025 = VECTOR('',#14026,1.);
#14026 = DIRECTION('',(-1.,-0.,0.));
#14027 = PCURVE('',#11375,#14028);
#14028 = DEFINITIONAL_REPRESENTATION('',(#14029),#14033);
#14029 = LINE('',#14030,#14031);
#14030 = CARTESIAN_POINT('',(2.5,8.));
#14031 = VECTOR('',#14032,1.);
#14032 = DIRECTION('',(0.,-1.));
#14033 = ( GEOMETRIC_REPRESENTATION_CONTEXT(2) 
PARAMETRIC_REPRESENTATION_CONTEXT() REPRESENTATION_CONTEXT('2D SPACE',''
  ) );
#14034 = PCURVE('',#14035,#14040);
#14035 = CYLINDRICAL_SURFACE('',#14036,2.5);
#14036 = AXIS2_PLACEMENT_3D('',#14037,#14038,#14039);
#14037 = CARTESIAN_POINT('',(2.5,-6.,3.7));
#14038 = DIRECTION('',(-1.,-0.,0.));
#14039 = DIRECTION('',(0.,-1.,-0.));
#14040 = DEFINITIONAL_REPRESENTATION('',(#14041),#14045);
#14041 = LINE('',#14042,#14043);
#14042 = CARTESIAN_POINT('',(-0.,0.));
#14043 = VECTOR('',#14044,1.);
#14044 = DIRECTION('',(-0.,1.));
#14045 = ( GEOMETRIC_REPRESENTATION_CONTEXT(2) 
PARAMETRIC_REPRESENTATION_CONTEXT() REPRESENTATION_CONTEXT('2D SPACE',''
  ) );
#14046 = ORIENTED_EDGE('',*,*,#13994,.T.);
#14047 = ORIENTED_EDGE('',*,*,#11360,.T.);
#14048 = ORIENTED_EDGE('',*,*,#14049,.F.);
#14049 = EDGE_CURVE('',#14020,#11332,#14050,.T.);
#14050 = SURFACE_CURVE('',#14051,(#14055,#14062),.PCURVE_S1.);
#14051 = LINE('',#14052,#14053);
#14052 = CARTESIAN_POINT('',(2.5,-8.5,1.2));
#14053 = VECTOR('',#14054,1.);
#14054 = DIRECTION('',(0.,0.,1.));
#14055 = PCURVE('',#11375,#14056);
#14056 = DEFINITIONAL_REPRESENTATION('',(#14057),#14061);
#14057 = LINE('',#14058,#14059);
#14058 = CARTESIAN_POINT('',(0.,8.));
#14059 = VECTOR('',#14060,1.);
#14060 = DIRECTION('',(1.,0.));
#14061 = ( GEOMETRIC_REPRESENTATION_CONTEXT(2) 
PARAMETRIC_REPRESENTATION_CONTEXT() REPRESENTATION_CONTEXT('2D SPACE',''
  ) );
#14062 = PCURVE('',#11348,#14063);
#14063 = DEFINITIONAL_REPRESENTATION('',(#14064),#14068);
#14064 = LINE('',#14065,#14066);
#14065 = CARTESIAN_POINT('',(-1.570796326795,0.));
#14066 = VECTOR('',#14067,1.);
#14067 = DIRECTION('',(-0.,1.));
#14068 = ( GEOMETRIC_REPRESENTATION_CONTEXT(2) 
PARAMETRIC_REPRESENTATION_CONTEXT() REPRESENTATION_CONTEXT('2D SPACE',''
  ) );
#14069 = ADVANCED_FACE('',(#14070),#11348,.F.);
#14070 = FACE_BOUND('',#14071,.T.);
#14071 = EDGE_LOOP('',(#14072,#14095,#14134,#14135));
#14072 = ORIENTED_EDGE('',*,*,#14073,.F.);
#14073 = EDGE_CURVE('',#14074,#11306,#14076,.T.);
#14074 = VERTEX_POINT('',#14075);
#14075 = CARTESIAN_POINT('',(5.5,-5.5,3.7));
#14076 = SURFACE_CURVE('',#14077,(#14081,#14088),.PCURVE_S1.);
#14077 = LINE('',#14078,#14079);
#14078 = CARTESIAN_POINT('',(5.5,-5.5,1.2));
#14079 = VECTOR('',#14080,1.);
#14080 = DIRECTION('',(0.,0.,1.));
#14081 = PCURVE('',#11348,#14082);
#14082 = DEFINITIONAL_REPRESENTATION('',(#14083),#14087);
#14083 = LINE('',#14084,#14085);
#14084 = CARTESIAN_POINT('',(-0.,0.));
#14085 = VECTOR('',#14086,1.);
#14086 = DIRECTION('',(-0.,1.));
#14087 = ( GEOMETRIC_REPRESENTATION_CONTEXT(2) 
PARAMETRIC_REPRESENTATION_CONTEXT() REPRESENTATION_CONTEXT('2D SPACE',''
  ) );
#14088 = PCURVE('',#11320,#14089);
#14089 = DEFINITIONAL_REPRESENTATION('',(#14090),#14094);
#14090 = LINE('',#14091,#14092);
#14091 = CARTESIAN_POINT('',(0.,-3.));
#14092 = VECTOR('',#14093,1.);
#14093 = DIRECTION('',(1.,0.));
#14094 = ( GEOMETRIC_REPRESENTATION_CONTEXT(2) 
PARAMETRIC_REPRESENTATION_CONTEXT() REPRESENTATION_CONTEXT('2D SPACE',''
  ) );
#14095 = ORIENTED_EDGE('',*,*,#14096,.T.);
#14096 = EDGE_CURVE('',#14074,#14020,#14097,.T.);
#14097 = SURFACE_CURVE('',#14098,(#14103,#14110),.PCURVE_S1.);
#14098 = CIRCLE('',#14099,3.);
#14099 = AXIS2_PLACEMENT_3D('',#14100,#14101,#14102);
#14100 = CARTESIAN_POINT('',(2.5,-5.5,3.7));
#14101 = DIRECTION('',(0.,-0.,-1.));
#14102 = DIRECTION('',(1.,0.,-0.));
#14103 = PCURVE('',#11348,#14104);
#14104 = DEFINITIONAL_REPRESENTATION('',(#14105),#14109);
#14105 = LINE('',#14106,#14107);
#14106 = CARTESIAN_POINT('',(-0.,2.5));
#14107 = VECTOR('',#14108,1.);
#14108 = DIRECTION('',(-1.,0.));
#14109 = ( GEOMETRIC_REPRESENTATION_CONTEXT(2) 
PARAMETRIC_REPRESENTATION_CONTEXT() REPRESENTATION_CONTEXT('2D SPACE',''
  ) );
#14110 = PCURVE('',#14111,#14128);
#14111 = SURFACE_OF_REVOLUTION('',#14112,#14125);
#14112 = B_SPLINE_CURVE_WITH_KNOTS('',6,(#14113,#14114,#14115,#14116,
    #14117,#14118,#14119,#14120,#14121,#14122,#14123,#14124),
  .UNSPECIFIED.,.F.,.F.,(7,5,7),(0.,0.785398163397,1.570796326795),
  .UNSPECIFIED.);
#14113 = CARTESIAN_POINT('',(5.5,-5.5,3.7));
#14114 = CARTESIAN_POINT('',(5.5,-5.5,3.372750765251));
#14115 = CARTESIAN_POINT('',(5.448596012046,-5.5,3.045502077098));
#14116 = CARTESIAN_POINT('',(5.345786696975,-5.5,2.728343335679));
#14117 = CARTESIAN_POINT('',(5.194218764061,-5.5,2.431381075052));
#14118 = CARTESIAN_POINT('',(4.999167105995,-5.5,2.163633200063));
#14119 = CARTESIAN_POINT('',(4.536366799937,-5.5,1.700832894005));
#14120 = CARTESIAN_POINT('',(4.268618924948,-5.5,1.505781235939));
#14121 = CARTESIAN_POINT('',(3.971656664321,-5.5,1.354213303025));
#14122 = CARTESIAN_POINT('',(3.654497922902,-5.5,1.251403987954));
#14123 = CARTESIAN_POINT('',(3.327249234749,-5.5,1.2));
#14124 = CARTESIAN_POINT('',(3.,-5.5,1.2));
#14125 = AXIS1_PLACEMENT('',#14126,#14127);
#14126 = CARTESIAN_POINT('',(2.5,-5.5,3.7));
#14127 = DIRECTION('',(-0.,-0.,-1.));
#14128 = DEFINITIONAL_REPRESENTATION('',(#14129),#14133);
#14129 = LINE('',#14130,#14131);
#14130 = CARTESIAN_POINT('',(0.,0.));
#14131 = VECTOR('',#14132,1.);
#14132 = DIRECTION('',(1.,0.));
#14133 = ( GEOMETRIC_REPRESENTATION_CONTEXT(2) 
PARAMETRIC_REPRESENTATION_CONTEXT() REPRESENTATION_CONTEXT('2D SPACE',''
  ) );
#14134 = ORIENTED_EDGE('',*,*,#14049,.T.);
#14135 = ORIENTED_EDGE('',*,*,#11331,.T.);
#14136 = ADVANCED_FACE('',(#14137),#11320,.F.);
#14137 = FACE_BOUND('',#14138,.F.);
#14138 = EDGE_LOOP('',(#14139,#14140,#14168,#14189));
#14139 = ORIENTED_EDGE('',*,*,#14073,.F.);
#14140 = ORIENTED_EDGE('',*,*,#14141,.F.);
#14141 = EDGE_CURVE('',#14142,#14074,#14144,.T.);
#14142 = VERTEX_POINT('',#14143);
#14143 = CARTESIAN_POINT('',(5.5,5.5,3.7));
#14144 = SURFACE_CURVE('',#14145,(#14149,#14156),.PCURVE_S1.);
#14145 = LINE('',#14146,#14147);
#14146 = CARTESIAN_POINT('',(5.5,5.5,3.7));
#14147 = VECTOR('',#14148,1.);
#14148 = DIRECTION('',(0.,-1.,-0.));
#14149 = PCURVE('',#11320,#14150);
#14150 = DEFINITIONAL_REPRESENTATION('',(#14151),#14155);
#14151 = LINE('',#14152,#14153);
#14152 = CARTESIAN_POINT('',(2.5,-14.));
#14153 = VECTOR('',#14154,1.);
#14154 = DIRECTION('',(0.,1.));
#14155 = ( GEOMETRIC_REPRESENTATION_CONTEXT(2) 
PARAMETRIC_REPRESENTATION_CONTEXT() REPRESENTATION_CONTEXT('2D SPACE',''
  ) );
#14156 = PCURVE('',#14157,#14162);
#14157 = CYLINDRICAL_SURFACE('',#14158,2.5);
#14158 = AXIS2_PLACEMENT_3D('',#14159,#14160,#14161);
#14159 = CARTESIAN_POINT('',(3.,5.5,3.7));
#14160 = DIRECTION('',(0.,-1.,-0.));
#14161 = DIRECTION('',(1.,0.,0.));
#14162 = DEFINITIONAL_REPRESENTATION('',(#14163),#14167);
#14163 = LINE('',#14164,#14165);
#14164 = CARTESIAN_POINT('',(-0.,0.));
#14165 = VECTOR('',#14166,1.);
#14166 = DIRECTION('',(-0.,1.));
#14167 = ( GEOMETRIC_REPRESENTATION_CONTEXT(2) 
PARAMETRIC_REPRESENTATION_CONTEXT() REPRESENTATION_CONTEXT('2D SPACE',''
  ) );
#14168 = ORIENTED_EDGE('',*,*,#14169,.T.);
#14169 = EDGE_CURVE('',#14142,#11277,#14170,.T.);
#14170 = SURFACE_CURVE('',#14171,(#14175,#14182),.PCURVE_S1.);
#14171 = LINE('',#14172,#14173);
#14172 = CARTESIAN_POINT('',(5.5,5.5,1.2));
#14173 = VECTOR('',#14174,1.);
#14174 = DIRECTION('',(0.,0.,1.));
#14175 = PCURVE('',#11320,#14176);
#14176 = DEFINITIONAL_REPRESENTATION('',(#14177),#14181);
#14177 = LINE('',#14178,#14179);
#14178 = CARTESIAN_POINT('',(0.,-14.));
#14179 = VECTOR('',#14180,1.);
#14180 = DIRECTION('',(1.,0.));
#14181 = ( GEOMETRIC_REPRESENTATION_CONTEXT(2) 
PARAMETRIC_REPRESENTATION_CONTEXT() REPRESENTATION_CONTEXT('2D SPACE',''
  ) );
#14182 = PCURVE('',#11293,#14183);
#14183 = DEFINITIONAL_REPRESENTATION('',(#14184),#14188);
#14184 = LINE('',#14185,#14186);
#14185 = CARTESIAN_POINT('',(0.,0.));
#14186 = VECTOR('',#14187,1.);
#14187 = DIRECTION('',(0.,1.));
#14188 = ( GEOMETRIC_REPRESENTATION_CONTEXT(2) 
PARAMETRIC_REPRESENTATION_CONTEXT() REPRESENTATION_CONTEXT('2D SPACE',''
  ) );
#14189 = ORIENTED_EDGE('',*,*,#11305,.T.);
#14190 = ADVANCED_FACE('',(#14191),#11293,.F.);
#14191 = FACE_BOUND('',#14192,.F.);
#14192 = EDGE_LOOP('',(#14193,#14194,#14235,#14256));
#14193 = ORIENTED_EDGE('',*,*,#14169,.F.);
#14194 = ORIENTED_EDGE('',*,*,#14195,.F.);
#14195 = EDGE_CURVE('',#14196,#14142,#14198,.T.);
#14196 = VERTEX_POINT('',#14197);
#14197 = CARTESIAN_POINT('',(2.5,8.5,3.7));
#14198 = SURFACE_CURVE('',#14199,(#14204,#14211),.PCURVE_S1.);
#14199 = CIRCLE('',#14200,3.);
#14200 = AXIS2_PLACEMENT_3D('',#14201,#14202,#14203);
#14201 = CARTESIAN_POINT('',(2.5,5.5,3.7));
#14202 = DIRECTION('',(0.,-0.,-1.));
#14203 = DIRECTION('',(2.960594732334E-16,1.,-0.));
#14204 = PCURVE('',#11293,#14205);
#14205 = DEFINITIONAL_REPRESENTATION('',(#14206),#14210);
#14206 = LINE('',#14207,#14208);
#14207 = CARTESIAN_POINT('',(1.570796326795,2.5));
#14208 = VECTOR('',#14209,1.);
#14209 = DIRECTION('',(-1.,-0.));
#14210 = ( GEOMETRIC_REPRESENTATION_CONTEXT(2) 
PARAMETRIC_REPRESENTATION_CONTEXT() REPRESENTATION_CONTEXT('2D SPACE',''
  ) );
#14211 = PCURVE('',#14212,#14229);
#14212 = SURFACE_OF_REVOLUTION('',#14213,#14226);
#14213 = B_SPLINE_CURVE_WITH_KNOTS('',6,(#14214,#14215,#14216,#14217,
    #14218,#14219,#14220,#14221,#14222,#14223,#14224,#14225),
  .UNSPECIFIED.,.F.,.F.,(7,5,7),(0.,0.785398163397,1.570796326795),
  .UNSPECIFIED.);
#14214 = CARTESIAN_POINT('',(2.5,8.5,3.7));
#14215 = CARTESIAN_POINT('',(2.5,8.5,3.372750765251));
#14216 = CARTESIAN_POINT('',(2.5,8.448596012046,3.045502077098));
#14217 = CARTESIAN_POINT('',(2.5,8.345786696975,2.728343335679));
#14218 = CARTESIAN_POINT('',(2.5,8.194218764061,2.431381075052));
#14219 = CARTESIAN_POINT('',(2.5,7.999167105995,2.163633200063));
#14220 = CARTESIAN_POINT('',(2.5,7.536366799937,1.700832894005));
#14221 = CARTESIAN_POINT('',(2.5,7.268618924948,1.505781235939));
#14222 = CARTESIAN_POINT('',(2.5,6.971656664321,1.354213303025));
#14223 = CARTESIAN_POINT('',(2.5,6.654497922902,1.251403987954));
#14224 = CARTESIAN_POINT('',(2.5,6.327249234749,1.2));
#14225 = CARTESIAN_POINT('',(2.5,6.,1.2));
#14226 = AXIS1_PLACEMENT('',#14227,#14228);
#14227 = CARTESIAN_POINT('',(2.5,5.5,3.7));
#14228 = DIRECTION('',(-0.,-0.,-1.));
#14229 = DEFINITIONAL_REPRESENTATION('',(#14230),#14234);
#14230 = LINE('',#14231,#14232);
#14231 = CARTESIAN_POINT('',(0.,0.));
#14232 = VECTOR('',#14233,1.);
#14233 = DIRECTION('',(1.,0.));
#14234 = ( GEOMETRIC_REPRESENTATION_CONTEXT(2) 
PARAMETRIC_REPRESENTATION_CONTEXT() REPRESENTATION_CONTEXT('2D SPACE',''
  ) );
#14235 = ORIENTED_EDGE('',*,*,#14236,.T.);
#14236 = EDGE_CURVE('',#14196,#11251,#14237,.T.);
#14237 = SURFACE_CURVE('',#14238,(#14242,#14249),.PCURVE_S1.);
#14238 = LINE('',#14239,#14240);
#14239 = CARTESIAN_POINT('',(2.5,8.5,1.2));
#14240 = VECTOR('',#14241,1.);
#14241 = DIRECTION('',(0.,0.,1.));
#14242 = PCURVE('',#11293,#14243);
#14243 = DEFINITIONAL_REPRESENTATION('',(#14244),#14248);
#14244 = LINE('',#14245,#14246);
#14245 = CARTESIAN_POINT('',(1.570796326795,0.));
#14246 = VECTOR('',#14247,1.);
#14247 = DIRECTION('',(0.,1.));
#14248 = ( GEOMETRIC_REPRESENTATION_CONTEXT(2) 
PARAMETRIC_REPRESENTATION_CONTEXT() REPRESENTATION_CONTEXT('2D SPACE',''
  ) );
#14249 = PCURVE('',#11265,#14250);
#14250 = DEFINITIONAL_REPRESENTATION('',(#14251),#14255);
#14251 = LINE('',#14252,#14253);
#14252 = CARTESIAN_POINT('',(0.,8.));
#14253 = VECTOR('',#14254,1.);
#14254 = DIRECTION('',(1.,0.));
#14255 = ( GEOMETRIC_REPRESENTATION_CONTEXT(2) 
PARAMETRIC_REPRESENTATION_CONTEXT() REPRESENTATION_CONTEXT('2D SPACE',''
  ) );
#14256 = ORIENTED_EDGE('',*,*,#11276,.F.);
#14257 = ADVANCED_FACE('',(#14258),#11265,.F.);
#14258 = FACE_BOUND('',#14259,.F.);
#14259 = EDGE_LOOP('',(#14260,#14288,#14309,#14310));
#14260 = ORIENTED_EDGE('',*,*,#14261,.F.);
#14261 = EDGE_CURVE('',#14262,#14196,#14264,.T.);
#14262 = VERTEX_POINT('',#14263);
#14263 = CARTESIAN_POINT('',(-2.5,8.5,3.7));
#14264 = SURFACE_CURVE('',#14265,(#14269,#14276),.PCURVE_S1.);
#14265 = LINE('',#14266,#14267);
#14266 = CARTESIAN_POINT('',(-2.5,8.5,3.7));
#14267 = VECTOR('',#14268,1.);
#14268 = DIRECTION('',(1.,0.,-0.));
#14269 = PCURVE('',#11265,#14270);
#14270 = DEFINITIONAL_REPRESENTATION('',(#14271),#14275);
#14271 = LINE('',#14272,#14273);
#14272 = CARTESIAN_POINT('',(2.5,3.));
#14273 = VECTOR('',#14274,1.);
#14274 = DIRECTION('',(0.,1.));
#14275 = ( GEOMETRIC_REPRESENTATION_CONTEXT(2) 
PARAMETRIC_REPRESENTATION_CONTEXT() REPRESENTATION_CONTEXT('2D SPACE',''
  ) );
#14276 = PCURVE('',#14277,#14282);
#14277 = CYLINDRICAL_SURFACE('',#14278,2.5);
#14278 = AXIS2_PLACEMENT_3D('',#14279,#14280,#14281);
#14279 = CARTESIAN_POINT('',(-2.5,6.,3.7));
#14280 = DIRECTION('',(1.,0.,-0.));
#14281 = DIRECTION('',(0.,1.,0.));
#14282 = DEFINITIONAL_REPRESENTATION('',(#14283),#14287);
#14283 = LINE('',#14284,#14285);
#14284 = CARTESIAN_POINT('',(-0.,0.));
#14285 = VECTOR('',#14286,1.);
#14286 = DIRECTION('',(-0.,1.));
#14287 = ( GEOMETRIC_REPRESENTATION_CONTEXT(2) 
PARAMETRIC_REPRESENTATION_CONTEXT() REPRESENTATION_CONTEXT('2D SPACE',''
  ) );
#14288 = ORIENTED_EDGE('',*,*,#14289,.T.);
#14289 = EDGE_CURVE('',#14262,#11222,#14290,.T.);
#14290 = SURFACE_CURVE('',#14291,(#14295,#14302),.PCURVE_S1.);
#14291 = LINE('',#14292,#14293);
#14292 = CARTESIAN_POINT('',(-2.5,8.5,1.2));
#14293 = VECTOR('',#14294,1.);
#14294 = DIRECTION('',(0.,0.,1.));
#14295 = PCURVE('',#11265,#14296);
#14296 = DEFINITIONAL_REPRESENTATION('',(#14297),#14301);
#14297 = LINE('',#14298,#14299);
#14298 = CARTESIAN_POINT('',(0.,3.));
#14299 = VECTOR('',#14300,1.);
#14300 = DIRECTION('',(1.,0.));
#14301 = ( GEOMETRIC_REPRESENTATION_CONTEXT(2) 
PARAMETRIC_REPRESENTATION_CONTEXT() REPRESENTATION_CONTEXT('2D SPACE',''
  ) );
#14302 = PCURVE('',#11238,#14303);
#14303 = DEFINITIONAL_REPRESENTATION('',(#14304),#14308);
#14304 = LINE('',#14305,#14306);
#14305 = CARTESIAN_POINT('',(-1.570796326795,0.));
#14306 = VECTOR('',#14307,1.);
#14307 = DIRECTION('',(-0.,1.));
#14308 = ( GEOMETRIC_REPRESENTATION_CONTEXT(2) 
PARAMETRIC_REPRESENTATION_CONTEXT() REPRESENTATION_CONTEXT('2D SPACE',''
  ) );
#14309 = ORIENTED_EDGE('',*,*,#11250,.T.);
#14310 = ORIENTED_EDGE('',*,*,#14236,.F.);
#14311 = ADVANCED_FACE('',(#14312),#11238,.F.);
#14312 = FACE_BOUND('',#14313,.T.);
#14313 = EDGE_LOOP('',(#14314,#14315,#14354,#14355));
#14314 = ORIENTED_EDGE('',*,*,#13927,.F.);
#14315 = ORIENTED_EDGE('',*,*,#14316,.T.);
#14316 = EDGE_CURVE('',#13900,#14262,#14317,.T.);
#14317 = SURFACE_CURVE('',#14318,(#14323,#14330),.PCURVE_S1.);
#14318 = CIRCLE('',#14319,3.);
#14319 = AXIS2_PLACEMENT_3D('',#14320,#14321,#14322);
#14320 = CARTESIAN_POINT('',(-2.5,5.5,3.7));
#14321 = DIRECTION('',(-0.,0.,-1.));
#14322 = DIRECTION('',(-1.,2.960594732334E-16,0.));
#14323 = PCURVE('',#11238,#14324);
#14324 = DEFINITIONAL_REPRESENTATION('',(#14325),#14329);
#14325 = LINE('',#14326,#14327);
#14326 = CARTESIAN_POINT('',(-0.,2.5));
#14327 = VECTOR('',#14328,1.);
#14328 = DIRECTION('',(-1.,0.));
#14329 = ( GEOMETRIC_REPRESENTATION_CONTEXT(2) 
PARAMETRIC_REPRESENTATION_CONTEXT() REPRESENTATION_CONTEXT('2D SPACE',''
  ) );
#14330 = PCURVE('',#14331,#14348);
#14331 = SURFACE_OF_REVOLUTION('',#14332,#14345);
#14332 = B_SPLINE_CURVE_WITH_KNOTS('',6,(#14333,#14334,#14335,#14336,
    #14337,#14338,#14339,#14340,#14341,#14342,#14343,#14344),
  .UNSPECIFIED.,.F.,.F.,(7,5,7),(0.,0.785398163397,1.570796326795),
  .UNSPECIFIED.);
#14333 = CARTESIAN_POINT('',(-5.5,5.5,3.7));
#14334 = CARTESIAN_POINT('',(-5.5,5.5,3.372750765251));
#14335 = CARTESIAN_POINT('',(-5.448596012046,5.5,3.045502077098));
#14336 = CARTESIAN_POINT('',(-5.345786696975,5.5,2.728343335679));
#14337 = CARTESIAN_POINT('',(-5.194218764061,5.5,2.431381075052));
#14338 = CARTESIAN_POINT('',(-4.999167105995,5.5,2.163633200063));
#14339 = CARTESIAN_POINT('',(-4.536366799937,5.5,1.700832894005));
#14340 = CARTESIAN_POINT('',(-4.268618924948,5.5,1.505781235939));
#14341 = CARTESIAN_POINT('',(-3.971656664321,5.5,1.354213303025));
#14342 = CARTESIAN_POINT('',(-3.654497922902,5.5,1.251403987954));
#14343 = CARTESIAN_POINT('',(-3.327249234749,5.5,1.2));
#14344 = CARTESIAN_POINT('',(-3.,5.5,1.2));
#14345 = AXIS1_PLACEMENT('',#14346,#14347);
#14346 = CARTESIAN_POINT('',(-2.5,5.5,3.7));
#14347 = DIRECTION('',(-0.,-0.,-1.));
#14348 = DEFINITIONAL_REPRESENTATION('',(#14349),#14353);
#14349 = LINE('',#14350,#14351);
#14350 = CARTESIAN_POINT('',(0.,0.));
#14351 = VECTOR('',#14352,1.);
#14352 = DIRECTION('',(1.,0.));
#14353 = ( GEOMETRIC_REPRESENTATION_CONTEXT(2) 
PARAMETRIC_REPRESENTATION_CONTEXT() REPRESENTATION_CONTEXT('2D SPACE',''
  ) );
#14354 = ORIENTED_EDGE('',*,*,#14289,.T.);
#14355 = ORIENTED_EDGE('',*,*,#11221,.T.);
#14356 = ADVANCED_FACE('',(#14357),#11432,.T.);
#14357 = FACE_BOUND('',#14358,.T.);
#14358 = EDGE_LOOP('',(#14359,#14382,#14410,#14431));
#14359 = ORIENTED_EDGE('',*,*,#14360,.F.);
#14360 = EDGE_CURVE('',#14361,#11418,#14363,.T.);
#14361 = VERTEX_POINT('',#14362);
#14362 = CARTESIAN_POINT('',(-17.7,-5.5,3.7));
#14363 = SURFACE_CURVE('',#14364,(#14368,#14375),.PCURVE_S1.);
#14364 = LINE('',#14365,#14366);
#14365 = CARTESIAN_POINT('',(-17.7,-5.5,1.2));
#14366 = VECTOR('',#14367,1.);
#14367 = DIRECTION('',(0.,0.,1.));
#14368 = PCURVE('',#11432,#14369);
#14369 = DEFINITIONAL_REPRESENTATION('',(#14370),#14374);
#14370 = LINE('',#14371,#14372);
#14371 = CARTESIAN_POINT('',(0.,-3.));
#14372 = VECTOR('',#14373,1.);
#14373 = DIRECTION('',(1.,0.));
#14374 = ( GEOMETRIC_REPRESENTATION_CONTEXT(2) 
PARAMETRIC_REPRESENTATION_CONTEXT() REPRESENTATION_CONTEXT('2D SPACE',''
  ) );
#14375 = PCURVE('',#11623,#14376);
#14376 = DEFINITIONAL_REPRESENTATION('',(#14377),#14381);
#14377 = LINE('',#14378,#14379);
#14378 = CARTESIAN_POINT('',(0.,0.));
#14379 = VECTOR('',#14380,1.);
#14380 = DIRECTION('',(0.,1.));
#14381 = ( GEOMETRIC_REPRESENTATION_CONTEXT(2) 
PARAMETRIC_REPRESENTATION_CONTEXT() REPRESENTATION_CONTEXT('2D SPACE',''
  ) );
#14382 = ORIENTED_EDGE('',*,*,#14383,.T.);
#14383 = EDGE_CURVE('',#14361,#14384,#14386,.T.);
#14384 = VERTEX_POINT('',#14385);
#14385 = CARTESIAN_POINT('',(-17.7,5.5,3.7));
#14386 = SURFACE_CURVE('',#14387,(#14391,#14398),.PCURVE_S1.);
#14387 = LINE('',#14388,#14389);
#14388 = CARTESIAN_POINT('',(-17.7,-5.5,3.7));
#14389 = VECTOR('',#14390,1.);
#14390 = DIRECTION('',(-0.,1.,0.));
#14391 = PCURVE('',#11432,#14392);
#14392 = DEFINITIONAL_REPRESENTATION('',(#14393),#14397);
#14393 = LINE('',#14394,#14395);
#14394 = CARTESIAN_POINT('',(2.5,-3.));
#14395 = VECTOR('',#14396,1.);
#14396 = DIRECTION('',(0.,-1.));
#14397 = ( GEOMETRIC_REPRESENTATION_CONTEXT(2) 
PARAMETRIC_REPRESENTATION_CONTEXT() REPRESENTATION_CONTEXT('2D SPACE',''
  ) );
#14398 = PCURVE('',#14399,#14404);
#14399 = CYLINDRICAL_SURFACE('',#14400,2.5);
#14400 = AXIS2_PLACEMENT_3D('',#14401,#14402,#14403);
#14401 = CARTESIAN_POINT('',(-15.2,-5.5,3.7));
#14402 = DIRECTION('',(-0.,1.,0.));
#14403 = DIRECTION('',(-1.,-0.,0.));
#14404 = DEFINITIONAL_REPRESENTATION('',(#14405),#14409);
#14405 = LINE('',#14406,#14407);
#14406 = CARTESIAN_POINT('',(-0.,0.));
#14407 = VECTOR('',#14408,1.);
#14408 = DIRECTION('',(-0.,1.));
#14409 = ( GEOMETRIC_REPRESENTATION_CONTEXT(2) 
PARAMETRIC_REPRESENTATION_CONTEXT() REPRESENTATION_CONTEXT('2D SPACE',''
  ) );
#14410 = ORIENTED_EDGE('',*,*,#14411,.T.);
#14411 = EDGE_CURVE('',#14384,#11416,#14412,.T.);
#14412 = SURFACE_CURVE('',#14413,(#14417,#14424),.PCURVE_S1.);
#14413 = LINE('',#14414,#14415);
#14414 = CARTESIAN_POINT('',(-17.7,5.5,1.2));
#14415 = VECTOR('',#14416,1.);
#14416 = DIRECTION('',(0.,0.,1.));
#14417 = PCURVE('',#11432,#14418);
#14418 = DEFINITIONAL_REPRESENTATION('',(#14419),#14423);
#14419 = LINE('',#14420,#14421);
#14420 = CARTESIAN_POINT('',(0.,-14.));
#14421 = VECTOR('',#14422,1.);
#14422 = DIRECTION('',(1.,0.));
#14423 = ( GEOMETRIC_REPRESENTATION_CONTEXT(2) 
PARAMETRIC_REPRESENTATION_CONTEXT() REPRESENTATION_CONTEXT('2D SPACE',''
  ) );
#14424 = PCURVE('',#11460,#14425);
#14425 = DEFINITIONAL_REPRESENTATION('',(#14426),#14430);
#14426 = LINE('',#14427,#14428);
#14427 = CARTESIAN_POINT('',(-0.,0.));
#14428 = VECTOR('',#14429,1.);
#14429 = DIRECTION('',(-0.,1.));
#14430 = ( GEOMETRIC_REPRESENTATION_CONTEXT(2) 
PARAMETRIC_REPRESENTATION_CONTEXT() REPRESENTATION_CONTEXT('2D SPACE',''
  ) );
#14431 = ORIENTED_EDGE('',*,*,#11415,.T.);
#14432 = ADVANCED_FACE('',(#14433),#11623,.F.);
#14433 = FACE_BOUND('',#14434,.F.);
#14434 = EDGE_LOOP('',(#14435,#14436,#14477,#14498));
#14435 = ORIENTED_EDGE('',*,*,#14360,.F.);
#14436 = ORIENTED_EDGE('',*,*,#14437,.F.);
#14437 = EDGE_CURVE('',#14438,#14361,#14440,.T.);
#14438 = VERTEX_POINT('',#14439);
#14439 = CARTESIAN_POINT('',(-14.7,-8.5,3.7));
#14440 = SURFACE_CURVE('',#14441,(#14446,#14453),.PCURVE_S1.);
#14441 = CIRCLE('',#14442,3.);
#14442 = AXIS2_PLACEMENT_3D('',#14443,#14444,#14445);
#14443 = CARTESIAN_POINT('',(-14.7,-5.5,3.7));
#14444 = DIRECTION('',(-0.,0.,-1.));
#14445 = DIRECTION('',(-2.960594732334E-16,-1.,0.));
#14446 = PCURVE('',#11623,#14447);
#14447 = DEFINITIONAL_REPRESENTATION('',(#14448),#14452);
#14448 = LINE('',#14449,#14450);
#14449 = CARTESIAN_POINT('',(1.570796326795,2.5));
#14450 = VECTOR('',#14451,1.);
#14451 = DIRECTION('',(-1.,-0.));
#14452 = ( GEOMETRIC_REPRESENTATION_CONTEXT(2) 
PARAMETRIC_REPRESENTATION_CONTEXT() REPRESENTATION_CONTEXT('2D SPACE',''
  ) );
#14453 = PCURVE('',#14454,#14471);
#14454 = SURFACE_OF_REVOLUTION('',#14455,#14468);
#14455 = B_SPLINE_CURVE_WITH_KNOTS('',6,(#14456,#14457,#14458,#14459,
    #14460,#14461,#14462,#14463,#14464,#14465,#14466,#14467),
  .UNSPECIFIED.,.F.,.F.,(7,5,7),(0.,0.785398163397,1.570796326795),
  .UNSPECIFIED.);
#14456 = CARTESIAN_POINT('',(-14.7,-8.5,3.7));
#14457 = CARTESIAN_POINT('',(-14.7,-8.5,3.372750765251));
#14458 = CARTESIAN_POINT('',(-14.7,-8.448596012046,3.045502077098));
#14459 = CARTESIAN_POINT('',(-14.7,-8.345786696975,2.728343335679));
#14460 = CARTESIAN_POINT('',(-14.7,-8.194218764061,2.431381075052));
#14461 = CARTESIAN_POINT('',(-14.7,-7.999167105995,2.163633200063));
#14462 = CARTESIAN_POINT('',(-14.7,-7.536366799937,1.700832894005));
#14463 = CARTESIAN_POINT('',(-14.7,-7.268618924948,1.505781235939));
#14464 = CARTESIAN_POINT('',(-14.7,-6.971656664321,1.354213303025));
#14465 = CARTESIAN_POINT('',(-14.7,-6.654497922902,1.251403987954));
#14466 = CARTESIAN_POINT('',(-14.7,-6.327249234749,1.2));
#14467 = CARTESIAN_POINT('',(-14.7,-6.,1.2));
#14468 = AXIS1_PLACEMENT('',#14469,#14470);
#14469 = CARTESIAN_POINT('',(-14.7,-5.5,3.7));
#14470 = DIRECTION('',(-0.,-0.,-1.));
#14471 = DEFINITIONAL_REPRESENTATION('',(#14472),#14476);
#14472 = LINE('',#14473,#14474);
#14473 = CARTESIAN_POINT('',(0.,0.));
#14474 = VECTOR('',#14475,1.);
#14475 = DIRECTION('',(1.,0.));
#14476 = ( GEOMETRIC_REPRESENTATION_CONTEXT(2) 
PARAMETRIC_REPRESENTATION_CONTEXT() REPRESENTATION_CONTEXT('2D SPACE',''
  ) );
#14477 = ORIENTED_EDGE('',*,*,#14478,.T.);
#14478 = EDGE_CURVE('',#14438,#11583,#14479,.T.);
#14479 = SURFACE_CURVE('',#14480,(#14484,#14491),.PCURVE_S1.);
#14480 = LINE('',#14481,#14482);
#14481 = CARTESIAN_POINT('',(-14.7,-8.5,1.2));
#14482 = VECTOR('',#14483,1.);
#14483 = DIRECTION('',(0.,0.,1.));
#14484 = PCURVE('',#11623,#14485);
#14485 = DEFINITIONAL_REPRESENTATION('',(#14486),#14490);
#14486 = LINE('',#14487,#14488);
#14487 = CARTESIAN_POINT('',(1.570796326795,0.));
#14488 = VECTOR('',#14489,1.);
#14489 = DIRECTION('',(0.,1.));
#14490 = ( GEOMETRIC_REPRESENTATION_CONTEXT(2) 
PARAMETRIC_REPRESENTATION_CONTEXT() REPRESENTATION_CONTEXT('2D SPACE',''
  ) );
#14491 = PCURVE('',#11597,#14492);
#14492 = DEFINITIONAL_REPRESENTATION('',(#14493),#14497);
#14493 = LINE('',#14494,#14495);
#14494 = CARTESIAN_POINT('',(0.,3.));
#14495 = VECTOR('',#14496,1.);
#14496 = DIRECTION('',(1.,0.));
#14497 = ( GEOMETRIC_REPRESENTATION_CONTEXT(2) 
PARAMETRIC_REPRESENTATION_CONTEXT() REPRESENTATION_CONTEXT('2D SPACE',''
  ) );
#14498 = ORIENTED_EDGE('',*,*,#11608,.F.);
#14499 = ADVANCED_FACE('',(#14500),#11597,.T.);
#14500 = FACE_BOUND('',#14501,.T.);
#14501 = EDGE_LOOP('',(#14502,#14530,#14531,#14532));
#14502 = ORIENTED_EDGE('',*,*,#14503,.T.);
#14503 = EDGE_CURVE('',#14504,#14438,#14506,.T.);
#14504 = VERTEX_POINT('',#14505);
#14505 = CARTESIAN_POINT('',(-9.7,-8.5,3.7));
#14506 = SURFACE_CURVE('',#14507,(#14511,#14518),.PCURVE_S1.);
#14507 = LINE('',#14508,#14509);
#14508 = CARTESIAN_POINT('',(-9.7,-8.5,3.7));
#14509 = VECTOR('',#14510,1.);
#14510 = DIRECTION('',(-1.,-0.,0.));
#14511 = PCURVE('',#11597,#14512);
#14512 = DEFINITIONAL_REPRESENTATION('',(#14513),#14517);
#14513 = LINE('',#14514,#14515);
#14514 = CARTESIAN_POINT('',(2.5,8.));
#14515 = VECTOR('',#14516,1.);
#14516 = DIRECTION('',(0.,-1.));
#14517 = ( GEOMETRIC_REPRESENTATION_CONTEXT(2) 
PARAMETRIC_REPRESENTATION_CONTEXT() REPRESENTATION_CONTEXT('2D SPACE',''
  ) );
#14518 = PCURVE('',#14519,#14524);
#14519 = CYLINDRICAL_SURFACE('',#14520,2.5);
#14520 = AXIS2_PLACEMENT_3D('',#14521,#14522,#14523);
#14521 = CARTESIAN_POINT('',(-9.7,-6.,3.7));
#14522 = DIRECTION('',(-1.,-0.,0.));
#14523 = DIRECTION('',(0.,-1.,-0.));
#14524 = DEFINITIONAL_REPRESENTATION('',(#14525),#14529);
#14525 = LINE('',#14526,#14527);
#14526 = CARTESIAN_POINT('',(-0.,0.));
#14527 = VECTOR('',#14528,1.);
#14528 = DIRECTION('',(-0.,1.));
#14529 = ( GEOMETRIC_REPRESENTATION_CONTEXT(2) 
PARAMETRIC_REPRESENTATION_CONTEXT() REPRESENTATION_CONTEXT('2D SPACE',''
  ) );
#14530 = ORIENTED_EDGE('',*,*,#14478,.T.);
#14531 = ORIENTED_EDGE('',*,*,#11582,.T.);
#14532 = ORIENTED_EDGE('',*,*,#14533,.F.);
#14533 = EDGE_CURVE('',#14504,#11554,#14534,.T.);
#14534 = SURFACE_CURVE('',#14535,(#14539,#14546),.PCURVE_S1.);
#14535 = LINE('',#14536,#14537);
#14536 = CARTESIAN_POINT('',(-9.7,-8.5,1.2));
#14537 = VECTOR('',#14538,1.);
#14538 = DIRECTION('',(0.,0.,1.));
#14539 = PCURVE('',#11597,#14540);
#14540 = DEFINITIONAL_REPRESENTATION('',(#14541),#14545);
#14541 = LINE('',#14542,#14543);
#14542 = CARTESIAN_POINT('',(0.,8.));
#14543 = VECTOR('',#14544,1.);
#14544 = DIRECTION('',(1.,0.));
#14545 = ( GEOMETRIC_REPRESENTATION_CONTEXT(2) 
PARAMETRIC_REPRESENTATION_CONTEXT() REPRESENTATION_CONTEXT('2D SPACE',''
  ) );
#14546 = PCURVE('',#11570,#14547);
#14547 = DEFINITIONAL_REPRESENTATION('',(#14548),#14552);
#14548 = LINE('',#14549,#14550);
#14549 = CARTESIAN_POINT('',(-1.570796326795,0.));
#14550 = VECTOR('',#14551,1.);
#14551 = DIRECTION('',(-0.,1.));
#14552 = ( GEOMETRIC_REPRESENTATION_CONTEXT(2) 
PARAMETRIC_REPRESENTATION_CONTEXT() REPRESENTATION_CONTEXT('2D SPACE',''
  ) );
#14553 = ADVANCED_FACE('',(#14554),#11570,.F.);
#14554 = FACE_BOUND('',#14555,.T.);
#14555 = EDGE_LOOP('',(#14556,#14579,#14618,#14619));
#14556 = ORIENTED_EDGE('',*,*,#14557,.F.);
#14557 = EDGE_CURVE('',#14558,#11528,#14560,.T.);
#14558 = VERTEX_POINT('',#14559);
#14559 = CARTESIAN_POINT('',(-6.7,-5.5,3.7));
#14560 = SURFACE_CURVE('',#14561,(#14565,#14572),.PCURVE_S1.);
#14561 = LINE('',#14562,#14563);
#14562 = CARTESIAN_POINT('',(-6.7,-5.5,1.2));
#14563 = VECTOR('',#14564,1.);
#14564 = DIRECTION('',(0.,0.,1.));
#14565 = PCURVE('',#11570,#14566);
#14566 = DEFINITIONAL_REPRESENTATION('',(#14567),#14571);
#14567 = LINE('',#14568,#14569);
#14568 = CARTESIAN_POINT('',(-0.,0.));
#14569 = VECTOR('',#14570,1.);
#14570 = DIRECTION('',(-0.,1.));
#14571 = ( GEOMETRIC_REPRESENTATION_CONTEXT(2) 
PARAMETRIC_REPRESENTATION_CONTEXT() REPRESENTATION_CONTEXT('2D SPACE',''
  ) );
#14572 = PCURVE('',#11542,#14573);
#14573 = DEFINITIONAL_REPRESENTATION('',(#14574),#14578);
#14574 = LINE('',#14575,#14576);
#14575 = CARTESIAN_POINT('',(0.,-3.));
#14576 = VECTOR('',#14577,1.);
#14577 = DIRECTION('',(1.,0.));
#14578 = ( GEOMETRIC_REPRESENTATION_CONTEXT(2) 
PARAMETRIC_REPRESENTATION_CONTEXT() REPRESENTATION_CONTEXT('2D SPACE',''
  ) );
#14579 = ORIENTED_EDGE('',*,*,#14580,.T.);
#14580 = EDGE_CURVE('',#14558,#14504,#14581,.T.);
#14581 = SURFACE_CURVE('',#14582,(#14587,#14594),.PCURVE_S1.);
#14582 = CIRCLE('',#14583,3.);
#14583 = AXIS2_PLACEMENT_3D('',#14584,#14585,#14586);
#14584 = CARTESIAN_POINT('',(-9.7,-5.5,3.7));
#14585 = DIRECTION('',(0.,-0.,-1.));
#14586 = DIRECTION('',(1.,0.,-0.));
#14587 = PCURVE('',#11570,#14588);
#14588 = DEFINITIONAL_REPRESENTATION('',(#14589),#14593);
#14589 = LINE('',#14590,#14591);
#14590 = CARTESIAN_POINT('',(-0.,2.5));
#14591 = VECTOR('',#14592,1.);
#14592 = DIRECTION('',(-1.,0.));
#14593 = ( GEOMETRIC_REPRESENTATION_CONTEXT(2) 
PARAMETRIC_REPRESENTATION_CONTEXT() REPRESENTATION_CONTEXT('2D SPACE',''
  ) );
#14594 = PCURVE('',#14595,#14612);
#14595 = SURFACE_OF_REVOLUTION('',#14596,#14609);
#14596 = B_SPLINE_CURVE_WITH_KNOTS('',6,(#14597,#14598,#14599,#14600,
    #14601,#14602,#14603,#14604,#14605,#14606,#14607,#14608),
  .UNSPECIFIED.,.F.,.F.,(7,5,7),(0.,0.785398163397,1.570796326795),
  .UNSPECIFIED.);
#14597 = CARTESIAN_POINT('',(-6.7,-5.5,3.7));
#14598 = CARTESIAN_POINT('',(-6.7,-5.5,3.372750765251));
#14599 = CARTESIAN_POINT('',(-6.751403987954,-5.5,3.045502077098));
#14600 = CARTESIAN_POINT('',(-6.854213303025,-5.5,2.728343335679));
#14601 = CARTESIAN_POINT('',(-7.005781235939,-5.5,2.431381075052));
#14602 = CARTESIAN_POINT('',(-7.200832894005,-5.5,2.163633200063));
#14603 = CARTESIAN_POINT('',(-7.663633200063,-5.5,1.700832894005));
#14604 = CARTESIAN_POINT('',(-7.931381075052,-5.5,1.505781235939));
#14605 = CARTESIAN_POINT('',(-8.228343335678,-5.5,1.354213303025));
#14606 = CARTESIAN_POINT('',(-8.545502077098,-5.5,1.251403987954));
#14607 = CARTESIAN_POINT('',(-8.872750765251,-5.5,1.2));
#14608 = CARTESIAN_POINT('',(-9.2,-5.5,1.2));
#14609 = AXIS1_PLACEMENT('',#14610,#14611);
#14610 = CARTESIAN_POINT('',(-9.7,-5.5,3.7));
#14611 = DIRECTION('',(-0.,-0.,-1.));
#14612 = DEFINITIONAL_REPRESENTATION('',(#14613),#14617);
#14613 = LINE('',#14614,#14615);
#14614 = CARTESIAN_POINT('',(0.,0.));
#14615 = VECTOR('',#14616,1.);
#14616 = DIRECTION('',(1.,0.));
#14617 = ( GEOMETRIC_REPRESENTATION_CONTEXT(2) 
PARAMETRIC_REPRESENTATION_CONTEXT() REPRESENTATION_CONTEXT('2D SPACE',''
  ) );
#14618 = ORIENTED_EDGE('',*,*,#14533,.T.);
#14619 = ORIENTED_EDGE('',*,*,#11553,.T.);
#14620 = ADVANCED_FACE('',(#14621),#11542,.F.);
#14621 = FACE_BOUND('',#14622,.F.);
#14622 = EDGE_LOOP('',(#14623,#14624,#14652,#14673));
#14623 = ORIENTED_EDGE('',*,*,#14557,.F.);
#14624 = ORIENTED_EDGE('',*,*,#14625,.F.);
#14625 = EDGE_CURVE('',#14626,#14558,#14628,.T.);
#14626 = VERTEX_POINT('',#14627);
#14627 = CARTESIAN_POINT('',(-6.7,5.5,3.7));
#14628 = SURFACE_CURVE('',#14629,(#14633,#14640),.PCURVE_S1.);
#14629 = LINE('',#14630,#14631);
#14630 = CARTESIAN_POINT('',(-6.7,5.5,3.7));
#14631 = VECTOR('',#14632,1.);
#14632 = DIRECTION('',(0.,-1.,-0.));
#14633 = PCURVE('',#11542,#14634);
#14634 = DEFINITIONAL_REPRESENTATION('',(#14635),#14639);
#14635 = LINE('',#14636,#14637);
#14636 = CARTESIAN_POINT('',(2.5,-14.));
#14637 = VECTOR('',#14638,1.);
#14638 = DIRECTION('',(0.,1.));
#14639 = ( GEOMETRIC_REPRESENTATION_CONTEXT(2) 
PARAMETRIC_REPRESENTATION_CONTEXT() REPRESENTATION_CONTEXT('2D SPACE',''
  ) );
#14640 = PCURVE('',#14641,#14646);
#14641 = CYLINDRICAL_SURFACE('',#14642,2.5);
#14642 = AXIS2_PLACEMENT_3D('',#14643,#14644,#14645);
#14643 = CARTESIAN_POINT('',(-9.2,5.5,3.7));
#14644 = DIRECTION('',(0.,-1.,-0.));
#14645 = DIRECTION('',(1.,0.,0.));
#14646 = DEFINITIONAL_REPRESENTATION('',(#14647),#14651);
#14647 = LINE('',#14648,#14649);
#14648 = CARTESIAN_POINT('',(-0.,0.));
#14649 = VECTOR('',#14650,1.);
#14650 = DIRECTION('',(-0.,1.));
#14651 = ( GEOMETRIC_REPRESENTATION_CONTEXT(2) 
PARAMETRIC_REPRESENTATION_CONTEXT() REPRESENTATION_CONTEXT('2D SPACE',''
  ) );
#14652 = ORIENTED_EDGE('',*,*,#14653,.T.);
#14653 = EDGE_CURVE('',#14626,#11499,#14654,.T.);
#14654 = SURFACE_CURVE('',#14655,(#14659,#14666),.PCURVE_S1.);
#14655 = LINE('',#14656,#14657);
#14656 = CARTESIAN_POINT('',(-6.7,5.5,1.2));
#14657 = VECTOR('',#14658,1.);
#14658 = DIRECTION('',(0.,0.,1.));
#14659 = PCURVE('',#11542,#14660);
#14660 = DEFINITIONAL_REPRESENTATION('',(#14661),#14665);
#14661 = LINE('',#14662,#14663);
#14662 = CARTESIAN_POINT('',(0.,-14.));
#14663 = VECTOR('',#14664,1.);
#14664 = DIRECTION('',(1.,0.));
#14665 = ( GEOMETRIC_REPRESENTATION_CONTEXT(2) 
PARAMETRIC_REPRESENTATION_CONTEXT() REPRESENTATION_CONTEXT('2D SPACE',''
  ) );
#14666 = PCURVE('',#11515,#14667);
#14667 = DEFINITIONAL_REPRESENTATION('',(#14668),#14672);
#14668 = LINE('',#14669,#14670);
#14669 = CARTESIAN_POINT('',(0.,0.));
#14670 = VECTOR('',#14671,1.);
#14671 = DIRECTION('',(0.,1.));
#14672 = ( GEOMETRIC_REPRESENTATION_CONTEXT(2) 
PARAMETRIC_REPRESENTATION_CONTEXT() REPRESENTATION_CONTEXT('2D SPACE',''
  ) );
#14673 = ORIENTED_EDGE('',*,*,#11527,.T.);
#14674 = ADVANCED_FACE('',(#14675),#11515,.F.);
#14675 = FACE_BOUND('',#14676,.F.);
#14676 = EDGE_LOOP('',(#14677,#14678,#14719,#14740));
#14677 = ORIENTED_EDGE('',*,*,#14653,.F.);
#14678 = ORIENTED_EDGE('',*,*,#14679,.F.);
#14679 = EDGE_CURVE('',#14680,#14626,#14682,.T.);
#14680 = VERTEX_POINT('',#14681);
#14681 = CARTESIAN_POINT('',(-9.7,8.5,3.7));
#14682 = SURFACE_CURVE('',#14683,(#14688,#14695),.PCURVE_S1.);
#14683 = CIRCLE('',#14684,3.);
#14684 = AXIS2_PLACEMENT_3D('',#14685,#14686,#14687);
#14685 = CARTESIAN_POINT('',(-9.7,5.5,3.7));
#14686 = DIRECTION('',(0.,-0.,-1.));
#14687 = DIRECTION('',(2.960594732334E-16,1.,-0.));
#14688 = PCURVE('',#11515,#14689);
#14689 = DEFINITIONAL_REPRESENTATION('',(#14690),#14694);
#14690 = LINE('',#14691,#14692);
#14691 = CARTESIAN_POINT('',(1.570796326795,2.5));
#14692 = VECTOR('',#14693,1.);
#14693 = DIRECTION('',(-1.,-0.));
#14694 = ( GEOMETRIC_REPRESENTATION_CONTEXT(2) 
PARAMETRIC_REPRESENTATION_CONTEXT() REPRESENTATION_CONTEXT('2D SPACE',''
  ) );
#14695 = PCURVE('',#14696,#14713);
#14696 = SURFACE_OF_REVOLUTION('',#14697,#14710);
#14697 = B_SPLINE_CURVE_WITH_KNOTS('',6,(#14698,#14699,#14700,#14701,
    #14702,#14703,#14704,#14705,#14706,#14707,#14708,#14709),
  .UNSPECIFIED.,.F.,.F.,(7,5,7),(0.,0.785398163397,1.570796326795),
  .UNSPECIFIED.);
#14698 = CARTESIAN_POINT('',(-9.7,8.5,3.7));
#14699 = CARTESIAN_POINT('',(-9.7,8.5,3.372750765251));
#14700 = CARTESIAN_POINT('',(-9.7,8.448596012046,3.045502077098));
#14701 = CARTESIAN_POINT('',(-9.7,8.345786696975,2.728343335679));
#14702 = CARTESIAN_POINT('',(-9.7,8.194218764061,2.431381075052));
#14703 = CARTESIAN_POINT('',(-9.7,7.999167105995,2.163633200063));
#14704 = CARTESIAN_POINT('',(-9.7,7.536366799937,1.700832894005));
#14705 = CARTESIAN_POINT('',(-9.7,7.268618924948,1.505781235939));
#14706 = CARTESIAN_POINT('',(-9.7,6.971656664321,1.354213303025));
#14707 = CARTESIAN_POINT('',(-9.7,6.654497922902,1.251403987954));
#14708 = CARTESIAN_POINT('',(-9.7,6.327249234749,1.2));
#14709 = CARTESIAN_POINT('',(-9.7,6.,1.2));
#14710 = AXIS1_PLACEMENT('',#14711,#14712);
#14711 = CARTESIAN_POINT('',(-9.7,5.5,3.7));
#14712 = DIRECTION('',(-0.,-0.,-1.));
#14713 = DEFINITIONAL_REPRESENTATION('',(#14714),#14718);
#14714 = LINE('',#14715,#14716);
#14715 = CARTESIAN_POINT('',(0.,0.));
#14716 = VECTOR('',#14717,1.);
#14717 = DIRECTION('',(1.,0.));
#14718 = ( GEOMETRIC_REPRESENTATION_CONTEXT(2) 
PARAMETRIC_REPRESENTATION_CONTEXT() REPRESENTATION_CONTEXT('2D SPACE',''
  ) );
#14719 = ORIENTED_EDGE('',*,*,#14720,.T.);
#14720 = EDGE_CURVE('',#14680,#11473,#14721,.T.);
#14721 = SURFACE_CURVE('',#14722,(#14726,#14733),.PCURVE_S1.);
#14722 = LINE('',#14723,#14724);
#14723 = CARTESIAN_POINT('',(-9.7,8.5,1.2));
#14724 = VECTOR('',#14725,1.);
#14725 = DIRECTION('',(0.,0.,1.));
#14726 = PCURVE('',#11515,#14727);
#14727 = DEFINITIONAL_REPRESENTATION('',(#14728),#14732);
#14728 = LINE('',#14729,#14730);
#14729 = CARTESIAN_POINT('',(1.570796326795,0.));
#14730 = VECTOR('',#14731,1.);
#14731 = DIRECTION('',(0.,1.));
#14732 = ( GEOMETRIC_REPRESENTATION_CONTEXT(2) 
PARAMETRIC_REPRESENTATION_CONTEXT() REPRESENTATION_CONTEXT('2D SPACE',''
  ) );
#14733 = PCURVE('',#11487,#14734);
#14734 = DEFINITIONAL_REPRESENTATION('',(#14735),#14739);
#14735 = LINE('',#14736,#14737);
#14736 = CARTESIAN_POINT('',(0.,8.));
#14737 = VECTOR('',#14738,1.);
#14738 = DIRECTION('',(1.,0.));
#14739 = ( GEOMETRIC_REPRESENTATION_CONTEXT(2) 
PARAMETRIC_REPRESENTATION_CONTEXT() REPRESENTATION_CONTEXT('2D SPACE',''
  ) );
#14740 = ORIENTED_EDGE('',*,*,#11498,.F.);
#14741 = ADVANCED_FACE('',(#14742),#11487,.F.);
#14742 = FACE_BOUND('',#14743,.F.);
#14743 = EDGE_LOOP('',(#14744,#14772,#14793,#14794));
#14744 = ORIENTED_EDGE('',*,*,#14745,.F.);
#14745 = EDGE_CURVE('',#14746,#14680,#14748,.T.);
#14746 = VERTEX_POINT('',#14747);
#14747 = CARTESIAN_POINT('',(-14.7,8.5,3.7));
#14748 = SURFACE_CURVE('',#14749,(#14753,#14760),.PCURVE_S1.);
#14749 = LINE('',#14750,#14751);
#14750 = CARTESIAN_POINT('',(-14.7,8.5,3.7));
#14751 = VECTOR('',#14752,1.);
#14752 = DIRECTION('',(1.,0.,-0.));
#14753 = PCURVE('',#11487,#14754);
#14754 = DEFINITIONAL_REPRESENTATION('',(#14755),#14759);
#14755 = LINE('',#14756,#14757);
#14756 = CARTESIAN_POINT('',(2.5,3.));
#14757 = VECTOR('',#14758,1.);
#14758 = DIRECTION('',(0.,1.));
#14759 = ( GEOMETRIC_REPRESENTATION_CONTEXT(2) 
PARAMETRIC_REPRESENTATION_CONTEXT() REPRESENTATION_CONTEXT('2D SPACE',''
  ) );
#14760 = PCURVE('',#14761,#14766);
#14761 = CYLINDRICAL_SURFACE('',#14762,2.5);
#14762 = AXIS2_PLACEMENT_3D('',#14763,#14764,#14765);
#14763 = CARTESIAN_POINT('',(-14.7,6.,3.7));
#14764 = DIRECTION('',(1.,0.,-0.));
#14765 = DIRECTION('',(0.,1.,0.));
#14766 = DEFINITIONAL_REPRESENTATION('',(#14767),#14771);
#14767 = LINE('',#14768,#14769);
#14768 = CARTESIAN_POINT('',(-0.,0.));
#14769 = VECTOR('',#14770,1.);
#14770 = DIRECTION('',(-0.,1.));
#14771 = ( GEOMETRIC_REPRESENTATION_CONTEXT(2) 
PARAMETRIC_REPRESENTATION_CONTEXT() REPRESENTATION_CONTEXT('2D SPACE',''
  ) );
#14772 = ORIENTED_EDGE('',*,*,#14773,.T.);
#14773 = EDGE_CURVE('',#14746,#11444,#14774,.T.);
#14774 = SURFACE_CURVE('',#14775,(#14779,#14786),.PCURVE_S1.);
#14775 = LINE('',#14776,#14777);
#14776 = CARTESIAN_POINT('',(-14.7,8.5,1.2));
#14777 = VECTOR('',#14778,1.);
#14778 = DIRECTION('',(0.,0.,1.));
#14779 = PCURVE('',#11487,#14780);
#14780 = DEFINITIONAL_REPRESENTATION('',(#14781),#14785);
#14781 = LINE('',#14782,#14783);
#14782 = CARTESIAN_POINT('',(0.,3.));
#14783 = VECTOR('',#14784,1.);
#14784 = DIRECTION('',(1.,0.));
#14785 = ( GEOMETRIC_REPRESENTATION_CONTEXT(2) 
PARAMETRIC_REPRESENTATION_CONTEXT() REPRESENTATION_CONTEXT('2D SPACE',''
  ) );
#14786 = PCURVE('',#11460,#14787);
#14787 = DEFINITIONAL_REPRESENTATION('',(#14788),#14792);
#14788 = LINE('',#14789,#14790);
#14789 = CARTESIAN_POINT('',(-1.570796326795,0.));
#14790 = VECTOR('',#14791,1.);
#14791 = DIRECTION('',(-0.,1.));
#14792 = ( GEOMETRIC_REPRESENTATION_CONTEXT(2) 
PARAMETRIC_REPRESENTATION_CONTEXT() REPRESENTATION_CONTEXT('2D SPACE',''
  ) );
#14793 = ORIENTED_EDGE('',*,*,#11472,.T.);
#14794 = ORIENTED_EDGE('',*,*,#14720,.F.);
#14795 = ADVANCED_FACE('',(#14796),#11460,.F.);
#14796 = FACE_BOUND('',#14797,.T.);
#14797 = EDGE_LOOP('',(#14798,#14799,#14838,#14839));
#14798 = ORIENTED_EDGE('',*,*,#14411,.F.);
#14799 = ORIENTED_EDGE('',*,*,#14800,.T.);
#14800 = EDGE_CURVE('',#14384,#14746,#14801,.T.);
#14801 = SURFACE_CURVE('',#14802,(#14807,#14814),.PCURVE_S1.);
#14802 = CIRCLE('',#14803,3.);
#14803 = AXIS2_PLACEMENT_3D('',#14804,#14805,#14806);
#14804 = CARTESIAN_POINT('',(-14.7,5.5,3.7));
#14805 = DIRECTION('',(-0.,0.,-1.));
#14806 = DIRECTION('',(-1.,2.960594732334E-16,0.));
#14807 = PCURVE('',#11460,#14808);
#14808 = DEFINITIONAL_REPRESENTATION('',(#14809),#14813);
#14809 = LINE('',#14810,#14811);
#14810 = CARTESIAN_POINT('',(-0.,2.5));
#14811 = VECTOR('',#14812,1.);
#14812 = DIRECTION('',(-1.,0.));
#14813 = ( GEOMETRIC_REPRESENTATION_CONTEXT(2) 
PARAMETRIC_REPRESENTATION_CONTEXT() REPRESENTATION_CONTEXT('2D SPACE',''
  ) );
#14814 = PCURVE('',#14815,#14832);
#14815 = SURFACE_OF_REVOLUTION('',#14816,#14829);
#14816 = B_SPLINE_CURVE_WITH_KNOTS('',6,(#14817,#14818,#14819,#14820,
    #14821,#14822,#14823,#14824,#14825,#14826,#14827,#14828),
  .UNSPECIFIED.,.F.,.F.,(7,5,7),(0.,0.785398163397,1.570796326795),
  .UNSPECIFIED.);
#14817 = CARTESIAN_POINT('',(-17.7,5.5,3.7));
#14818 = CARTESIAN_POINT('',(-17.7,5.5,3.372750765251));
#14819 = CARTESIAN_POINT('',(-17.64859601204,5.5,3.045502077098));
#14820 = CARTESIAN_POINT('',(-17.54578669697,5.5,2.728343335679));
#14821 = CARTESIAN_POINT('',(-17.39421876406,5.5,2.431381075052));
#14822 = CARTESIAN_POINT('',(-17.19916710599,5.5,2.163633200063));
#14823 = CARTESIAN_POINT('',(-16.73636679993,5.5,1.700832894005));
#14824 = CARTESIAN_POINT('',(-16.46861892494,5.5,1.505781235939));
#14825 = CARTESIAN_POINT('',(-16.17165666432,5.5,1.354213303025));
#14826 = CARTESIAN_POINT('',(-15.8544979229,5.5,1.251403987954));
#14827 = CARTESIAN_POINT('',(-15.52724923474,5.5,1.2));
#14828 = CARTESIAN_POINT('',(-15.2,5.5,1.2));
#14829 = AXIS1_PLACEMENT('',#14830,#14831);
#14830 = CARTESIAN_POINT('',(-14.7,5.5,3.7));
#14831 = DIRECTION('',(-0.,-0.,-1.));
#14832 = DEFINITIONAL_REPRESENTATION('',(#14833),#14837);
#14833 = LINE('',#14834,#14835);
#14834 = CARTESIAN_POINT('',(0.,0.));
#14835 = VECTOR('',#14836,1.);
#14836 = DIRECTION('',(1.,0.));
#14837 = ( GEOMETRIC_REPRESENTATION_CONTEXT(2) 
PARAMETRIC_REPRESENTATION_CONTEXT() REPRESENTATION_CONTEXT('2D SPACE',''
  ) );
#14838 = ORIENTED_EDGE('',*,*,#14773,.T.);
#14839 = ORIENTED_EDGE('',*,*,#11443,.T.);
#14840 = ADVANCED_FACE('',(#14841),#11654,.T.);
#14841 = FACE_BOUND('',#14842,.T.);
#14842 = EDGE_LOOP('',(#14843,#14866,#14894,#14915));
#14843 = ORIENTED_EDGE('',*,*,#14844,.F.);
#14844 = EDGE_CURVE('',#14845,#11640,#14847,.T.);
#14845 = VERTEX_POINT('',#14846);
#14846 = CARTESIAN_POINT('',(-29.9,-5.5,3.7));
#14847 = SURFACE_CURVE('',#14848,(#14852,#14859),.PCURVE_S1.);
#14848 = LINE('',#14849,#14850);
#14849 = CARTESIAN_POINT('',(-29.9,-5.5,1.2));
#14850 = VECTOR('',#14851,1.);
#14851 = DIRECTION('',(0.,0.,1.));
#14852 = PCURVE('',#11654,#14853);
#14853 = DEFINITIONAL_REPRESENTATION('',(#14854),#14858);
#14854 = LINE('',#14855,#14856);
#14855 = CARTESIAN_POINT('',(0.,-3.));
#14856 = VECTOR('',#14857,1.);
#14857 = DIRECTION('',(1.,0.));
#14858 = ( GEOMETRIC_REPRESENTATION_CONTEXT(2) 
PARAMETRIC_REPRESENTATION_CONTEXT() REPRESENTATION_CONTEXT('2D SPACE',''
  ) );
#14859 = PCURVE('',#11845,#14860);
#14860 = DEFINITIONAL_REPRESENTATION('',(#14861),#14865);
#14861 = LINE('',#14862,#14863);
#14862 = CARTESIAN_POINT('',(0.,0.));
#14863 = VECTOR('',#14864,1.);
#14864 = DIRECTION('',(0.,1.));
#14865 = ( GEOMETRIC_REPRESENTATION_CONTEXT(2) 
PARAMETRIC_REPRESENTATION_CONTEXT() REPRESENTATION_CONTEXT('2D SPACE',''
  ) );
#14866 = ORIENTED_EDGE('',*,*,#14867,.T.);
#14867 = EDGE_CURVE('',#14845,#14868,#14870,.T.);
#14868 = VERTEX_POINT('',#14869);
#14869 = CARTESIAN_POINT('',(-29.9,5.5,3.7));
#14870 = SURFACE_CURVE('',#14871,(#14875,#14882),.PCURVE_S1.);
#14871 = LINE('',#14872,#14873);
#14872 = CARTESIAN_POINT('',(-29.9,-5.5,3.7));
#14873 = VECTOR('',#14874,1.);
#14874 = DIRECTION('',(-0.,1.,0.));
#14875 = PCURVE('',#11654,#14876);
#14876 = DEFINITIONAL_REPRESENTATION('',(#14877),#14881);
#14877 = LINE('',#14878,#14879);
#14878 = CARTESIAN_POINT('',(2.5,-3.));
#14879 = VECTOR('',#14880,1.);
#14880 = DIRECTION('',(0.,-1.));
#14881 = ( GEOMETRIC_REPRESENTATION_CONTEXT(2) 
PARAMETRIC_REPRESENTATION_CONTEXT() REPRESENTATION_CONTEXT('2D SPACE',''
  ) );
#14882 = PCURVE('',#14883,#14888);
#14883 = CYLINDRICAL_SURFACE('',#14884,2.5);
#14884 = AXIS2_PLACEMENT_3D('',#14885,#14886,#14887);
#14885 = CARTESIAN_POINT('',(-27.4,-5.5,3.7));
#14886 = DIRECTION('',(-0.,1.,0.));
#14887 = DIRECTION('',(-1.,-0.,0.));
#14888 = DEFINITIONAL_REPRESENTATION('',(#14889),#14893);
#14889 = LINE('',#14890,#14891);
#14890 = CARTESIAN_POINT('',(-0.,0.));
#14891 = VECTOR('',#14892,1.);
#14892 = DIRECTION('',(-0.,1.));
#14893 = ( GEOMETRIC_REPRESENTATION_CONTEXT(2) 
PARAMETRIC_REPRESENTATION_CONTEXT() REPRESENTATION_CONTEXT('2D SPACE',''
  ) );
#14894 = ORIENTED_EDGE('',*,*,#14895,.T.);
#14895 = EDGE_CURVE('',#14868,#11638,#14896,.T.);
#14896 = SURFACE_CURVE('',#14897,(#14901,#14908),.PCURVE_S1.);
#14897 = LINE('',#14898,#14899);
#14898 = CARTESIAN_POINT('',(-29.9,5.5,1.2));
#14899 = VECTOR('',#14900,1.);
#14900 = DIRECTION('',(0.,0.,1.));
#14901 = PCURVE('',#11654,#14902);
#14902 = DEFINITIONAL_REPRESENTATION('',(#14903),#14907);
#14903 = LINE('',#14904,#14905);
#14904 = CARTESIAN_POINT('',(0.,-14.));
#14905 = VECTOR('',#14906,1.);
#14906 = DIRECTION('',(1.,0.));
#14907 = ( GEOMETRIC_REPRESENTATION_CONTEXT(2) 
PARAMETRIC_REPRESENTATION_CONTEXT() REPRESENTATION_CONTEXT('2D SPACE',''
  ) );
#14908 = PCURVE('',#11682,#14909);
#14909 = DEFINITIONAL_REPRESENTATION('',(#14910),#14914);
#14910 = LINE('',#14911,#14912);
#14911 = CARTESIAN_POINT('',(-0.,0.));
#14912 = VECTOR('',#14913,1.);
#14913 = DIRECTION('',(-0.,1.));
#14914 = ( GEOMETRIC_REPRESENTATION_CONTEXT(2) 
PARAMETRIC_REPRESENTATION_CONTEXT() REPRESENTATION_CONTEXT('2D SPACE',''
  ) );
#14915 = ORIENTED_EDGE('',*,*,#11637,.T.);
#14916 = ADVANCED_FACE('',(#14917),#11845,.F.);
#14917 = FACE_BOUND('',#14918,.F.);
#14918 = EDGE_LOOP('',(#14919,#14920,#14961,#14982));
#14919 = ORIENTED_EDGE('',*,*,#14844,.F.);
#14920 = ORIENTED_EDGE('',*,*,#14921,.F.);
#14921 = EDGE_CURVE('',#14922,#14845,#14924,.T.);
#14922 = VERTEX_POINT('',#14923);
#14923 = CARTESIAN_POINT('',(-26.9,-8.5,3.7));
#14924 = SURFACE_CURVE('',#14925,(#14930,#14937),.PCURVE_S1.);
#14925 = CIRCLE('',#14926,3.);
#14926 = AXIS2_PLACEMENT_3D('',#14927,#14928,#14929);
#14927 = CARTESIAN_POINT('',(-26.9,-5.5,3.7));
#14928 = DIRECTION('',(-0.,0.,-1.));
#14929 = DIRECTION('',(-2.960594732334E-16,-1.,0.));
#14930 = PCURVE('',#11845,#14931);
#14931 = DEFINITIONAL_REPRESENTATION('',(#14932),#14936);
#14932 = LINE('',#14933,#14934);
#14933 = CARTESIAN_POINT('',(1.570796326795,2.5));
#14934 = VECTOR('',#14935,1.);
#14935 = DIRECTION('',(-1.,-0.));
#14936 = ( GEOMETRIC_REPRESENTATION_CONTEXT(2) 
PARAMETRIC_REPRESENTATION_CONTEXT() REPRESENTATION_CONTEXT('2D SPACE',''
  ) );
#14937 = PCURVE('',#14938,#14955);
#14938 = SURFACE_OF_REVOLUTION('',#14939,#14952);
#14939 = B_SPLINE_CURVE_WITH_KNOTS('',6,(#14940,#14941,#14942,#14943,
    #14944,#14945,#14946,#14947,#14948,#14949,#14950,#14951),
  .UNSPECIFIED.,.F.,.F.,(7,5,7),(0.,0.785398163397,1.570796326795),
  .UNSPECIFIED.);
#14940 = CARTESIAN_POINT('',(-26.9,-8.5,3.7));
#14941 = CARTESIAN_POINT('',(-26.9,-8.5,3.372750765251));
#14942 = CARTESIAN_POINT('',(-26.9,-8.448596012046,3.045502077098));
#14943 = CARTESIAN_POINT('',(-26.9,-8.345786696975,2.728343335679));
#14944 = CARTESIAN_POINT('',(-26.9,-8.194218764061,2.431381075052));
#14945 = CARTESIAN_POINT('',(-26.9,-7.999167105995,2.163633200063));
#14946 = CARTESIAN_POINT('',(-26.9,-7.536366799937,1.700832894005));
#14947 = CARTESIAN_POINT('',(-26.9,-7.268618924948,1.505781235939));
#14948 = CARTESIAN_POINT('',(-26.9,-6.971656664321,1.354213303025));
#14949 = CARTESIAN_POINT('',(-26.9,-6.654497922902,1.251403987954));
#14950 = CARTESIAN_POINT('',(-26.9,-6.327249234749,1.2));
#14951 = CARTESIAN_POINT('',(-26.9,-6.,1.2));
#14952 = AXIS1_PLACEMENT('',#14953,#14954);
#14953 = CARTESIAN_POINT('',(-26.9,-5.5,3.7));
#14954 = DIRECTION('',(-0.,-0.,-1.));
#14955 = DEFINITIONAL_REPRESENTATION('',(#14956),#14960);
#14956 = LINE('',#14957,#14958);
#14957 = CARTESIAN_POINT('',(0.,0.));
#14958 = VECTOR('',#14959,1.);
#14959 = DIRECTION('',(1.,0.));
#14960 = ( GEOMETRIC_REPRESENTATION_CONTEXT(2) 
PARAMETRIC_REPRESENTATION_CONTEXT() REPRESENTATION_CONTEXT('2D SPACE',''
  ) );
#14961 = ORIENTED_EDGE('',*,*,#14962,.T.);
#14962 = EDGE_CURVE('',#14922,#11805,#14963,.T.);
#14963 = SURFACE_CURVE('',#14964,(#14968,#14975),.PCURVE_S1.);
#14964 = LINE('',#14965,#14966);
#14965 = CARTESIAN_POINT('',(-26.9,-8.5,1.2));
#14966 = VECTOR('',#14967,1.);
#14967 = DIRECTION('',(0.,0.,1.));
#14968 = PCURVE('',#11845,#14969);
#14969 = DEFINITIONAL_REPRESENTATION('',(#14970),#14974);
#14970 = LINE('',#14971,#14972);
#14971 = CARTESIAN_POINT('',(1.570796326795,0.));
#14972 = VECTOR('',#14973,1.);
#14973 = DIRECTION('',(0.,1.));
#14974 = ( GEOMETRIC_REPRESENTATION_CONTEXT(2) 
PARAMETRIC_REPRESENTATION_CONTEXT() REPRESENTATION_CONTEXT('2D SPACE',''
  ) );
#14975 = PCURVE('',#11819,#14976);
#14976 = DEFINITIONAL_REPRESENTATION('',(#14977),#14981);
#14977 = LINE('',#14978,#14979);
#14978 = CARTESIAN_POINT('',(0.,3.));
#14979 = VECTOR('',#14980,1.);
#14980 = DIRECTION('',(1.,0.));
#14981 = ( GEOMETRIC_REPRESENTATION_CONTEXT(2) 
PARAMETRIC_REPRESENTATION_CONTEXT() REPRESENTATION_CONTEXT('2D SPACE',''
  ) );
#14982 = ORIENTED_EDGE('',*,*,#11830,.F.);
#14983 = ADVANCED_FACE('',(#14984),#11819,.T.);
#14984 = FACE_BOUND('',#14985,.T.);
#14985 = EDGE_LOOP('',(#14986,#15014,#15015,#15016));
#14986 = ORIENTED_EDGE('',*,*,#14987,.T.);
#14987 = EDGE_CURVE('',#14988,#14922,#14990,.T.);
#14988 = VERTEX_POINT('',#14989);
#14989 = CARTESIAN_POINT('',(-21.9,-8.5,3.7));
#14990 = SURFACE_CURVE('',#14991,(#14995,#15002),.PCURVE_S1.);
#14991 = LINE('',#14992,#14993);
#14992 = CARTESIAN_POINT('',(-21.9,-8.5,3.7));
#14993 = VECTOR('',#14994,1.);
#14994 = DIRECTION('',(-1.,-0.,0.));
#14995 = PCURVE('',#11819,#14996);
#14996 = DEFINITIONAL_REPRESENTATION('',(#14997),#15001);
#14997 = LINE('',#14998,#14999);
#14998 = CARTESIAN_POINT('',(2.5,8.));
#14999 = VECTOR('',#15000,1.);
#15000 = DIRECTION('',(0.,-1.));
#15001 = ( GEOMETRIC_REPRESENTATION_CONTEXT(2) 
PARAMETRIC_REPRESENTATION_CONTEXT() REPRESENTATION_CONTEXT('2D SPACE',''
  ) );
#15002 = PCURVE('',#15003,#15008);
#15003 = CYLINDRICAL_SURFACE('',#15004,2.5);
#15004 = AXIS2_PLACEMENT_3D('',#15005,#15006,#15007);
#15005 = CARTESIAN_POINT('',(-21.9,-6.,3.7));
#15006 = DIRECTION('',(-1.,-0.,0.));
#15007 = DIRECTION('',(0.,-1.,-0.));
#15008 = DEFINITIONAL_REPRESENTATION('',(#15009),#15013);
#15009 = LINE('',#15010,#15011);
#15010 = CARTESIAN_POINT('',(-0.,0.));
#15011 = VECTOR('',#15012,1.);
#15012 = DIRECTION('',(-0.,1.));
#15013 = ( GEOMETRIC_REPRESENTATION_CONTEXT(2) 
PARAMETRIC_REPRESENTATION_CONTEXT() REPRESENTATION_CONTEXT('2D SPACE',''
  ) );
#15014 = ORIENTED_EDGE('',*,*,#14962,.T.);
#15015 = ORIENTED_EDGE('',*,*,#11804,.T.);
#15016 = ORIENTED_EDGE('',*,*,#15017,.F.);
#15017 = EDGE_CURVE('',#14988,#11776,#15018,.T.);
#15018 = SURFACE_CURVE('',#15019,(#15023,#15030),.PCURVE_S1.);
#15019 = LINE('',#15020,#15021);
#15020 = CARTESIAN_POINT('',(-21.9,-8.5,1.2));
#15021 = VECTOR('',#15022,1.);
#15022 = DIRECTION('',(0.,0.,1.));
#15023 = PCURVE('',#11819,#15024);
#15024 = DEFINITIONAL_REPRESENTATION('',(#15025),#15029);
#15025 = LINE('',#15026,#15027);
#15026 = CARTESIAN_POINT('',(0.,8.));
#15027 = VECTOR('',#15028,1.);
#15028 = DIRECTION('',(1.,0.));
#15029 = ( GEOMETRIC_REPRESENTATION_CONTEXT(2) 
PARAMETRIC_REPRESENTATION_CONTEXT() REPRESENTATION_CONTEXT('2D SPACE',''
  ) );
#15030 = PCURVE('',#11792,#15031);
#15031 = DEFINITIONAL_REPRESENTATION('',(#15032),#15036);
#15032 = LINE('',#15033,#15034);
#15033 = CARTESIAN_POINT('',(-1.570796326795,0.));
#15034 = VECTOR('',#15035,1.);
#15035 = DIRECTION('',(-0.,1.));
#15036 = ( GEOMETRIC_REPRESENTATION_CONTEXT(2) 
PARAMETRIC_REPRESENTATION_CONTEXT() REPRESENTATION_CONTEXT('2D SPACE',''
  ) );
#15037 = ADVANCED_FACE('',(#15038),#11792,.F.);
#15038 = FACE_BOUND('',#15039,.T.);
#15039 = EDGE_LOOP('',(#15040,#15063,#15102,#15103));
#15040 = ORIENTED_EDGE('',*,*,#15041,.F.);
#15041 = EDGE_CURVE('',#15042,#11750,#15044,.T.);
#15042 = VERTEX_POINT('',#15043);
#15043 = CARTESIAN_POINT('',(-18.9,-5.5,3.7));
#15044 = SURFACE_CURVE('',#15045,(#15049,#15056),.PCURVE_S1.);
#15045 = LINE('',#15046,#15047);
#15046 = CARTESIAN_POINT('',(-18.9,-5.5,1.2));
#15047 = VECTOR('',#15048,1.);
#15048 = DIRECTION('',(0.,0.,1.));
#15049 = PCURVE('',#11792,#15050);
#15050 = DEFINITIONAL_REPRESENTATION('',(#15051),#15055);
#15051 = LINE('',#15052,#15053);
#15052 = CARTESIAN_POINT('',(-0.,0.));
#15053 = VECTOR('',#15054,1.);
#15054 = DIRECTION('',(-0.,1.));
#15055 = ( GEOMETRIC_REPRESENTATION_CONTEXT(2) 
PARAMETRIC_REPRESENTATION_CONTEXT() REPRESENTATION_CONTEXT('2D SPACE',''
  ) );
#15056 = PCURVE('',#11764,#15057);
#15057 = DEFINITIONAL_REPRESENTATION('',(#15058),#15062);
#15058 = LINE('',#15059,#15060);
#15059 = CARTESIAN_POINT('',(0.,-3.));
#15060 = VECTOR('',#15061,1.);
#15061 = DIRECTION('',(1.,0.));
#15062 = ( GEOMETRIC_REPRESENTATION_CONTEXT(2) 
PARAMETRIC_REPRESENTATION_CONTEXT() REPRESENTATION_CONTEXT('2D SPACE',''
  ) );
#15063 = ORIENTED_EDGE('',*,*,#15064,.T.);
#15064 = EDGE_CURVE('',#15042,#14988,#15065,.T.);
#15065 = SURFACE_CURVE('',#15066,(#15071,#15078),.PCURVE_S1.);
#15066 = CIRCLE('',#15067,3.);
#15067 = AXIS2_PLACEMENT_3D('',#15068,#15069,#15070);
#15068 = CARTESIAN_POINT('',(-21.9,-5.5,3.7));
#15069 = DIRECTION('',(0.,-0.,-1.));
#15070 = DIRECTION('',(1.,0.,-0.));
#15071 = PCURVE('',#11792,#15072);
#15072 = DEFINITIONAL_REPRESENTATION('',(#15073),#15077);
#15073 = LINE('',#15074,#15075);
#15074 = CARTESIAN_POINT('',(-0.,2.5));
#15075 = VECTOR('',#15076,1.);
#15076 = DIRECTION('',(-1.,0.));
#15077 = ( GEOMETRIC_REPRESENTATION_CONTEXT(2) 
PARAMETRIC_REPRESENTATION_CONTEXT() REPRESENTATION_CONTEXT('2D SPACE',''
  ) );
#15078 = PCURVE('',#15079,#15096);
#15079 = SURFACE_OF_REVOLUTION('',#15080,#15093);
#15080 = B_SPLINE_CURVE_WITH_KNOTS('',6,(#15081,#15082,#15083,#15084,
    #15085,#15086,#15087,#15088,#15089,#15090,#15091,#15092),
  .UNSPECIFIED.,.F.,.F.,(7,5,7),(0.,0.785398163397,1.570796326795),
  .UNSPECIFIED.);
#15081 = CARTESIAN_POINT('',(-18.9,-5.5,3.7));
#15082 = CARTESIAN_POINT('',(-18.9,-5.5,3.372750765251));
#15083 = CARTESIAN_POINT('',(-18.95140398795,-5.5,3.045502077098));
#15084 = CARTESIAN_POINT('',(-19.05421330302,-5.5,2.728343335679));
#15085 = CARTESIAN_POINT('',(-19.20578123593,-5.5,2.431381075052));
#15086 = CARTESIAN_POINT('',(-19.400832894,-5.5,2.163633200063));
#15087 = CARTESIAN_POINT('',(-19.86363320006,-5.5,1.700832894005));
#15088 = CARTESIAN_POINT('',(-20.13138107505,-5.5,1.505781235939));
#15089 = CARTESIAN_POINT('',(-20.42834333567,-5.5,1.354213303025));
#15090 = CARTESIAN_POINT('',(-20.74550207709,-5.5,1.251403987954));
#15091 = CARTESIAN_POINT('',(-21.07275076525,-5.5,1.2));
#15092 = CARTESIAN_POINT('',(-21.4,-5.5,1.2));
#15093 = AXIS1_PLACEMENT('',#15094,#15095);
#15094 = CARTESIAN_POINT('',(-21.9,-5.5,3.7));
#15095 = DIRECTION('',(-0.,-0.,-1.));
#15096 = DEFINITIONAL_REPRESENTATION('',(#15097),#15101);
#15097 = LINE('',#15098,#15099);
#15098 = CARTESIAN_POINT('',(0.,0.));
#15099 = VECTOR('',#15100,1.);
#15100 = DIRECTION('',(1.,0.));
#15101 = ( GEOMETRIC_REPRESENTATION_CONTEXT(2) 
PARAMETRIC_REPRESENTATION_CONTEXT() REPRESENTATION_CONTEXT('2D SPACE',''
  ) );
#15102 = ORIENTED_EDGE('',*,*,#15017,.T.);
#15103 = ORIENTED_EDGE('',*,*,#11775,.T.);
#15104 = ADVANCED_FACE('',(#15105),#11764,.F.);
#15105 = FACE_BOUND('',#15106,.F.);
#15106 = EDGE_LOOP('',(#15107,#15108,#15136,#15157));
#15107 = ORIENTED_EDGE('',*,*,#15041,.F.);
#15108 = ORIENTED_EDGE('',*,*,#15109,.F.);
#15109 = EDGE_CURVE('',#15110,#15042,#15112,.T.);
#15110 = VERTEX_POINT('',#15111);
#15111 = CARTESIAN_POINT('',(-18.9,5.5,3.7));
#15112 = SURFACE_CURVE('',#15113,(#15117,#15124),.PCURVE_S1.);
#15113 = LINE('',#15114,#15115);
#15114 = CARTESIAN_POINT('',(-18.9,5.5,3.7));
#15115 = VECTOR('',#15116,1.);
#15116 = DIRECTION('',(0.,-1.,-0.));
#15117 = PCURVE('',#11764,#15118);
#15118 = DEFINITIONAL_REPRESENTATION('',(#15119),#15123);
#15119 = LINE('',#15120,#15121);
#15120 = CARTESIAN_POINT('',(2.5,-14.));
#15121 = VECTOR('',#15122,1.);
#15122 = DIRECTION('',(0.,1.));
#15123 = ( GEOMETRIC_REPRESENTATION_CONTEXT(2) 
PARAMETRIC_REPRESENTATION_CONTEXT() REPRESENTATION_CONTEXT('2D SPACE',''
  ) );
#15124 = PCURVE('',#15125,#15130);
#15125 = CYLINDRICAL_SURFACE('',#15126,2.5);
#15126 = AXIS2_PLACEMENT_3D('',#15127,#15128,#15129);
#15127 = CARTESIAN_POINT('',(-21.4,5.5,3.7));
#15128 = DIRECTION('',(0.,-1.,-0.));
#15129 = DIRECTION('',(1.,0.,0.));
#15130 = DEFINITIONAL_REPRESENTATION('',(#15131),#15135);
#15131 = LINE('',#15132,#15133);
#15132 = CARTESIAN_POINT('',(-0.,0.));
#15133 = VECTOR('',#15134,1.);
#15134 = DIRECTION('',(-0.,1.));
#15135 = ( GEOMETRIC_REPRESENTATION_CONTEXT(2) 
PARAMETRIC_REPRESENTATION_CONTEXT() REPRESENTATION_CONTEXT('2D SPACE',''
  ) );
#15136 = ORIENTED_EDGE('',*,*,#15137,.T.);
#15137 = EDGE_CURVE('',#15110,#11721,#15138,.T.);
#15138 = SURFACE_CURVE('',#15139,(#15143,#15150),.PCURVE_S1.);
#15139 = LINE('',#15140,#15141);
#15140 = CARTESIAN_POINT('',(-18.9,5.5,1.2));
#15141 = VECTOR('',#15142,1.);
#15142 = DIRECTION('',(0.,0.,1.));
#15143 = PCURVE('',#11764,#15144);
#15144 = DEFINITIONAL_REPRESENTATION('',(#15145),#15149);
#15145 = LINE('',#15146,#15147);
#15146 = CARTESIAN_POINT('',(0.,-14.));
#15147 = VECTOR('',#15148,1.);
#15148 = DIRECTION('',(1.,0.));
#15149 = ( GEOMETRIC_REPRESENTATION_CONTEXT(2) 
PARAMETRIC_REPRESENTATION_CONTEXT() REPRESENTATION_CONTEXT('2D SPACE',''
  ) );
#15150 = PCURVE('',#11737,#15151);
#15151 = DEFINITIONAL_REPRESENTATION('',(#15152),#15156);
#15152 = LINE('',#15153,#15154);
#15153 = CARTESIAN_POINT('',(0.,0.));
#15154 = VECTOR('',#15155,1.);
#15155 = DIRECTION('',(0.,1.));
#15156 = ( GEOMETRIC_REPRESENTATION_CONTEXT(2) 
PARAMETRIC_REPRESENTATION_CONTEXT() REPRESENTATION_CONTEXT('2D SPACE',''
  ) );
#15157 = ORIENTED_EDGE('',*,*,#11749,.T.);
#15158 = ADVANCED_FACE('',(#15159),#11737,.F.);
#15159 = FACE_BOUND('',#15160,.F.);
#15160 = EDGE_LOOP('',(#15161,#15162,#15203,#15224));
#15161 = ORIENTED_EDGE('',*,*,#15137,.F.);
#15162 = ORIENTED_EDGE('',*,*,#15163,.F.);
#15163 = EDGE_CURVE('',#15164,#15110,#15166,.T.);
#15164 = VERTEX_POINT('',#15165);
#15165 = CARTESIAN_POINT('',(-21.9,8.5,3.7));
#15166 = SURFACE_CURVE('',#15167,(#15172,#15179),.PCURVE_S1.);
#15167 = CIRCLE('',#15168,3.);
#15168 = AXIS2_PLACEMENT_3D('',#15169,#15170,#15171);
#15169 = CARTESIAN_POINT('',(-21.9,5.5,3.7));
#15170 = DIRECTION('',(0.,-0.,-1.));
#15171 = DIRECTION('',(2.960594732334E-16,1.,-0.));
#15172 = PCURVE('',#11737,#15173);
#15173 = DEFINITIONAL_REPRESENTATION('',(#15174),#15178);
#15174 = LINE('',#15175,#15176);
#15175 = CARTESIAN_POINT('',(1.570796326795,2.5));
#15176 = VECTOR('',#15177,1.);
#15177 = DIRECTION('',(-1.,-0.));
#15178 = ( GEOMETRIC_REPRESENTATION_CONTEXT(2) 
PARAMETRIC_REPRESENTATION_CONTEXT() REPRESENTATION_CONTEXT('2D SPACE',''
  ) );
#15179 = PCURVE('',#15180,#15197);
#15180 = SURFACE_OF_REVOLUTION('',#15181,#15194);
#15181 = B_SPLINE_CURVE_WITH_KNOTS('',6,(#15182,#15183,#15184,#15185,
    #15186,#15187,#15188,#15189,#15190,#15191,#15192,#15193),
  .UNSPECIFIED.,.F.,.F.,(7,5,7),(0.,0.785398163397,1.570796326795),
  .UNSPECIFIED.);
#15182 = CARTESIAN_POINT('',(-21.9,8.5,3.7));
#15183 = CARTESIAN_POINT('',(-21.9,8.5,3.372750765251));
#15184 = CARTESIAN_POINT('',(-21.9,8.448596012046,3.045502077098));
#15185 = CARTESIAN_POINT('',(-21.9,8.345786696975,2.728343335679));
#15186 = CARTESIAN_POINT('',(-21.9,8.194218764061,2.431381075052));
#15187 = CARTESIAN_POINT('',(-21.9,7.999167105995,2.163633200063));
#15188 = CARTESIAN_POINT('',(-21.9,7.536366799937,1.700832894005));
#15189 = CARTESIAN_POINT('',(-21.9,7.268618924948,1.505781235939));
#15190 = CARTESIAN_POINT('',(-21.9,6.971656664321,1.354213303025));
#15191 = CARTESIAN_POINT('',(-21.9,6.654497922902,1.251403987954));
#15192 = CARTESIAN_POINT('',(-21.9,6.327249234749,1.2));
#15193 = CARTESIAN_POINT('',(-21.9,6.,1.2));
#15194 = AXIS1_PLACEMENT('',#15195,#15196);
#15195 = CARTESIAN_POINT('',(-21.9,5.5,3.7));
#15196 = DIRECTION('',(-0.,-0.,-1.));
#15197 = DEFINITIONAL_REPRESENTATION('',(#15198),#15202);
#15198 = LINE('',#15199,#15200);
#15199 = CARTESIAN_POINT('',(0.,0.));
#15200 = VECTOR('',#15201,1.);
#15201 = DIRECTION('',(1.,0.));
#15202 = ( GEOMETRIC_REPRESENTATION_CONTEXT(2) 
PARAMETRIC_REPRESENTATION_CONTEXT() REPRESENTATION_CONTEXT('2D SPACE',''
  ) );
#15203 = ORIENTED_EDGE('',*,*,#15204,.T.);
#15204 = EDGE_CURVE('',#15164,#11695,#15205,.T.);
#15205 = SURFACE_CURVE('',#15206,(#15210,#15217),.PCURVE_S1.);
#15206 = LINE('',#15207,#15208);
#15207 = CARTESIAN_POINT('',(-21.9,8.5,1.2));
#15208 = VECTOR('',#15209,1.);
#15209 = DIRECTION('',(0.,0.,1.));
#15210 = PCURVE('',#11737,#15211);
#15211 = DEFINITIONAL_REPRESENTATION('',(#15212),#15216);
#15212 = LINE('',#15213,#15214);
#15213 = CARTESIAN_POINT('',(1.570796326795,0.));
#15214 = VECTOR('',#15215,1.);
#15215 = DIRECTION('',(0.,1.));
#15216 = ( GEOMETRIC_REPRESENTATION_CONTEXT(2) 
PARAMETRIC_REPRESENTATION_CONTEXT() REPRESENTATION_CONTEXT('2D SPACE',''
  ) );
#15217 = PCURVE('',#11709,#15218);
#15218 = DEFINITIONAL_REPRESENTATION('',(#15219),#15223);
#15219 = LINE('',#15220,#15221);
#15220 = CARTESIAN_POINT('',(0.,8.));
#15221 = VECTOR('',#15222,1.);
#15222 = DIRECTION('',(1.,0.));
#15223 = ( GEOMETRIC_REPRESENTATION_CONTEXT(2) 
PARAMETRIC_REPRESENTATION_CONTEXT() REPRESENTATION_CONTEXT('2D SPACE',''
  ) );
#15224 = ORIENTED_EDGE('',*,*,#11720,.F.);
#15225 = ADVANCED_FACE('',(#15226),#11709,.F.);
#15226 = FACE_BOUND('',#15227,.F.);
#15227 = EDGE_LOOP('',(#15228,#15256,#15277,#15278));
#15228 = ORIENTED_EDGE('',*,*,#15229,.F.);
#15229 = EDGE_CURVE('',#15230,#15164,#15232,.T.);
#15230 = VERTEX_POINT('',#15231);
#15231 = CARTESIAN_POINT('',(-26.9,8.5,3.7));
#15232 = SURFACE_CURVE('',#15233,(#15237,#15244),.PCURVE_S1.);
#15233 = LINE('',#15234,#15235);
#15234 = CARTESIAN_POINT('',(-26.9,8.5,3.7));
#15235 = VECTOR('',#15236,1.);
#15236 = DIRECTION('',(1.,0.,-0.));
#15237 = PCURVE('',#11709,#15238);
#15238 = DEFINITIONAL_REPRESENTATION('',(#15239),#15243);
#15239 = LINE('',#15240,#15241);
#15240 = CARTESIAN_POINT('',(2.5,3.));
#15241 = VECTOR('',#15242,1.);
#15242 = DIRECTION('',(0.,1.));
#15243 = ( GEOMETRIC_REPRESENTATION_CONTEXT(2) 
PARAMETRIC_REPRESENTATION_CONTEXT() REPRESENTATION_CONTEXT('2D SPACE',''
  ) );
#15244 = PCURVE('',#15245,#15250);
#15245 = CYLINDRICAL_SURFACE('',#15246,2.5);
#15246 = AXIS2_PLACEMENT_3D('',#15247,#15248,#15249);
#15247 = CARTESIAN_POINT('',(-26.9,6.,3.7));
#15248 = DIRECTION('',(1.,0.,-0.));
#15249 = DIRECTION('',(0.,1.,0.));
#15250 = DEFINITIONAL_REPRESENTATION('',(#15251),#15255);
#15251 = LINE('',#15252,#15253);
#15252 = CARTESIAN_POINT('',(-0.,0.));
#15253 = VECTOR('',#15254,1.);
#15254 = DIRECTION('',(-0.,1.));
#15255 = ( GEOMETRIC_REPRESENTATION_CONTEXT(2) 
PARAMETRIC_REPRESENTATION_CONTEXT() REPRESENTATION_CONTEXT('2D SPACE',''
  ) );
#15256 = ORIENTED_EDGE('',*,*,#15257,.T.);
#15257 = EDGE_CURVE('',#15230,#11666,#15258,.T.);
#15258 = SURFACE_CURVE('',#15259,(#15263,#15270),.PCURVE_S1.);
#15259 = LINE('',#15260,#15261);
#15260 = CARTESIAN_POINT('',(-26.9,8.5,1.2));
#15261 = VECTOR('',#15262,1.);
#15262 = DIRECTION('',(0.,0.,1.));
#15263 = PCURVE('',#11709,#15264);
#15264 = DEFINITIONAL_REPRESENTATION('',(#15265),#15269);
#15265 = LINE('',#15266,#15267);
#15266 = CARTESIAN_POINT('',(0.,3.));
#15267 = VECTOR('',#15268,1.);
#15268 = DIRECTION('',(1.,0.));
#15269 = ( GEOMETRIC_REPRESENTATION_CONTEXT(2) 
PARAMETRIC_REPRESENTATION_CONTEXT() REPRESENTATION_CONTEXT('2D SPACE',''
  ) );
#15270 = PCURVE('',#11682,#15271);
#15271 = DEFINITIONAL_REPRESENTATION('',(#15272),#15276);
#15272 = LINE('',#15273,#15274);
#15273 = CARTESIAN_POINT('',(-1.570796326795,0.));
#15274 = VECTOR('',#15275,1.);
#15275 = DIRECTION('',(-0.,1.));
#15276 = ( GEOMETRIC_REPRESENTATION_CONTEXT(2) 
PARAMETRIC_REPRESENTATION_CONTEXT() REPRESENTATION_CONTEXT('2D SPACE',''
  ) );
#15277 = ORIENTED_EDGE('',*,*,#11694,.T.);
#15278 = ORIENTED_EDGE('',*,*,#15204,.F.);
#15279 = ADVANCED_FACE('',(#15280),#11682,.F.);
#15280 = FACE_BOUND('',#15281,.T.);
#15281 = EDGE_LOOP('',(#15282,#15283,#15322,#15323));
#15282 = ORIENTED_EDGE('',*,*,#14895,.F.);
#15283 = ORIENTED_EDGE('',*,*,#15284,.T.);
#15284 = EDGE_CURVE('',#14868,#15230,#15285,.T.);
#15285 = SURFACE_CURVE('',#15286,(#15291,#15298),.PCURVE_S1.);
#15286 = CIRCLE('',#15287,3.);
#15287 = AXIS2_PLACEMENT_3D('',#15288,#15289,#15290);
#15288 = CARTESIAN_POINT('',(-26.9,5.5,3.7));
#15289 = DIRECTION('',(-0.,0.,-1.));
#15290 = DIRECTION('',(-1.,2.960594732334E-16,0.));
#15291 = PCURVE('',#11682,#15292);
#15292 = DEFINITIONAL_REPRESENTATION('',(#15293),#15297);
#15293 = LINE('',#15294,#15295);
#15294 = CARTESIAN_POINT('',(-0.,2.5));
#15295 = VECTOR('',#15296,1.);
#15296 = DIRECTION('',(-1.,0.));
#15297 = ( GEOMETRIC_REPRESENTATION_CONTEXT(2) 
PARAMETRIC_REPRESENTATION_CONTEXT() REPRESENTATION_CONTEXT('2D SPACE',''
  ) );
#15298 = PCURVE('',#15299,#15316);
#15299 = SURFACE_OF_REVOLUTION('',#15300,#15313);
#15300 = B_SPLINE_CURVE_WITH_KNOTS('',6,(#15301,#15302,#15303,#15304,
    #15305,#15306,#15307,#15308,#15309,#15310,#15311,#15312),
  .UNSPECIFIED.,.F.,.F.,(7,5,7),(0.,0.785398163397,1.570796326795),
  .UNSPECIFIED.);
#15301 = CARTESIAN_POINT('',(-29.9,5.5,3.7));
#15302 = CARTESIAN_POINT('',(-29.9,5.5,3.372750765251));
#15303 = CARTESIAN_POINT('',(-29.84859601204,5.5,3.045502077098));
#15304 = CARTESIAN_POINT('',(-29.74578669697,5.5,2.728343335679));
#15305 = CARTESIAN_POINT('',(-29.59421876406,5.5,2.431381075052));
#15306 = CARTESIAN_POINT('',(-29.39916710599,5.5,2.163633200063));
#15307 = CARTESIAN_POINT('',(-28.93636679993,5.5,1.700832894005));
#15308 = CARTESIAN_POINT('',(-28.66861892494,5.5,1.505781235939));
#15309 = CARTESIAN_POINT('',(-28.37165666432,5.5,1.354213303025));
#15310 = CARTESIAN_POINT('',(-28.0544979229,5.5,1.251403987954));
#15311 = CARTESIAN_POINT('',(-27.72724923474,5.5,1.2));
#15312 = CARTESIAN_POINT('',(-27.4,5.5,1.2));
#15313 = AXIS1_PLACEMENT('',#15314,#15315);
#15314 = CARTESIAN_POINT('',(-26.9,5.5,3.7));
#15315 = DIRECTION('',(-0.,-0.,-1.));
#15316 = DEFINITIONAL_REPRESENTATION('',(#15317),#15321);
#15317 = LINE('',#15318,#15319);
#15318 = CARTESIAN_POINT('',(0.,0.));
#15319 = VECTOR('',#15320,1.);
#15320 = DIRECTION('',(1.,0.));
#15321 = ( GEOMETRIC_REPRESENTATION_CONTEXT(2) 
PARAMETRIC_REPRESENTATION_CONTEXT() REPRESENTATION_CONTEXT('2D SPACE',''
  ) );
#15322 = ORIENTED_EDGE('',*,*,#15257,.T.);
#15323 = ORIENTED_EDGE('',*,*,#11665,.T.);
#15324 = ADVANCED_FACE('',(#15325),#11960,.F.);
#15325 = FACE_BOUND('',#15326,.F.);
#15326 = EDGE_LOOP('',(#15327,#15349,#15350,#15351));
#15327 = ORIENTED_EDGE('',*,*,#15328,.F.);
#15328 = EDGE_CURVE('',#11944,#15329,#15331,.T.);
#15329 = VERTEX_POINT('',#15330);
#15330 = CARTESIAN_POINT('',(-39.1,-6.,1.2));
#15331 = SURFACE_CURVE('',#15332,(#15337,#15343),.PCURVE_S1.);
#15332 = CIRCLE('',#15333,2.5);
#15333 = AXIS2_PLACEMENT_3D('',#15334,#15335,#15336);
#15334 = CARTESIAN_POINT('',(-39.1,-6.,3.7));
#15335 = DIRECTION('',(1.,0.,0.));
#15336 = DIRECTION('',(0.,-1.,0.));
#15337 = PCURVE('',#11960,#15338);
#15338 = DEFINITIONAL_REPRESENTATION('',(#15339),#15342);
#15339 = B_SPLINE_CURVE_WITH_KNOTS('',1,(#15340,#15341),.UNSPECIFIED.,
  .F.,.F.,(2,2),(0.,1.570796326795),.PIECEWISE_BEZIER_KNOTS.);
#15340 = CARTESIAN_POINT('',(-2.22044604925E-16,0.));
#15341 = CARTESIAN_POINT('',(-2.22044604925E-16,1.570796326795));
#15342 = ( GEOMETRIC_REPRESENTATION_CONTEXT(2) 
PARAMETRIC_REPRESENTATION_CONTEXT() REPRESENTATION_CONTEXT('2D SPACE',''
  ) );
#15343 = PCURVE('',#12166,#15344);
#15344 = DEFINITIONAL_REPRESENTATION('',(#15345),#15348);
#15345 = B_SPLINE_CURVE_WITH_KNOTS('',1,(#15346,#15347),.UNSPECIFIED.,
  .F.,.F.,(2,2),(0.,1.570796326795),.PIECEWISE_BEZIER_KNOTS.);
#15346 = CARTESIAN_POINT('',(0.,5.));
#15347 = CARTESIAN_POINT('',(-1.570796326795,5.));
#15348 = ( GEOMETRIC_REPRESENTATION_CONTEXT(2) 
PARAMETRIC_REPRESENTATION_CONTEXT() REPRESENTATION_CONTEXT('2D SPACE',''
  ) );
#15349 = ORIENTED_EDGE('',*,*,#11943,.T.);
#15350 = ORIENTED_EDGE('',*,*,#12009,.T.);
#15351 = ORIENTED_EDGE('',*,*,#15352,.F.);
#15352 = EDGE_CURVE('',#15329,#12010,#15353,.T.);
#15353 = SURFACE_CURVE('',#15354,(#15359,#15366),.PCURVE_S1.);
#15354 = CIRCLE('',#15355,0.5);
#15355 = AXIS2_PLACEMENT_3D('',#15356,#15357,#15358);
#15356 = CARTESIAN_POINT('',(-39.1,-5.5,1.2));
#15357 = DIRECTION('',(-0.,0.,-1.));
#15358 = DIRECTION('',(-2.960594732334E-16,-1.,0.));
#15359 = PCURVE('',#11960,#15360);
#15360 = DEFINITIONAL_REPRESENTATION('',(#15361),#15365);
#15361 = LINE('',#15362,#15363);
#15362 = CARTESIAN_POINT('',(0.,1.570796326795));
#15363 = VECTOR('',#15364,1.);
#15364 = DIRECTION('',(1.,0.));
#15365 = ( GEOMETRIC_REPRESENTATION_CONTEXT(2) 
PARAMETRIC_REPRESENTATION_CONTEXT() REPRESENTATION_CONTEXT('2D SPACE',''
  ) );
#15366 = PCURVE('',#12047,#15367);
#15367 = DEFINITIONAL_REPRESENTATION('',(#15368),#15376);
#15368 = ( BOUNDED_CURVE() B_SPLINE_CURVE(2,(#15369,#15370,#15371,#15372
    ,#15373,#15374,#15375),.UNSPECIFIED.,.T.,.F.) 
B_SPLINE_CURVE_WITH_KNOTS((1,2,2,2,2,1),(-2.094395102393,0.,
    2.094395102393,4.188790204786,6.28318530718,8.377580409573),
.UNSPECIFIED.) CURVE() GEOMETRIC_REPRESENTATION_ITEM() 
RATIONAL_B_SPLINE_CURVE((1.,0.5,1.,0.5,1.,0.5,1.)) REPRESENTATION_ITEM(
  '') );
#15369 = CARTESIAN_POINT('',(3.,2.5));
#15370 = CARTESIAN_POINT('',(2.133974596216,2.5));
#15371 = CARTESIAN_POINT('',(2.566987298108,3.25));
#15372 = CARTESIAN_POINT('',(3.,4.));
#15373 = CARTESIAN_POINT('',(3.433012701892,3.25));
#15374 = CARTESIAN_POINT('',(3.866025403784,2.5));
#15375 = CARTESIAN_POINT('',(3.,2.5));
#15376 = ( GEOMETRIC_REPRESENTATION_CONTEXT(2) 
PARAMETRIC_REPRESENTATION_CONTEXT() REPRESENTATION_CONTEXT('2D SPACE',''
  ) );
#15377 = ADVANCED_FACE('',(#15378),#12047,.T.);
#15378 = FACE_BOUND('',#15379,.T.);
#15379 = EDGE_LOOP('',(#15380,#15381,#15382,#15405,#15433,#15456,#15484,
    #15507));
#15380 = ORIENTED_EDGE('',*,*,#12031,.F.);
#15381 = ORIENTED_EDGE('',*,*,#15352,.F.);
#15382 = ORIENTED_EDGE('',*,*,#15383,.F.);
#15383 = EDGE_CURVE('',#15384,#15329,#15386,.T.);
#15384 = VERTEX_POINT('',#15385);
#15385 = CARTESIAN_POINT('',(-34.1,-6.,1.2));
#15386 = SURFACE_CURVE('',#15387,(#15391,#15398),.PCURVE_S1.);
#15387 = LINE('',#15388,#15389);
#15388 = CARTESIAN_POINT('',(-34.1,-6.,1.2));
#15389 = VECTOR('',#15390,1.);
#15390 = DIRECTION('',(-1.,-0.,0.));
#15391 = PCURVE('',#12047,#15392);
#15392 = DEFINITIONAL_REPRESENTATION('',(#15393),#15397);
#15393 = LINE('',#15394,#15395);
#15394 = CARTESIAN_POINT('',(8.,2.5));
#15395 = VECTOR('',#15396,1.);
#15396 = DIRECTION('',(-1.,0.));
#15397 = ( GEOMETRIC_REPRESENTATION_CONTEXT(2) 
PARAMETRIC_REPRESENTATION_CONTEXT() REPRESENTATION_CONTEXT('2D SPACE',''
  ) );
#15398 = PCURVE('',#12166,#15399);
#15399 = DEFINITIONAL_REPRESENTATION('',(#15400),#15404);
#15400 = LINE('',#15401,#15402);
#15401 = CARTESIAN_POINT('',(-1.570796326795,0.));
#15402 = VECTOR('',#15403,1.);
#15403 = DIRECTION('',(-0.,1.));
#15404 = ( GEOMETRIC_REPRESENTATION_CONTEXT(2) 
PARAMETRIC_REPRESENTATION_CONTEXT() REPRESENTATION_CONTEXT('2D SPACE',''
  ) );
#15405 = ORIENTED_EDGE('',*,*,#15406,.F.);
#15406 = EDGE_CURVE('',#15407,#15384,#15409,.T.);
#15407 = VERTEX_POINT('',#15408);
#15408 = CARTESIAN_POINT('',(-33.6,-5.5,1.2));
#15409 = SURFACE_CURVE('',#15410,(#15415,#15426),.PCURVE_S1.);
#15410 = CIRCLE('',#15411,0.5);
#15411 = AXIS2_PLACEMENT_3D('',#15412,#15413,#15414);
#15412 = CARTESIAN_POINT('',(-34.1,-5.5,1.2));
#15413 = DIRECTION('',(0.,-0.,-1.));
#15414 = DIRECTION('',(1.,0.,-0.));
#15415 = PCURVE('',#12047,#15416);
#15416 = DEFINITIONAL_REPRESENTATION('',(#15417),#15425);
#15417 = ( BOUNDED_CURVE() B_SPLINE_CURVE(2,(#15418,#15419,#15420,#15421
    ,#15422,#15423,#15424),.UNSPECIFIED.,.T.,.F.) 
B_SPLINE_CURVE_WITH_KNOTS((1,2,2,2,2,1),(-2.094395102393,0.,
    2.094395102393,4.188790204786,6.28318530718,8.377580409573),
.UNSPECIFIED.) CURVE() GEOMETRIC_REPRESENTATION_ITEM() 
RATIONAL_B_SPLINE_CURVE((1.,0.5,1.,0.5,1.,0.5,1.)) REPRESENTATION_ITEM(
  '') );
#15418 = CARTESIAN_POINT('',(8.5,3.));
#15419 = CARTESIAN_POINT('',(8.5,2.133974596216));
#15420 = CARTESIAN_POINT('',(7.75,2.566987298108));
#15421 = CARTESIAN_POINT('',(7.,3.));
#15422 = CARTESIAN_POINT('',(7.75,3.433012701892));
#15423 = CARTESIAN_POINT('',(8.5,3.866025403784));
#15424 = CARTESIAN_POINT('',(8.5,3.));
#15425 = ( GEOMETRIC_REPRESENTATION_CONTEXT(2) 
PARAMETRIC_REPRESENTATION_CONTEXT() REPRESENTATION_CONTEXT('2D SPACE',''
  ) );
#15426 = PCURVE('',#12242,#15427);
#15427 = DEFINITIONAL_REPRESENTATION('',(#15428),#15432);
#15428 = LINE('',#15429,#15430);
#15429 = CARTESIAN_POINT('',(0.,1.570796326795));
#15430 = VECTOR('',#15431,1.);
#15431 = DIRECTION('',(1.,0.));
#15432 = ( GEOMETRIC_REPRESENTATION_CONTEXT(2) 
PARAMETRIC_REPRESENTATION_CONTEXT() REPRESENTATION_CONTEXT('2D SPACE',''
  ) );
#15433 = ORIENTED_EDGE('',*,*,#15434,.F.);
#15434 = EDGE_CURVE('',#15435,#15407,#15437,.T.);
#15435 = VERTEX_POINT('',#15436);
#15436 = CARTESIAN_POINT('',(-33.6,5.5,1.2));
#15437 = SURFACE_CURVE('',#15438,(#15442,#15449),.PCURVE_S1.);
#15438 = LINE('',#15439,#15440);
#15439 = CARTESIAN_POINT('',(-33.6,5.5,1.2));
#15440 = VECTOR('',#15441,1.);
#15441 = DIRECTION('',(0.,-1.,-0.));
#15442 = PCURVE('',#12047,#15443);
#15443 = DEFINITIONAL_REPRESENTATION('',(#15444),#15448);
#15444 = LINE('',#15445,#15446);
#15445 = CARTESIAN_POINT('',(8.5,14.));
#15446 = VECTOR('',#15447,1.);
#15447 = DIRECTION('',(0.,-1.));
#15448 = ( GEOMETRIC_REPRESENTATION_CONTEXT(2) 
PARAMETRIC_REPRESENTATION_CONTEXT() REPRESENTATION_CONTEXT('2D SPACE',''
  ) );
#15449 = PCURVE('',#12288,#15450);
#15450 = DEFINITIONAL_REPRESENTATION('',(#15451),#15455);
#15451 = LINE('',#15452,#15453);
#15452 = CARTESIAN_POINT('',(-1.570796326795,0.));
#15453 = VECTOR('',#15454,1.);
#15454 = DIRECTION('',(-0.,1.));
#15455 = ( GEOMETRIC_REPRESENTATION_CONTEXT(2) 
PARAMETRIC_REPRESENTATION_CONTEXT() REPRESENTATION_CONTEXT('2D SPACE',''
  ) );
#15456 = ORIENTED_EDGE('',*,*,#15457,.F.);
#15457 = EDGE_CURVE('',#15458,#15435,#15460,.T.);
#15458 = VERTEX_POINT('',#15459);
#15459 = CARTESIAN_POINT('',(-34.1,6.,1.2));
#15460 = SURFACE_CURVE('',#15461,(#15466,#15477),.PCURVE_S1.);
#15461 = CIRCLE('',#15462,0.5);
#15462 = AXIS2_PLACEMENT_3D('',#15463,#15464,#15465);
#15463 = CARTESIAN_POINT('',(-34.1,5.5,1.2));
#15464 = DIRECTION('',(0.,-0.,-1.));
#15465 = DIRECTION('',(2.960594732334E-16,1.,-0.));
#15466 = PCURVE('',#12047,#15467);
#15467 = DEFINITIONAL_REPRESENTATION('',(#15468),#15476);
#15468 = ( BOUNDED_CURVE() B_SPLINE_CURVE(2,(#15469,#15470,#15471,#15472
    ,#15473,#15474,#15475),.UNSPECIFIED.,.T.,.F.) 
B_SPLINE_CURVE_WITH_KNOTS((1,2,2,2,2,1),(-2.094395102393,0.,
    2.094395102393,4.188790204786,6.28318530718,8.377580409573),
.UNSPECIFIED.) CURVE() GEOMETRIC_REPRESENTATION_ITEM() 
RATIONAL_B_SPLINE_CURVE((1.,0.5,1.,0.5,1.,0.5,1.)) REPRESENTATION_ITEM(
  '') );
#15469 = CARTESIAN_POINT('',(8.,14.5));
#15470 = CARTESIAN_POINT('',(8.866025403784,14.5));
#15471 = CARTESIAN_POINT('',(8.433012701892,13.75));
#15472 = CARTESIAN_POINT('',(8.,13.));
#15473 = CARTESIAN_POINT('',(7.566987298108,13.75));
#15474 = CARTESIAN_POINT('',(7.133974596216,14.5));
#15475 = CARTESIAN_POINT('',(8.,14.5));
#15476 = ( GEOMETRIC_REPRESENTATION_CONTEXT(2) 
PARAMETRIC_REPRESENTATION_CONTEXT() REPRESENTATION_CONTEXT('2D SPACE',''
  ) );
#15477 = PCURVE('',#12343,#15478);
#15478 = DEFINITIONAL_REPRESENTATION('',(#15479),#15483);
#15479 = LINE('',#15480,#15481);
#15480 = CARTESIAN_POINT('',(0.,1.570796326795));
#15481 = VECTOR('',#15482,1.);
#15482 = DIRECTION('',(1.,0.));
#15483 = ( GEOMETRIC_REPRESENTATION_CONTEXT(2) 
PARAMETRIC_REPRESENTATION_CONTEXT() REPRESENTATION_CONTEXT('2D SPACE',''
  ) );
#15484 = ORIENTED_EDGE('',*,*,#15485,.F.);
#15485 = EDGE_CURVE('',#15486,#15458,#15488,.T.);
#15486 = VERTEX_POINT('',#15487);
#15487 = CARTESIAN_POINT('',(-39.1,6.,1.2));
#15488 = SURFACE_CURVE('',#15489,(#15493,#15500),.PCURVE_S1.);
#15489 = LINE('',#15490,#15491);
#15490 = CARTESIAN_POINT('',(-39.1,6.,1.2));
#15491 = VECTOR('',#15492,1.);
#15492 = DIRECTION('',(1.,0.,-0.));
#15493 = PCURVE('',#12047,#15494);
#15494 = DEFINITIONAL_REPRESENTATION('',(#15495),#15499);
#15495 = LINE('',#15496,#15497);
#15496 = CARTESIAN_POINT('',(3.,14.5));
#15497 = VECTOR('',#15498,1.);
#15498 = DIRECTION('',(1.,0.));
#15499 = ( GEOMETRIC_REPRESENTATION_CONTEXT(2) 
PARAMETRIC_REPRESENTATION_CONTEXT() REPRESENTATION_CONTEXT('2D SPACE',''
  ) );
#15500 = PCURVE('',#12406,#15501);
#15501 = DEFINITIONAL_REPRESENTATION('',(#15502),#15506);
#15502 = LINE('',#15503,#15504);
#15503 = CARTESIAN_POINT('',(-1.570796326795,0.));
#15504 = VECTOR('',#15505,1.);
#15505 = DIRECTION('',(-0.,1.));
#15506 = ( GEOMETRIC_REPRESENTATION_CONTEXT(2) 
PARAMETRIC_REPRESENTATION_CONTEXT() REPRESENTATION_CONTEXT('2D SPACE',''
  ) );
#15507 = ORIENTED_EDGE('',*,*,#15508,.F.);
#15508 = EDGE_CURVE('',#12032,#15486,#15509,.T.);
#15509 = SURFACE_CURVE('',#15510,(#15515,#15526),.PCURVE_S1.);
#15510 = CIRCLE('',#15511,0.5);
#15511 = AXIS2_PLACEMENT_3D('',#15512,#15513,#15514);
#15512 = CARTESIAN_POINT('',(-39.1,5.5,1.2));
#15513 = DIRECTION('',(-0.,0.,-1.));
#15514 = DIRECTION('',(-1.,2.960594732334E-16,0.));
#15515 = PCURVE('',#12047,#15516);
#15516 = DEFINITIONAL_REPRESENTATION('',(#15517),#15525);
#15517 = ( BOUNDED_CURVE() B_SPLINE_CURVE(2,(#15518,#15519,#15520,#15521
    ,#15522,#15523,#15524),.UNSPECIFIED.,.T.,.F.) 
B_SPLINE_CURVE_WITH_KNOTS((1,2,2,2,2,1),(-2.094395102393,0.,
    2.094395102393,4.188790204786,6.28318530718,8.377580409573),
.UNSPECIFIED.) CURVE() GEOMETRIC_REPRESENTATION_ITEM() 
RATIONAL_B_SPLINE_CURVE((1.,0.5,1.,0.5,1.,0.5,1.)) REPRESENTATION_ITEM(
  '') );
#15518 = CARTESIAN_POINT('',(2.5,14.));
#15519 = CARTESIAN_POINT('',(2.5,14.866025403784));
#15520 = CARTESIAN_POINT('',(3.25,14.433012701892));
#15521 = CARTESIAN_POINT('',(4.,14.));
#15522 = CARTESIAN_POINT('',(3.25,13.566987298108));
#15523 = CARTESIAN_POINT('',(2.5,13.133974596216));
#15524 = CARTESIAN_POINT('',(2.5,14.));
#15525 = ( GEOMETRIC_REPRESENTATION_CONTEXT(2) 
PARAMETRIC_REPRESENTATION_CONTEXT() REPRESENTATION_CONTEXT('2D SPACE',''
  ) );
#15526 = PCURVE('',#12073,#15527);
#15527 = DEFINITIONAL_REPRESENTATION('',(#15528),#15532);
#15528 = LINE('',#15529,#15530);
#15529 = CARTESIAN_POINT('',(0.,1.570796326795));
#15530 = VECTOR('',#15531,1.);
#15531 = DIRECTION('',(1.,0.));
#15532 = ( GEOMETRIC_REPRESENTATION_CONTEXT(2) 
PARAMETRIC_REPRESENTATION_CONTEXT() REPRESENTATION_CONTEXT('2D SPACE',''
  ) );
#15533 = ADVANCED_FACE('',(#15534),#12073,.F.);
#15534 = FACE_BOUND('',#15535,.F.);
#15535 = EDGE_LOOP('',(#15536,#15537,#15538,#15558));
#15536 = ORIENTED_EDGE('',*,*,#12059,.F.);
#15537 = ORIENTED_EDGE('',*,*,#12101,.T.);
#15538 = ORIENTED_EDGE('',*,*,#15539,.T.);
#15539 = EDGE_CURVE('',#12102,#15486,#15540,.T.);
#15540 = SURFACE_CURVE('',#15541,(#15546,#15552),.PCURVE_S1.);
#15541 = CIRCLE('',#15542,2.5);
#15542 = AXIS2_PLACEMENT_3D('',#15543,#15544,#15545);
#15543 = CARTESIAN_POINT('',(-39.1,6.,3.7));
#15544 = DIRECTION('',(-1.,2.34827133276E-16,0.));
#15545 = DIRECTION('',(2.34827133276E-16,1.,0.));
#15546 = PCURVE('',#12073,#15547);
#15547 = DEFINITIONAL_REPRESENTATION('',(#15548),#15551);
#15548 = B_SPLINE_CURVE_WITH_KNOTS('',1,(#15549,#15550),.UNSPECIFIED.,
  .F.,.F.,(2,2),(0.,1.570796326795),.PIECEWISE_BEZIER_KNOTS.);
#15549 = CARTESIAN_POINT('',(1.570796326795,0.));
#15550 = CARTESIAN_POINT('',(1.570796326795,1.570796326795));
#15551 = ( GEOMETRIC_REPRESENTATION_CONTEXT(2) 
PARAMETRIC_REPRESENTATION_CONTEXT() REPRESENTATION_CONTEXT('2D SPACE',''
  ) );
#15552 = PCURVE('',#12406,#15553);
#15553 = DEFINITIONAL_REPRESENTATION('',(#15554),#15557);
#15554 = B_SPLINE_CURVE_WITH_KNOTS('',1,(#15555,#15556),.UNSPECIFIED.,
  .F.,.F.,(2,2),(0.,1.570796326795),.PIECEWISE_BEZIER_KNOTS.);
#15555 = CARTESIAN_POINT('',(0.,0.));
#15556 = CARTESIAN_POINT('',(-1.570796326795,0.));
#15557 = ( GEOMETRIC_REPRESENTATION_CONTEXT(2) 
PARAMETRIC_REPRESENTATION_CONTEXT() REPRESENTATION_CONTEXT('2D SPACE',''
  ) );
#15558 = ORIENTED_EDGE('',*,*,#15508,.F.);
#15559 = ADVANCED_FACE('',(#15560),#12166,.F.);
#15560 = FACE_BOUND('',#15561,.T.);
#15561 = EDGE_LOOP('',(#15562,#15582,#15583,#15584));
#15562 = ORIENTED_EDGE('',*,*,#15563,.T.);
#15563 = EDGE_CURVE('',#12151,#15384,#15564,.T.);
#15564 = SURFACE_CURVE('',#15565,(#15570,#15576),.PCURVE_S1.);
#15565 = CIRCLE('',#15566,2.5);
#15566 = AXIS2_PLACEMENT_3D('',#15567,#15568,#15569);
#15567 = CARTESIAN_POINT('',(-34.1,-6.,3.7));
#15568 = DIRECTION('',(1.,6.123233995737E-17,0.));
#15569 = DIRECTION('',(6.123233995737E-17,-1.,0.));
#15570 = PCURVE('',#12166,#15571);
#15571 = DEFINITIONAL_REPRESENTATION('',(#15572),#15575);
#15572 = B_SPLINE_CURVE_WITH_KNOTS('',1,(#15573,#15574),.UNSPECIFIED.,
  .F.,.F.,(2,2),(0.,1.570796326795),.PIECEWISE_BEZIER_KNOTS.);
#15573 = CARTESIAN_POINT('',(0.,0.));
#15574 = CARTESIAN_POINT('',(-1.570796326795,0.));
#15575 = ( GEOMETRIC_REPRESENTATION_CONTEXT(2) 
PARAMETRIC_REPRESENTATION_CONTEXT() REPRESENTATION_CONTEXT('2D SPACE',''
  ) );
#15576 = PCURVE('',#12242,#15577);
#15577 = DEFINITIONAL_REPRESENTATION('',(#15578),#15581);
#15578 = B_SPLINE_CURVE_WITH_KNOTS('',1,(#15579,#15580),.UNSPECIFIED.,
  .F.,.F.,(2,2),(0.,1.570796326795),.PIECEWISE_BEZIER_KNOTS.);
#15579 = CARTESIAN_POINT('',(1.570796326795,0.));
#15580 = CARTESIAN_POINT('',(1.570796326795,1.570796326795));
#15581 = ( GEOMETRIC_REPRESENTATION_CONTEXT(2) 
PARAMETRIC_REPRESENTATION_CONTEXT() REPRESENTATION_CONTEXT('2D SPACE',''
  ) );
#15582 = ORIENTED_EDGE('',*,*,#15383,.T.);
#15583 = ORIENTED_EDGE('',*,*,#15328,.F.);
#15584 = ORIENTED_EDGE('',*,*,#12150,.F.);
#15585 = ADVANCED_FACE('',(#15586),#12242,.F.);
#15586 = FACE_BOUND('',#15587,.F.);
#15587 = EDGE_LOOP('',(#15588,#15608,#15609,#15610));
#15588 = ORIENTED_EDGE('',*,*,#15589,.F.);
#15589 = EDGE_CURVE('',#12205,#15407,#15590,.T.);
#15590 = SURFACE_CURVE('',#15591,(#15596,#15602),.PCURVE_S1.);
#15591 = CIRCLE('',#15592,2.5);
#15592 = AXIS2_PLACEMENT_3D('',#15593,#15594,#15595);
#15593 = CARTESIAN_POINT('',(-33.6,-5.5,3.7));
#15594 = DIRECTION('',(-0.,1.,0.));
#15595 = DIRECTION('',(1.,0.,0.));
#15596 = PCURVE('',#12242,#15597);
#15597 = DEFINITIONAL_REPRESENTATION('',(#15598),#15601);
#15598 = B_SPLINE_CURVE_WITH_KNOTS('',1,(#15599,#15600),.UNSPECIFIED.,
  .F.,.F.,(2,2),(0.,1.570796326795),.PIECEWISE_BEZIER_KNOTS.);
#15599 = CARTESIAN_POINT('',(0.,0.));
#15600 = CARTESIAN_POINT('',(0.,1.570796326795));
#15601 = ( GEOMETRIC_REPRESENTATION_CONTEXT(2) 
PARAMETRIC_REPRESENTATION_CONTEXT() REPRESENTATION_CONTEXT('2D SPACE',''
  ) );
#15602 = PCURVE('',#12288,#15603);
#15603 = DEFINITIONAL_REPRESENTATION('',(#15604),#15607);
#15604 = B_SPLINE_CURVE_WITH_KNOTS('',1,(#15605,#15606),.UNSPECIFIED.,
  .F.,.F.,(2,2),(0.,1.570796326795),.PIECEWISE_BEZIER_KNOTS.);
#15605 = CARTESIAN_POINT('',(0.,11.));
#15606 = CARTESIAN_POINT('',(-1.570796326795,11.));
#15607 = ( GEOMETRIC_REPRESENTATION_CONTEXT(2) 
PARAMETRIC_REPRESENTATION_CONTEXT() REPRESENTATION_CONTEXT('2D SPACE',''
  ) );
#15608 = ORIENTED_EDGE('',*,*,#12227,.T.);
#15609 = ORIENTED_EDGE('',*,*,#15563,.T.);
#15610 = ORIENTED_EDGE('',*,*,#15406,.F.);
#15611 = ADVANCED_FACE('',(#15612),#12288,.F.);
#15612 = FACE_BOUND('',#15613,.T.);
#15613 = EDGE_LOOP('',(#15614,#15634,#15635,#15636));
#15614 = ORIENTED_EDGE('',*,*,#15615,.T.);
#15615 = EDGE_CURVE('',#12273,#15435,#15616,.T.);
#15616 = SURFACE_CURVE('',#15617,(#15622,#15628),.PCURVE_S1.);
#15617 = CIRCLE('',#15618,2.5);
#15618 = AXIS2_PLACEMENT_3D('',#15619,#15620,#15621);
#15619 = CARTESIAN_POINT('',(-33.6,5.5,3.7));
#15620 = DIRECTION('',(2.34827133276E-16,1.,0.));
#15621 = DIRECTION('',(1.,-2.34827133276E-16,0.));
#15622 = PCURVE('',#12288,#15623);
#15623 = DEFINITIONAL_REPRESENTATION('',(#15624),#15627);
#15624 = B_SPLINE_CURVE_WITH_KNOTS('',1,(#15625,#15626),.UNSPECIFIED.,
  .F.,.F.,(2,2),(0.,1.570796326795),.PIECEWISE_BEZIER_KNOTS.);
#15625 = CARTESIAN_POINT('',(0.,0.));
#15626 = CARTESIAN_POINT('',(-1.570796326795,0.));
#15627 = ( GEOMETRIC_REPRESENTATION_CONTEXT(2) 
PARAMETRIC_REPRESENTATION_CONTEXT() REPRESENTATION_CONTEXT('2D SPACE',''
  ) );
#15628 = PCURVE('',#12343,#15629);
#15629 = DEFINITIONAL_REPRESENTATION('',(#15630),#15633);
#15630 = B_SPLINE_CURVE_WITH_KNOTS('',1,(#15631,#15632),.UNSPECIFIED.,
  .F.,.F.,(2,2),(0.,1.570796326795),.PIECEWISE_BEZIER_KNOTS.);
#15631 = CARTESIAN_POINT('',(1.570796326795,0.));
#15632 = CARTESIAN_POINT('',(1.570796326795,1.570796326795));
#15633 = ( GEOMETRIC_REPRESENTATION_CONTEXT(2) 
PARAMETRIC_REPRESENTATION_CONTEXT() REPRESENTATION_CONTEXT('2D SPACE',''
  ) );
#15634 = ORIENTED_EDGE('',*,*,#15434,.T.);
#15635 = ORIENTED_EDGE('',*,*,#15589,.F.);
#15636 = ORIENTED_EDGE('',*,*,#12272,.F.);
#15637 = ADVANCED_FACE('',(#15638),#12343,.F.);
#15638 = FACE_BOUND('',#15639,.F.);
#15639 = EDGE_LOOP('',(#15640,#15660,#15661,#15662));
#15640 = ORIENTED_EDGE('',*,*,#15641,.F.);
#15641 = EDGE_CURVE('',#12327,#15458,#15642,.T.);
#15642 = SURFACE_CURVE('',#15643,(#15648,#15654),.PCURVE_S1.);
#15643 = CIRCLE('',#15644,2.5);
#15644 = AXIS2_PLACEMENT_3D('',#15645,#15646,#15647);
#15645 = CARTESIAN_POINT('',(-34.1,6.,3.7));
#15646 = DIRECTION('',(-1.,0.,0.));
#15647 = DIRECTION('',(0.,1.,0.));
#15648 = PCURVE('',#12343,#15649);
#15649 = DEFINITIONAL_REPRESENTATION('',(#15650),#15653);
#15650 = B_SPLINE_CURVE_WITH_KNOTS('',1,(#15651,#15652),.UNSPECIFIED.,
  .F.,.F.,(2,2),(0.,1.570796326795),.PIECEWISE_BEZIER_KNOTS.);
#15651 = CARTESIAN_POINT('',(0.,0.));
#15652 = CARTESIAN_POINT('',(0.,1.570796326795));
#15653 = ( GEOMETRIC_REPRESENTATION_CONTEXT(2) 
PARAMETRIC_REPRESENTATION_CONTEXT() REPRESENTATION_CONTEXT('2D SPACE',''
  ) );
#15654 = PCURVE('',#12406,#15655);
#15655 = DEFINITIONAL_REPRESENTATION('',(#15656),#15659);
#15656 = B_SPLINE_CURVE_WITH_KNOTS('',1,(#15657,#15658),.UNSPECIFIED.,
  .F.,.F.,(2,2),(0.,1.570796326795),.PIECEWISE_BEZIER_KNOTS.);
#15657 = CARTESIAN_POINT('',(0.,5.));
#15658 = CARTESIAN_POINT('',(-1.570796326795,5.));
#15659 = ( GEOMETRIC_REPRESENTATION_CONTEXT(2) 
PARAMETRIC_REPRESENTATION_CONTEXT() REPRESENTATION_CONTEXT('2D SPACE',''
  ) );
#15660 = ORIENTED_EDGE('',*,*,#12326,.T.);
#15661 = ORIENTED_EDGE('',*,*,#15615,.T.);
#15662 = ORIENTED_EDGE('',*,*,#15457,.F.);
#15663 = ADVANCED_FACE('',(#15664),#12406,.F.);
#15664 = FACE_BOUND('',#15665,.T.);
#15665 = EDGE_LOOP('',(#15666,#15667,#15668,#15669));
#15666 = ORIENTED_EDGE('',*,*,#15539,.T.);
#15667 = ORIENTED_EDGE('',*,*,#15485,.T.);
#15668 = ORIENTED_EDGE('',*,*,#15641,.F.);
#15669 = ORIENTED_EDGE('',*,*,#12392,.F.);
#15670 = ADVANCED_FACE('',(#15671),#12463,.F.);
#15671 = FACE_BOUND('',#15672,.T.);
#15672 = EDGE_LOOP('',(#15673,#15695,#15723,#15743));
#15673 = ORIENTED_EDGE('',*,*,#15674,.T.);
#15674 = EDGE_CURVE('',#12425,#15675,#15677,.T.);
#15675 = VERTEX_POINT('',#15676);
#15676 = CARTESIAN_POINT('',(33.6,-5.5,1.2));
#15677 = SURFACE_CURVE('',#15678,(#15683,#15689),.PCURVE_S1.);
#15678 = CIRCLE('',#15679,2.5);
#15679 = AXIS2_PLACEMENT_3D('',#15680,#15681,#15682);
#15680 = CARTESIAN_POINT('',(33.6,-5.5,3.7));
#15681 = DIRECTION('',(0.,-1.,-0.));
#15682 = DIRECTION('',(-1.,-0.,0.));
#15683 = PCURVE('',#12463,#15684);
#15684 = DEFINITIONAL_REPRESENTATION('',(#15685),#15688);
#15685 = B_SPLINE_CURVE_WITH_KNOTS('',1,(#15686,#15687),.UNSPECIFIED.,
  .F.,.F.,(2,2),(0.,1.570796326795),.PIECEWISE_BEZIER_KNOTS.);
#15686 = CARTESIAN_POINT('',(0.,0.));
#15687 = CARTESIAN_POINT('',(-1.570796326795,0.));
#15688 = ( GEOMETRIC_REPRESENTATION_CONTEXT(2) 
PARAMETRIC_REPRESENTATION_CONTEXT() REPRESENTATION_CONTEXT('2D SPACE',''
  ) );
#15689 = PCURVE('',#12518,#15690);
#15690 = DEFINITIONAL_REPRESENTATION('',(#15691),#15694);
#15691 = B_SPLINE_CURVE_WITH_KNOTS('',1,(#15692,#15693),.UNSPECIFIED.,
  .F.,.F.,(2,2),(0.,1.570796326795),.PIECEWISE_BEZIER_KNOTS.);
#15692 = CARTESIAN_POINT('',(1.570796326795,0.));
#15693 = CARTESIAN_POINT('',(1.570796326795,1.570796326795));
#15694 = ( GEOMETRIC_REPRESENTATION_CONTEXT(2) 
PARAMETRIC_REPRESENTATION_CONTEXT() REPRESENTATION_CONTEXT('2D SPACE',''
  ) );
#15695 = ORIENTED_EDGE('',*,*,#15696,.T.);
#15696 = EDGE_CURVE('',#15675,#15697,#15699,.T.);
#15697 = VERTEX_POINT('',#15698);
#15698 = CARTESIAN_POINT('',(33.6,5.5,1.2));
#15699 = SURFACE_CURVE('',#15700,(#15704,#15711),.PCURVE_S1.);
#15700 = LINE('',#15701,#15702);
#15701 = CARTESIAN_POINT('',(33.6,-5.5,1.2));
#15702 = VECTOR('',#15703,1.);
#15703 = DIRECTION('',(-0.,1.,0.));
#15704 = PCURVE('',#12463,#15705);
#15705 = DEFINITIONAL_REPRESENTATION('',(#15706),#15710);
#15706 = LINE('',#15707,#15708);
#15707 = CARTESIAN_POINT('',(-1.570796326795,0.));
#15708 = VECTOR('',#15709,1.);
#15709 = DIRECTION('',(-0.,1.));
#15710 = ( GEOMETRIC_REPRESENTATION_CONTEXT(2) 
PARAMETRIC_REPRESENTATION_CONTEXT() REPRESENTATION_CONTEXT('2D SPACE',''
  ) );
#15711 = PCURVE('',#15712,#15717);
#15712 = PLANE('',#15713);
#15713 = AXIS2_PLACEMENT_3D('',#15714,#15715,#15716);
#15714 = CARTESIAN_POINT('',(31.1,-8.5,1.2));
#15715 = DIRECTION('',(0.,0.,1.));
#15716 = DIRECTION('',(1.,0.,-0.));
#15717 = DEFINITIONAL_REPRESENTATION('',(#15718),#15722);
#15718 = LINE('',#15719,#15720);
#15719 = CARTESIAN_POINT('',(2.5,3.));
#15720 = VECTOR('',#15721,1.);
#15721 = DIRECTION('',(0.,1.));
#15722 = ( GEOMETRIC_REPRESENTATION_CONTEXT(2) 
PARAMETRIC_REPRESENTATION_CONTEXT() REPRESENTATION_CONTEXT('2D SPACE',''
  ) );
#15723 = ORIENTED_EDGE('',*,*,#15724,.F.);
#15724 = EDGE_CURVE('',#12448,#15697,#15725,.T.);
#15725 = SURFACE_CURVE('',#15726,(#15731,#15737),.PCURVE_S1.);
#15726 = CIRCLE('',#15727,2.5);
#15727 = AXIS2_PLACEMENT_3D('',#15728,#15729,#15730);
#15728 = CARTESIAN_POINT('',(33.6,5.5,3.7));
#15729 = DIRECTION('',(0.,-1.,-0.));
#15730 = DIRECTION('',(-1.,-0.,0.));
#15731 = PCURVE('',#12463,#15732);
#15732 = DEFINITIONAL_REPRESENTATION('',(#15733),#15736);
#15733 = B_SPLINE_CURVE_WITH_KNOTS('',1,(#15734,#15735),.UNSPECIFIED.,
  .F.,.F.,(2,2),(0.,1.570796326795),.PIECEWISE_BEZIER_KNOTS.);
#15734 = CARTESIAN_POINT('',(0.,11.));
#15735 = CARTESIAN_POINT('',(-1.570796326795,11.));
#15736 = ( GEOMETRIC_REPRESENTATION_CONTEXT(2) 
PARAMETRIC_REPRESENTATION_CONTEXT() REPRESENTATION_CONTEXT('2D SPACE',''
  ) );
#15737 = PCURVE('',#12879,#15738);
#15738 = DEFINITIONAL_REPRESENTATION('',(#15739),#15742);
#15739 = B_SPLINE_CURVE_WITH_KNOTS('',1,(#15740,#15741),.UNSPECIFIED.,
  .F.,.F.,(2,2),(0.,1.570796326795),.PIECEWISE_BEZIER_KNOTS.);
#15740 = CARTESIAN_POINT('',(0.,0.));
#15741 = CARTESIAN_POINT('',(0.,1.570796326795));
#15742 = ( GEOMETRIC_REPRESENTATION_CONTEXT(2) 
PARAMETRIC_REPRESENTATION_CONTEXT() REPRESENTATION_CONTEXT('2D SPACE',''
  ) );
#15743 = ORIENTED_EDGE('',*,*,#12447,.F.);
#15744 = ADVANCED_FACE('',(#15745),#12518,.F.);
#15745 = FACE_BOUND('',#15746,.F.);
#15746 = EDGE_LOOP('',(#15747,#15769,#15770,#15771));
#15747 = ORIENTED_EDGE('',*,*,#15748,.F.);
#15748 = EDGE_CURVE('',#12502,#15749,#15751,.T.);
#15749 = VERTEX_POINT('',#15750);
#15750 = CARTESIAN_POINT('',(34.1,-6.,1.2));
#15751 = SURFACE_CURVE('',#15752,(#15757,#15763),.PCURVE_S1.);
#15752 = CIRCLE('',#15753,2.5);
#15753 = AXIS2_PLACEMENT_3D('',#15754,#15755,#15756);
#15754 = CARTESIAN_POINT('',(34.1,-6.,3.7));
#15755 = DIRECTION('',(1.,0.,0.));
#15756 = DIRECTION('',(0.,-1.,0.));
#15757 = PCURVE('',#12518,#15758);
#15758 = DEFINITIONAL_REPRESENTATION('',(#15759),#15762);
#15759 = B_SPLINE_CURVE_WITH_KNOTS('',1,(#15760,#15761),.UNSPECIFIED.,
  .F.,.F.,(2,2),(0.,1.570796326795),.PIECEWISE_BEZIER_KNOTS.);
#15760 = CARTESIAN_POINT('',(-2.22044604925E-16,0.));
#15761 = CARTESIAN_POINT('',(-2.22044604925E-16,1.570796326795));
#15762 = ( GEOMETRIC_REPRESENTATION_CONTEXT(2) 
PARAMETRIC_REPRESENTATION_CONTEXT() REPRESENTATION_CONTEXT('2D SPACE',''
  ) );
#15763 = PCURVE('',#12583,#15764);
#15764 = DEFINITIONAL_REPRESENTATION('',(#15765),#15768);
#15765 = B_SPLINE_CURVE_WITH_KNOTS('',1,(#15766,#15767),.UNSPECIFIED.,
  .F.,.F.,(2,2),(0.,1.570796326795),.PIECEWISE_BEZIER_KNOTS.);
#15766 = CARTESIAN_POINT('',(0.,5.));
#15767 = CARTESIAN_POINT('',(-1.570796326795,5.));
#15768 = ( GEOMETRIC_REPRESENTATION_CONTEXT(2) 
PARAMETRIC_REPRESENTATION_CONTEXT() REPRESENTATION_CONTEXT('2D SPACE',''
  ) );
#15769 = ORIENTED_EDGE('',*,*,#12501,.T.);
#15770 = ORIENTED_EDGE('',*,*,#15674,.T.);
#15771 = ORIENTED_EDGE('',*,*,#15772,.F.);
#15772 = EDGE_CURVE('',#15749,#15675,#15773,.T.);
#15773 = SURFACE_CURVE('',#15774,(#15779,#15786),.PCURVE_S1.);
#15774 = CIRCLE('',#15775,0.5);
#15775 = AXIS2_PLACEMENT_3D('',#15776,#15777,#15778);
#15776 = CARTESIAN_POINT('',(34.1,-5.5,1.2));
#15777 = DIRECTION('',(-0.,0.,-1.));
#15778 = DIRECTION('',(-2.960594732334E-16,-1.,0.));
#15779 = PCURVE('',#12518,#15780);
#15780 = DEFINITIONAL_REPRESENTATION('',(#15781),#15785);
#15781 = LINE('',#15782,#15783);
#15782 = CARTESIAN_POINT('',(0.,1.570796326795));
#15783 = VECTOR('',#15784,1.);
#15784 = DIRECTION('',(1.,0.));
#15785 = ( GEOMETRIC_REPRESENTATION_CONTEXT(2) 
PARAMETRIC_REPRESENTATION_CONTEXT() REPRESENTATION_CONTEXT('2D SPACE',''
  ) );
#15786 = PCURVE('',#15712,#15787);
#15787 = DEFINITIONAL_REPRESENTATION('',(#15788),#15796);
#15788 = ( BOUNDED_CURVE() B_SPLINE_CURVE(2,(#15789,#15790,#15791,#15792
    ,#15793,#15794,#15795),.UNSPECIFIED.,.T.,.F.) 
B_SPLINE_CURVE_WITH_KNOTS((1,2,2,2,2,1),(-2.094395102393,0.,
    2.094395102393,4.188790204786,6.28318530718,8.377580409573),
.UNSPECIFIED.) CURVE() GEOMETRIC_REPRESENTATION_ITEM() 
RATIONAL_B_SPLINE_CURVE((1.,0.5,1.,0.5,1.,0.5,1.)) REPRESENTATION_ITEM(
  '') );
#15789 = CARTESIAN_POINT('',(3.,2.5));
#15790 = CARTESIAN_POINT('',(2.133974596216,2.5));
#15791 = CARTESIAN_POINT('',(2.566987298108,3.25));
#15792 = CARTESIAN_POINT('',(3.,4.));
#15793 = CARTESIAN_POINT('',(3.433012701892,3.25));
#15794 = CARTESIAN_POINT('',(3.866025403784,2.5));
#15795 = CARTESIAN_POINT('',(3.,2.5));
#15796 = ( GEOMETRIC_REPRESENTATION_CONTEXT(2) 
PARAMETRIC_REPRESENTATION_CONTEXT() REPRESENTATION_CONTEXT('2D SPACE',''
  ) );
#15797 = ADVANCED_FACE('',(#15798),#12583,.F.);
#15798 = FACE_BOUND('',#15799,.T.);
#15799 = EDGE_LOOP('',(#15800,#15822,#15843,#15844));
#15800 = ORIENTED_EDGE('',*,*,#15801,.T.);
#15801 = EDGE_CURVE('',#12568,#15802,#15804,.T.);
#15802 = VERTEX_POINT('',#15803);
#15803 = CARTESIAN_POINT('',(39.1,-6.,1.2));
#15804 = SURFACE_CURVE('',#15805,(#15810,#15816),.PCURVE_S1.);
#15805 = CIRCLE('',#15806,2.5);
#15806 = AXIS2_PLACEMENT_3D('',#15807,#15808,#15809);
#15807 = CARTESIAN_POINT('',(39.1,-6.,3.7));
#15808 = DIRECTION('',(1.,6.123233995737E-17,0.));
#15809 = DIRECTION('',(6.123233995737E-17,-1.,0.));
#15810 = PCURVE('',#12583,#15811);
#15811 = DEFINITIONAL_REPRESENTATION('',(#15812),#15815);
#15812 = B_SPLINE_CURVE_WITH_KNOTS('',1,(#15813,#15814),.UNSPECIFIED.,
  .F.,.F.,(2,2),(0.,1.570796326795),.PIECEWISE_BEZIER_KNOTS.);
#15813 = CARTESIAN_POINT('',(0.,0.));
#15814 = CARTESIAN_POINT('',(-1.570796326795,0.));
#15815 = ( GEOMETRIC_REPRESENTATION_CONTEXT(2) 
PARAMETRIC_REPRESENTATION_CONTEXT() REPRESENTATION_CONTEXT('2D SPACE',''
  ) );
#15816 = PCURVE('',#12659,#15817);
#15817 = DEFINITIONAL_REPRESENTATION('',(#15818),#15821);
#15818 = B_SPLINE_CURVE_WITH_KNOTS('',1,(#15819,#15820),.UNSPECIFIED.,
  .F.,.F.,(2,2),(0.,1.570796326795),.PIECEWISE_BEZIER_KNOTS.);
#15819 = CARTESIAN_POINT('',(1.570796326795,0.));
#15820 = CARTESIAN_POINT('',(1.570796326795,1.570796326795));
#15821 = ( GEOMETRIC_REPRESENTATION_CONTEXT(2) 
PARAMETRIC_REPRESENTATION_CONTEXT() REPRESENTATION_CONTEXT('2D SPACE',''
  ) );
#15822 = ORIENTED_EDGE('',*,*,#15823,.T.);
#15823 = EDGE_CURVE('',#15802,#15749,#15824,.T.);
#15824 = SURFACE_CURVE('',#15825,(#15829,#15836),.PCURVE_S1.);
#15825 = LINE('',#15826,#15827);
#15826 = CARTESIAN_POINT('',(39.1,-6.,1.2));
#15827 = VECTOR('',#15828,1.);
#15828 = DIRECTION('',(-1.,-0.,0.));
#15829 = PCURVE('',#12583,#15830);
#15830 = DEFINITIONAL_REPRESENTATION('',(#15831),#15835);
#15831 = LINE('',#15832,#15833);
#15832 = CARTESIAN_POINT('',(-1.570796326795,0.));
#15833 = VECTOR('',#15834,1.);
#15834 = DIRECTION('',(-0.,1.));
#15835 = ( GEOMETRIC_REPRESENTATION_CONTEXT(2) 
PARAMETRIC_REPRESENTATION_CONTEXT() REPRESENTATION_CONTEXT('2D SPACE',''
  ) );
#15836 = PCURVE('',#15712,#15837);
#15837 = DEFINITIONAL_REPRESENTATION('',(#15838),#15842);
#15838 = LINE('',#15839,#15840);
#15839 = CARTESIAN_POINT('',(8.,2.5));
#15840 = VECTOR('',#15841,1.);
#15841 = DIRECTION('',(-1.,0.));
#15842 = ( GEOMETRIC_REPRESENTATION_CONTEXT(2) 
PARAMETRIC_REPRESENTATION_CONTEXT() REPRESENTATION_CONTEXT('2D SPACE',''
  ) );
#15843 = ORIENTED_EDGE('',*,*,#15748,.F.);
#15844 = ORIENTED_EDGE('',*,*,#12567,.F.);
#15845 = ADVANCED_FACE('',(#15846),#12659,.F.);
#15846 = FACE_BOUND('',#15847,.F.);
#15847 = EDGE_LOOP('',(#15848,#15870,#15871,#15872));
#15848 = ORIENTED_EDGE('',*,*,#15849,.F.);
#15849 = EDGE_CURVE('',#12622,#15850,#15852,.T.);
#15850 = VERTEX_POINT('',#15851);
#15851 = CARTESIAN_POINT('',(39.6,-5.5,1.2));
#15852 = SURFACE_CURVE('',#15853,(#15858,#15864),.PCURVE_S1.);
#15853 = CIRCLE('',#15854,2.5);
#15854 = AXIS2_PLACEMENT_3D('',#15855,#15856,#15857);
#15855 = CARTESIAN_POINT('',(39.6,-5.5,3.7));
#15856 = DIRECTION('',(-0.,1.,0.));
#15857 = DIRECTION('',(1.,0.,0.));
#15858 = PCURVE('',#12659,#15859);
#15859 = DEFINITIONAL_REPRESENTATION('',(#15860),#15863);
#15860 = B_SPLINE_CURVE_WITH_KNOTS('',1,(#15861,#15862),.UNSPECIFIED.,
  .F.,.F.,(2,2),(0.,1.570796326795),.PIECEWISE_BEZIER_KNOTS.);
#15861 = CARTESIAN_POINT('',(0.,0.));
#15862 = CARTESIAN_POINT('',(0.,1.570796326795));
#15863 = ( GEOMETRIC_REPRESENTATION_CONTEXT(2) 
PARAMETRIC_REPRESENTATION_CONTEXT() REPRESENTATION_CONTEXT('2D SPACE',''
  ) );
#15864 = PCURVE('',#12705,#15865);
#15865 = DEFINITIONAL_REPRESENTATION('',(#15866),#15869);
#15866 = B_SPLINE_CURVE_WITH_KNOTS('',1,(#15867,#15868),.UNSPECIFIED.,
  .F.,.F.,(2,2),(0.,1.570796326795),.PIECEWISE_BEZIER_KNOTS.);
#15867 = CARTESIAN_POINT('',(0.,11.));
#15868 = CARTESIAN_POINT('',(-1.570796326795,11.));
#15869 = ( GEOMETRIC_REPRESENTATION_CONTEXT(2) 
PARAMETRIC_REPRESENTATION_CONTEXT() REPRESENTATION_CONTEXT('2D SPACE',''
  ) );
#15870 = ORIENTED_EDGE('',*,*,#12644,.T.);
#15871 = ORIENTED_EDGE('',*,*,#15801,.T.);
#15872 = ORIENTED_EDGE('',*,*,#15873,.F.);
#15873 = EDGE_CURVE('',#15850,#15802,#15874,.T.);
#15874 = SURFACE_CURVE('',#15875,(#15880,#15887),.PCURVE_S1.);
#15875 = CIRCLE('',#15876,0.5);
#15876 = AXIS2_PLACEMENT_3D('',#15877,#15878,#15879);
#15877 = CARTESIAN_POINT('',(39.1,-5.5,1.2));
#15878 = DIRECTION('',(0.,-0.,-1.));
#15879 = DIRECTION('',(1.,0.,-0.));
#15880 = PCURVE('',#12659,#15881);
#15881 = DEFINITIONAL_REPRESENTATION('',(#15882),#15886);
#15882 = LINE('',#15883,#15884);
#15883 = CARTESIAN_POINT('',(0.,1.570796326795));
#15884 = VECTOR('',#15885,1.);
#15885 = DIRECTION('',(1.,0.));
#15886 = ( GEOMETRIC_REPRESENTATION_CONTEXT(2) 
PARAMETRIC_REPRESENTATION_CONTEXT() REPRESENTATION_CONTEXT('2D SPACE',''
  ) );
#15887 = PCURVE('',#15712,#15888);
#15888 = DEFINITIONAL_REPRESENTATION('',(#15889),#15897);
#15889 = ( BOUNDED_CURVE() B_SPLINE_CURVE(2,(#15890,#15891,#15892,#15893
    ,#15894,#15895,#15896),.UNSPECIFIED.,.T.,.F.) 
B_SPLINE_CURVE_WITH_KNOTS((1,2,2,2,2,1),(-2.094395102393,0.,
    2.094395102393,4.188790204786,6.28318530718,8.377580409573),
.UNSPECIFIED.) CURVE() GEOMETRIC_REPRESENTATION_ITEM() 
RATIONAL_B_SPLINE_CURVE((1.,0.5,1.,0.5,1.,0.5,1.)) REPRESENTATION_ITEM(
  '') );
#15890 = CARTESIAN_POINT('',(8.5,3.));
#15891 = CARTESIAN_POINT('',(8.5,2.133974596216));
#15892 = CARTESIAN_POINT('',(7.75,2.566987298108));
#15893 = CARTESIAN_POINT('',(7.,3.));
#15894 = CARTESIAN_POINT('',(7.75,3.433012701892));
#15895 = CARTESIAN_POINT('',(8.5,3.866025403784));
#15896 = CARTESIAN_POINT('',(8.5,3.));
#15897 = ( GEOMETRIC_REPRESENTATION_CONTEXT(2) 
PARAMETRIC_REPRESENTATION_CONTEXT() REPRESENTATION_CONTEXT('2D SPACE',''
  ) );
#15898 = ADVANCED_FACE('',(#15899),#12705,.F.);
#15899 = FACE_BOUND('',#15900,.T.);
#15900 = EDGE_LOOP('',(#15901,#15923,#15944,#15945));
#15901 = ORIENTED_EDGE('',*,*,#15902,.T.);
#15902 = EDGE_CURVE('',#12690,#15903,#15905,.T.);
#15903 = VERTEX_POINT('',#15904);
#15904 = CARTESIAN_POINT('',(39.6,5.5,1.2));
#15905 = SURFACE_CURVE('',#15906,(#15911,#15917),.PCURVE_S1.);
#15906 = CIRCLE('',#15907,2.5);
#15907 = AXIS2_PLACEMENT_3D('',#15908,#15909,#15910);
#15908 = CARTESIAN_POINT('',(39.6,5.5,3.7));
#15909 = DIRECTION('',(2.34827133276E-16,1.,0.));
#15910 = DIRECTION('',(1.,-2.34827133276E-16,0.));
#15911 = PCURVE('',#12705,#15912);
#15912 = DEFINITIONAL_REPRESENTATION('',(#15913),#15916);
#15913 = B_SPLINE_CURVE_WITH_KNOTS('',1,(#15914,#15915),.UNSPECIFIED.,
  .F.,.F.,(2,2),(0.,1.570796326795),.PIECEWISE_BEZIER_KNOTS.);
#15914 = CARTESIAN_POINT('',(0.,0.));
#15915 = CARTESIAN_POINT('',(-1.570796326795,0.));
#15916 = ( GEOMETRIC_REPRESENTATION_CONTEXT(2) 
PARAMETRIC_REPRESENTATION_CONTEXT() REPRESENTATION_CONTEXT('2D SPACE',''
  ) );
#15917 = PCURVE('',#12760,#15918);
#15918 = DEFINITIONAL_REPRESENTATION('',(#15919),#15922);
#15919 = B_SPLINE_CURVE_WITH_KNOTS('',1,(#15920,#15921),.UNSPECIFIED.,
  .F.,.F.,(2,2),(0.,1.570796326795),.PIECEWISE_BEZIER_KNOTS.);
#15920 = CARTESIAN_POINT('',(1.570796326795,0.));
#15921 = CARTESIAN_POINT('',(1.570796326795,1.570796326795));
#15922 = ( GEOMETRIC_REPRESENTATION_CONTEXT(2) 
PARAMETRIC_REPRESENTATION_CONTEXT() REPRESENTATION_CONTEXT('2D SPACE',''
  ) );
#15923 = ORIENTED_EDGE('',*,*,#15924,.T.);
#15924 = EDGE_CURVE('',#15903,#15850,#15925,.T.);
#15925 = SURFACE_CURVE('',#15926,(#15930,#15937),.PCURVE_S1.);
#15926 = LINE('',#15927,#15928);
#15927 = CARTESIAN_POINT('',(39.6,5.5,1.2));
#15928 = VECTOR('',#15929,1.);
#15929 = DIRECTION('',(0.,-1.,-0.));
#15930 = PCURVE('',#12705,#15931);
#15931 = DEFINITIONAL_REPRESENTATION('',(#15932),#15936);
#15932 = LINE('',#15933,#15934);
#15933 = CARTESIAN_POINT('',(-1.570796326795,0.));
#15934 = VECTOR('',#15935,1.);
#15935 = DIRECTION('',(-0.,1.));
#15936 = ( GEOMETRIC_REPRESENTATION_CONTEXT(2) 
PARAMETRIC_REPRESENTATION_CONTEXT() REPRESENTATION_CONTEXT('2D SPACE',''
  ) );
#15937 = PCURVE('',#15712,#15938);
#15938 = DEFINITIONAL_REPRESENTATION('',(#15939),#15943);
#15939 = LINE('',#15940,#15941);
#15940 = CARTESIAN_POINT('',(8.5,14.));
#15941 = VECTOR('',#15942,1.);
#15942 = DIRECTION('',(0.,-1.));
#15943 = ( GEOMETRIC_REPRESENTATION_CONTEXT(2) 
PARAMETRIC_REPRESENTATION_CONTEXT() REPRESENTATION_CONTEXT('2D SPACE',''
  ) );
#15944 = ORIENTED_EDGE('',*,*,#15849,.F.);
#15945 = ORIENTED_EDGE('',*,*,#12689,.F.);
#15946 = ADVANCED_FACE('',(#15947),#12760,.F.);
#15947 = FACE_BOUND('',#15948,.F.);
#15948 = EDGE_LOOP('',(#15949,#15971,#15972,#15973));
#15949 = ORIENTED_EDGE('',*,*,#15950,.F.);
#15950 = EDGE_CURVE('',#12744,#15951,#15953,.T.);
#15951 = VERTEX_POINT('',#15952);
#15952 = CARTESIAN_POINT('',(39.1,6.,1.2));
#15953 = SURFACE_CURVE('',#15954,(#15959,#15965),.PCURVE_S1.);
#15954 = CIRCLE('',#15955,2.5);
#15955 = AXIS2_PLACEMENT_3D('',#15956,#15957,#15958);
#15956 = CARTESIAN_POINT('',(39.1,6.,3.7));
#15957 = DIRECTION('',(-1.,0.,0.));
#15958 = DIRECTION('',(0.,1.,0.));
#15959 = PCURVE('',#12760,#15960);
#15960 = DEFINITIONAL_REPRESENTATION('',(#15961),#15964);
#15961 = B_SPLINE_CURVE_WITH_KNOTS('',1,(#15962,#15963),.UNSPECIFIED.,
  .F.,.F.,(2,2),(0.,1.570796326795),.PIECEWISE_BEZIER_KNOTS.);
#15962 = CARTESIAN_POINT('',(0.,0.));
#15963 = CARTESIAN_POINT('',(0.,1.570796326795));
#15964 = ( GEOMETRIC_REPRESENTATION_CONTEXT(2) 
PARAMETRIC_REPRESENTATION_CONTEXT() REPRESENTATION_CONTEXT('2D SPACE',''
  ) );
#15965 = PCURVE('',#12825,#15966);
#15966 = DEFINITIONAL_REPRESENTATION('',(#15967),#15970);
#15967 = B_SPLINE_CURVE_WITH_KNOTS('',1,(#15968,#15969),.UNSPECIFIED.,
  .F.,.F.,(2,2),(0.,1.570796326795),.PIECEWISE_BEZIER_KNOTS.);
#15968 = CARTESIAN_POINT('',(0.,5.));
#15969 = CARTESIAN_POINT('',(-1.570796326795,5.));
#15970 = ( GEOMETRIC_REPRESENTATION_CONTEXT(2) 
PARAMETRIC_REPRESENTATION_CONTEXT() REPRESENTATION_CONTEXT('2D SPACE',''
  ) );
#15971 = ORIENTED_EDGE('',*,*,#12743,.T.);
#15972 = ORIENTED_EDGE('',*,*,#15902,.T.);
#15973 = ORIENTED_EDGE('',*,*,#15974,.F.);
#15974 = EDGE_CURVE('',#15951,#15903,#15975,.T.);
#15975 = SURFACE_CURVE('',#15976,(#15981,#15988),.PCURVE_S1.);
#15976 = CIRCLE('',#15977,0.5);
#15977 = AXIS2_PLACEMENT_3D('',#15978,#15979,#15980);
#15978 = CARTESIAN_POINT('',(39.1,5.5,1.2));
#15979 = DIRECTION('',(0.,-0.,-1.));
#15980 = DIRECTION('',(2.960594732334E-16,1.,-0.));
#15981 = PCURVE('',#12760,#15982);
#15982 = DEFINITIONAL_REPRESENTATION('',(#15983),#15987);
#15983 = LINE('',#15984,#15985);
#15984 = CARTESIAN_POINT('',(0.,1.570796326795));
#15985 = VECTOR('',#15986,1.);
#15986 = DIRECTION('',(1.,0.));
#15987 = ( GEOMETRIC_REPRESENTATION_CONTEXT(2) 
PARAMETRIC_REPRESENTATION_CONTEXT() REPRESENTATION_CONTEXT('2D SPACE',''
  ) );
#15988 = PCURVE('',#15712,#15989);
#15989 = DEFINITIONAL_REPRESENTATION('',(#15990),#15998);
#15990 = ( BOUNDED_CURVE() B_SPLINE_CURVE(2,(#15991,#15992,#15993,#15994
    ,#15995,#15996,#15997),.UNSPECIFIED.,.T.,.F.) 
B_SPLINE_CURVE_WITH_KNOTS((1,2,2,2,2,1),(-2.094395102393,0.,
    2.094395102393,4.188790204786,6.28318530718,8.377580409573),
.UNSPECIFIED.) CURVE() GEOMETRIC_REPRESENTATION_ITEM() 
RATIONAL_B_SPLINE_CURVE((1.,0.5,1.,0.5,1.,0.5,1.)) REPRESENTATION_ITEM(
  '') );
#15991 = CARTESIAN_POINT('',(8.,14.5));
#15992 = CARTESIAN_POINT('',(8.866025403784,14.5));
#15993 = CARTESIAN_POINT('',(8.433012701892,13.75));
#15994 = CARTESIAN_POINT('',(8.,13.));
#15995 = CARTESIAN_POINT('',(7.566987298108,13.75));
#15996 = CARTESIAN_POINT('',(7.133974596216,14.5));
#15997 = CARTESIAN_POINT('',(8.,14.5));
#15998 = ( GEOMETRIC_REPRESENTATION_CONTEXT(2) 
PARAMETRIC_REPRESENTATION_CONTEXT() REPRESENTATION_CONTEXT('2D SPACE',''
  ) );
#15999 = ADVANCED_FACE('',(#16000),#12825,.F.);
#16000 = FACE_BOUND('',#16001,.T.);
#16001 = EDGE_LOOP('',(#16002,#16024,#16045,#16046));
#16002 = ORIENTED_EDGE('',*,*,#16003,.T.);
#16003 = EDGE_CURVE('',#12810,#16004,#16006,.T.);
#16004 = VERTEX_POINT('',#16005);
#16005 = CARTESIAN_POINT('',(34.1,6.,1.2));
#16006 = SURFACE_CURVE('',#16007,(#16012,#16018),.PCURVE_S1.);
#16007 = CIRCLE('',#16008,2.5);
#16008 = AXIS2_PLACEMENT_3D('',#16009,#16010,#16011);
#16009 = CARTESIAN_POINT('',(34.1,6.,3.7));
#16010 = DIRECTION('',(-1.,2.34827133276E-16,0.));
#16011 = DIRECTION('',(2.34827133276E-16,1.,0.));
#16012 = PCURVE('',#12825,#16013);
#16013 = DEFINITIONAL_REPRESENTATION('',(#16014),#16017);
#16014 = B_SPLINE_CURVE_WITH_KNOTS('',1,(#16015,#16016),.UNSPECIFIED.,
  .F.,.F.,(2,2),(0.,1.570796326795),.PIECEWISE_BEZIER_KNOTS.);
#16015 = CARTESIAN_POINT('',(0.,0.));
#16016 = CARTESIAN_POINT('',(-1.570796326795,0.));
#16017 = ( GEOMETRIC_REPRESENTATION_CONTEXT(2) 
PARAMETRIC_REPRESENTATION_CONTEXT() REPRESENTATION_CONTEXT('2D SPACE',''
  ) );
#16018 = PCURVE('',#12879,#16019);
#16019 = DEFINITIONAL_REPRESENTATION('',(#16020),#16023);
#16020 = B_SPLINE_CURVE_WITH_KNOTS('',1,(#16021,#16022),.UNSPECIFIED.,
  .F.,.F.,(2,2),(0.,1.570796326795),.PIECEWISE_BEZIER_KNOTS.);
#16021 = CARTESIAN_POINT('',(1.570796326795,0.));
#16022 = CARTESIAN_POINT('',(1.570796326795,1.570796326795));
#16023 = ( GEOMETRIC_REPRESENTATION_CONTEXT(2) 
PARAMETRIC_REPRESENTATION_CONTEXT() REPRESENTATION_CONTEXT('2D SPACE',''
  ) );
#16024 = ORIENTED_EDGE('',*,*,#16025,.T.);
#16025 = EDGE_CURVE('',#16004,#15951,#16026,.T.);
#16026 = SURFACE_CURVE('',#16027,(#16031,#16038),.PCURVE_S1.);
#16027 = LINE('',#16028,#16029);
#16028 = CARTESIAN_POINT('',(34.1,6.,1.2));
#16029 = VECTOR('',#16030,1.);
#16030 = DIRECTION('',(1.,0.,-0.));
#16031 = PCURVE('',#12825,#16032);
#16032 = DEFINITIONAL_REPRESENTATION('',(#16033),#16037);
#16033 = LINE('',#16034,#16035);
#16034 = CARTESIAN_POINT('',(-1.570796326795,0.));
#16035 = VECTOR('',#16036,1.);
#16036 = DIRECTION('',(-0.,1.));
#16037 = ( GEOMETRIC_REPRESENTATION_CONTEXT(2) 
PARAMETRIC_REPRESENTATION_CONTEXT() REPRESENTATION_CONTEXT('2D SPACE',''
  ) );
#16038 = PCURVE('',#15712,#16039);
#16039 = DEFINITIONAL_REPRESENTATION('',(#16040),#16044);
#16040 = LINE('',#16041,#16042);
#16041 = CARTESIAN_POINT('',(3.,14.5));
#16042 = VECTOR('',#16043,1.);
#16043 = DIRECTION('',(1.,0.));
#16044 = ( GEOMETRIC_REPRESENTATION_CONTEXT(2) 
PARAMETRIC_REPRESENTATION_CONTEXT() REPRESENTATION_CONTEXT('2D SPACE',''
  ) );
#16045 = ORIENTED_EDGE('',*,*,#15950,.F.);
#16046 = ORIENTED_EDGE('',*,*,#12809,.F.);
#16047 = ADVANCED_FACE('',(#16048),#12879,.F.);
#16048 = FACE_BOUND('',#16049,.F.);
#16049 = EDGE_LOOP('',(#16050,#16051,#16052,#16053));
#16050 = ORIENTED_EDGE('',*,*,#15724,.F.);
#16051 = ORIENTED_EDGE('',*,*,#12864,.T.);
#16052 = ORIENTED_EDGE('',*,*,#16003,.T.);
#16053 = ORIENTED_EDGE('',*,*,#16054,.F.);
#16054 = EDGE_CURVE('',#15697,#16004,#16055,.T.);
#16055 = SURFACE_CURVE('',#16056,(#16061,#16068),.PCURVE_S1.);
#16056 = CIRCLE('',#16057,0.5);
#16057 = AXIS2_PLACEMENT_3D('',#16058,#16059,#16060);
#16058 = CARTESIAN_POINT('',(34.1,5.5,1.2));
#16059 = DIRECTION('',(-0.,0.,-1.));
#16060 = DIRECTION('',(-1.,2.960594732334E-16,0.));
#16061 = PCURVE('',#12879,#16062);
#16062 = DEFINITIONAL_REPRESENTATION('',(#16063),#16067);
#16063 = LINE('',#16064,#16065);
#16064 = CARTESIAN_POINT('',(0.,1.570796326795));
#16065 = VECTOR('',#16066,1.);
#16066 = DIRECTION('',(1.,0.));
#16067 = ( GEOMETRIC_REPRESENTATION_CONTEXT(2) 
PARAMETRIC_REPRESENTATION_CONTEXT() REPRESENTATION_CONTEXT('2D SPACE',''
  ) );
#16068 = PCURVE('',#15712,#16069);
#16069 = DEFINITIONAL_REPRESENTATION('',(#16070),#16078);
#16070 = ( BOUNDED_CURVE() B_SPLINE_CURVE(2,(#16071,#16072,#16073,#16074
    ,#16075,#16076,#16077),.UNSPECIFIED.,.T.,.F.) 
B_SPLINE_CURVE_WITH_KNOTS((1,2,2,2,2,1),(-2.094395102393,0.,
    2.094395102393,4.188790204786,6.28318530718,8.377580409573),
.UNSPECIFIED.) CURVE() GEOMETRIC_REPRESENTATION_ITEM() 
RATIONAL_B_SPLINE_CURVE((1.,0.5,1.,0.5,1.,0.5,1.)) REPRESENTATION_ITEM(
  '') );
#16071 = CARTESIAN_POINT('',(2.5,14.));
#16072 = CARTESIAN_POINT('',(2.5,14.866025403784));
#16073 = CARTESIAN_POINT('',(3.25,14.433012701892));
#16074 = CARTESIAN_POINT('',(4.,14.));
#16075 = CARTESIAN_POINT('',(3.25,13.566987298108));
#16076 = CARTESIAN_POINT('',(2.5,13.133974596216));
#16077 = CARTESIAN_POINT('',(2.5,14.));
#16078 = ( GEOMETRIC_REPRESENTATION_CONTEXT(2) 
PARAMETRIC_REPRESENTATION_CONTEXT() REPRESENTATION_CONTEXT('2D SPACE',''
  ) );
#16079 = ADVANCED_FACE('',(#16080),#12947,.F.);
#16080 = FACE_BOUND('',#16081,.T.);
#16081 = EDGE_LOOP('',(#16082,#16104,#16132,#16152));
#16082 = ORIENTED_EDGE('',*,*,#16083,.T.);
#16083 = EDGE_CURVE('',#12909,#16084,#16086,.T.);
#16084 = VERTEX_POINT('',#16085);
#16085 = CARTESIAN_POINT('',(21.4,-5.5,1.2));
#16086 = SURFACE_CURVE('',#16087,(#16092,#16098),.PCURVE_S1.);
#16087 = CIRCLE('',#16088,2.5);
#16088 = AXIS2_PLACEMENT_3D('',#16089,#16090,#16091);
#16089 = CARTESIAN_POINT('',(21.4,-5.5,3.7));
#16090 = DIRECTION('',(0.,-1.,-0.));
#16091 = DIRECTION('',(-1.,-0.,0.));
#16092 = PCURVE('',#12947,#16093);
#16093 = DEFINITIONAL_REPRESENTATION('',(#16094),#16097);
#16094 = B_SPLINE_CURVE_WITH_KNOTS('',1,(#16095,#16096),.UNSPECIFIED.,
  .F.,.F.,(2,2),(0.,1.570796326795),.PIECEWISE_BEZIER_KNOTS.);
#16095 = CARTESIAN_POINT('',(0.,0.));
#16096 = CARTESIAN_POINT('',(-1.570796326795,0.));
#16097 = ( GEOMETRIC_REPRESENTATION_CONTEXT(2) 
PARAMETRIC_REPRESENTATION_CONTEXT() REPRESENTATION_CONTEXT('2D SPACE',''
  ) );
#16098 = PCURVE('',#13002,#16099);
#16099 = DEFINITIONAL_REPRESENTATION('',(#16100),#16103);
#16100 = B_SPLINE_CURVE_WITH_KNOTS('',1,(#16101,#16102),.UNSPECIFIED.,
  .F.,.F.,(2,2),(0.,1.570796326795),.PIECEWISE_BEZIER_KNOTS.);
#16101 = CARTESIAN_POINT('',(1.570796326795,0.));
#16102 = CARTESIAN_POINT('',(1.570796326795,1.570796326795));
#16103 = ( GEOMETRIC_REPRESENTATION_CONTEXT(2) 
PARAMETRIC_REPRESENTATION_CONTEXT() REPRESENTATION_CONTEXT('2D SPACE',''
  ) );
#16104 = ORIENTED_EDGE('',*,*,#16105,.T.);
#16105 = EDGE_CURVE('',#16084,#16106,#16108,.T.);
#16106 = VERTEX_POINT('',#16107);
#16107 = CARTESIAN_POINT('',(21.4,5.5,1.2));
#16108 = SURFACE_CURVE('',#16109,(#16113,#16120),.PCURVE_S1.);
#16109 = LINE('',#16110,#16111);
#16110 = CARTESIAN_POINT('',(21.4,-5.5,1.2));
#16111 = VECTOR('',#16112,1.);
#16112 = DIRECTION('',(-0.,1.,0.));
#16113 = PCURVE('',#12947,#16114);
#16114 = DEFINITIONAL_REPRESENTATION('',(#16115),#16119);
#16115 = LINE('',#16116,#16117);
#16116 = CARTESIAN_POINT('',(-1.570796326795,0.));
#16117 = VECTOR('',#16118,1.);
#16118 = DIRECTION('',(-0.,1.));
#16119 = ( GEOMETRIC_REPRESENTATION_CONTEXT(2) 
PARAMETRIC_REPRESENTATION_CONTEXT() REPRESENTATION_CONTEXT('2D SPACE',''
  ) );
#16120 = PCURVE('',#16121,#16126);
#16121 = PLANE('',#16122);
#16122 = AXIS2_PLACEMENT_3D('',#16123,#16124,#16125);
#16123 = CARTESIAN_POINT('',(18.9,-8.5,1.2));
#16124 = DIRECTION('',(0.,0.,1.));
#16125 = DIRECTION('',(1.,0.,-0.));
#16126 = DEFINITIONAL_REPRESENTATION('',(#16127),#16131);
#16127 = LINE('',#16128,#16129);
#16128 = CARTESIAN_POINT('',(2.5,3.));
#16129 = VECTOR('',#16130,1.);
#16130 = DIRECTION('',(0.,1.));
#16131 = ( GEOMETRIC_REPRESENTATION_CONTEXT(2) 
PARAMETRIC_REPRESENTATION_CONTEXT() REPRESENTATION_CONTEXT('2D SPACE',''
  ) );
#16132 = ORIENTED_EDGE('',*,*,#16133,.F.);
#16133 = EDGE_CURVE('',#12932,#16106,#16134,.T.);
#16134 = SURFACE_CURVE('',#16135,(#16140,#16146),.PCURVE_S1.);
#16135 = CIRCLE('',#16136,2.5);
#16136 = AXIS2_PLACEMENT_3D('',#16137,#16138,#16139);
#16137 = CARTESIAN_POINT('',(21.4,5.5,3.7));
#16138 = DIRECTION('',(0.,-1.,-0.));
#16139 = DIRECTION('',(-1.,-0.,0.));
#16140 = PCURVE('',#12947,#16141);
#16141 = DEFINITIONAL_REPRESENTATION('',(#16142),#16145);
#16142 = B_SPLINE_CURVE_WITH_KNOTS('',1,(#16143,#16144),.UNSPECIFIED.,
  .F.,.F.,(2,2),(0.,1.570796326795),.PIECEWISE_BEZIER_KNOTS.);
#16143 = CARTESIAN_POINT('',(0.,11.));
#16144 = CARTESIAN_POINT('',(-1.570796326795,11.));
#16145 = ( GEOMETRIC_REPRESENTATION_CONTEXT(2) 
PARAMETRIC_REPRESENTATION_CONTEXT() REPRESENTATION_CONTEXT('2D SPACE',''
  ) );
#16146 = PCURVE('',#13363,#16147);
#16147 = DEFINITIONAL_REPRESENTATION('',(#16148),#16151);
#16148 = B_SPLINE_CURVE_WITH_KNOTS('',1,(#16149,#16150),.UNSPECIFIED.,
  .F.,.F.,(2,2),(0.,1.570796326795),.PIECEWISE_BEZIER_KNOTS.);
#16149 = CARTESIAN_POINT('',(0.,0.));
#16150 = CARTESIAN_POINT('',(0.,1.570796326795));
#16151 = ( GEOMETRIC_REPRESENTATION_CONTEXT(2) 
PARAMETRIC_REPRESENTATION_CONTEXT() REPRESENTATION_CONTEXT('2D SPACE',''
  ) );
#16152 = ORIENTED_EDGE('',*,*,#12931,.F.);
#16153 = ADVANCED_FACE('',(#16154),#13002,.F.);
#16154 = FACE_BOUND('',#16155,.F.);
#16155 = EDGE_LOOP('',(#16156,#16178,#16179,#16180));
#16156 = ORIENTED_EDGE('',*,*,#16157,.F.);
#16157 = EDGE_CURVE('',#12986,#16158,#16160,.T.);
#16158 = VERTEX_POINT('',#16159);
#16159 = CARTESIAN_POINT('',(21.9,-6.,1.2));
#16160 = SURFACE_CURVE('',#16161,(#16166,#16172),.PCURVE_S1.);
#16161 = CIRCLE('',#16162,2.5);
#16162 = AXIS2_PLACEMENT_3D('',#16163,#16164,#16165);
#16163 = CARTESIAN_POINT('',(21.9,-6.,3.7));
#16164 = DIRECTION('',(1.,0.,0.));
#16165 = DIRECTION('',(0.,-1.,0.));
#16166 = PCURVE('',#13002,#16167);
#16167 = DEFINITIONAL_REPRESENTATION('',(#16168),#16171);
#16168 = B_SPLINE_CURVE_WITH_KNOTS('',1,(#16169,#16170),.UNSPECIFIED.,
  .F.,.F.,(2,2),(0.,1.570796326795),.PIECEWISE_BEZIER_KNOTS.);
#16169 = CARTESIAN_POINT('',(-2.22044604925E-16,0.));
#16170 = CARTESIAN_POINT('',(-2.22044604925E-16,1.570796326795));
#16171 = ( GEOMETRIC_REPRESENTATION_CONTEXT(2) 
PARAMETRIC_REPRESENTATION_CONTEXT() REPRESENTATION_CONTEXT('2D SPACE',''
  ) );
#16172 = PCURVE('',#13067,#16173);
#16173 = DEFINITIONAL_REPRESENTATION('',(#16174),#16177);
#16174 = B_SPLINE_CURVE_WITH_KNOTS('',1,(#16175,#16176),.UNSPECIFIED.,
  .F.,.F.,(2,2),(0.,1.570796326795),.PIECEWISE_BEZIER_KNOTS.);
#16175 = CARTESIAN_POINT('',(0.,5.));
#16176 = CARTESIAN_POINT('',(-1.570796326795,5.));
#16177 = ( GEOMETRIC_REPRESENTATION_CONTEXT(2) 
PARAMETRIC_REPRESENTATION_CONTEXT() REPRESENTATION_CONTEXT('2D SPACE',''
  ) );
#16178 = ORIENTED_EDGE('',*,*,#12985,.T.);
#16179 = ORIENTED_EDGE('',*,*,#16083,.T.);
#16180 = ORIENTED_EDGE('',*,*,#16181,.F.);
#16181 = EDGE_CURVE('',#16158,#16084,#16182,.T.);
#16182 = SURFACE_CURVE('',#16183,(#16188,#16195),.PCURVE_S1.);
#16183 = CIRCLE('',#16184,0.5);
#16184 = AXIS2_PLACEMENT_3D('',#16185,#16186,#16187);
#16185 = CARTESIAN_POINT('',(21.9,-5.5,1.2));
#16186 = DIRECTION('',(-0.,0.,-1.));
#16187 = DIRECTION('',(-2.960594732334E-16,-1.,0.));
#16188 = PCURVE('',#13002,#16189);
#16189 = DEFINITIONAL_REPRESENTATION('',(#16190),#16194);
#16190 = LINE('',#16191,#16192);
#16191 = CARTESIAN_POINT('',(0.,1.570796326795));
#16192 = VECTOR('',#16193,1.);
#16193 = DIRECTION('',(1.,0.));
#16194 = ( GEOMETRIC_REPRESENTATION_CONTEXT(2) 
PARAMETRIC_REPRESENTATION_CONTEXT() REPRESENTATION_CONTEXT('2D SPACE',''
  ) );
#16195 = PCURVE('',#16121,#16196);
#16196 = DEFINITIONAL_REPRESENTATION('',(#16197),#16205);
#16197 = ( BOUNDED_CURVE() B_SPLINE_CURVE(2,(#16198,#16199,#16200,#16201
    ,#16202,#16203,#16204),.UNSPECIFIED.,.T.,.F.) 
B_SPLINE_CURVE_WITH_KNOTS((1,2,2,2,2,1),(-2.094395102393,0.,
    2.094395102393,4.188790204786,6.28318530718,8.377580409573),
.UNSPECIFIED.) CURVE() GEOMETRIC_REPRESENTATION_ITEM() 
RATIONAL_B_SPLINE_CURVE((1.,0.5,1.,0.5,1.,0.5,1.)) REPRESENTATION_ITEM(
  '') );
#16198 = CARTESIAN_POINT('',(3.,2.5));
#16199 = CARTESIAN_POINT('',(2.133974596216,2.5));
#16200 = CARTESIAN_POINT('',(2.566987298108,3.25));
#16201 = CARTESIAN_POINT('',(3.,4.));
#16202 = CARTESIAN_POINT('',(3.433012701892,3.25));
#16203 = CARTESIAN_POINT('',(3.866025403784,2.5));
#16204 = CARTESIAN_POINT('',(3.,2.5));
#16205 = ( GEOMETRIC_REPRESENTATION_CONTEXT(2) 
PARAMETRIC_REPRESENTATION_CONTEXT() REPRESENTATION_CONTEXT('2D SPACE',''
  ) );
#16206 = ADVANCED_FACE('',(#16207),#13067,.F.);
#16207 = FACE_BOUND('',#16208,.T.);
#16208 = EDGE_LOOP('',(#16209,#16231,#16252,#16253));
#16209 = ORIENTED_EDGE('',*,*,#16210,.T.);
#16210 = EDGE_CURVE('',#13052,#16211,#16213,.T.);
#16211 = VERTEX_POINT('',#16212);
#16212 = CARTESIAN_POINT('',(26.9,-6.,1.2));
#16213 = SURFACE_CURVE('',#16214,(#16219,#16225),.PCURVE_S1.);
#16214 = CIRCLE('',#16215,2.5);
#16215 = AXIS2_PLACEMENT_3D('',#16216,#16217,#16218);
#16216 = CARTESIAN_POINT('',(26.9,-6.,3.7));
#16217 = DIRECTION('',(1.,6.123233995737E-17,0.));
#16218 = DIRECTION('',(6.123233995737E-17,-1.,0.));
#16219 = PCURVE('',#13067,#16220);
#16220 = DEFINITIONAL_REPRESENTATION('',(#16221),#16224);
#16221 = B_SPLINE_CURVE_WITH_KNOTS('',1,(#16222,#16223),.UNSPECIFIED.,
  .F.,.F.,(2,2),(0.,1.570796326795),.PIECEWISE_BEZIER_KNOTS.);
#16222 = CARTESIAN_POINT('',(0.,0.));
#16223 = CARTESIAN_POINT('',(-1.570796326795,0.));
#16224 = ( GEOMETRIC_REPRESENTATION_CONTEXT(2) 
PARAMETRIC_REPRESENTATION_CONTEXT() REPRESENTATION_CONTEXT('2D SPACE',''
  ) );
#16225 = PCURVE('',#13143,#16226);
#16226 = DEFINITIONAL_REPRESENTATION('',(#16227),#16230);
#16227 = B_SPLINE_CURVE_WITH_KNOTS('',1,(#16228,#16229),.UNSPECIFIED.,
  .F.,.F.,(2,2),(0.,1.570796326795),.PIECEWISE_BEZIER_KNOTS.);
#16228 = CARTESIAN_POINT('',(1.570796326795,0.));
#16229 = CARTESIAN_POINT('',(1.570796326795,1.570796326795));
#16230 = ( GEOMETRIC_REPRESENTATION_CONTEXT(2) 
PARAMETRIC_REPRESENTATION_CONTEXT() REPRESENTATION_CONTEXT('2D SPACE',''
  ) );
#16231 = ORIENTED_EDGE('',*,*,#16232,.T.);
#16232 = EDGE_CURVE('',#16211,#16158,#16233,.T.);
#16233 = SURFACE_CURVE('',#16234,(#16238,#16245),.PCURVE_S1.);
#16234 = LINE('',#16235,#16236);
#16235 = CARTESIAN_POINT('',(26.9,-6.,1.2));
#16236 = VECTOR('',#16237,1.);
#16237 = DIRECTION('',(-1.,-0.,0.));
#16238 = PCURVE('',#13067,#16239);
#16239 = DEFINITIONAL_REPRESENTATION('',(#16240),#16244);
#16240 = LINE('',#16241,#16242);
#16241 = CARTESIAN_POINT('',(-1.570796326795,0.));
#16242 = VECTOR('',#16243,1.);
#16243 = DIRECTION('',(-0.,1.));
#16244 = ( GEOMETRIC_REPRESENTATION_CONTEXT(2) 
PARAMETRIC_REPRESENTATION_CONTEXT() REPRESENTATION_CONTEXT('2D SPACE',''
  ) );
#16245 = PCURVE('',#16121,#16246);
#16246 = DEFINITIONAL_REPRESENTATION('',(#16247),#16251);
#16247 = LINE('',#16248,#16249);
#16248 = CARTESIAN_POINT('',(8.,2.5));
#16249 = VECTOR('',#16250,1.);
#16250 = DIRECTION('',(-1.,0.));
#16251 = ( GEOMETRIC_REPRESENTATION_CONTEXT(2) 
PARAMETRIC_REPRESENTATION_CONTEXT() REPRESENTATION_CONTEXT('2D SPACE',''
  ) );
#16252 = ORIENTED_EDGE('',*,*,#16157,.F.);
#16253 = ORIENTED_EDGE('',*,*,#13051,.F.);
#16254 = ADVANCED_FACE('',(#16255),#13143,.F.);
#16255 = FACE_BOUND('',#16256,.F.);
#16256 = EDGE_LOOP('',(#16257,#16279,#16280,#16281));
#16257 = ORIENTED_EDGE('',*,*,#16258,.F.);
#16258 = EDGE_CURVE('',#13106,#16259,#16261,.T.);
#16259 = VERTEX_POINT('',#16260);
#16260 = CARTESIAN_POINT('',(27.4,-5.5,1.2));
#16261 = SURFACE_CURVE('',#16262,(#16267,#16273),.PCURVE_S1.);
#16262 = CIRCLE('',#16263,2.5);
#16263 = AXIS2_PLACEMENT_3D('',#16264,#16265,#16266);
#16264 = CARTESIAN_POINT('',(27.4,-5.5,3.7));
#16265 = DIRECTION('',(-0.,1.,0.));
#16266 = DIRECTION('',(1.,0.,0.));
#16267 = PCURVE('',#13143,#16268);
#16268 = DEFINITIONAL_REPRESENTATION('',(#16269),#16272);
#16269 = B_SPLINE_CURVE_WITH_KNOTS('',1,(#16270,#16271),.UNSPECIFIED.,
  .F.,.F.,(2,2),(0.,1.570796326795),.PIECEWISE_BEZIER_KNOTS.);
#16270 = CARTESIAN_POINT('',(0.,0.));
#16271 = CARTESIAN_POINT('',(0.,1.570796326795));
#16272 = ( GEOMETRIC_REPRESENTATION_CONTEXT(2) 
PARAMETRIC_REPRESENTATION_CONTEXT() REPRESENTATION_CONTEXT('2D SPACE',''
  ) );
#16273 = PCURVE('',#13189,#16274);
#16274 = DEFINITIONAL_REPRESENTATION('',(#16275),#16278);
#16275 = B_SPLINE_CURVE_WITH_KNOTS('',1,(#16276,#16277),.UNSPECIFIED.,
  .F.,.F.,(2,2),(0.,1.570796326795),.PIECEWISE_BEZIER_KNOTS.);
#16276 = CARTESIAN_POINT('',(0.,11.));
#16277 = CARTESIAN_POINT('',(-1.570796326795,11.));
#16278 = ( GEOMETRIC_REPRESENTATION_CONTEXT(2) 
PARAMETRIC_REPRESENTATION_CONTEXT() REPRESENTATION_CONTEXT('2D SPACE',''
  ) );
#16279 = ORIENTED_EDGE('',*,*,#13128,.T.);
#16280 = ORIENTED_EDGE('',*,*,#16210,.T.);
#16281 = ORIENTED_EDGE('',*,*,#16282,.F.);
#16282 = EDGE_CURVE('',#16259,#16211,#16283,.T.);
#16283 = SURFACE_CURVE('',#16284,(#16289,#16296),.PCURVE_S1.);
#16284 = CIRCLE('',#16285,0.5);
#16285 = AXIS2_PLACEMENT_3D('',#16286,#16287,#16288);
#16286 = CARTESIAN_POINT('',(26.9,-5.5,1.2));
#16287 = DIRECTION('',(0.,-0.,-1.));
#16288 = DIRECTION('',(1.,0.,-0.));
#16289 = PCURVE('',#13143,#16290);
#16290 = DEFINITIONAL_REPRESENTATION('',(#16291),#16295);
#16291 = LINE('',#16292,#16293);
#16292 = CARTESIAN_POINT('',(0.,1.570796326795));
#16293 = VECTOR('',#16294,1.);
#16294 = DIRECTION('',(1.,0.));
#16295 = ( GEOMETRIC_REPRESENTATION_CONTEXT(2) 
PARAMETRIC_REPRESENTATION_CONTEXT() REPRESENTATION_CONTEXT('2D SPACE',''
  ) );
#16296 = PCURVE('',#16121,#16297);
#16297 = DEFINITIONAL_REPRESENTATION('',(#16298),#16306);
#16298 = ( BOUNDED_CURVE() B_SPLINE_CURVE(2,(#16299,#16300,#16301,#16302
    ,#16303,#16304,#16305),.UNSPECIFIED.,.T.,.F.) 
B_SPLINE_CURVE_WITH_KNOTS((1,2,2,2,2,1),(-2.094395102393,0.,
    2.094395102393,4.188790204786,6.28318530718,8.377580409573),
.UNSPECIFIED.) CURVE() GEOMETRIC_REPRESENTATION_ITEM() 
RATIONAL_B_SPLINE_CURVE((1.,0.5,1.,0.5,1.,0.5,1.)) REPRESENTATION_ITEM(
  '') );
#16299 = CARTESIAN_POINT('',(8.5,3.));
#16300 = CARTESIAN_POINT('',(8.5,2.133974596216));
#16301 = CARTESIAN_POINT('',(7.75,2.566987298108));
#16302 = CARTESIAN_POINT('',(7.,3.));
#16303 = CARTESIAN_POINT('',(7.75,3.433012701892));
#16304 = CARTESIAN_POINT('',(8.5,3.866025403784));
#16305 = CARTESIAN_POINT('',(8.5,3.));
#16306 = ( GEOMETRIC_REPRESENTATION_CONTEXT(2) 
PARAMETRIC_REPRESENTATION_CONTEXT() REPRESENTATION_CONTEXT('2D SPACE',''
  ) );
#16307 = ADVANCED_FACE('',(#16308),#13189,.F.);
#16308 = FACE_BOUND('',#16309,.T.);
#16309 = EDGE_LOOP('',(#16310,#16332,#16353,#16354));
#16310 = ORIENTED_EDGE('',*,*,#16311,.T.);
#16311 = EDGE_CURVE('',#13174,#16312,#16314,.T.);
#16312 = VERTEX_POINT('',#16313);
#16313 = CARTESIAN_POINT('',(27.4,5.5,1.2));
#16314 = SURFACE_CURVE('',#16315,(#16320,#16326),.PCURVE_S1.);
#16315 = CIRCLE('',#16316,2.5);
#16316 = AXIS2_PLACEMENT_3D('',#16317,#16318,#16319);
#16317 = CARTESIAN_POINT('',(27.4,5.5,3.7));
#16318 = DIRECTION('',(2.34827133276E-16,1.,0.));
#16319 = DIRECTION('',(1.,-2.34827133276E-16,0.));
#16320 = PCURVE('',#13189,#16321);
#16321 = DEFINITIONAL_REPRESENTATION('',(#16322),#16325);
#16322 = B_SPLINE_CURVE_WITH_KNOTS('',1,(#16323,#16324),.UNSPECIFIED.,
  .F.,.F.,(2,2),(0.,1.570796326795),.PIECEWISE_BEZIER_KNOTS.);
#16323 = CARTESIAN_POINT('',(0.,0.));
#16324 = CARTESIAN_POINT('',(-1.570796326795,0.));
#16325 = ( GEOMETRIC_REPRESENTATION_CONTEXT(2) 
PARAMETRIC_REPRESENTATION_CONTEXT() REPRESENTATION_CONTEXT('2D SPACE',''
  ) );
#16326 = PCURVE('',#13244,#16327);
#16327 = DEFINITIONAL_REPRESENTATION('',(#16328),#16331);
#16328 = B_SPLINE_CURVE_WITH_KNOTS('',1,(#16329,#16330),.UNSPECIFIED.,
  .F.,.F.,(2,2),(0.,1.570796326795),.PIECEWISE_BEZIER_KNOTS.);
#16329 = CARTESIAN_POINT('',(1.570796326795,0.));
#16330 = CARTESIAN_POINT('',(1.570796326795,1.570796326795));
#16331 = ( GEOMETRIC_REPRESENTATION_CONTEXT(2) 
PARAMETRIC_REPRESENTATION_CONTEXT() REPRESENTATION_CONTEXT('2D SPACE',''
  ) );
#16332 = ORIENTED_EDGE('',*,*,#16333,.T.);
#16333 = EDGE_CURVE('',#16312,#16259,#16334,.T.);
#16334 = SURFACE_CURVE('',#16335,(#16339,#16346),.PCURVE_S1.);
#16335 = LINE('',#16336,#16337);
#16336 = CARTESIAN_POINT('',(27.4,5.5,1.2));
#16337 = VECTOR('',#16338,1.);
#16338 = DIRECTION('',(0.,-1.,-0.));
#16339 = PCURVE('',#13189,#16340);
#16340 = DEFINITIONAL_REPRESENTATION('',(#16341),#16345);
#16341 = LINE('',#16342,#16343);
#16342 = CARTESIAN_POINT('',(-1.570796326795,0.));
#16343 = VECTOR('',#16344,1.);
#16344 = DIRECTION('',(-0.,1.));
#16345 = ( GEOMETRIC_REPRESENTATION_CONTEXT(2) 
PARAMETRIC_REPRESENTATION_CONTEXT() REPRESENTATION_CONTEXT('2D SPACE',''
  ) );
#16346 = PCURVE('',#16121,#16347);
#16347 = DEFINITIONAL_REPRESENTATION('',(#16348),#16352);
#16348 = LINE('',#16349,#16350);
#16349 = CARTESIAN_POINT('',(8.5,14.));
#16350 = VECTOR('',#16351,1.);
#16351 = DIRECTION('',(0.,-1.));
#16352 = ( GEOMETRIC_REPRESENTATION_CONTEXT(2) 
PARAMETRIC_REPRESENTATION_CONTEXT() REPRESENTATION_CONTEXT('2D SPACE',''
  ) );
#16353 = ORIENTED_EDGE('',*,*,#16258,.F.);
#16354 = ORIENTED_EDGE('',*,*,#13173,.F.);
#16355 = ADVANCED_FACE('',(#16356),#13244,.F.);
#16356 = FACE_BOUND('',#16357,.F.);
#16357 = EDGE_LOOP('',(#16358,#16380,#16381,#16382));
#16358 = ORIENTED_EDGE('',*,*,#16359,.F.);
#16359 = EDGE_CURVE('',#13228,#16360,#16362,.T.);
#16360 = VERTEX_POINT('',#16361);
#16361 = CARTESIAN_POINT('',(26.9,6.,1.2));
#16362 = SURFACE_CURVE('',#16363,(#16368,#16374),.PCURVE_S1.);
#16363 = CIRCLE('',#16364,2.5);
#16364 = AXIS2_PLACEMENT_3D('',#16365,#16366,#16367);
#16365 = CARTESIAN_POINT('',(26.9,6.,3.7));
#16366 = DIRECTION('',(-1.,0.,0.));
#16367 = DIRECTION('',(0.,1.,0.));
#16368 = PCURVE('',#13244,#16369);
#16369 = DEFINITIONAL_REPRESENTATION('',(#16370),#16373);
#16370 = B_SPLINE_CURVE_WITH_KNOTS('',1,(#16371,#16372),.UNSPECIFIED.,
  .F.,.F.,(2,2),(0.,1.570796326795),.PIECEWISE_BEZIER_KNOTS.);
#16371 = CARTESIAN_POINT('',(0.,0.));
#16372 = CARTESIAN_POINT('',(0.,1.570796326795));
#16373 = ( GEOMETRIC_REPRESENTATION_CONTEXT(2) 
PARAMETRIC_REPRESENTATION_CONTEXT() REPRESENTATION_CONTEXT('2D SPACE',''
  ) );
#16374 = PCURVE('',#13309,#16375);
#16375 = DEFINITIONAL_REPRESENTATION('',(#16376),#16379);
#16376 = B_SPLINE_CURVE_WITH_KNOTS('',1,(#16377,#16378),.UNSPECIFIED.,
  .F.,.F.,(2,2),(0.,1.570796326795),.PIECEWISE_BEZIER_KNOTS.);
#16377 = CARTESIAN_POINT('',(0.,5.));
#16378 = CARTESIAN_POINT('',(-1.570796326795,5.));
#16379 = ( GEOMETRIC_REPRESENTATION_CONTEXT(2) 
PARAMETRIC_REPRESENTATION_CONTEXT() REPRESENTATION_CONTEXT('2D SPACE',''
  ) );
#16380 = ORIENTED_EDGE('',*,*,#13227,.T.);
#16381 = ORIENTED_EDGE('',*,*,#16311,.T.);
#16382 = ORIENTED_EDGE('',*,*,#16383,.F.);
#16383 = EDGE_CURVE('',#16360,#16312,#16384,.T.);
#16384 = SURFACE_CURVE('',#16385,(#16390,#16397),.PCURVE_S1.);
#16385 = CIRCLE('',#16386,0.5);
#16386 = AXIS2_PLACEMENT_3D('',#16387,#16388,#16389);
#16387 = CARTESIAN_POINT('',(26.9,5.5,1.2));
#16388 = DIRECTION('',(0.,-0.,-1.));
#16389 = DIRECTION('',(2.960594732334E-16,1.,-0.));
#16390 = PCURVE('',#13244,#16391);
#16391 = DEFINITIONAL_REPRESENTATION('',(#16392),#16396);
#16392 = LINE('',#16393,#16394);
#16393 = CARTESIAN_POINT('',(0.,1.570796326795));
#16394 = VECTOR('',#16395,1.);
#16395 = DIRECTION('',(1.,0.));
#16396 = ( GEOMETRIC_REPRESENTATION_CONTEXT(2) 
PARAMETRIC_REPRESENTATION_CONTEXT() REPRESENTATION_CONTEXT('2D SPACE',''
  ) );
#16397 = PCURVE('',#16121,#16398);
#16398 = DEFINITIONAL_REPRESENTATION('',(#16399),#16407);
#16399 = ( BOUNDED_CURVE() B_SPLINE_CURVE(2,(#16400,#16401,#16402,#16403
    ,#16404,#16405,#16406),.UNSPECIFIED.,.T.,.F.) 
B_SPLINE_CURVE_WITH_KNOTS((1,2,2,2,2,1),(-2.094395102393,0.,
    2.094395102393,4.188790204786,6.28318530718,8.377580409573),
.UNSPECIFIED.) CURVE() GEOMETRIC_REPRESENTATION_ITEM() 
RATIONAL_B_SPLINE_CURVE((1.,0.5,1.,0.5,1.,0.5,1.)) REPRESENTATION_ITEM(
  '') );
#16400 = CARTESIAN_POINT('',(8.,14.5));
#16401 = CARTESIAN_POINT('',(8.866025403784,14.5));
#16402 = CARTESIAN_POINT('',(8.433012701892,13.75));
#16403 = CARTESIAN_POINT('',(8.,13.));
#16404 = CARTESIAN_POINT('',(7.566987298108,13.75));
#16405 = CARTESIAN_POINT('',(7.133974596216,14.5));
#16406 = CARTESIAN_POINT('',(8.,14.5));
#16407 = ( GEOMETRIC_REPRESENTATION_CONTEXT(2) 
PARAMETRIC_REPRESENTATION_CONTEXT() REPRESENTATION_CONTEXT('2D SPACE',''
  ) );
#16408 = ADVANCED_FACE('',(#16409),#13309,.F.);
#16409 = FACE_BOUND('',#16410,.T.);
#16410 = EDGE_LOOP('',(#16411,#16433,#16454,#16455));
#16411 = ORIENTED_EDGE('',*,*,#16412,.T.);
#16412 = EDGE_CURVE('',#13294,#16413,#16415,.T.);
#16413 = VERTEX_POINT('',#16414);
#16414 = CARTESIAN_POINT('',(21.9,6.,1.2));
#16415 = SURFACE_CURVE('',#16416,(#16421,#16427),.PCURVE_S1.);
#16416 = CIRCLE('',#16417,2.5);
#16417 = AXIS2_PLACEMENT_3D('',#16418,#16419,#16420);
#16418 = CARTESIAN_POINT('',(21.9,6.,3.7));
#16419 = DIRECTION('',(-1.,2.34827133276E-16,0.));
#16420 = DIRECTION('',(2.34827133276E-16,1.,0.));
#16421 = PCURVE('',#13309,#16422);
#16422 = DEFINITIONAL_REPRESENTATION('',(#16423),#16426);
#16423 = B_SPLINE_CURVE_WITH_KNOTS('',1,(#16424,#16425),.UNSPECIFIED.,
  .F.,.F.,(2,2),(0.,1.570796326795),.PIECEWISE_BEZIER_KNOTS.);
#16424 = CARTESIAN_POINT('',(0.,0.));
#16425 = CARTESIAN_POINT('',(-1.570796326795,0.));
#16426 = ( GEOMETRIC_REPRESENTATION_CONTEXT(2) 
PARAMETRIC_REPRESENTATION_CONTEXT() REPRESENTATION_CONTEXT('2D SPACE',''
  ) );
#16427 = PCURVE('',#13363,#16428);
#16428 = DEFINITIONAL_REPRESENTATION('',(#16429),#16432);
#16429 = B_SPLINE_CURVE_WITH_KNOTS('',1,(#16430,#16431),.UNSPECIFIED.,
  .F.,.F.,(2,2),(0.,1.570796326795),.PIECEWISE_BEZIER_KNOTS.);
#16430 = CARTESIAN_POINT('',(1.570796326795,0.));
#16431 = CARTESIAN_POINT('',(1.570796326795,1.570796326795));
#16432 = ( GEOMETRIC_REPRESENTATION_CONTEXT(2) 
PARAMETRIC_REPRESENTATION_CONTEXT() REPRESENTATION_CONTEXT('2D SPACE',''
  ) );
#16433 = ORIENTED_EDGE('',*,*,#16434,.T.);
#16434 = EDGE_CURVE('',#16413,#16360,#16435,.T.);
#16435 = SURFACE_CURVE('',#16436,(#16440,#16447),.PCURVE_S1.);
#16436 = LINE('',#16437,#16438);
#16437 = CARTESIAN_POINT('',(21.9,6.,1.2));
#16438 = VECTOR('',#16439,1.);
#16439 = DIRECTION('',(1.,0.,-0.));
#16440 = PCURVE('',#13309,#16441);
#16441 = DEFINITIONAL_REPRESENTATION('',(#16442),#16446);
#16442 = LINE('',#16443,#16444);
#16443 = CARTESIAN_POINT('',(-1.570796326795,0.));
#16444 = VECTOR('',#16445,1.);
#16445 = DIRECTION('',(-0.,1.));
#16446 = ( GEOMETRIC_REPRESENTATION_CONTEXT(2) 
PARAMETRIC_REPRESENTATION_CONTEXT() REPRESENTATION_CONTEXT('2D SPACE',''
  ) );
#16447 = PCURVE('',#16121,#16448);
#16448 = DEFINITIONAL_REPRESENTATION('',(#16449),#16453);
#16449 = LINE('',#16450,#16451);
#16450 = CARTESIAN_POINT('',(3.,14.5));
#16451 = VECTOR('',#16452,1.);
#16452 = DIRECTION('',(1.,0.));
#16453 = ( GEOMETRIC_REPRESENTATION_CONTEXT(2) 
PARAMETRIC_REPRESENTATION_CONTEXT() REPRESENTATION_CONTEXT('2D SPACE',''
  ) );
#16454 = ORIENTED_EDGE('',*,*,#16359,.F.);
#16455 = ORIENTED_EDGE('',*,*,#13293,.F.);
#16456 = ADVANCED_FACE('',(#16457),#13363,.F.);
#16457 = FACE_BOUND('',#16458,.F.);
#16458 = EDGE_LOOP('',(#16459,#16460,#16461,#16462));
#16459 = ORIENTED_EDGE('',*,*,#16133,.F.);
#16460 = ORIENTED_EDGE('',*,*,#13348,.T.);
#16461 = ORIENTED_EDGE('',*,*,#16412,.T.);
#16462 = ORIENTED_EDGE('',*,*,#16463,.F.);
#16463 = EDGE_CURVE('',#16106,#16413,#16464,.T.);
#16464 = SURFACE_CURVE('',#16465,(#16470,#16477),.PCURVE_S1.);
#16465 = CIRCLE('',#16466,0.5);
#16466 = AXIS2_PLACEMENT_3D('',#16467,#16468,#16469);
#16467 = CARTESIAN_POINT('',(21.9,5.5,1.2));
#16468 = DIRECTION('',(-0.,0.,-1.));
#16469 = DIRECTION('',(-1.,2.960594732334E-16,0.));
#16470 = PCURVE('',#13363,#16471);
#16471 = DEFINITIONAL_REPRESENTATION('',(#16472),#16476);
#16472 = LINE('',#16473,#16474);
#16473 = CARTESIAN_POINT('',(0.,1.570796326795));
#16474 = VECTOR('',#16475,1.);
#16475 = DIRECTION('',(1.,0.));
#16476 = ( GEOMETRIC_REPRESENTATION_CONTEXT(2) 
PARAMETRIC_REPRESENTATION_CONTEXT() REPRESENTATION_CONTEXT('2D SPACE',''
  ) );
#16477 = PCURVE('',#16121,#16478);
#16478 = DEFINITIONAL_REPRESENTATION('',(#16479),#16487);
#16479 = ( BOUNDED_CURVE() B_SPLINE_CURVE(2,(#16480,#16481,#16482,#16483
    ,#16484,#16485,#16486),.UNSPECIFIED.,.T.,.F.) 
B_SPLINE_CURVE_WITH_KNOTS((1,2,2,2,2,1),(-2.094395102393,0.,
    2.094395102393,4.188790204786,6.28318530718,8.377580409573),
.UNSPECIFIED.) CURVE() GEOMETRIC_REPRESENTATION_ITEM() 
RATIONAL_B_SPLINE_CURVE((1.,0.5,1.,0.5,1.,0.5,1.)) REPRESENTATION_ITEM(
  '') );
#16480 = CARTESIAN_POINT('',(2.5,14.));
#16481 = CARTESIAN_POINT('',(2.5,14.866025403784));
#16482 = CARTESIAN_POINT('',(3.25,14.433012701892));
#16483 = CARTESIAN_POINT('',(4.,14.));
#16484 = CARTESIAN_POINT('',(3.25,13.566987298108));
#16485 = CARTESIAN_POINT('',(2.5,13.133974596216));
#16486 = CARTESIAN_POINT('',(2.5,14.));
#16487 = ( GEOMETRIC_REPRESENTATION_CONTEXT(2) 
PARAMETRIC_REPRESENTATION_CONTEXT() REPRESENTATION_CONTEXT('2D SPACE',''
  ) );
#16488 = ADVANCED_FACE('',(#16489),#13431,.F.);
#16489 = FACE_BOUND('',#16490,.T.);
#16490 = EDGE_LOOP('',(#16491,#16513,#16541,#16561));
#16491 = ORIENTED_EDGE('',*,*,#16492,.T.);
#16492 = EDGE_CURVE('',#13393,#16493,#16495,.T.);
#16493 = VERTEX_POINT('',#16494);
#16494 = CARTESIAN_POINT('',(9.2,-5.5,1.2));
#16495 = SURFACE_CURVE('',#16496,(#16501,#16507),.PCURVE_S1.);
#16496 = CIRCLE('',#16497,2.5);
#16497 = AXIS2_PLACEMENT_3D('',#16498,#16499,#16500);
#16498 = CARTESIAN_POINT('',(9.2,-5.5,3.7));
#16499 = DIRECTION('',(0.,-1.,-0.));
#16500 = DIRECTION('',(-1.,-0.,0.));
#16501 = PCURVE('',#13431,#16502);
#16502 = DEFINITIONAL_REPRESENTATION('',(#16503),#16506);
#16503 = B_SPLINE_CURVE_WITH_KNOTS('',1,(#16504,#16505),.UNSPECIFIED.,
  .F.,.F.,(2,2),(0.,1.570796326795),.PIECEWISE_BEZIER_KNOTS.);
#16504 = CARTESIAN_POINT('',(0.,0.));
#16505 = CARTESIAN_POINT('',(-1.570796326795,0.));
#16506 = ( GEOMETRIC_REPRESENTATION_CONTEXT(2) 
PARAMETRIC_REPRESENTATION_CONTEXT() REPRESENTATION_CONTEXT('2D SPACE',''
  ) );
#16507 = PCURVE('',#13486,#16508);
#16508 = DEFINITIONAL_REPRESENTATION('',(#16509),#16512);
#16509 = B_SPLINE_CURVE_WITH_KNOTS('',1,(#16510,#16511),.UNSPECIFIED.,
  .F.,.F.,(2,2),(0.,1.570796326795),.PIECEWISE_BEZIER_KNOTS.);
#16510 = CARTESIAN_POINT('',(1.570796326795,0.));
#16511 = CARTESIAN_POINT('',(1.570796326795,1.570796326795));
#16512 = ( GEOMETRIC_REPRESENTATION_CONTEXT(2) 
PARAMETRIC_REPRESENTATION_CONTEXT() REPRESENTATION_CONTEXT('2D SPACE',''
  ) );
#16513 = ORIENTED_EDGE('',*,*,#16514,.T.);
#16514 = EDGE_CURVE('',#16493,#16515,#16517,.T.);
#16515 = VERTEX_POINT('',#16516);
#16516 = CARTESIAN_POINT('',(9.2,5.5,1.2));
#16517 = SURFACE_CURVE('',#16518,(#16522,#16529),.PCURVE_S1.);
#16518 = LINE('',#16519,#16520);
#16519 = CARTESIAN_POINT('',(9.2,-5.5,1.2));
#16520 = VECTOR('',#16521,1.);
#16521 = DIRECTION('',(-0.,1.,0.));
#16522 = PCURVE('',#13431,#16523);
#16523 = DEFINITIONAL_REPRESENTATION('',(#16524),#16528);
#16524 = LINE('',#16525,#16526);
#16525 = CARTESIAN_POINT('',(-1.570796326795,0.));
#16526 = VECTOR('',#16527,1.);
#16527 = DIRECTION('',(-0.,1.));
#16528 = ( GEOMETRIC_REPRESENTATION_CONTEXT(2) 
PARAMETRIC_REPRESENTATION_CONTEXT() REPRESENTATION_CONTEXT('2D SPACE',''
  ) );
#16529 = PCURVE('',#16530,#16535);
#16530 = PLANE('',#16531);
#16531 = AXIS2_PLACEMENT_3D('',#16532,#16533,#16534);
#16532 = CARTESIAN_POINT('',(6.7,-8.5,1.2));
#16533 = DIRECTION('',(0.,0.,1.));
#16534 = DIRECTION('',(1.,0.,-0.));
#16535 = DEFINITIONAL_REPRESENTATION('',(#16536),#16540);
#16536 = LINE('',#16537,#16538);
#16537 = CARTESIAN_POINT('',(2.5,3.));
#16538 = VECTOR('',#16539,1.);
#16539 = DIRECTION('',(0.,1.));
#16540 = ( GEOMETRIC_REPRESENTATION_CONTEXT(2) 
PARAMETRIC_REPRESENTATION_CONTEXT() REPRESENTATION_CONTEXT('2D SPACE',''
  ) );
#16541 = ORIENTED_EDGE('',*,*,#16542,.F.);
#16542 = EDGE_CURVE('',#13416,#16515,#16543,.T.);
#16543 = SURFACE_CURVE('',#16544,(#16549,#16555),.PCURVE_S1.);
#16544 = CIRCLE('',#16545,2.5);
#16545 = AXIS2_PLACEMENT_3D('',#16546,#16547,#16548);
#16546 = CARTESIAN_POINT('',(9.2,5.5,3.7));
#16547 = DIRECTION('',(0.,-1.,-0.));
#16548 = DIRECTION('',(-1.,-0.,0.));
#16549 = PCURVE('',#13431,#16550);
#16550 = DEFINITIONAL_REPRESENTATION('',(#16551),#16554);
#16551 = B_SPLINE_CURVE_WITH_KNOTS('',1,(#16552,#16553),.UNSPECIFIED.,
  .F.,.F.,(2,2),(0.,1.570796326795),.PIECEWISE_BEZIER_KNOTS.);
#16552 = CARTESIAN_POINT('',(0.,11.));
#16553 = CARTESIAN_POINT('',(-1.570796326795,11.));
#16554 = ( GEOMETRIC_REPRESENTATION_CONTEXT(2) 
PARAMETRIC_REPRESENTATION_CONTEXT() REPRESENTATION_CONTEXT('2D SPACE',''
  ) );
#16555 = PCURVE('',#13847,#16556);
#16556 = DEFINITIONAL_REPRESENTATION('',(#16557),#16560);
#16557 = B_SPLINE_CURVE_WITH_KNOTS('',1,(#16558,#16559),.UNSPECIFIED.,
  .F.,.F.,(2,2),(0.,1.570796326795),.PIECEWISE_BEZIER_KNOTS.);
#16558 = CARTESIAN_POINT('',(0.,0.));
#16559 = CARTESIAN_POINT('',(0.,1.570796326795));
#16560 = ( GEOMETRIC_REPRESENTATION_CONTEXT(2) 
PARAMETRIC_REPRESENTATION_CONTEXT() REPRESENTATION_CONTEXT('2D SPACE',''
  ) );
#16561 = ORIENTED_EDGE('',*,*,#13415,.F.);
#16562 = ADVANCED_FACE('',(#16563),#13486,.F.);
#16563 = FACE_BOUND('',#16564,.F.);
#16564 = EDGE_LOOP('',(#16565,#16587,#16588,#16589));
#16565 = ORIENTED_EDGE('',*,*,#16566,.F.);
#16566 = EDGE_CURVE('',#13470,#16567,#16569,.T.);
#16567 = VERTEX_POINT('',#16568);
#16568 = CARTESIAN_POINT('',(9.7,-6.,1.2));
#16569 = SURFACE_CURVE('',#16570,(#16575,#16581),.PCURVE_S1.);
#16570 = CIRCLE('',#16571,2.5);
#16571 = AXIS2_PLACEMENT_3D('',#16572,#16573,#16574);
#16572 = CARTESIAN_POINT('',(9.7,-6.,3.7));
#16573 = DIRECTION('',(1.,0.,0.));
#16574 = DIRECTION('',(0.,-1.,0.));
#16575 = PCURVE('',#13486,#16576);
#16576 = DEFINITIONAL_REPRESENTATION('',(#16577),#16580);
#16577 = B_SPLINE_CURVE_WITH_KNOTS('',1,(#16578,#16579),.UNSPECIFIED.,
  .F.,.F.,(2,2),(0.,1.570796326795),.PIECEWISE_BEZIER_KNOTS.);
#16578 = CARTESIAN_POINT('',(-2.22044604925E-16,0.));
#16579 = CARTESIAN_POINT('',(-2.22044604925E-16,1.570796326795));
#16580 = ( GEOMETRIC_REPRESENTATION_CONTEXT(2) 
PARAMETRIC_REPRESENTATION_CONTEXT() REPRESENTATION_CONTEXT('2D SPACE',''
  ) );
#16581 = PCURVE('',#13551,#16582);
#16582 = DEFINITIONAL_REPRESENTATION('',(#16583),#16586);
#16583 = B_SPLINE_CURVE_WITH_KNOTS('',1,(#16584,#16585),.UNSPECIFIED.,
  .F.,.F.,(2,2),(0.,1.570796326795),.PIECEWISE_BEZIER_KNOTS.);
#16584 = CARTESIAN_POINT('',(0.,5.));
#16585 = CARTESIAN_POINT('',(-1.570796326795,5.));
#16586 = ( GEOMETRIC_REPRESENTATION_CONTEXT(2) 
PARAMETRIC_REPRESENTATION_CONTEXT() REPRESENTATION_CONTEXT('2D SPACE',''
  ) );
#16587 = ORIENTED_EDGE('',*,*,#13469,.T.);
#16588 = ORIENTED_EDGE('',*,*,#16492,.T.);
#16589 = ORIENTED_EDGE('',*,*,#16590,.F.);
#16590 = EDGE_CURVE('',#16567,#16493,#16591,.T.);
#16591 = SURFACE_CURVE('',#16592,(#16597,#16604),.PCURVE_S1.);
#16592 = CIRCLE('',#16593,0.5);
#16593 = AXIS2_PLACEMENT_3D('',#16594,#16595,#16596);
#16594 = CARTESIAN_POINT('',(9.7,-5.5,1.2));
#16595 = DIRECTION('',(-0.,0.,-1.));
#16596 = DIRECTION('',(-2.960594732334E-16,-1.,0.));
#16597 = PCURVE('',#13486,#16598);
#16598 = DEFINITIONAL_REPRESENTATION('',(#16599),#16603);
#16599 = LINE('',#16600,#16601);
#16600 = CARTESIAN_POINT('',(0.,1.570796326795));
#16601 = VECTOR('',#16602,1.);
#16602 = DIRECTION('',(1.,0.));
#16603 = ( GEOMETRIC_REPRESENTATION_CONTEXT(2) 
PARAMETRIC_REPRESENTATION_CONTEXT() REPRESENTATION_CONTEXT('2D SPACE',''
  ) );
#16604 = PCURVE('',#16530,#16605);
#16605 = DEFINITIONAL_REPRESENTATION('',(#16606),#16614);
#16606 = ( BOUNDED_CURVE() B_SPLINE_CURVE(2,(#16607,#16608,#16609,#16610
    ,#16611,#16612,#16613),.UNSPECIFIED.,.T.,.F.) 
B_SPLINE_CURVE_WITH_KNOTS((1,2,2,2,2,1),(-2.094395102393,0.,
    2.094395102393,4.188790204786,6.28318530718,8.377580409573),
.UNSPECIFIED.) CURVE() GEOMETRIC_REPRESENTATION_ITEM() 
RATIONAL_B_SPLINE_CURVE((1.,0.5,1.,0.5,1.,0.5,1.)) REPRESENTATION_ITEM(
  '') );
#16607 = CARTESIAN_POINT('',(3.,2.5));
#16608 = CARTESIAN_POINT('',(2.133974596216,2.5));
#16609 = CARTESIAN_POINT('',(2.566987298108,3.25));
#16610 = CARTESIAN_POINT('',(3.,4.));
#16611 = CARTESIAN_POINT('',(3.433012701892,3.25));
#16612 = CARTESIAN_POINT('',(3.866025403784,2.5));
#16613 = CARTESIAN_POINT('',(3.,2.5));
#16614 = ( GEOMETRIC_REPRESENTATION_CONTEXT(2) 
PARAMETRIC_REPRESENTATION_CONTEXT() REPRESENTATION_CONTEXT('2D SPACE',''
  ) );
#16615 = ADVANCED_FACE('',(#16616),#13551,.F.);
#16616 = FACE_BOUND('',#16617,.T.);
#16617 = EDGE_LOOP('',(#16618,#16640,#16661,#16662));
#16618 = ORIENTED_EDGE('',*,*,#16619,.T.);
#16619 = EDGE_CURVE('',#13536,#16620,#16622,.T.);
#16620 = VERTEX_POINT('',#16621);
#16621 = CARTESIAN_POINT('',(14.7,-6.,1.2));
#16622 = SURFACE_CURVE('',#16623,(#16628,#16634),.PCURVE_S1.);
#16623 = CIRCLE('',#16624,2.5);
#16624 = AXIS2_PLACEMENT_3D('',#16625,#16626,#16627);
#16625 = CARTESIAN_POINT('',(14.7,-6.,3.7));
#16626 = DIRECTION('',(1.,6.123233995737E-17,0.));
#16627 = DIRECTION('',(6.123233995737E-17,-1.,0.));
#16628 = PCURVE('',#13551,#16629);
#16629 = DEFINITIONAL_REPRESENTATION('',(#16630),#16633);
#16630 = B_SPLINE_CURVE_WITH_KNOTS('',1,(#16631,#16632),.UNSPECIFIED.,
  .F.,.F.,(2,2),(0.,1.570796326795),.PIECEWISE_BEZIER_KNOTS.);
#16631 = CARTESIAN_POINT('',(0.,0.));
#16632 = CARTESIAN_POINT('',(-1.570796326795,0.));
#16633 = ( GEOMETRIC_REPRESENTATION_CONTEXT(2) 
PARAMETRIC_REPRESENTATION_CONTEXT() REPRESENTATION_CONTEXT('2D SPACE',''
  ) );
#16634 = PCURVE('',#13627,#16635);
#16635 = DEFINITIONAL_REPRESENTATION('',(#16636),#16639);
#16636 = B_SPLINE_CURVE_WITH_KNOTS('',1,(#16637,#16638),.UNSPECIFIED.,
  .F.,.F.,(2,2),(0.,1.570796326795),.PIECEWISE_BEZIER_KNOTS.);
#16637 = CARTESIAN_POINT('',(1.570796326795,0.));
#16638 = CARTESIAN_POINT('',(1.570796326795,1.570796326795));
#16639 = ( GEOMETRIC_REPRESENTATION_CONTEXT(2) 
PARAMETRIC_REPRESENTATION_CONTEXT() REPRESENTATION_CONTEXT('2D SPACE',''
  ) );
#16640 = ORIENTED_EDGE('',*,*,#16641,.T.);
#16641 = EDGE_CURVE('',#16620,#16567,#16642,.T.);
#16642 = SURFACE_CURVE('',#16643,(#16647,#16654),.PCURVE_S1.);
#16643 = LINE('',#16644,#16645);
#16644 = CARTESIAN_POINT('',(14.7,-6.,1.2));
#16645 = VECTOR('',#16646,1.);
#16646 = DIRECTION('',(-1.,-0.,0.));
#16647 = PCURVE('',#13551,#16648);
#16648 = DEFINITIONAL_REPRESENTATION('',(#16649),#16653);
#16649 = LINE('',#16650,#16651);
#16650 = CARTESIAN_POINT('',(-1.570796326795,0.));
#16651 = VECTOR('',#16652,1.);
#16652 = DIRECTION('',(-0.,1.));
#16653 = ( GEOMETRIC_REPRESENTATION_CONTEXT(2) 
PARAMETRIC_REPRESENTATION_CONTEXT() REPRESENTATION_CONTEXT('2D SPACE',''
  ) );
#16654 = PCURVE('',#16530,#16655);
#16655 = DEFINITIONAL_REPRESENTATION('',(#16656),#16660);
#16656 = LINE('',#16657,#16658);
#16657 = CARTESIAN_POINT('',(8.,2.5));
#16658 = VECTOR('',#16659,1.);
#16659 = DIRECTION('',(-1.,0.));
#16660 = ( GEOMETRIC_REPRESENTATION_CONTEXT(2) 
PARAMETRIC_REPRESENTATION_CONTEXT() REPRESENTATION_CONTEXT('2D SPACE',''
  ) );
#16661 = ORIENTED_EDGE('',*,*,#16566,.F.);
#16662 = ORIENTED_EDGE('',*,*,#13535,.F.);
#16663 = ADVANCED_FACE('',(#16664),#13627,.F.);
#16664 = FACE_BOUND('',#16665,.F.);
#16665 = EDGE_LOOP('',(#16666,#16688,#16689,#16690));
#16666 = ORIENTED_EDGE('',*,*,#16667,.F.);
#16667 = EDGE_CURVE('',#13590,#16668,#16670,.T.);
#16668 = VERTEX_POINT('',#16669);
#16669 = CARTESIAN_POINT('',(15.2,-5.5,1.2));
#16670 = SURFACE_CURVE('',#16671,(#16676,#16682),.PCURVE_S1.);
#16671 = CIRCLE('',#16672,2.5);
#16672 = AXIS2_PLACEMENT_3D('',#16673,#16674,#16675);
#16673 = CARTESIAN_POINT('',(15.2,-5.5,3.7));
#16674 = DIRECTION('',(-0.,1.,0.));
#16675 = DIRECTION('',(1.,0.,0.));
#16676 = PCURVE('',#13627,#16677);
#16677 = DEFINITIONAL_REPRESENTATION('',(#16678),#16681);
#16678 = B_SPLINE_CURVE_WITH_KNOTS('',1,(#16679,#16680),.UNSPECIFIED.,
  .F.,.F.,(2,2),(0.,1.570796326795),.PIECEWISE_BEZIER_KNOTS.);
#16679 = CARTESIAN_POINT('',(0.,0.));
#16680 = CARTESIAN_POINT('',(0.,1.570796326795));
#16681 = ( GEOMETRIC_REPRESENTATION_CONTEXT(2) 
PARAMETRIC_REPRESENTATION_CONTEXT() REPRESENTATION_CONTEXT('2D SPACE',''
  ) );
#16682 = PCURVE('',#13673,#16683);
#16683 = DEFINITIONAL_REPRESENTATION('',(#16684),#16687);
#16684 = B_SPLINE_CURVE_WITH_KNOTS('',1,(#16685,#16686),.UNSPECIFIED.,
  .F.,.F.,(2,2),(0.,1.570796326795),.PIECEWISE_BEZIER_KNOTS.);
#16685 = CARTESIAN_POINT('',(0.,11.));
#16686 = CARTESIAN_POINT('',(-1.570796326795,11.));
#16687 = ( GEOMETRIC_REPRESENTATION_CONTEXT(2) 
PARAMETRIC_REPRESENTATION_CONTEXT() REPRESENTATION_CONTEXT('2D SPACE',''
  ) );
#16688 = ORIENTED_EDGE('',*,*,#13612,.T.);
#16689 = ORIENTED_EDGE('',*,*,#16619,.T.);
#16690 = ORIENTED_EDGE('',*,*,#16691,.F.);
#16691 = EDGE_CURVE('',#16668,#16620,#16692,.T.);
#16692 = SURFACE_CURVE('',#16693,(#16698,#16705),.PCURVE_S1.);
#16693 = CIRCLE('',#16694,0.5);
#16694 = AXIS2_PLACEMENT_3D('',#16695,#16696,#16697);
#16695 = CARTESIAN_POINT('',(14.7,-5.5,1.2));
#16696 = DIRECTION('',(0.,-0.,-1.));
#16697 = DIRECTION('',(1.,0.,-0.));
#16698 = PCURVE('',#13627,#16699);
#16699 = DEFINITIONAL_REPRESENTATION('',(#16700),#16704);
#16700 = LINE('',#16701,#16702);
#16701 = CARTESIAN_POINT('',(0.,1.570796326795));
#16702 = VECTOR('',#16703,1.);
#16703 = DIRECTION('',(1.,0.));
#16704 = ( GEOMETRIC_REPRESENTATION_CONTEXT(2) 
PARAMETRIC_REPRESENTATION_CONTEXT() REPRESENTATION_CONTEXT('2D SPACE',''
  ) );
#16705 = PCURVE('',#16530,#16706);
#16706 = DEFINITIONAL_REPRESENTATION('',(#16707),#16715);
#16707 = ( BOUNDED_CURVE() B_SPLINE_CURVE(2,(#16708,#16709,#16710,#16711
    ,#16712,#16713,#16714),.UNSPECIFIED.,.T.,.F.) 
B_SPLINE_CURVE_WITH_KNOTS((1,2,2,2,2,1),(-2.094395102393,0.,
    2.094395102393,4.188790204786,6.28318530718,8.377580409573),
.UNSPECIFIED.) CURVE() GEOMETRIC_REPRESENTATION_ITEM() 
RATIONAL_B_SPLINE_CURVE((1.,0.5,1.,0.5,1.,0.5,1.)) REPRESENTATION_ITEM(
  '') );
#16708 = CARTESIAN_POINT('',(8.5,3.));
#16709 = CARTESIAN_POINT('',(8.5,2.133974596216));
#16710 = CARTESIAN_POINT('',(7.75,2.566987298108));
#16711 = CARTESIAN_POINT('',(7.,3.));
#16712 = CARTESIAN_POINT('',(7.75,3.433012701892));
#16713 = CARTESIAN_POINT('',(8.5,3.866025403784));
#16714 = CARTESIAN_POINT('',(8.5,3.));
#16715 = ( GEOMETRIC_REPRESENTATION_CONTEXT(2) 
PARAMETRIC_REPRESENTATION_CONTEXT() REPRESENTATION_CONTEXT('2D SPACE',''
  ) );
#16716 = ADVANCED_FACE('',(#16717),#13673,.F.);
#16717 = FACE_BOUND('',#16718,.T.);
#16718 = EDGE_LOOP('',(#16719,#16741,#16762,#16763));
#16719 = ORIENTED_EDGE('',*,*,#16720,.T.);
#16720 = EDGE_CURVE('',#13658,#16721,#16723,.T.);
#16721 = VERTEX_POINT('',#16722);
#16722 = CARTESIAN_POINT('',(15.2,5.5,1.2));
#16723 = SURFACE_CURVE('',#16724,(#16729,#16735),.PCURVE_S1.);
#16724 = CIRCLE('',#16725,2.5);
#16725 = AXIS2_PLACEMENT_3D('',#16726,#16727,#16728);
#16726 = CARTESIAN_POINT('',(15.2,5.5,3.7));
#16727 = DIRECTION('',(2.34827133276E-16,1.,0.));
#16728 = DIRECTION('',(1.,-2.34827133276E-16,0.));
#16729 = PCURVE('',#13673,#16730);
#16730 = DEFINITIONAL_REPRESENTATION('',(#16731),#16734);
#16731 = B_SPLINE_CURVE_WITH_KNOTS('',1,(#16732,#16733),.UNSPECIFIED.,
  .F.,.F.,(2,2),(0.,1.570796326795),.PIECEWISE_BEZIER_KNOTS.);
#16732 = CARTESIAN_POINT('',(0.,0.));
#16733 = CARTESIAN_POINT('',(-1.570796326795,0.));
#16734 = ( GEOMETRIC_REPRESENTATION_CONTEXT(2) 
PARAMETRIC_REPRESENTATION_CONTEXT() REPRESENTATION_CONTEXT('2D SPACE',''
  ) );
#16735 = PCURVE('',#13728,#16736);
#16736 = DEFINITIONAL_REPRESENTATION('',(#16737),#16740);
#16737 = B_SPLINE_CURVE_WITH_KNOTS('',1,(#16738,#16739),.UNSPECIFIED.,
  .F.,.F.,(2,2),(0.,1.570796326795),.PIECEWISE_BEZIER_KNOTS.);
#16738 = CARTESIAN_POINT('',(1.570796326795,0.));
#16739 = CARTESIAN_POINT('',(1.570796326795,1.570796326795));
#16740 = ( GEOMETRIC_REPRESENTATION_CONTEXT(2) 
PARAMETRIC_REPRESENTATION_CONTEXT() REPRESENTATION_CONTEXT('2D SPACE',''
  ) );
#16741 = ORIENTED_EDGE('',*,*,#16742,.T.);
#16742 = EDGE_CURVE('',#16721,#16668,#16743,.T.);
#16743 = SURFACE_CURVE('',#16744,(#16748,#16755),.PCURVE_S1.);
#16744 = LINE('',#16745,#16746);
#16745 = CARTESIAN_POINT('',(15.2,5.5,1.2));
#16746 = VECTOR('',#16747,1.);
#16747 = DIRECTION('',(0.,-1.,-0.));
#16748 = PCURVE('',#13673,#16749);
#16749 = DEFINITIONAL_REPRESENTATION('',(#16750),#16754);
#16750 = LINE('',#16751,#16752);
#16751 = CARTESIAN_POINT('',(-1.570796326795,0.));
#16752 = VECTOR('',#16753,1.);
#16753 = DIRECTION('',(-0.,1.));
#16754 = ( GEOMETRIC_REPRESENTATION_CONTEXT(2) 
PARAMETRIC_REPRESENTATION_CONTEXT() REPRESENTATION_CONTEXT('2D SPACE',''
  ) );
#16755 = PCURVE('',#16530,#16756);
#16756 = DEFINITIONAL_REPRESENTATION('',(#16757),#16761);
#16757 = LINE('',#16758,#16759);
#16758 = CARTESIAN_POINT('',(8.5,14.));
#16759 = VECTOR('',#16760,1.);
#16760 = DIRECTION('',(0.,-1.));
#16761 = ( GEOMETRIC_REPRESENTATION_CONTEXT(2) 
PARAMETRIC_REPRESENTATION_CONTEXT() REPRESENTATION_CONTEXT('2D SPACE',''
  ) );
#16762 = ORIENTED_EDGE('',*,*,#16667,.F.);
#16763 = ORIENTED_EDGE('',*,*,#13657,.F.);
#16764 = ADVANCED_FACE('',(#16765),#13728,.F.);
#16765 = FACE_BOUND('',#16766,.F.);
#16766 = EDGE_LOOP('',(#16767,#16789,#16790,#16791));
#16767 = ORIENTED_EDGE('',*,*,#16768,.F.);
#16768 = EDGE_CURVE('',#13712,#16769,#16771,.T.);
#16769 = VERTEX_POINT('',#16770);
#16770 = CARTESIAN_POINT('',(14.7,6.,1.2));
#16771 = SURFACE_CURVE('',#16772,(#16777,#16783),.PCURVE_S1.);
#16772 = CIRCLE('',#16773,2.5);
#16773 = AXIS2_PLACEMENT_3D('',#16774,#16775,#16776);
#16774 = CARTESIAN_POINT('',(14.7,6.,3.7));
#16775 = DIRECTION('',(-1.,0.,0.));
#16776 = DIRECTION('',(0.,1.,0.));
#16777 = PCURVE('',#13728,#16778);
#16778 = DEFINITIONAL_REPRESENTATION('',(#16779),#16782);
#16779 = B_SPLINE_CURVE_WITH_KNOTS('',1,(#16780,#16781),.UNSPECIFIED.,
  .F.,.F.,(2,2),(0.,1.570796326795),.PIECEWISE_BEZIER_KNOTS.);
#16780 = CARTESIAN_POINT('',(0.,0.));
#16781 = CARTESIAN_POINT('',(0.,1.570796326795));
#16782 = ( GEOMETRIC_REPRESENTATION_CONTEXT(2) 
PARAMETRIC_REPRESENTATION_CONTEXT() REPRESENTATION_CONTEXT('2D SPACE',''
  ) );
#16783 = PCURVE('',#13793,#16784);
#16784 = DEFINITIONAL_REPRESENTATION('',(#16785),#16788);
#16785 = B_SPLINE_CURVE_WITH_KNOTS('',1,(#16786,#16787),.UNSPECIFIED.,
  .F.,.F.,(2,2),(0.,1.570796326795),.PIECEWISE_BEZIER_KNOTS.);
#16786 = CARTESIAN_POINT('',(0.,5.));
#16787 = CARTESIAN_POINT('',(-1.570796326795,5.));
#16788 = ( GEOMETRIC_REPRESENTATION_CONTEXT(2) 
PARAMETRIC_REPRESENTATION_CONTEXT() REPRESENTATION_CONTEXT('2D SPACE',''
  ) );
#16789 = ORIENTED_EDGE('',*,*,#13711,.T.);
#16790 = ORIENTED_EDGE('',*,*,#16720,.T.);
#16791 = ORIENTED_EDGE('',*,*,#16792,.F.);
#16792 = EDGE_CURVE('',#16769,#16721,#16793,.T.);
#16793 = SURFACE_CURVE('',#16794,(#16799,#16806),.PCURVE_S1.);
#16794 = CIRCLE('',#16795,0.5);
#16795 = AXIS2_PLACEMENT_3D('',#16796,#16797,#16798);
#16796 = CARTESIAN_POINT('',(14.7,5.5,1.2));
#16797 = DIRECTION('',(0.,-0.,-1.));
#16798 = DIRECTION('',(2.960594732334E-16,1.,-0.));
#16799 = PCURVE('',#13728,#16800);
#16800 = DEFINITIONAL_REPRESENTATION('',(#16801),#16805);
#16801 = LINE('',#16802,#16803);
#16802 = CARTESIAN_POINT('',(0.,1.570796326795));
#16803 = VECTOR('',#16804,1.);
#16804 = DIRECTION('',(1.,0.));
#16805 = ( GEOMETRIC_REPRESENTATION_CONTEXT(2) 
PARAMETRIC_REPRESENTATION_CONTEXT() REPRESENTATION_CONTEXT('2D SPACE',''
  ) );
#16806 = PCURVE('',#16530,#16807);
#16807 = DEFINITIONAL_REPRESENTATION('',(#16808),#16816);
#16808 = ( BOUNDED_CURVE() B_SPLINE_CURVE(2,(#16809,#16810,#16811,#16812
    ,#16813,#16814,#16815),.UNSPECIFIED.,.T.,.F.) 
B_SPLINE_CURVE_WITH_KNOTS((1,2,2,2,2,1),(-2.094395102393,0.,
    2.094395102393,4.188790204786,6.28318530718,8.377580409573),
.UNSPECIFIED.) CURVE() GEOMETRIC_REPRESENTATION_ITEM() 
RATIONAL_B_SPLINE_CURVE((1.,0.5,1.,0.5,1.,0.5,1.)) REPRESENTATION_ITEM(
  '') );
#16809 = CARTESIAN_POINT('',(8.,14.5));
#16810 = CARTESIAN_POINT('',(8.866025403784,14.5));
#16811 = CARTESIAN_POINT('',(8.433012701892,13.75));
#16812 = CARTESIAN_POINT('',(8.,13.));
#16813 = CARTESIAN_POINT('',(7.566987298108,13.75));
#16814 = CARTESIAN_POINT('',(7.133974596216,14.5));
#16815 = CARTESIAN_POINT('',(8.,14.5));
#16816 = ( GEOMETRIC_REPRESENTATION_CONTEXT(2) 
PARAMETRIC_REPRESENTATION_CONTEXT() REPRESENTATION_CONTEXT('2D SPACE',''
  ) );
#16817 = ADVANCED_FACE('',(#16818),#13793,.F.);
#16818 = FACE_BOUND('',#16819,.T.);
#16819 = EDGE_LOOP('',(#16820,#16842,#16863,#16864));
#16820 = ORIENTED_EDGE('',*,*,#16821,.T.);
#16821 = EDGE_CURVE('',#13778,#16822,#16824,.T.);
#16822 = VERTEX_POINT('',#16823);
#16823 = CARTESIAN_POINT('',(9.7,6.,1.2));
#16824 = SURFACE_CURVE('',#16825,(#16830,#16836),.PCURVE_S1.);
#16825 = CIRCLE('',#16826,2.5);
#16826 = AXIS2_PLACEMENT_3D('',#16827,#16828,#16829);
#16827 = CARTESIAN_POINT('',(9.7,6.,3.7));
#16828 = DIRECTION('',(-1.,2.34827133276E-16,0.));
#16829 = DIRECTION('',(2.34827133276E-16,1.,0.));
#16830 = PCURVE('',#13793,#16831);
#16831 = DEFINITIONAL_REPRESENTATION('',(#16832),#16835);
#16832 = B_SPLINE_CURVE_WITH_KNOTS('',1,(#16833,#16834),.UNSPECIFIED.,
  .F.,.F.,(2,2),(0.,1.570796326795),.PIECEWISE_BEZIER_KNOTS.);
#16833 = CARTESIAN_POINT('',(0.,0.));
#16834 = CARTESIAN_POINT('',(-1.570796326795,0.));
#16835 = ( GEOMETRIC_REPRESENTATION_CONTEXT(2) 
PARAMETRIC_REPRESENTATION_CONTEXT() REPRESENTATION_CONTEXT('2D SPACE',''
  ) );
#16836 = PCURVE('',#13847,#16837);
#16837 = DEFINITIONAL_REPRESENTATION('',(#16838),#16841);
#16838 = B_SPLINE_CURVE_WITH_KNOTS('',1,(#16839,#16840),.UNSPECIFIED.,
  .F.,.F.,(2,2),(0.,1.570796326795),.PIECEWISE_BEZIER_KNOTS.);
#16839 = CARTESIAN_POINT('',(1.570796326795,0.));
#16840 = CARTESIAN_POINT('',(1.570796326795,1.570796326795));
#16841 = ( GEOMETRIC_REPRESENTATION_CONTEXT(2) 
PARAMETRIC_REPRESENTATION_CONTEXT() REPRESENTATION_CONTEXT('2D SPACE',''
  ) );
#16842 = ORIENTED_EDGE('',*,*,#16843,.T.);
#16843 = EDGE_CURVE('',#16822,#16769,#16844,.T.);
#16844 = SURFACE_CURVE('',#16845,(#16849,#16856),.PCURVE_S1.);
#16845 = LINE('',#16846,#16847);
#16846 = CARTESIAN_POINT('',(9.7,6.,1.2));
#16847 = VECTOR('',#16848,1.);
#16848 = DIRECTION('',(1.,0.,-0.));
#16849 = PCURVE('',#13793,#16850);
#16850 = DEFINITIONAL_REPRESENTATION('',(#16851),#16855);
#16851 = LINE('',#16852,#16853);
#16852 = CARTESIAN_POINT('',(-1.570796326795,0.));
#16853 = VECTOR('',#16854,1.);
#16854 = DIRECTION('',(-0.,1.));
#16855 = ( GEOMETRIC_REPRESENTATION_CONTEXT(2) 
PARAMETRIC_REPRESENTATION_CONTEXT() REPRESENTATION_CONTEXT('2D SPACE',''
  ) );
#16856 = PCURVE('',#16530,#16857);
#16857 = DEFINITIONAL_REPRESENTATION('',(#16858),#16862);
#16858 = LINE('',#16859,#16860);
#16859 = CARTESIAN_POINT('',(3.,14.5));
#16860 = VECTOR('',#16861,1.);
#16861 = DIRECTION('',(1.,0.));
#16862 = ( GEOMETRIC_REPRESENTATION_CONTEXT(2) 
PARAMETRIC_REPRESENTATION_CONTEXT() REPRESENTATION_CONTEXT('2D SPACE',''
  ) );
#16863 = ORIENTED_EDGE('',*,*,#16768,.F.);
#16864 = ORIENTED_EDGE('',*,*,#13777,.F.);
#16865 = ADVANCED_FACE('',(#16866),#13847,.F.);
#16866 = FACE_BOUND('',#16867,.F.);
#16867 = EDGE_LOOP('',(#16868,#16869,#16870,#16871));
#16868 = ORIENTED_EDGE('',*,*,#16542,.F.);
#16869 = ORIENTED_EDGE('',*,*,#13832,.T.);
#16870 = ORIENTED_EDGE('',*,*,#16821,.T.);
#16871 = ORIENTED_EDGE('',*,*,#16872,.F.);
#16872 = EDGE_CURVE('',#16515,#16822,#16873,.T.);
#16873 = SURFACE_CURVE('',#16874,(#16879,#16886),.PCURVE_S1.);
#16874 = CIRCLE('',#16875,0.5);
#16875 = AXIS2_PLACEMENT_3D('',#16876,#16877,#16878);
#16876 = CARTESIAN_POINT('',(9.7,5.5,1.2));
#16877 = DIRECTION('',(-0.,0.,-1.));
#16878 = DIRECTION('',(-1.,2.960594732334E-16,0.));
#16879 = PCURVE('',#13847,#16880);
#16880 = DEFINITIONAL_REPRESENTATION('',(#16881),#16885);
#16881 = LINE('',#16882,#16883);
#16882 = CARTESIAN_POINT('',(0.,1.570796326795));
#16883 = VECTOR('',#16884,1.);
#16884 = DIRECTION('',(1.,0.));
#16885 = ( GEOMETRIC_REPRESENTATION_CONTEXT(2) 
PARAMETRIC_REPRESENTATION_CONTEXT() REPRESENTATION_CONTEXT('2D SPACE',''
  ) );
#16886 = PCURVE('',#16530,#16887);
#16887 = DEFINITIONAL_REPRESENTATION('',(#16888),#16896);
#16888 = ( BOUNDED_CURVE() B_SPLINE_CURVE(2,(#16889,#16890,#16891,#16892
    ,#16893,#16894,#16895),.UNSPECIFIED.,.T.,.F.) 
B_SPLINE_CURVE_WITH_KNOTS((1,2,2,2,2,1),(-2.094395102393,0.,
    2.094395102393,4.188790204786,6.28318530718,8.377580409573),
.UNSPECIFIED.) CURVE() GEOMETRIC_REPRESENTATION_ITEM() 
RATIONAL_B_SPLINE_CURVE((1.,0.5,1.,0.5,1.,0.5,1.)) REPRESENTATION_ITEM(
  '') );
#16889 = CARTESIAN_POINT('',(2.5,14.));
#16890 = CARTESIAN_POINT('',(2.5,14.866025403784));
#16891 = CARTESIAN_POINT('',(3.25,14.433012701892));
#16892 = CARTESIAN_POINT('',(4.,14.));
#16893 = CARTESIAN_POINT('',(3.25,13.566987298108));
#16894 = CARTESIAN_POINT('',(2.5,13.133974596216));
#16895 = CARTESIAN_POINT('',(2.5,14.));
#16896 = ( GEOMETRIC_REPRESENTATION_CONTEXT(2) 
PARAMETRIC_REPRESENTATION_CONTEXT() REPRESENTATION_CONTEXT('2D SPACE',''
  ) );
#16897 = ADVANCED_FACE('',(#16898),#13915,.F.);
#16898 = FACE_BOUND('',#16899,.T.);
#16899 = EDGE_LOOP('',(#16900,#16922,#16950,#16970));
#16900 = ORIENTED_EDGE('',*,*,#16901,.T.);
#16901 = EDGE_CURVE('',#13877,#16902,#16904,.T.);
#16902 = VERTEX_POINT('',#16903);
#16903 = CARTESIAN_POINT('',(-3.,-5.5,1.2));
#16904 = SURFACE_CURVE('',#16905,(#16910,#16916),.PCURVE_S1.);
#16905 = CIRCLE('',#16906,2.5);
#16906 = AXIS2_PLACEMENT_3D('',#16907,#16908,#16909);
#16907 = CARTESIAN_POINT('',(-3.,-5.5,3.7));
#16908 = DIRECTION('',(0.,-1.,-0.));
#16909 = DIRECTION('',(-1.,-0.,0.));
#16910 = PCURVE('',#13915,#16911);
#16911 = DEFINITIONAL_REPRESENTATION('',(#16912),#16915);
#16912 = B_SPLINE_CURVE_WITH_KNOTS('',1,(#16913,#16914),.UNSPECIFIED.,
  .F.,.F.,(2,2),(0.,1.570796326795),.PIECEWISE_BEZIER_KNOTS.);
#16913 = CARTESIAN_POINT('',(0.,0.));
#16914 = CARTESIAN_POINT('',(-1.570796326795,0.));
#16915 = ( GEOMETRIC_REPRESENTATION_CONTEXT(2) 
PARAMETRIC_REPRESENTATION_CONTEXT() REPRESENTATION_CONTEXT('2D SPACE',''
  ) );
#16916 = PCURVE('',#13970,#16917);
#16917 = DEFINITIONAL_REPRESENTATION('',(#16918),#16921);
#16918 = B_SPLINE_CURVE_WITH_KNOTS('',1,(#16919,#16920),.UNSPECIFIED.,
  .F.,.F.,(2,2),(0.,1.570796326795),.PIECEWISE_BEZIER_KNOTS.);
#16919 = CARTESIAN_POINT('',(1.570796326795,0.));
#16920 = CARTESIAN_POINT('',(1.570796326795,1.570796326795));
#16921 = ( GEOMETRIC_REPRESENTATION_CONTEXT(2) 
PARAMETRIC_REPRESENTATION_CONTEXT() REPRESENTATION_CONTEXT('2D SPACE',''
  ) );
#16922 = ORIENTED_EDGE('',*,*,#16923,.T.);
#16923 = EDGE_CURVE('',#16902,#16924,#16926,.T.);
#16924 = VERTEX_POINT('',#16925);
#16925 = CARTESIAN_POINT('',(-3.,5.5,1.2));
#16926 = SURFACE_CURVE('',#16927,(#16931,#16938),.PCURVE_S1.);
#16927 = LINE('',#16928,#16929);
#16928 = CARTESIAN_POINT('',(-3.,-5.5,1.2));
#16929 = VECTOR('',#16930,1.);
#16930 = DIRECTION('',(-0.,1.,0.));
#16931 = PCURVE('',#13915,#16932);
#16932 = DEFINITIONAL_REPRESENTATION('',(#16933),#16937);
#16933 = LINE('',#16934,#16935);
#16934 = CARTESIAN_POINT('',(-1.570796326795,0.));
#16935 = VECTOR('',#16936,1.);
#16936 = DIRECTION('',(-0.,1.));
#16937 = ( GEOMETRIC_REPRESENTATION_CONTEXT(2) 
PARAMETRIC_REPRESENTATION_CONTEXT() REPRESENTATION_CONTEXT('2D SPACE',''
  ) );
#16938 = PCURVE('',#16939,#16944);
#16939 = PLANE('',#16940);
#16940 = AXIS2_PLACEMENT_3D('',#16941,#16942,#16943);
#16941 = CARTESIAN_POINT('',(-5.5,-8.5,1.2));
#16942 = DIRECTION('',(0.,0.,1.));
#16943 = DIRECTION('',(1.,0.,-0.));
#16944 = DEFINITIONAL_REPRESENTATION('',(#16945),#16949);
#16945 = LINE('',#16946,#16947);
#16946 = CARTESIAN_POINT('',(2.5,3.));
#16947 = VECTOR('',#16948,1.);
#16948 = DIRECTION('',(0.,1.));
#16949 = ( GEOMETRIC_REPRESENTATION_CONTEXT(2) 
PARAMETRIC_REPRESENTATION_CONTEXT() REPRESENTATION_CONTEXT('2D SPACE',''
  ) );
#16950 = ORIENTED_EDGE('',*,*,#16951,.F.);
#16951 = EDGE_CURVE('',#13900,#16924,#16952,.T.);
#16952 = SURFACE_CURVE('',#16953,(#16958,#16964),.PCURVE_S1.);
#16953 = CIRCLE('',#16954,2.5);
#16954 = AXIS2_PLACEMENT_3D('',#16955,#16956,#16957);
#16955 = CARTESIAN_POINT('',(-3.,5.5,3.7));
#16956 = DIRECTION('',(0.,-1.,-0.));
#16957 = DIRECTION('',(-1.,-0.,0.));
#16958 = PCURVE('',#13915,#16959);
#16959 = DEFINITIONAL_REPRESENTATION('',(#16960),#16963);
#16960 = B_SPLINE_CURVE_WITH_KNOTS('',1,(#16961,#16962),.UNSPECIFIED.,
  .F.,.F.,(2,2),(0.,1.570796326795),.PIECEWISE_BEZIER_KNOTS.);
#16961 = CARTESIAN_POINT('',(0.,11.));
#16962 = CARTESIAN_POINT('',(-1.570796326795,11.));
#16963 = ( GEOMETRIC_REPRESENTATION_CONTEXT(2) 
PARAMETRIC_REPRESENTATION_CONTEXT() REPRESENTATION_CONTEXT('2D SPACE',''
  ) );
#16964 = PCURVE('',#14331,#16965);
#16965 = DEFINITIONAL_REPRESENTATION('',(#16966),#16969);
#16966 = B_SPLINE_CURVE_WITH_KNOTS('',1,(#16967,#16968),.UNSPECIFIED.,
  .F.,.F.,(2,2),(0.,1.570796326795),.PIECEWISE_BEZIER_KNOTS.);
#16967 = CARTESIAN_POINT('',(0.,0.));
#16968 = CARTESIAN_POINT('',(0.,1.570796326795));
#16969 = ( GEOMETRIC_REPRESENTATION_CONTEXT(2) 
PARAMETRIC_REPRESENTATION_CONTEXT() REPRESENTATION_CONTEXT('2D SPACE',''
  ) );
#16970 = ORIENTED_EDGE('',*,*,#13899,.F.);
#16971 = ADVANCED_FACE('',(#16972),#13970,.F.);
#16972 = FACE_BOUND('',#16973,.F.);
#16973 = EDGE_LOOP('',(#16974,#16996,#16997,#16998));
#16974 = ORIENTED_EDGE('',*,*,#16975,.F.);
#16975 = EDGE_CURVE('',#13954,#16976,#16978,.T.);
#16976 = VERTEX_POINT('',#16977);
#16977 = CARTESIAN_POINT('',(-2.5,-6.,1.2));
#16978 = SURFACE_CURVE('',#16979,(#16984,#16990),.PCURVE_S1.);
#16979 = CIRCLE('',#16980,2.5);
#16980 = AXIS2_PLACEMENT_3D('',#16981,#16982,#16983);
#16981 = CARTESIAN_POINT('',(-2.5,-6.,3.7));
#16982 = DIRECTION('',(1.,0.,0.));
#16983 = DIRECTION('',(0.,-1.,0.));
#16984 = PCURVE('',#13970,#16985);
#16985 = DEFINITIONAL_REPRESENTATION('',(#16986),#16989);
#16986 = B_SPLINE_CURVE_WITH_KNOTS('',1,(#16987,#16988),.UNSPECIFIED.,
  .F.,.F.,(2,2),(0.,1.570796326795),.PIECEWISE_BEZIER_KNOTS.);
#16987 = CARTESIAN_POINT('',(-2.22044604925E-16,0.));
#16988 = CARTESIAN_POINT('',(-2.22044604925E-16,1.570796326795));
#16989 = ( GEOMETRIC_REPRESENTATION_CONTEXT(2) 
PARAMETRIC_REPRESENTATION_CONTEXT() REPRESENTATION_CONTEXT('2D SPACE',''
  ) );
#16990 = PCURVE('',#14035,#16991);
#16991 = DEFINITIONAL_REPRESENTATION('',(#16992),#16995);
#16992 = B_SPLINE_CURVE_WITH_KNOTS('',1,(#16993,#16994),.UNSPECIFIED.,
  .F.,.F.,(2,2),(0.,1.570796326795),.PIECEWISE_BEZIER_KNOTS.);
#16993 = CARTESIAN_POINT('',(0.,5.));
#16994 = CARTESIAN_POINT('',(-1.570796326795,5.));
#16995 = ( GEOMETRIC_REPRESENTATION_CONTEXT(2) 
PARAMETRIC_REPRESENTATION_CONTEXT() REPRESENTATION_CONTEXT('2D SPACE',''
  ) );
#16996 = ORIENTED_EDGE('',*,*,#13953,.T.);
#16997 = ORIENTED_EDGE('',*,*,#16901,.T.);
#16998 = ORIENTED_EDGE('',*,*,#16999,.F.);
#16999 = EDGE_CURVE('',#16976,#16902,#17000,.T.);
#17000 = SURFACE_CURVE('',#17001,(#17006,#17013),.PCURVE_S1.);
#17001 = CIRCLE('',#17002,0.5);
#17002 = AXIS2_PLACEMENT_3D('',#17003,#17004,#17005);
#17003 = CARTESIAN_POINT('',(-2.5,-5.5,1.2));
#17004 = DIRECTION('',(-0.,0.,-1.));
#17005 = DIRECTION('',(-2.960594732334E-16,-1.,0.));
#17006 = PCURVE('',#13970,#17007);
#17007 = DEFINITIONAL_REPRESENTATION('',(#17008),#17012);
#17008 = LINE('',#17009,#17010);
#17009 = CARTESIAN_POINT('',(0.,1.570796326795));
#17010 = VECTOR('',#17011,1.);
#17011 = DIRECTION('',(1.,0.));
#17012 = ( GEOMETRIC_REPRESENTATION_CONTEXT(2) 
PARAMETRIC_REPRESENTATION_CONTEXT() REPRESENTATION_CONTEXT('2D SPACE',''
  ) );
#17013 = PCURVE('',#16939,#17014);
#17014 = DEFINITIONAL_REPRESENTATION('',(#17015),#17023);
#17015 = ( BOUNDED_CURVE() B_SPLINE_CURVE(2,(#17016,#17017,#17018,#17019
    ,#17020,#17021,#17022),.UNSPECIFIED.,.T.,.F.) 
B_SPLINE_CURVE_WITH_KNOTS((1,2,2,2,2,1),(-2.094395102393,0.,
    2.094395102393,4.188790204786,6.28318530718,8.377580409573),
.UNSPECIFIED.) CURVE() GEOMETRIC_REPRESENTATION_ITEM() 
RATIONAL_B_SPLINE_CURVE((1.,0.5,1.,0.5,1.,0.5,1.)) REPRESENTATION_ITEM(
  '') );
#17016 = CARTESIAN_POINT('',(3.,2.5));
#17017 = CARTESIAN_POINT('',(2.133974596216,2.5));
#17018 = CARTESIAN_POINT('',(2.566987298108,3.25));
#17019 = CARTESIAN_POINT('',(3.,4.));
#17020 = CARTESIAN_POINT('',(3.433012701892,3.25));
#17021 = CARTESIAN_POINT('',(3.866025403784,2.5));
#17022 = CARTESIAN_POINT('',(3.,2.5));
#17023 = ( GEOMETRIC_REPRESENTATION_CONTEXT(2) 
PARAMETRIC_REPRESENTATION_CONTEXT() REPRESENTATION_CONTEXT('2D SPACE',''
  ) );
#17024 = ADVANCED_FACE('',(#17025),#14035,.F.);
#17025 = FACE_BOUND('',#17026,.T.);
#17026 = EDGE_LOOP('',(#17027,#17049,#17070,#17071));
#17027 = ORIENTED_EDGE('',*,*,#17028,.T.);
#17028 = EDGE_CURVE('',#14020,#17029,#17031,.T.);
#17029 = VERTEX_POINT('',#17030);
#17030 = CARTESIAN_POINT('',(2.5,-6.,1.2));
#17031 = SURFACE_CURVE('',#17032,(#17037,#17043),.PCURVE_S1.);
#17032 = CIRCLE('',#17033,2.5);
#17033 = AXIS2_PLACEMENT_3D('',#17034,#17035,#17036);
#17034 = CARTESIAN_POINT('',(2.5,-6.,3.7));
#17035 = DIRECTION('',(1.,6.123233995737E-17,0.));
#17036 = DIRECTION('',(6.123233995737E-17,-1.,0.));
#17037 = PCURVE('',#14035,#17038);
#17038 = DEFINITIONAL_REPRESENTATION('',(#17039),#17042);
#17039 = B_SPLINE_CURVE_WITH_KNOTS('',1,(#17040,#17041),.UNSPECIFIED.,
  .F.,.F.,(2,2),(0.,1.570796326795),.PIECEWISE_BEZIER_KNOTS.);
#17040 = CARTESIAN_POINT('',(0.,0.));
#17041 = CARTESIAN_POINT('',(-1.570796326795,0.));
#17042 = ( GEOMETRIC_REPRESENTATION_CONTEXT(2) 
PARAMETRIC_REPRESENTATION_CONTEXT() REPRESENTATION_CONTEXT('2D SPACE',''
  ) );
#17043 = PCURVE('',#14111,#17044);
#17044 = DEFINITIONAL_REPRESENTATION('',(#17045),#17048);
#17045 = B_SPLINE_CURVE_WITH_KNOTS('',1,(#17046,#17047),.UNSPECIFIED.,
  .F.,.F.,(2,2),(0.,1.570796326795),.PIECEWISE_BEZIER_KNOTS.);
#17046 = CARTESIAN_POINT('',(1.570796326795,0.));
#17047 = CARTESIAN_POINT('',(1.570796326795,1.570796326795));
#17048 = ( GEOMETRIC_REPRESENTATION_CONTEXT(2) 
PARAMETRIC_REPRESENTATION_CONTEXT() REPRESENTATION_CONTEXT('2D SPACE',''
  ) );
#17049 = ORIENTED_EDGE('',*,*,#17050,.T.);
#17050 = EDGE_CURVE('',#17029,#16976,#17051,.T.);
#17051 = SURFACE_CURVE('',#17052,(#17056,#17063),.PCURVE_S1.);
#17052 = LINE('',#17053,#17054);
#17053 = CARTESIAN_POINT('',(2.5,-6.,1.2));
#17054 = VECTOR('',#17055,1.);
#17055 = DIRECTION('',(-1.,-0.,0.));
#17056 = PCURVE('',#14035,#17057);
#17057 = DEFINITIONAL_REPRESENTATION('',(#17058),#17062);
#17058 = LINE('',#17059,#17060);
#17059 = CARTESIAN_POINT('',(-1.570796326795,0.));
#17060 = VECTOR('',#17061,1.);
#17061 = DIRECTION('',(-0.,1.));
#17062 = ( GEOMETRIC_REPRESENTATION_CONTEXT(2) 
PARAMETRIC_REPRESENTATION_CONTEXT() REPRESENTATION_CONTEXT('2D SPACE',''
  ) );
#17063 = PCURVE('',#16939,#17064);
#17064 = DEFINITIONAL_REPRESENTATION('',(#17065),#17069);
#17065 = LINE('',#17066,#17067);
#17066 = CARTESIAN_POINT('',(8.,2.5));
#17067 = VECTOR('',#17068,1.);
#17068 = DIRECTION('',(-1.,0.));
#17069 = ( GEOMETRIC_REPRESENTATION_CONTEXT(2) 
PARAMETRIC_REPRESENTATION_CONTEXT() REPRESENTATION_CONTEXT('2D SPACE',''
  ) );
#17070 = ORIENTED_EDGE('',*,*,#16975,.F.);
#17071 = ORIENTED_EDGE('',*,*,#14019,.F.);
#17072 = ADVANCED_FACE('',(#17073),#14111,.F.);
#17073 = FACE_BOUND('',#17074,.F.);
#17074 = EDGE_LOOP('',(#17075,#17097,#17098,#17099));
#17075 = ORIENTED_EDGE('',*,*,#17076,.F.);
#17076 = EDGE_CURVE('',#14074,#17077,#17079,.T.);
#17077 = VERTEX_POINT('',#17078);
#17078 = CARTESIAN_POINT('',(3.,-5.5,1.2));
#17079 = SURFACE_CURVE('',#17080,(#17085,#17091),.PCURVE_S1.);
#17080 = CIRCLE('',#17081,2.5);
#17081 = AXIS2_PLACEMENT_3D('',#17082,#17083,#17084);
#17082 = CARTESIAN_POINT('',(3.,-5.5,3.7));
#17083 = DIRECTION('',(-0.,1.,0.));
#17084 = DIRECTION('',(1.,0.,0.));
#17085 = PCURVE('',#14111,#17086);
#17086 = DEFINITIONAL_REPRESENTATION('',(#17087),#17090);
#17087 = B_SPLINE_CURVE_WITH_KNOTS('',1,(#17088,#17089),.UNSPECIFIED.,
  .F.,.F.,(2,2),(0.,1.570796326795),.PIECEWISE_BEZIER_KNOTS.);
#17088 = CARTESIAN_POINT('',(0.,0.));
#17089 = CARTESIAN_POINT('',(0.,1.570796326795));
#17090 = ( GEOMETRIC_REPRESENTATION_CONTEXT(2) 
PARAMETRIC_REPRESENTATION_CONTEXT() REPRESENTATION_CONTEXT('2D SPACE',''
  ) );
#17091 = PCURVE('',#14157,#17092);
#17092 = DEFINITIONAL_REPRESENTATION('',(#17093),#17096);
#17093 = B_SPLINE_CURVE_WITH_KNOTS('',1,(#17094,#17095),.UNSPECIFIED.,
  .F.,.F.,(2,2),(0.,1.570796326795),.PIECEWISE_BEZIER_KNOTS.);
#17094 = CARTESIAN_POINT('',(0.,11.));
#17095 = CARTESIAN_POINT('',(-1.570796326795,11.));
#17096 = ( GEOMETRIC_REPRESENTATION_CONTEXT(2) 
PARAMETRIC_REPRESENTATION_CONTEXT() REPRESENTATION_CONTEXT('2D SPACE',''
  ) );
#17097 = ORIENTED_EDGE('',*,*,#14096,.T.);
#17098 = ORIENTED_EDGE('',*,*,#17028,.T.);
#17099 = ORIENTED_EDGE('',*,*,#17100,.F.);
#17100 = EDGE_CURVE('',#17077,#17029,#17101,.T.);
#17101 = SURFACE_CURVE('',#17102,(#17107,#17114),.PCURVE_S1.);
#17102 = CIRCLE('',#17103,0.5);
#17103 = AXIS2_PLACEMENT_3D('',#17104,#17105,#17106);
#17104 = CARTESIAN_POINT('',(2.5,-5.5,1.2));
#17105 = DIRECTION('',(0.,-0.,-1.));
#17106 = DIRECTION('',(1.,0.,-0.));
#17107 = PCURVE('',#14111,#17108);
#17108 = DEFINITIONAL_REPRESENTATION('',(#17109),#17113);
#17109 = LINE('',#17110,#17111);
#17110 = CARTESIAN_POINT('',(0.,1.570796326795));
#17111 = VECTOR('',#17112,1.);
#17112 = DIRECTION('',(1.,0.));
#17113 = ( GEOMETRIC_REPRESENTATION_CONTEXT(2) 
PARAMETRIC_REPRESENTATION_CONTEXT() REPRESENTATION_CONTEXT('2D SPACE',''
  ) );
#17114 = PCURVE('',#16939,#17115);
#17115 = DEFINITIONAL_REPRESENTATION('',(#17116),#17124);
#17116 = ( BOUNDED_CURVE() B_SPLINE_CURVE(2,(#17117,#17118,#17119,#17120
    ,#17121,#17122,#17123),.UNSPECIFIED.,.T.,.F.) 
B_SPLINE_CURVE_WITH_KNOTS((1,2,2,2,2,1),(-2.094395102393,0.,
    2.094395102393,4.188790204786,6.28318530718,8.377580409573),
.UNSPECIFIED.) CURVE() GEOMETRIC_REPRESENTATION_ITEM() 
RATIONAL_B_SPLINE_CURVE((1.,0.5,1.,0.5,1.,0.5,1.)) REPRESENTATION_ITEM(
  '') );
#17117 = CARTESIAN_POINT('',(8.5,3.));
#17118 = CARTESIAN_POINT('',(8.5,2.133974596216));
#17119 = CARTESIAN_POINT('',(7.75,2.566987298108));
#17120 = CARTESIAN_POINT('',(7.,3.));
#17121 = CARTESIAN_POINT('',(7.75,3.433012701892));
#17122 = CARTESIAN_POINT('',(8.5,3.866025403784));
#17123 = CARTESIAN_POINT('',(8.5,3.));
#17124 = ( GEOMETRIC_REPRESENTATION_CONTEXT(2) 
PARAMETRIC_REPRESENTATION_CONTEXT() REPRESENTATION_CONTEXT('2D SPACE',''
  ) );
#17125 = ADVANCED_FACE('',(#17126),#14157,.F.);
#17126 = FACE_BOUND('',#17127,.T.);
#17127 = EDGE_LOOP('',(#17128,#17150,#17171,#17172));
#17128 = ORIENTED_EDGE('',*,*,#17129,.T.);
#17129 = EDGE_CURVE('',#14142,#17130,#17132,.T.);
#17130 = VERTEX_POINT('',#17131);
#17131 = CARTESIAN_POINT('',(3.,5.5,1.2));
#17132 = SURFACE_CURVE('',#17133,(#17138,#17144),.PCURVE_S1.);
#17133 = CIRCLE('',#17134,2.5);
#17134 = AXIS2_PLACEMENT_3D('',#17135,#17136,#17137);
#17135 = CARTESIAN_POINT('',(3.,5.5,3.7));
#17136 = DIRECTION('',(2.34827133276E-16,1.,0.));
#17137 = DIRECTION('',(1.,-2.34827133276E-16,0.));
#17138 = PCURVE('',#14157,#17139);
#17139 = DEFINITIONAL_REPRESENTATION('',(#17140),#17143);
#17140 = B_SPLINE_CURVE_WITH_KNOTS('',1,(#17141,#17142),.UNSPECIFIED.,
  .F.,.F.,(2,2),(0.,1.570796326795),.PIECEWISE_BEZIER_KNOTS.);
#17141 = CARTESIAN_POINT('',(0.,0.));
#17142 = CARTESIAN_POINT('',(-1.570796326795,0.));
#17143 = ( GEOMETRIC_REPRESENTATION_CONTEXT(2) 
PARAMETRIC_REPRESENTATION_CONTEXT() REPRESENTATION_CONTEXT('2D SPACE',''
  ) );
#17144 = PCURVE('',#14212,#17145);
#17145 = DEFINITIONAL_REPRESENTATION('',(#17146),#17149);
#17146 = B_SPLINE_CURVE_WITH_KNOTS('',1,(#17147,#17148),.UNSPECIFIED.,
  .F.,.F.,(2,2),(0.,1.570796326795),.PIECEWISE_BEZIER_KNOTS.);
#17147 = CARTESIAN_POINT('',(1.570796326795,0.));
#17148 = CARTESIAN_POINT('',(1.570796326795,1.570796326795));
#17149 = ( GEOMETRIC_REPRESENTATION_CONTEXT(2) 
PARAMETRIC_REPRESENTATION_CONTEXT() REPRESENTATION_CONTEXT('2D SPACE',''
  ) );
#17150 = ORIENTED_EDGE('',*,*,#17151,.T.);
#17151 = EDGE_CURVE('',#17130,#17077,#17152,.T.);
#17152 = SURFACE_CURVE('',#17153,(#17157,#17164),.PCURVE_S1.);
#17153 = LINE('',#17154,#17155);
#17154 = CARTESIAN_POINT('',(3.,5.5,1.2));
#17155 = VECTOR('',#17156,1.);
#17156 = DIRECTION('',(0.,-1.,-0.));
#17157 = PCURVE('',#14157,#17158);
#17158 = DEFINITIONAL_REPRESENTATION('',(#17159),#17163);
#17159 = LINE('',#17160,#17161);
#17160 = CARTESIAN_POINT('',(-1.570796326795,0.));
#17161 = VECTOR('',#17162,1.);
#17162 = DIRECTION('',(-0.,1.));
#17163 = ( GEOMETRIC_REPRESENTATION_CONTEXT(2) 
PARAMETRIC_REPRESENTATION_CONTEXT() REPRESENTATION_CONTEXT('2D SPACE',''
  ) );
#17164 = PCURVE('',#16939,#17165);
#17165 = DEFINITIONAL_REPRESENTATION('',(#17166),#17170);
#17166 = LINE('',#17167,#17168);
#17167 = CARTESIAN_POINT('',(8.5,14.));
#17168 = VECTOR('',#17169,1.);
#17169 = DIRECTION('',(0.,-1.));
#17170 = ( GEOMETRIC_REPRESENTATION_CONTEXT(2) 
PARAMETRIC_REPRESENTATION_CONTEXT() REPRESENTATION_CONTEXT('2D SPACE',''
  ) );
#17171 = ORIENTED_EDGE('',*,*,#17076,.F.);
#17172 = ORIENTED_EDGE('',*,*,#14141,.F.);
#17173 = ADVANCED_FACE('',(#17174),#14212,.F.);
#17174 = FACE_BOUND('',#17175,.F.);
#17175 = EDGE_LOOP('',(#17176,#17198,#17199,#17200));
#17176 = ORIENTED_EDGE('',*,*,#17177,.F.);
#17177 = EDGE_CURVE('',#14196,#17178,#17180,.T.);
#17178 = VERTEX_POINT('',#17179);
#17179 = CARTESIAN_POINT('',(2.5,6.,1.2));
#17180 = SURFACE_CURVE('',#17181,(#17186,#17192),.PCURVE_S1.);
#17181 = CIRCLE('',#17182,2.5);
#17182 = AXIS2_PLACEMENT_3D('',#17183,#17184,#17185);
#17183 = CARTESIAN_POINT('',(2.5,6.,3.7));
#17184 = DIRECTION('',(-1.,0.,0.));
#17185 = DIRECTION('',(0.,1.,0.));
#17186 = PCURVE('',#14212,#17187);
#17187 = DEFINITIONAL_REPRESENTATION('',(#17188),#17191);
#17188 = B_SPLINE_CURVE_WITH_KNOTS('',1,(#17189,#17190),.UNSPECIFIED.,
  .F.,.F.,(2,2),(0.,1.570796326795),.PIECEWISE_BEZIER_KNOTS.);
#17189 = CARTESIAN_POINT('',(0.,0.));
#17190 = CARTESIAN_POINT('',(0.,1.570796326795));
#17191 = ( GEOMETRIC_REPRESENTATION_CONTEXT(2) 
PARAMETRIC_REPRESENTATION_CONTEXT() REPRESENTATION_CONTEXT('2D SPACE',''
  ) );
#17192 = PCURVE('',#14277,#17193);
#17193 = DEFINITIONAL_REPRESENTATION('',(#17194),#17197);
#17194 = B_SPLINE_CURVE_WITH_KNOTS('',1,(#17195,#17196),.UNSPECIFIED.,
  .F.,.F.,(2,2),(0.,1.570796326795),.PIECEWISE_BEZIER_KNOTS.);
#17195 = CARTESIAN_POINT('',(0.,5.));
#17196 = CARTESIAN_POINT('',(-1.570796326795,5.));
#17197 = ( GEOMETRIC_REPRESENTATION_CONTEXT(2) 
PARAMETRIC_REPRESENTATION_CONTEXT() REPRESENTATION_CONTEXT('2D SPACE',''
  ) );
#17198 = ORIENTED_EDGE('',*,*,#14195,.T.);
#17199 = ORIENTED_EDGE('',*,*,#17129,.T.);
#17200 = ORIENTED_EDGE('',*,*,#17201,.F.);
#17201 = EDGE_CURVE('',#17178,#17130,#17202,.T.);
#17202 = SURFACE_CURVE('',#17203,(#17208,#17215),.PCURVE_S1.);
#17203 = CIRCLE('',#17204,0.5);
#17204 = AXIS2_PLACEMENT_3D('',#17205,#17206,#17207);
#17205 = CARTESIAN_POINT('',(2.5,5.5,1.2));
#17206 = DIRECTION('',(0.,-0.,-1.));
#17207 = DIRECTION('',(2.960594732334E-16,1.,-0.));
#17208 = PCURVE('',#14212,#17209);
#17209 = DEFINITIONAL_REPRESENTATION('',(#17210),#17214);
#17210 = LINE('',#17211,#17212);
#17211 = CARTESIAN_POINT('',(0.,1.570796326795));
#17212 = VECTOR('',#17213,1.);
#17213 = DIRECTION('',(1.,0.));
#17214 = ( GEOMETRIC_REPRESENTATION_CONTEXT(2) 
PARAMETRIC_REPRESENTATION_CONTEXT() REPRESENTATION_CONTEXT('2D SPACE',''
  ) );
#17215 = PCURVE('',#16939,#17216);
#17216 = DEFINITIONAL_REPRESENTATION('',(#17217),#17225);
#17217 = ( BOUNDED_CURVE() B_SPLINE_CURVE(2,(#17218,#17219,#17220,#17221
    ,#17222,#17223,#17224),.UNSPECIFIED.,.T.,.F.) 
B_SPLINE_CURVE_WITH_KNOTS((1,2,2,2,2,1),(-2.094395102393,0.,
    2.094395102393,4.188790204786,6.28318530718,8.377580409573),
.UNSPECIFIED.) CURVE() GEOMETRIC_REPRESENTATION_ITEM() 
RATIONAL_B_SPLINE_CURVE((1.,0.5,1.,0.5,1.,0.5,1.)) REPRESENTATION_ITEM(
  '') );
#17218 = CARTESIAN_POINT('',(8.,14.5));
#17219 = CARTESIAN_POINT('',(8.866025403784,14.5));
#17220 = CARTESIAN_POINT('',(8.433012701892,13.75));
#17221 = CARTESIAN_POINT('',(8.,13.));
#17222 = CARTESIAN_POINT('',(7.566987298108,13.75));
#17223 = CARTESIAN_POINT('',(7.133974596216,14.5));
#17224 = CARTESIAN_POINT('',(8.,14.5));
#17225 = ( GEOMETRIC_REPRESENTATION_CONTEXT(2) 
PARAMETRIC_REPRESENTATION_CONTEXT() REPRESENTATION_CONTEXT('2D SPACE',''
  ) );
#17226 = ADVANCED_FACE('',(#17227),#14277,.F.);
#17227 = FACE_BOUND('',#17228,.T.);
#17228 = EDGE_LOOP('',(#17229,#17251,#17272,#17273));
#17229 = ORIENTED_EDGE('',*,*,#17230,.T.);
#17230 = EDGE_CURVE('',#14262,#17231,#17233,.T.);
#17231 = VERTEX_POINT('',#17232);
#17232 = CARTESIAN_POINT('',(-2.5,6.,1.2));
#17233 = SURFACE_CURVE('',#17234,(#17239,#17245),.PCURVE_S1.);
#17234 = CIRCLE('',#17235,2.5);
#17235 = AXIS2_PLACEMENT_3D('',#17236,#17237,#17238);
#17236 = CARTESIAN_POINT('',(-2.5,6.,3.7));
#17237 = DIRECTION('',(-1.,2.34827133276E-16,0.));
#17238 = DIRECTION('',(2.34827133276E-16,1.,0.));
#17239 = PCURVE('',#14277,#17240);
#17240 = DEFINITIONAL_REPRESENTATION('',(#17241),#17244);
#17241 = B_SPLINE_CURVE_WITH_KNOTS('',1,(#17242,#17243),.UNSPECIFIED.,
  .F.,.F.,(2,2),(0.,1.570796326795),.PIECEWISE_BEZIER_KNOTS.);
#17242 = CARTESIAN_POINT('',(0.,0.));
#17243 = CARTESIAN_POINT('',(-1.570796326795,0.));
#17244 = ( GEOMETRIC_REPRESENTATION_CONTEXT(2) 
PARAMETRIC_REPRESENTATION_CONTEXT() REPRESENTATION_CONTEXT('2D SPACE',''
  ) );
#17245 = PCURVE('',#14331,#17246);
#17246 = DEFINITIONAL_REPRESENTATION('',(#17247),#17250);
#17247 = B_SPLINE_CURVE_WITH_KNOTS('',1,(#17248,#17249),.UNSPECIFIED.,
  .F.,.F.,(2,2),(0.,1.570796326795),.PIECEWISE_BEZIER_KNOTS.);
#17248 = CARTESIAN_POINT('',(1.570796326795,0.));
#17249 = CARTESIAN_POINT('',(1.570796326795,1.570796326795));
#17250 = ( GEOMETRIC_REPRESENTATION_CONTEXT(2) 
PARAMETRIC_REPRESENTATION_CONTEXT() REPRESENTATION_CONTEXT('2D SPACE',''
  ) );
#17251 = ORIENTED_EDGE('',*,*,#17252,.T.);
#17252 = EDGE_CURVE('',#17231,#17178,#17253,.T.);
#17253 = SURFACE_CURVE('',#17254,(#17258,#17265),.PCURVE_S1.);
#17254 = LINE('',#17255,#17256);
#17255 = CARTESIAN_POINT('',(-2.5,6.,1.2));
#17256 = VECTOR('',#17257,1.);
#17257 = DIRECTION('',(1.,0.,-0.));
#17258 = PCURVE('',#14277,#17259);
#17259 = DEFINITIONAL_REPRESENTATION('',(#17260),#17264);
#17260 = LINE('',#17261,#17262);
#17261 = CARTESIAN_POINT('',(-1.570796326795,0.));
#17262 = VECTOR('',#17263,1.);
#17263 = DIRECTION('',(-0.,1.));
#17264 = ( GEOMETRIC_REPRESENTATION_CONTEXT(2) 
PARAMETRIC_REPRESENTATION_CONTEXT() REPRESENTATION_CONTEXT('2D SPACE',''
  ) );
#17265 = PCURVE('',#16939,#17266);
#17266 = DEFINITIONAL_REPRESENTATION('',(#17267),#17271);
#17267 = LINE('',#17268,#17269);
#17268 = CARTESIAN_POINT('',(3.,14.5));
#17269 = VECTOR('',#17270,1.);
#17270 = DIRECTION('',(1.,0.));
#17271 = ( GEOMETRIC_REPRESENTATION_CONTEXT(2) 
PARAMETRIC_REPRESENTATION_CONTEXT() REPRESENTATION_CONTEXT('2D SPACE',''
  ) );
#17272 = ORIENTED_EDGE('',*,*,#17177,.F.);
#17273 = ORIENTED_EDGE('',*,*,#14261,.F.);
#17274 = ADVANCED_FACE('',(#17275),#14331,.F.);
#17275 = FACE_BOUND('',#17276,.F.);
#17276 = EDGE_LOOP('',(#17277,#17278,#17279,#17280));
#17277 = ORIENTED_EDGE('',*,*,#16951,.F.);
#17278 = ORIENTED_EDGE('',*,*,#14316,.T.);
#17279 = ORIENTED_EDGE('',*,*,#17230,.T.);
#17280 = ORIENTED_EDGE('',*,*,#17281,.F.);
#17281 = EDGE_CURVE('',#16924,#17231,#17282,.T.);
#17282 = SURFACE_CURVE('',#17283,(#17288,#17295),.PCURVE_S1.);
#17283 = CIRCLE('',#17284,0.5);
#17284 = AXIS2_PLACEMENT_3D('',#17285,#17286,#17287);
#17285 = CARTESIAN_POINT('',(-2.5,5.5,1.2));
#17286 = DIRECTION('',(-0.,0.,-1.));
#17287 = DIRECTION('',(-1.,2.960594732334E-16,0.));
#17288 = PCURVE('',#14331,#17289);
#17289 = DEFINITIONAL_REPRESENTATION('',(#17290),#17294);
#17290 = LINE('',#17291,#17292);
#17291 = CARTESIAN_POINT('',(0.,1.570796326795));
#17292 = VECTOR('',#17293,1.);
#17293 = DIRECTION('',(1.,0.));
#17294 = ( GEOMETRIC_REPRESENTATION_CONTEXT(2) 
PARAMETRIC_REPRESENTATION_CONTEXT() REPRESENTATION_CONTEXT('2D SPACE',''
  ) );
#17295 = PCURVE('',#16939,#17296);
#17296 = DEFINITIONAL_REPRESENTATION('',(#17297),#17305);
#17297 = ( BOUNDED_CURVE() B_SPLINE_CURVE(2,(#17298,#17299,#17300,#17301
    ,#17302,#17303,#17304),.UNSPECIFIED.,.T.,.F.) 
B_SPLINE_CURVE_WITH_KNOTS((1,2,2,2,2,1),(-2.094395102393,0.,
    2.094395102393,4.188790204786,6.28318530718,8.377580409573),
.UNSPECIFIED.) CURVE() GEOMETRIC_REPRESENTATION_ITEM() 
RATIONAL_B_SPLINE_CURVE((1.,0.5,1.,0.5,1.,0.5,1.)) REPRESENTATION_ITEM(
  '') );
#17298 = CARTESIAN_POINT('',(2.5,14.));
#17299 = CARTESIAN_POINT('',(2.5,14.866025403784));
#17300 = CARTESIAN_POINT('',(3.25,14.433012701892));
#17301 = CARTESIAN_POINT('',(4.,14.));
#17302 = CARTESIAN_POINT('',(3.25,13.566987298108));
#17303 = CARTESIAN_POINT('',(2.5,13.133974596216));
#17304 = CARTESIAN_POINT('',(2.5,14.));
#17305 = ( GEOMETRIC_REPRESENTATION_CONTEXT(2) 
PARAMETRIC_REPRESENTATION_CONTEXT() REPRESENTATION_CONTEXT('2D SPACE',''
  ) );
#17306 = ADVANCED_FACE('',(#17307),#14399,.F.);
#17307 = FACE_BOUND('',#17308,.T.);
#17308 = EDGE_LOOP('',(#17309,#17331,#17359,#17379));
#17309 = ORIENTED_EDGE('',*,*,#17310,.T.);
#17310 = EDGE_CURVE('',#14361,#17311,#17313,.T.);
#17311 = VERTEX_POINT('',#17312);
#17312 = CARTESIAN_POINT('',(-15.2,-5.5,1.2));
#17313 = SURFACE_CURVE('',#17314,(#17319,#17325),.PCURVE_S1.);
#17314 = CIRCLE('',#17315,2.5);
#17315 = AXIS2_PLACEMENT_3D('',#17316,#17317,#17318);
#17316 = CARTESIAN_POINT('',(-15.2,-5.5,3.7));
#17317 = DIRECTION('',(0.,-1.,-0.));
#17318 = DIRECTION('',(-1.,-0.,0.));
#17319 = PCURVE('',#14399,#17320);
#17320 = DEFINITIONAL_REPRESENTATION('',(#17321),#17324);
#17321 = B_SPLINE_CURVE_WITH_KNOTS('',1,(#17322,#17323),.UNSPECIFIED.,
  .F.,.F.,(2,2),(0.,1.570796326795),.PIECEWISE_BEZIER_KNOTS.);
#17322 = CARTESIAN_POINT('',(0.,0.));
#17323 = CARTESIAN_POINT('',(-1.570796326795,0.));
#17324 = ( GEOMETRIC_REPRESENTATION_CONTEXT(2) 
PARAMETRIC_REPRESENTATION_CONTEXT() REPRESENTATION_CONTEXT('2D SPACE',''
  ) );
#17325 = PCURVE('',#14454,#17326);
#17326 = DEFINITIONAL_REPRESENTATION('',(#17327),#17330);
#17327 = B_SPLINE_CURVE_WITH_KNOTS('',1,(#17328,#17329),.UNSPECIFIED.,
  .F.,.F.,(2,2),(0.,1.570796326795),.PIECEWISE_BEZIER_KNOTS.);
#17328 = CARTESIAN_POINT('',(1.570796326795,0.));
#17329 = CARTESIAN_POINT('',(1.570796326795,1.570796326795));
#17330 = ( GEOMETRIC_REPRESENTATION_CONTEXT(2) 
PARAMETRIC_REPRESENTATION_CONTEXT() REPRESENTATION_CONTEXT('2D SPACE',''
  ) );
#17331 = ORIENTED_EDGE('',*,*,#17332,.T.);
#17332 = EDGE_CURVE('',#17311,#17333,#17335,.T.);
#17333 = VERTEX_POINT('',#17334);
#17334 = CARTESIAN_POINT('',(-15.2,5.5,1.2));
#17335 = SURFACE_CURVE('',#17336,(#17340,#17347),.PCURVE_S1.);
#17336 = LINE('',#17337,#17338);
#17337 = CARTESIAN_POINT('',(-15.2,-5.5,1.2));
#17338 = VECTOR('',#17339,1.);
#17339 = DIRECTION('',(-0.,1.,0.));
#17340 = PCURVE('',#14399,#17341);
#17341 = DEFINITIONAL_REPRESENTATION('',(#17342),#17346);
#17342 = LINE('',#17343,#17344);
#17343 = CARTESIAN_POINT('',(-1.570796326795,0.));
#17344 = VECTOR('',#17345,1.);
#17345 = DIRECTION('',(-0.,1.));
#17346 = ( GEOMETRIC_REPRESENTATION_CONTEXT(2) 
PARAMETRIC_REPRESENTATION_CONTEXT() REPRESENTATION_CONTEXT('2D SPACE',''
  ) );
#17347 = PCURVE('',#17348,#17353);
#17348 = PLANE('',#17349);
#17349 = AXIS2_PLACEMENT_3D('',#17350,#17351,#17352);
#17350 = CARTESIAN_POINT('',(-17.7,-8.5,1.2));
#17351 = DIRECTION('',(0.,0.,1.));
#17352 = DIRECTION('',(1.,0.,-0.));
#17353 = DEFINITIONAL_REPRESENTATION('',(#17354),#17358);
#17354 = LINE('',#17355,#17356);
#17355 = CARTESIAN_POINT('',(2.5,3.));
#17356 = VECTOR('',#17357,1.);
#17357 = DIRECTION('',(0.,1.));
#17358 = ( GEOMETRIC_REPRESENTATION_CONTEXT(2) 
PARAMETRIC_REPRESENTATION_CONTEXT() REPRESENTATION_CONTEXT('2D SPACE',''
  ) );
#17359 = ORIENTED_EDGE('',*,*,#17360,.F.);
#17360 = EDGE_CURVE('',#14384,#17333,#17361,.T.);
#17361 = SURFACE_CURVE('',#17362,(#17367,#17373),.PCURVE_S1.);
#17362 = CIRCLE('',#17363,2.5);
#17363 = AXIS2_PLACEMENT_3D('',#17364,#17365,#17366);
#17364 = CARTESIAN_POINT('',(-15.2,5.5,3.7));
#17365 = DIRECTION('',(0.,-1.,-0.));
#17366 = DIRECTION('',(-1.,-0.,0.));
#17367 = PCURVE('',#14399,#17368);
#17368 = DEFINITIONAL_REPRESENTATION('',(#17369),#17372);
#17369 = B_SPLINE_CURVE_WITH_KNOTS('',1,(#17370,#17371),.UNSPECIFIED.,
  .F.,.F.,(2,2),(0.,1.570796326795),.PIECEWISE_BEZIER_KNOTS.);
#17370 = CARTESIAN_POINT('',(0.,11.));
#17371 = CARTESIAN_POINT('',(-1.570796326795,11.));
#17372 = ( GEOMETRIC_REPRESENTATION_CONTEXT(2) 
PARAMETRIC_REPRESENTATION_CONTEXT() REPRESENTATION_CONTEXT('2D SPACE',''
  ) );
#17373 = PCURVE('',#14815,#17374);
#17374 = DEFINITIONAL_REPRESENTATION('',(#17375),#17378);
#17375 = B_SPLINE_CURVE_WITH_KNOTS('',1,(#17376,#17377),.UNSPECIFIED.,
  .F.,.F.,(2,2),(0.,1.570796326795),.PIECEWISE_BEZIER_KNOTS.);
#17376 = CARTESIAN_POINT('',(0.,0.));
#17377 = CARTESIAN_POINT('',(0.,1.570796326795));
#17378 = ( GEOMETRIC_REPRESENTATION_CONTEXT(2) 
PARAMETRIC_REPRESENTATION_CONTEXT() REPRESENTATION_CONTEXT('2D SPACE',''
  ) );
#17379 = ORIENTED_EDGE('',*,*,#14383,.F.);
#17380 = ADVANCED_FACE('',(#17381),#14454,.F.);
#17381 = FACE_BOUND('',#17382,.F.);
#17382 = EDGE_LOOP('',(#17383,#17405,#17406,#17407));
#17383 = ORIENTED_EDGE('',*,*,#17384,.F.);
#17384 = EDGE_CURVE('',#14438,#17385,#17387,.T.);
#17385 = VERTEX_POINT('',#17386);
#17386 = CARTESIAN_POINT('',(-14.7,-6.,1.2));
#17387 = SURFACE_CURVE('',#17388,(#17393,#17399),.PCURVE_S1.);
#17388 = CIRCLE('',#17389,2.5);
#17389 = AXIS2_PLACEMENT_3D('',#17390,#17391,#17392);
#17390 = CARTESIAN_POINT('',(-14.7,-6.,3.7));
#17391 = DIRECTION('',(1.,0.,0.));
#17392 = DIRECTION('',(0.,-1.,0.));
#17393 = PCURVE('',#14454,#17394);
#17394 = DEFINITIONAL_REPRESENTATION('',(#17395),#17398);
#17395 = B_SPLINE_CURVE_WITH_KNOTS('',1,(#17396,#17397),.UNSPECIFIED.,
  .F.,.F.,(2,2),(0.,1.570796326795),.PIECEWISE_BEZIER_KNOTS.);
#17396 = CARTESIAN_POINT('',(-2.22044604925E-16,0.));
#17397 = CARTESIAN_POINT('',(-2.22044604925E-16,1.570796326795));
#17398 = ( GEOMETRIC_REPRESENTATION_CONTEXT(2) 
PARAMETRIC_REPRESENTATION_CONTEXT() REPRESENTATION_CONTEXT('2D SPACE',''
  ) );
#17399 = PCURVE('',#14519,#17400);
#17400 = DEFINITIONAL_REPRESENTATION('',(#17401),#17404);
#17401 = B_SPLINE_CURVE_WITH_KNOTS('',1,(#17402,#17403),.UNSPECIFIED.,
  .F.,.F.,(2,2),(0.,1.570796326795),.PIECEWISE_BEZIER_KNOTS.);
#17402 = CARTESIAN_POINT('',(0.,5.));
#17403 = CARTESIAN_POINT('',(-1.570796326795,5.));
#17404 = ( GEOMETRIC_REPRESENTATION_CONTEXT(2) 
PARAMETRIC_REPRESENTATION_CONTEXT() REPRESENTATION_CONTEXT('2D SPACE',''
  ) );
#17405 = ORIENTED_EDGE('',*,*,#14437,.T.);
#17406 = ORIENTED_EDGE('',*,*,#17310,.T.);
#17407 = ORIENTED_EDGE('',*,*,#17408,.F.);
#17408 = EDGE_CURVE('',#17385,#17311,#17409,.T.);
#17409 = SURFACE_CURVE('',#17410,(#17415,#17422),.PCURVE_S1.);
#17410 = CIRCLE('',#17411,0.5);
#17411 = AXIS2_PLACEMENT_3D('',#17412,#17413,#17414);
#17412 = CARTESIAN_POINT('',(-14.7,-5.5,1.2));
#17413 = DIRECTION('',(-0.,0.,-1.));
#17414 = DIRECTION('',(-2.960594732334E-16,-1.,0.));
#17415 = PCURVE('',#14454,#17416);
#17416 = DEFINITIONAL_REPRESENTATION('',(#17417),#17421);
#17417 = LINE('',#17418,#17419);
#17418 = CARTESIAN_POINT('',(0.,1.570796326795));
#17419 = VECTOR('',#17420,1.);
#17420 = DIRECTION('',(1.,0.));
#17421 = ( GEOMETRIC_REPRESENTATION_CONTEXT(2) 
PARAMETRIC_REPRESENTATION_CONTEXT() REPRESENTATION_CONTEXT('2D SPACE',''
  ) );
#17422 = PCURVE('',#17348,#17423);
#17423 = DEFINITIONAL_REPRESENTATION('',(#17424),#17432);
#17424 = ( BOUNDED_CURVE() B_SPLINE_CURVE(2,(#17425,#17426,#17427,#17428
    ,#17429,#17430,#17431),.UNSPECIFIED.,.T.,.F.) 
B_SPLINE_CURVE_WITH_KNOTS((1,2,2,2,2,1),(-2.094395102393,0.,
    2.094395102393,4.188790204786,6.28318530718,8.377580409573),
.UNSPECIFIED.) CURVE() GEOMETRIC_REPRESENTATION_ITEM() 
RATIONAL_B_SPLINE_CURVE((1.,0.5,1.,0.5,1.,0.5,1.)) REPRESENTATION_ITEM(
  '') );
#17425 = CARTESIAN_POINT('',(3.,2.5));
#17426 = CARTESIAN_POINT('',(2.133974596216,2.5));
#17427 = CARTESIAN_POINT('',(2.566987298108,3.25));
#17428 = CARTESIAN_POINT('',(3.,4.));
#17429 = CARTESIAN_POINT('',(3.433012701892,3.25));
#17430 = CARTESIAN_POINT('',(3.866025403784,2.5));
#17431 = CARTESIAN_POINT('',(3.,2.5));
#17432 = ( GEOMETRIC_REPRESENTATION_CONTEXT(2) 
PARAMETRIC_REPRESENTATION_CONTEXT() REPRESENTATION_CONTEXT('2D SPACE',''
  ) );
#17433 = ADVANCED_FACE('',(#17434),#14519,.F.);
#17434 = FACE_BOUND('',#17435,.T.);
#17435 = EDGE_LOOP('',(#17436,#17458,#17479,#17480));
#17436 = ORIENTED_EDGE('',*,*,#17437,.T.);
#17437 = EDGE_CURVE('',#14504,#17438,#17440,.T.);
#17438 = VERTEX_POINT('',#17439);
#17439 = CARTESIAN_POINT('',(-9.7,-6.,1.2));
#17440 = SURFACE_CURVE('',#17441,(#17446,#17452),.PCURVE_S1.);
#17441 = CIRCLE('',#17442,2.5);
#17442 = AXIS2_PLACEMENT_3D('',#17443,#17444,#17445);
#17443 = CARTESIAN_POINT('',(-9.7,-6.,3.7));
#17444 = DIRECTION('',(1.,6.123233995737E-17,0.));
#17445 = DIRECTION('',(6.123233995737E-17,-1.,0.));
#17446 = PCURVE('',#14519,#17447);
#17447 = DEFINITIONAL_REPRESENTATION('',(#17448),#17451);
#17448 = B_SPLINE_CURVE_WITH_KNOTS('',1,(#17449,#17450),.UNSPECIFIED.,
  .F.,.F.,(2,2),(0.,1.570796326795),.PIECEWISE_BEZIER_KNOTS.);
#17449 = CARTESIAN_POINT('',(0.,0.));
#17450 = CARTESIAN_POINT('',(-1.570796326795,0.));
#17451 = ( GEOMETRIC_REPRESENTATION_CONTEXT(2) 
PARAMETRIC_REPRESENTATION_CONTEXT() REPRESENTATION_CONTEXT('2D SPACE',''
  ) );
#17452 = PCURVE('',#14595,#17453);
#17453 = DEFINITIONAL_REPRESENTATION('',(#17454),#17457);
#17454 = B_SPLINE_CURVE_WITH_KNOTS('',1,(#17455,#17456),.UNSPECIFIED.,
  .F.,.F.,(2,2),(0.,1.570796326795),.PIECEWISE_BEZIER_KNOTS.);
#17455 = CARTESIAN_POINT('',(1.570796326795,0.));
#17456 = CARTESIAN_POINT('',(1.570796326795,1.570796326795));
#17457 = ( GEOMETRIC_REPRESENTATION_CONTEXT(2) 
PARAMETRIC_REPRESENTATION_CONTEXT() REPRESENTATION_CONTEXT('2D SPACE',''
  ) );
#17458 = ORIENTED_EDGE('',*,*,#17459,.T.);
#17459 = EDGE_CURVE('',#17438,#17385,#17460,.T.);
#17460 = SURFACE_CURVE('',#17461,(#17465,#17472),.PCURVE_S1.);
#17461 = LINE('',#17462,#17463);
#17462 = CARTESIAN_POINT('',(-9.7,-6.,1.2));
#17463 = VECTOR('',#17464,1.);
#17464 = DIRECTION('',(-1.,-0.,0.));
#17465 = PCURVE('',#14519,#17466);
#17466 = DEFINITIONAL_REPRESENTATION('',(#17467),#17471);
#17467 = LINE('',#17468,#17469);
#17468 = CARTESIAN_POINT('',(-1.570796326795,0.));
#17469 = VECTOR('',#17470,1.);
#17470 = DIRECTION('',(-0.,1.));
#17471 = ( GEOMETRIC_REPRESENTATION_CONTEXT(2) 
PARAMETRIC_REPRESENTATION_CONTEXT() REPRESENTATION_CONTEXT('2D SPACE',''
  ) );
#17472 = PCURVE('',#17348,#17473);
#17473 = DEFINITIONAL_REPRESENTATION('',(#17474),#17478);
#17474 = LINE('',#17475,#17476);
#17475 = CARTESIAN_POINT('',(8.,2.5));
#17476 = VECTOR('',#17477,1.);
#17477 = DIRECTION('',(-1.,0.));
#17478 = ( GEOMETRIC_REPRESENTATION_CONTEXT(2) 
PARAMETRIC_REPRESENTATION_CONTEXT() REPRESENTATION_CONTEXT('2D SPACE',''
  ) );
#17479 = ORIENTED_EDGE('',*,*,#17384,.F.);
#17480 = ORIENTED_EDGE('',*,*,#14503,.F.);
#17481 = ADVANCED_FACE('',(#17482),#14595,.F.);
#17482 = FACE_BOUND('',#17483,.F.);
#17483 = EDGE_LOOP('',(#17484,#17506,#17507,#17508));
#17484 = ORIENTED_EDGE('',*,*,#17485,.F.);
#17485 = EDGE_CURVE('',#14558,#17486,#17488,.T.);
#17486 = VERTEX_POINT('',#17487);
#17487 = CARTESIAN_POINT('',(-9.2,-5.5,1.2));
#17488 = SURFACE_CURVE('',#17489,(#17494,#17500),.PCURVE_S1.);
#17489 = CIRCLE('',#17490,2.5);
#17490 = AXIS2_PLACEMENT_3D('',#17491,#17492,#17493);
#17491 = CARTESIAN_POINT('',(-9.2,-5.5,3.7));
#17492 = DIRECTION('',(-0.,1.,0.));
#17493 = DIRECTION('',(1.,0.,0.));
#17494 = PCURVE('',#14595,#17495);
#17495 = DEFINITIONAL_REPRESENTATION('',(#17496),#17499);
#17496 = B_SPLINE_CURVE_WITH_KNOTS('',1,(#17497,#17498),.UNSPECIFIED.,
  .F.,.F.,(2,2),(0.,1.570796326795),.PIECEWISE_BEZIER_KNOTS.);
#17497 = CARTESIAN_POINT('',(0.,0.));
#17498 = CARTESIAN_POINT('',(0.,1.570796326795));
#17499 = ( GEOMETRIC_REPRESENTATION_CONTEXT(2) 
PARAMETRIC_REPRESENTATION_CONTEXT() REPRESENTATION_CONTEXT('2D SPACE',''
  ) );
#17500 = PCURVE('',#14641,#17501);
#17501 = DEFINITIONAL_REPRESENTATION('',(#17502),#17505);
#17502 = B_SPLINE_CURVE_WITH_KNOTS('',1,(#17503,#17504),.UNSPECIFIED.,
  .F.,.F.,(2,2),(0.,1.570796326795),.PIECEWISE_BEZIER_KNOTS.);
#17503 = CARTESIAN_POINT('',(0.,11.));
#17504 = CARTESIAN_POINT('',(-1.570796326795,11.));
#17505 = ( GEOMETRIC_REPRESENTATION_CONTEXT(2) 
PARAMETRIC_REPRESENTATION_CONTEXT() REPRESENTATION_CONTEXT('2D SPACE',''
  ) );
#17506 = ORIENTED_EDGE('',*,*,#14580,.T.);
#17507 = ORIENTED_EDGE('',*,*,#17437,.T.);
#17508 = ORIENTED_EDGE('',*,*,#17509,.F.);
#17509 = EDGE_CURVE('',#17486,#17438,#17510,.T.);
#17510 = SURFACE_CURVE('',#17511,(#17516,#17523),.PCURVE_S1.);
#17511 = CIRCLE('',#17512,0.5);
#17512 = AXIS2_PLACEMENT_3D('',#17513,#17514,#17515);
#17513 = CARTESIAN_POINT('',(-9.7,-5.5,1.2));
#17514 = DIRECTION('',(0.,-0.,-1.));
#17515 = DIRECTION('',(1.,0.,-0.));
#17516 = PCURVE('',#14595,#17517);
#17517 = DEFINITIONAL_REPRESENTATION('',(#17518),#17522);
#17518 = LINE('',#17519,#17520);
#17519 = CARTESIAN_POINT('',(0.,1.570796326795));
#17520 = VECTOR('',#17521,1.);
#17521 = DIRECTION('',(1.,0.));
#17522 = ( GEOMETRIC_REPRESENTATION_CONTEXT(2) 
PARAMETRIC_REPRESENTATION_CONTEXT() REPRESENTATION_CONTEXT('2D SPACE',''
  ) );
#17523 = PCURVE('',#17348,#17524);
#17524 = DEFINITIONAL_REPRESENTATION('',(#17525),#17533);
#17525 = ( BOUNDED_CURVE() B_SPLINE_CURVE(2,(#17526,#17527,#17528,#17529
    ,#17530,#17531,#17532),.UNSPECIFIED.,.T.,.F.) 
B_SPLINE_CURVE_WITH_KNOTS((1,2,2,2,2,1),(-2.094395102393,0.,
    2.094395102393,4.188790204786,6.28318530718,8.377580409573),
.UNSPECIFIED.) CURVE() GEOMETRIC_REPRESENTATION_ITEM() 
RATIONAL_B_SPLINE_CURVE((1.,0.5,1.,0.5,1.,0.5,1.)) REPRESENTATION_ITEM(
  '') );
#17526 = CARTESIAN_POINT('',(8.5,3.));
#17527 = CARTESIAN_POINT('',(8.5,2.133974596216));
#17528 = CARTESIAN_POINT('',(7.75,2.566987298108));
#17529 = CARTESIAN_POINT('',(7.,3.));
#17530 = CARTESIAN_POINT('',(7.75,3.433012701892));
#17531 = CARTESIAN_POINT('',(8.5,3.866025403784));
#17532 = CARTESIAN_POINT('',(8.5,3.));
#17533 = ( GEOMETRIC_REPRESENTATION_CONTEXT(2) 
PARAMETRIC_REPRESENTATION_CONTEXT() REPRESENTATION_CONTEXT('2D SPACE',''
  ) );
#17534 = ADVANCED_FACE('',(#17535),#14641,.F.);
#17535 = FACE_BOUND('',#17536,.T.);
#17536 = EDGE_LOOP('',(#17537,#17559,#17580,#17581));
#17537 = ORIENTED_EDGE('',*,*,#17538,.T.);
#17538 = EDGE_CURVE('',#14626,#17539,#17541,.T.);
#17539 = VERTEX_POINT('',#17540);
#17540 = CARTESIAN_POINT('',(-9.2,5.5,1.2));
#17541 = SURFACE_CURVE('',#17542,(#17547,#17553),.PCURVE_S1.);
#17542 = CIRCLE('',#17543,2.5);
#17543 = AXIS2_PLACEMENT_3D('',#17544,#17545,#17546);
#17544 = CARTESIAN_POINT('',(-9.2,5.5,3.7));
#17545 = DIRECTION('',(2.34827133276E-16,1.,0.));
#17546 = DIRECTION('',(1.,-2.34827133276E-16,0.));
#17547 = PCURVE('',#14641,#17548);
#17548 = DEFINITIONAL_REPRESENTATION('',(#17549),#17552);
#17549 = B_SPLINE_CURVE_WITH_KNOTS('',1,(#17550,#17551),.UNSPECIFIED.,
  .F.,.F.,(2,2),(0.,1.570796326795),.PIECEWISE_BEZIER_KNOTS.);
#17550 = CARTESIAN_POINT('',(0.,0.));
#17551 = CARTESIAN_POINT('',(-1.570796326795,0.));
#17552 = ( GEOMETRIC_REPRESENTATION_CONTEXT(2) 
PARAMETRIC_REPRESENTATION_CONTEXT() REPRESENTATION_CONTEXT('2D SPACE',''
  ) );
#17553 = PCURVE('',#14696,#17554);
#17554 = DEFINITIONAL_REPRESENTATION('',(#17555),#17558);
#17555 = B_SPLINE_CURVE_WITH_KNOTS('',1,(#17556,#17557),.UNSPECIFIED.,
  .F.,.F.,(2,2),(0.,1.570796326795),.PIECEWISE_BEZIER_KNOTS.);
#17556 = CARTESIAN_POINT('',(1.570796326795,0.));
#17557 = CARTESIAN_POINT('',(1.570796326795,1.570796326795));
#17558 = ( GEOMETRIC_REPRESENTATION_CONTEXT(2) 
PARAMETRIC_REPRESENTATION_CONTEXT() REPRESENTATION_CONTEXT('2D SPACE',''
  ) );
#17559 = ORIENTED_EDGE('',*,*,#17560,.T.);
#17560 = EDGE_CURVE('',#17539,#17486,#17561,.T.);
#17561 = SURFACE_CURVE('',#17562,(#17566,#17573),.PCURVE_S1.);
#17562 = LINE('',#17563,#17564);
#17563 = CARTESIAN_POINT('',(-9.2,5.5,1.2));
#17564 = VECTOR('',#17565,1.);
#17565 = DIRECTION('',(0.,-1.,-0.));
#17566 = PCURVE('',#14641,#17567);
#17567 = DEFINITIONAL_REPRESENTATION('',(#17568),#17572);
#17568 = LINE('',#17569,#17570);
#17569 = CARTESIAN_POINT('',(-1.570796326795,0.));
#17570 = VECTOR('',#17571,1.);
#17571 = DIRECTION('',(-0.,1.));
#17572 = ( GEOMETRIC_REPRESENTATION_CONTEXT(2) 
PARAMETRIC_REPRESENTATION_CONTEXT() REPRESENTATION_CONTEXT('2D SPACE',''
  ) );
#17573 = PCURVE('',#17348,#17574);
#17574 = DEFINITIONAL_REPRESENTATION('',(#17575),#17579);
#17575 = LINE('',#17576,#17577);
#17576 = CARTESIAN_POINT('',(8.5,14.));
#17577 = VECTOR('',#17578,1.);
#17578 = DIRECTION('',(0.,-1.));
#17579 = ( GEOMETRIC_REPRESENTATION_CONTEXT(2) 
PARAMETRIC_REPRESENTATION_CONTEXT() REPRESENTATION_CONTEXT('2D SPACE',''
  ) );
#17580 = ORIENTED_EDGE('',*,*,#17485,.F.);
#17581 = ORIENTED_EDGE('',*,*,#14625,.F.);
#17582 = ADVANCED_FACE('',(#17583),#14696,.F.);
#17583 = FACE_BOUND('',#17584,.F.);
#17584 = EDGE_LOOP('',(#17585,#17607,#17608,#17609));
#17585 = ORIENTED_EDGE('',*,*,#17586,.F.);
#17586 = EDGE_CURVE('',#14680,#17587,#17589,.T.);
#17587 = VERTEX_POINT('',#17588);
#17588 = CARTESIAN_POINT('',(-9.7,6.,1.2));
#17589 = SURFACE_CURVE('',#17590,(#17595,#17601),.PCURVE_S1.);
#17590 = CIRCLE('',#17591,2.5);
#17591 = AXIS2_PLACEMENT_3D('',#17592,#17593,#17594);
#17592 = CARTESIAN_POINT('',(-9.7,6.,3.7));
#17593 = DIRECTION('',(-1.,0.,0.));
#17594 = DIRECTION('',(0.,1.,0.));
#17595 = PCURVE('',#14696,#17596);
#17596 = DEFINITIONAL_REPRESENTATION('',(#17597),#17600);
#17597 = B_SPLINE_CURVE_WITH_KNOTS('',1,(#17598,#17599),.UNSPECIFIED.,
  .F.,.F.,(2,2),(0.,1.570796326795),.PIECEWISE_BEZIER_KNOTS.);
#17598 = CARTESIAN_POINT('',(0.,0.));
#17599 = CARTESIAN_POINT('',(0.,1.570796326795));
#17600 = ( GEOMETRIC_REPRESENTATION_CONTEXT(2) 
PARAMETRIC_REPRESENTATION_CONTEXT() REPRESENTATION_CONTEXT('2D SPACE',''
  ) );
#17601 = PCURVE('',#14761,#17602);
#17602 = DEFINITIONAL_REPRESENTATION('',(#17603),#17606);
#17603 = B_SPLINE_CURVE_WITH_KNOTS('',1,(#17604,#17605),.UNSPECIFIED.,
  .F.,.F.,(2,2),(0.,1.570796326795),.PIECEWISE_BEZIER_KNOTS.);
#17604 = CARTESIAN_POINT('',(0.,5.));
#17605 = CARTESIAN_POINT('',(-1.570796326795,5.));
#17606 = ( GEOMETRIC_REPRESENTATION_CONTEXT(2) 
PARAMETRIC_REPRESENTATION_CONTEXT() REPRESENTATION_CONTEXT('2D SPACE',''
  ) );
#17607 = ORIENTED_EDGE('',*,*,#14679,.T.);
#17608 = ORIENTED_EDGE('',*,*,#17538,.T.);
#17609 = ORIENTED_EDGE('',*,*,#17610,.F.);
#17610 = EDGE_CURVE('',#17587,#17539,#17611,.T.);
#17611 = SURFACE_CURVE('',#17612,(#17617,#17624),.PCURVE_S1.);
#17612 = CIRCLE('',#17613,0.5);
#17613 = AXIS2_PLACEMENT_3D('',#17614,#17615,#17616);
#17614 = CARTESIAN_POINT('',(-9.7,5.5,1.2));
#17615 = DIRECTION('',(0.,-0.,-1.));
#17616 = DIRECTION('',(2.960594732334E-16,1.,-0.));
#17617 = PCURVE('',#14696,#17618);
#17618 = DEFINITIONAL_REPRESENTATION('',(#17619),#17623);
#17619 = LINE('',#17620,#17621);
#17620 = CARTESIAN_POINT('',(0.,1.570796326795));
#17621 = VECTOR('',#17622,1.);
#17622 = DIRECTION('',(1.,0.));
#17623 = ( GEOMETRIC_REPRESENTATION_CONTEXT(2) 
PARAMETRIC_REPRESENTATION_CONTEXT() REPRESENTATION_CONTEXT('2D SPACE',''
  ) );
#17624 = PCURVE('',#17348,#17625);
#17625 = DEFINITIONAL_REPRESENTATION('',(#17626),#17634);
#17626 = ( BOUNDED_CURVE() B_SPLINE_CURVE(2,(#17627,#17628,#17629,#17630
    ,#17631,#17632,#17633),.UNSPECIFIED.,.T.,.F.) 
B_SPLINE_CURVE_WITH_KNOTS((1,2,2,2,2,1),(-2.094395102393,0.,
    2.094395102393,4.188790204786,6.28318530718,8.377580409573),
.UNSPECIFIED.) CURVE() GEOMETRIC_REPRESENTATION_ITEM() 
RATIONAL_B_SPLINE_CURVE((1.,0.5,1.,0.5,1.,0.5,1.)) REPRESENTATION_ITEM(
  '') );
#17627 = CARTESIAN_POINT('',(8.,14.5));
#17628 = CARTESIAN_POINT('',(8.866025403784,14.5));
#17629 = CARTESIAN_POINT('',(8.433012701892,13.75));
#17630 = CARTESIAN_POINT('',(8.,13.));
#17631 = CARTESIAN_POINT('',(7.566987298108,13.75));
#17632 = CARTESIAN_POINT('',(7.133974596216,14.5));
#17633 = CARTESIAN_POINT('',(8.,14.5));
#17634 = ( GEOMETRIC_REPRESENTATION_CONTEXT(2) 
PARAMETRIC_REPRESENTATION_CONTEXT() REPRESENTATION_CONTEXT('2D SPACE',''
  ) );
#17635 = ADVANCED_FACE('',(#17636),#14761,.F.);
#17636 = FACE_BOUND('',#17637,.T.);
#17637 = EDGE_LOOP('',(#17638,#17660,#17681,#17682));
#17638 = ORIENTED_EDGE('',*,*,#17639,.T.);
#17639 = EDGE_CURVE('',#14746,#17640,#17642,.T.);
#17640 = VERTEX_POINT('',#17641);
#17641 = CARTESIAN_POINT('',(-14.7,6.,1.2));
#17642 = SURFACE_CURVE('',#17643,(#17648,#17654),.PCURVE_S1.);
#17643 = CIRCLE('',#17644,2.5);
#17644 = AXIS2_PLACEMENT_3D('',#17645,#17646,#17647);
#17645 = CARTESIAN_POINT('',(-14.7,6.,3.7));
#17646 = DIRECTION('',(-1.,2.34827133276E-16,0.));
#17647 = DIRECTION('',(2.34827133276E-16,1.,0.));
#17648 = PCURVE('',#14761,#17649);
#17649 = DEFINITIONAL_REPRESENTATION('',(#17650),#17653);
#17650 = B_SPLINE_CURVE_WITH_KNOTS('',1,(#17651,#17652),.UNSPECIFIED.,
  .F.,.F.,(2,2),(0.,1.570796326795),.PIECEWISE_BEZIER_KNOTS.);
#17651 = CARTESIAN_POINT('',(0.,0.));
#17652 = CARTESIAN_POINT('',(-1.570796326795,0.));
#17653 = ( GEOMETRIC_REPRESENTATION_CONTEXT(2) 
PARAMETRIC_REPRESENTATION_CONTEXT() REPRESENTATION_CONTEXT('2D SPACE',''
  ) );
#17654 = PCURVE('',#14815,#17655);
#17655 = DEFINITIONAL_REPRESENTATION('',(#17656),#17659);
#17656 = B_SPLINE_CURVE_WITH_KNOTS('',1,(#17657,#17658),.UNSPECIFIED.,
  .F.,.F.,(2,2),(0.,1.570796326795),.PIECEWISE_BEZIER_KNOTS.);
#17657 = CARTESIAN_POINT('',(1.570796326795,0.));
#17658 = CARTESIAN_POINT('',(1.570796326795,1.570796326795));
#17659 = ( GEOMETRIC_REPRESENTATION_CONTEXT(2) 
PARAMETRIC_REPRESENTATION_CONTEXT() REPRESENTATION_CONTEXT('2D SPACE',''
  ) );
#17660 = ORIENTED_EDGE('',*,*,#17661,.T.);
#17661 = EDGE_CURVE('',#17640,#17587,#17662,.T.);
#17662 = SURFACE_CURVE('',#17663,(#17667,#17674),.PCURVE_S1.);
#17663 = LINE('',#17664,#17665);
#17664 = CARTESIAN_POINT('',(-14.7,6.,1.2));
#17665 = VECTOR('',#17666,1.);
#17666 = DIRECTION('',(1.,0.,-0.));
#17667 = PCURVE('',#14761,#17668);
#17668 = DEFINITIONAL_REPRESENTATION('',(#17669),#17673);
#17669 = LINE('',#17670,#17671);
#17670 = CARTESIAN_POINT('',(-1.570796326795,0.));
#17671 = VECTOR('',#17672,1.);
#17672 = DIRECTION('',(-0.,1.));
#17673 = ( GEOMETRIC_REPRESENTATION_CONTEXT(2) 
PARAMETRIC_REPRESENTATION_CONTEXT() REPRESENTATION_CONTEXT('2D SPACE',''
  ) );
#17674 = PCURVE('',#17348,#17675);
#17675 = DEFINITIONAL_REPRESENTATION('',(#17676),#17680);
#17676 = LINE('',#17677,#17678);
#17677 = CARTESIAN_POINT('',(3.,14.5));
#17678 = VECTOR('',#17679,1.);
#17679 = DIRECTION('',(1.,0.));
#17680 = ( GEOMETRIC_REPRESENTATION_CONTEXT(2) 
PARAMETRIC_REPRESENTATION_CONTEXT() REPRESENTATION_CONTEXT('2D SPACE',''
  ) );
#17681 = ORIENTED_EDGE('',*,*,#17586,.F.);
#17682 = ORIENTED_EDGE('',*,*,#14745,.F.);
#17683 = ADVANCED_FACE('',(#17684),#14815,.F.);
#17684 = FACE_BOUND('',#17685,.F.);
#17685 = EDGE_LOOP('',(#17686,#17687,#17688,#17689));
#17686 = ORIENTED_EDGE('',*,*,#17360,.F.);
#17687 = ORIENTED_EDGE('',*,*,#14800,.T.);
#17688 = ORIENTED_EDGE('',*,*,#17639,.T.);
#17689 = ORIENTED_EDGE('',*,*,#17690,.F.);
#17690 = EDGE_CURVE('',#17333,#17640,#17691,.T.);
#17691 = SURFACE_CURVE('',#17692,(#17697,#17704),.PCURVE_S1.);
#17692 = CIRCLE('',#17693,0.5);
#17693 = AXIS2_PLACEMENT_3D('',#17694,#17695,#17696);
#17694 = CARTESIAN_POINT('',(-14.7,5.5,1.2));
#17695 = DIRECTION('',(-0.,0.,-1.));
#17696 = DIRECTION('',(-1.,2.960594732334E-16,0.));
#17697 = PCURVE('',#14815,#17698);
#17698 = DEFINITIONAL_REPRESENTATION('',(#17699),#17703);
#17699 = LINE('',#17700,#17701);
#17700 = CARTESIAN_POINT('',(0.,1.570796326795));
#17701 = VECTOR('',#17702,1.);
#17702 = DIRECTION('',(1.,0.));
#17703 = ( GEOMETRIC_REPRESENTATION_CONTEXT(2) 
PARAMETRIC_REPRESENTATION_CONTEXT() REPRESENTATION_CONTEXT('2D SPACE',''
  ) );
#17704 = PCURVE('',#17348,#17705);
#17705 = DEFINITIONAL_REPRESENTATION('',(#17706),#17714);
#17706 = ( BOUNDED_CURVE() B_SPLINE_CURVE(2,(#17707,#17708,#17709,#17710
    ,#17711,#17712,#17713),.UNSPECIFIED.,.T.,.F.) 
B_SPLINE_CURVE_WITH_KNOTS((1,2,2,2,2,1),(-2.094395102393,0.,
    2.094395102393,4.188790204786,6.28318530718,8.377580409573),
.UNSPECIFIED.) CURVE() GEOMETRIC_REPRESENTATION_ITEM() 
RATIONAL_B_SPLINE_CURVE((1.,0.5,1.,0.5,1.,0.5,1.)) REPRESENTATION_ITEM(
  '') );
#17707 = CARTESIAN_POINT('',(2.5,14.));
#17708 = CARTESIAN_POINT('',(2.5,14.866025403784));
#17709 = CARTESIAN_POINT('',(3.25,14.433012701892));
#17710 = CARTESIAN_POINT('',(4.,14.));
#17711 = CARTESIAN_POINT('',(3.25,13.566987298108));
#17712 = CARTESIAN_POINT('',(2.5,13.133974596216));
#17713 = CARTESIAN_POINT('',(2.5,14.));
#17714 = ( GEOMETRIC_REPRESENTATION_CONTEXT(2) 
PARAMETRIC_REPRESENTATION_CONTEXT() REPRESENTATION_CONTEXT('2D SPACE',''
  ) );
#17715 = ADVANCED_FACE('',(#17716),#14883,.F.);
#17716 = FACE_BOUND('',#17717,.T.);
#17717 = EDGE_LOOP('',(#17718,#17740,#17768,#17788));
#17718 = ORIENTED_EDGE('',*,*,#17719,.T.);
#17719 = EDGE_CURVE('',#14845,#17720,#17722,.T.);
#17720 = VERTEX_POINT('',#17721);
#17721 = CARTESIAN_POINT('',(-27.4,-5.5,1.2));
#17722 = SURFACE_CURVE('',#17723,(#17728,#17734),.PCURVE_S1.);
#17723 = CIRCLE('',#17724,2.5);
#17724 = AXIS2_PLACEMENT_3D('',#17725,#17726,#17727);
#17725 = CARTESIAN_POINT('',(-27.4,-5.5,3.7));
#17726 = DIRECTION('',(0.,-1.,-0.));
#17727 = DIRECTION('',(-1.,-0.,0.));
#17728 = PCURVE('',#14883,#17729);
#17729 = DEFINITIONAL_REPRESENTATION('',(#17730),#17733);
#17730 = B_SPLINE_CURVE_WITH_KNOTS('',1,(#17731,#17732),.UNSPECIFIED.,
  .F.,.F.,(2,2),(0.,1.570796326795),.PIECEWISE_BEZIER_KNOTS.);
#17731 = CARTESIAN_POINT('',(0.,0.));
#17732 = CARTESIAN_POINT('',(-1.570796326795,0.));
#17733 = ( GEOMETRIC_REPRESENTATION_CONTEXT(2) 
PARAMETRIC_REPRESENTATION_CONTEXT() REPRESENTATION_CONTEXT('2D SPACE',''
  ) );
#17734 = PCURVE('',#14938,#17735);
#17735 = DEFINITIONAL_REPRESENTATION('',(#17736),#17739);
#17736 = B_SPLINE_CURVE_WITH_KNOTS('',1,(#17737,#17738),.UNSPECIFIED.,
  .F.,.F.,(2,2),(0.,1.570796326795),.PIECEWISE_BEZIER_KNOTS.);
#17737 = CARTESIAN_POINT('',(1.570796326795,0.));
#17738 = CARTESIAN_POINT('',(1.570796326795,1.570796326795));
#17739 = ( GEOMETRIC_REPRESENTATION_CONTEXT(2) 
PARAMETRIC_REPRESENTATION_CONTEXT() REPRESENTATION_CONTEXT('2D SPACE',''
  ) );
#17740 = ORIENTED_EDGE('',*,*,#17741,.T.);
#17741 = EDGE_CURVE('',#17720,#17742,#17744,.T.);
#17742 = VERTEX_POINT('',#17743);
#17743 = CARTESIAN_POINT('',(-27.4,5.5,1.2));
#17744 = SURFACE_CURVE('',#17745,(#17749,#17756),.PCURVE_S1.);
#17745 = LINE('',#17746,#17747);
#17746 = CARTESIAN_POINT('',(-27.4,-5.5,1.2));
#17747 = VECTOR('',#17748,1.);
#17748 = DIRECTION('',(-0.,1.,0.));
#17749 = PCURVE('',#14883,#17750);
#17750 = DEFINITIONAL_REPRESENTATION('',(#17751),#17755);
#17751 = LINE('',#17752,#17753);
#17752 = CARTESIAN_POINT('',(-1.570796326795,0.));
#17753 = VECTOR('',#17754,1.);
#17754 = DIRECTION('',(-0.,1.));
#17755 = ( GEOMETRIC_REPRESENTATION_CONTEXT(2) 
PARAMETRIC_REPRESENTATION_CONTEXT() REPRESENTATION_CONTEXT('2D SPACE',''
  ) );
#17756 = PCURVE('',#17757,#17762);
#17757 = PLANE('',#17758);
#17758 = AXIS2_PLACEMENT_3D('',#17759,#17760,#17761);
#17759 = CARTESIAN_POINT('',(-29.9,-8.5,1.2));
#17760 = DIRECTION('',(0.,0.,1.));
#17761 = DIRECTION('',(1.,0.,-0.));
#17762 = DEFINITIONAL_REPRESENTATION('',(#17763),#17767);
#17763 = LINE('',#17764,#17765);
#17764 = CARTESIAN_POINT('',(2.5,3.));
#17765 = VECTOR('',#17766,1.);
#17766 = DIRECTION('',(0.,1.));
#17767 = ( GEOMETRIC_REPRESENTATION_CONTEXT(2) 
PARAMETRIC_REPRESENTATION_CONTEXT() REPRESENTATION_CONTEXT('2D SPACE',''
  ) );
#17768 = ORIENTED_EDGE('',*,*,#17769,.F.);
#17769 = EDGE_CURVE('',#14868,#17742,#17770,.T.);
#17770 = SURFACE_CURVE('',#17771,(#17776,#17782),.PCURVE_S1.);
#17771 = CIRCLE('',#17772,2.5);
#17772 = AXIS2_PLACEMENT_3D('',#17773,#17774,#17775);
#17773 = CARTESIAN_POINT('',(-27.4,5.5,3.7));
#17774 = DIRECTION('',(0.,-1.,-0.));
#17775 = DIRECTION('',(-1.,-0.,0.));
#17776 = PCURVE('',#14883,#17777);
#17777 = DEFINITIONAL_REPRESENTATION('',(#17778),#17781);
#17778 = B_SPLINE_CURVE_WITH_KNOTS('',1,(#17779,#17780),.UNSPECIFIED.,
  .F.,.F.,(2,2),(0.,1.570796326795),.PIECEWISE_BEZIER_KNOTS.);
#17779 = CARTESIAN_POINT('',(0.,11.));
#17780 = CARTESIAN_POINT('',(-1.570796326795,11.));
#17781 = ( GEOMETRIC_REPRESENTATION_CONTEXT(2) 
PARAMETRIC_REPRESENTATION_CONTEXT() REPRESENTATION_CONTEXT('2D SPACE',''
  ) );
#17782 = PCURVE('',#15299,#17783);
#17783 = DEFINITIONAL_REPRESENTATION('',(#17784),#17787);
#17784 = B_SPLINE_CURVE_WITH_KNOTS('',1,(#17785,#17786),.UNSPECIFIED.,
  .F.,.F.,(2,2),(0.,1.570796326795),.PIECEWISE_BEZIER_KNOTS.);
#17785 = CARTESIAN_POINT('',(0.,0.));
#17786 = CARTESIAN_POINT('',(0.,1.570796326795));
#17787 = ( GEOMETRIC_REPRESENTATION_CONTEXT(2) 
PARAMETRIC_REPRESENTATION_CONTEXT() REPRESENTATION_CONTEXT('2D SPACE',''
  ) );
#17788 = ORIENTED_EDGE('',*,*,#14867,.F.);
#17789 = ADVANCED_FACE('',(#17790),#14938,.F.);
#17790 = FACE_BOUND('',#17791,.F.);
#17791 = EDGE_LOOP('',(#17792,#17814,#17815,#17816));
#17792 = ORIENTED_EDGE('',*,*,#17793,.F.);
#17793 = EDGE_CURVE('',#14922,#17794,#17796,.T.);
#17794 = VERTEX_POINT('',#17795);
#17795 = CARTESIAN_POINT('',(-26.9,-6.,1.2));
#17796 = SURFACE_CURVE('',#17797,(#17802,#17808),.PCURVE_S1.);
#17797 = CIRCLE('',#17798,2.5);
#17798 = AXIS2_PLACEMENT_3D('',#17799,#17800,#17801);
#17799 = CARTESIAN_POINT('',(-26.9,-6.,3.7));
#17800 = DIRECTION('',(1.,0.,0.));
#17801 = DIRECTION('',(0.,-1.,0.));
#17802 = PCURVE('',#14938,#17803);
#17803 = DEFINITIONAL_REPRESENTATION('',(#17804),#17807);
#17804 = B_SPLINE_CURVE_WITH_KNOTS('',1,(#17805,#17806),.UNSPECIFIED.,
  .F.,.F.,(2,2),(0.,1.570796326795),.PIECEWISE_BEZIER_KNOTS.);
#17805 = CARTESIAN_POINT('',(-2.22044604925E-16,0.));
#17806 = CARTESIAN_POINT('',(-2.22044604925E-16,1.570796326795));
#17807 = ( GEOMETRIC_REPRESENTATION_CONTEXT(2) 
PARAMETRIC_REPRESENTATION_CONTEXT() REPRESENTATION_CONTEXT('2D SPACE',''
  ) );
#17808 = PCURVE('',#15003,#17809);
#17809 = DEFINITIONAL_REPRESENTATION('',(#17810),#17813);
#17810 = B_SPLINE_CURVE_WITH_KNOTS('',1,(#17811,#17812),.UNSPECIFIED.,
  .F.,.F.,(2,2),(0.,1.570796326795),.PIECEWISE_BEZIER_KNOTS.);
#17811 = CARTESIAN_POINT('',(0.,5.));
#17812 = CARTESIAN_POINT('',(-1.570796326795,5.));
#17813 = ( GEOMETRIC_REPRESENTATION_CONTEXT(2) 
PARAMETRIC_REPRESENTATION_CONTEXT() REPRESENTATION_CONTEXT('2D SPACE',''
  ) );
#17814 = ORIENTED_EDGE('',*,*,#14921,.T.);
#17815 = ORIENTED_EDGE('',*,*,#17719,.T.);
#17816 = ORIENTED_EDGE('',*,*,#17817,.F.);
#17817 = EDGE_CURVE('',#17794,#17720,#17818,.T.);
#17818 = SURFACE_CURVE('',#17819,(#17824,#17831),.PCURVE_S1.);
#17819 = CIRCLE('',#17820,0.5);
#17820 = AXIS2_PLACEMENT_3D('',#17821,#17822,#17823);
#17821 = CARTESIAN_POINT('',(-26.9,-5.5,1.2));
#17822 = DIRECTION('',(-0.,0.,-1.));
#17823 = DIRECTION('',(-2.960594732334E-16,-1.,0.));
#17824 = PCURVE('',#14938,#17825);
#17825 = DEFINITIONAL_REPRESENTATION('',(#17826),#17830);
#17826 = LINE('',#17827,#17828);
#17827 = CARTESIAN_POINT('',(0.,1.570796326795));
#17828 = VECTOR('',#17829,1.);
#17829 = DIRECTION('',(1.,0.));
#17830 = ( GEOMETRIC_REPRESENTATION_CONTEXT(2) 
PARAMETRIC_REPRESENTATION_CONTEXT() REPRESENTATION_CONTEXT('2D SPACE',''
  ) );
#17831 = PCURVE('',#17757,#17832);
#17832 = DEFINITIONAL_REPRESENTATION('',(#17833),#17841);
#17833 = ( BOUNDED_CURVE() B_SPLINE_CURVE(2,(#17834,#17835,#17836,#17837
    ,#17838,#17839,#17840),.UNSPECIFIED.,.T.,.F.) 
B_SPLINE_CURVE_WITH_KNOTS((1,2,2,2,2,1),(-2.094395102393,0.,
    2.094395102393,4.188790204786,6.28318530718,8.377580409573),
.UNSPECIFIED.) CURVE() GEOMETRIC_REPRESENTATION_ITEM() 
RATIONAL_B_SPLINE_CURVE((1.,0.5,1.,0.5,1.,0.5,1.)) REPRESENTATION_ITEM(
  '') );
#17834 = CARTESIAN_POINT('',(3.,2.5));
#17835 = CARTESIAN_POINT('',(2.133974596216,2.5));
#17836 = CARTESIAN_POINT('',(2.566987298108,3.25));
#17837 = CARTESIAN_POINT('',(3.,4.));
#17838 = CARTESIAN_POINT('',(3.433012701892,3.25));
#17839 = CARTESIAN_POINT('',(3.866025403784,2.5));
#17840 = CARTESIAN_POINT('',(3.,2.5));
#17841 = ( GEOMETRIC_REPRESENTATION_CONTEXT(2) 
PARAMETRIC_REPRESENTATION_CONTEXT() REPRESENTATION_CONTEXT('2D SPACE',''
  ) );
#17842 = ADVANCED_FACE('',(#17843),#15003,.F.);
#17843 = FACE_BOUND('',#17844,.T.);
#17844 = EDGE_LOOP('',(#17845,#17867,#17888,#17889));
#17845 = ORIENTED_EDGE('',*,*,#17846,.T.);
#17846 = EDGE_CURVE('',#14988,#17847,#17849,.T.);
#17847 = VERTEX_POINT('',#17848);
#17848 = CARTESIAN_POINT('',(-21.9,-6.,1.2));
#17849 = SURFACE_CURVE('',#17850,(#17855,#17861),.PCURVE_S1.);
#17850 = CIRCLE('',#17851,2.5);
#17851 = AXIS2_PLACEMENT_3D('',#17852,#17853,#17854);
#17852 = CARTESIAN_POINT('',(-21.9,-6.,3.7));
#17853 = DIRECTION('',(1.,6.123233995737E-17,0.));
#17854 = DIRECTION('',(6.123233995737E-17,-1.,0.));
#17855 = PCURVE('',#15003,#17856);
#17856 = DEFINITIONAL_REPRESENTATION('',(#17857),#17860);
#17857 = B_SPLINE_CURVE_WITH_KNOTS('',1,(#17858,#17859),.UNSPECIFIED.,
  .F.,.F.,(2,2),(0.,1.570796326795),.PIECEWISE_BEZIER_KNOTS.);
#17858 = CARTESIAN_POINT('',(0.,0.));
#17859 = CARTESIAN_POINT('',(-1.570796326795,0.));
#17860 = ( GEOMETRIC_REPRESENTATION_CONTEXT(2) 
PARAMETRIC_REPRESENTATION_CONTEXT() REPRESENTATION_CONTEXT('2D SPACE',''
  ) );
#17861 = PCURVE('',#15079,#17862);
#17862 = DEFINITIONAL_REPRESENTATION('',(#17863),#17866);
#17863 = B_SPLINE_CURVE_WITH_KNOTS('',1,(#17864,#17865),.UNSPECIFIED.,
  .F.,.F.,(2,2),(0.,1.570796326795),.PIECEWISE_BEZIER_KNOTS.);
#17864 = CARTESIAN_POINT('',(1.570796326795,0.));
#17865 = CARTESIAN_POINT('',(1.570796326795,1.570796326795));
#17866 = ( GEOMETRIC_REPRESENTATION_CONTEXT(2) 
PARAMETRIC_REPRESENTATION_CONTEXT() REPRESENTATION_CONTEXT('2D SPACE',''
  ) );
#17867 = ORIENTED_EDGE('',*,*,#17868,.T.);
#17868 = EDGE_CURVE('',#17847,#17794,#17869,.T.);
#17869 = SURFACE_CURVE('',#17870,(#17874,#17881),.PCURVE_S1.);
#17870 = LINE('',#17871,#17872);
#17871 = CARTESIAN_POINT('',(-21.9,-6.,1.2));
#17872 = VECTOR('',#17873,1.);
#17873 = DIRECTION('',(-1.,-0.,0.));
#17874 = PCURVE('',#15003,#17875);
#17875 = DEFINITIONAL_REPRESENTATION('',(#17876),#17880);
#17876 = LINE('',#17877,#17878);
#17877 = CARTESIAN_POINT('',(-1.570796326795,0.));
#17878 = VECTOR('',#17879,1.);
#17879 = DIRECTION('',(-0.,1.));
#17880 = ( GEOMETRIC_REPRESENTATION_CONTEXT(2) 
PARAMETRIC_REPRESENTATION_CONTEXT() REPRESENTATION_CONTEXT('2D SPACE',''
  ) );
#17881 = PCURVE('',#17757,#17882);
#17882 = DEFINITIONAL_REPRESENTATION('',(#17883),#17887);
#17883 = LINE('',#17884,#17885);
#17884 = CARTESIAN_POINT('',(8.,2.5));
#17885 = VECTOR('',#17886,1.);
#17886 = DIRECTION('',(-1.,0.));
#17887 = ( GEOMETRIC_REPRESENTATION_CONTEXT(2) 
PARAMETRIC_REPRESENTATION_CONTEXT() REPRESENTATION_CONTEXT('2D SPACE',''
  ) );
#17888 = ORIENTED_EDGE('',*,*,#17793,.F.);
#17889 = ORIENTED_EDGE('',*,*,#14987,.F.);
#17890 = ADVANCED_FACE('',(#17891),#15079,.F.);
#17891 = FACE_BOUND('',#17892,.F.);
#17892 = EDGE_LOOP('',(#17893,#17915,#17916,#17917));
#17893 = ORIENTED_EDGE('',*,*,#17894,.F.);
#17894 = EDGE_CURVE('',#15042,#17895,#17897,.T.);
#17895 = VERTEX_POINT('',#17896);
#17896 = CARTESIAN_POINT('',(-21.4,-5.5,1.2));
#17897 = SURFACE_CURVE('',#17898,(#17903,#17909),.PCURVE_S1.);
#17898 = CIRCLE('',#17899,2.5);
#17899 = AXIS2_PLACEMENT_3D('',#17900,#17901,#17902);
#17900 = CARTESIAN_POINT('',(-21.4,-5.5,3.7));
#17901 = DIRECTION('',(-0.,1.,0.));
#17902 = DIRECTION('',(1.,0.,0.));
#17903 = PCURVE('',#15079,#17904);
#17904 = DEFINITIONAL_REPRESENTATION('',(#17905),#17908);
#17905 = B_SPLINE_CURVE_WITH_KNOTS('',1,(#17906,#17907),.UNSPECIFIED.,
  .F.,.F.,(2,2),(0.,1.570796326795),.PIECEWISE_BEZIER_KNOTS.);
#17906 = CARTESIAN_POINT('',(0.,0.));
#17907 = CARTESIAN_POINT('',(0.,1.570796326795));
#17908 = ( GEOMETRIC_REPRESENTATION_CONTEXT(2) 
PARAMETRIC_REPRESENTATION_CONTEXT() REPRESENTATION_CONTEXT('2D SPACE',''
  ) );
#17909 = PCURVE('',#15125,#17910);
#17910 = DEFINITIONAL_REPRESENTATION('',(#17911),#17914);
#17911 = B_SPLINE_CURVE_WITH_KNOTS('',1,(#17912,#17913),.UNSPECIFIED.,
  .F.,.F.,(2,2),(0.,1.570796326795),.PIECEWISE_BEZIER_KNOTS.);
#17912 = CARTESIAN_POINT('',(0.,11.));
#17913 = CARTESIAN_POINT('',(-1.570796326795,11.));
#17914 = ( GEOMETRIC_REPRESENTATION_CONTEXT(2) 
PARAMETRIC_REPRESENTATION_CONTEXT() REPRESENTATION_CONTEXT('2D SPACE',''
  ) );
#17915 = ORIENTED_EDGE('',*,*,#15064,.T.);
#17916 = ORIENTED_EDGE('',*,*,#17846,.T.);
#17917 = ORIENTED_EDGE('',*,*,#17918,.F.);
#17918 = EDGE_CURVE('',#17895,#17847,#17919,.T.);
#17919 = SURFACE_CURVE('',#17920,(#17925,#17932),.PCURVE_S1.);
#17920 = CIRCLE('',#17921,0.5);
#17921 = AXIS2_PLACEMENT_3D('',#17922,#17923,#17924);
#17922 = CARTESIAN_POINT('',(-21.9,-5.5,1.2));
#17923 = DIRECTION('',(0.,-0.,-1.));
#17924 = DIRECTION('',(1.,0.,-0.));
#17925 = PCURVE('',#15079,#17926);
#17926 = DEFINITIONAL_REPRESENTATION('',(#17927),#17931);
#17927 = LINE('',#17928,#17929);
#17928 = CARTESIAN_POINT('',(0.,1.570796326795));
#17929 = VECTOR('',#17930,1.);
#17930 = DIRECTION('',(1.,0.));
#17931 = ( GEOMETRIC_REPRESENTATION_CONTEXT(2) 
PARAMETRIC_REPRESENTATION_CONTEXT() REPRESENTATION_CONTEXT('2D SPACE',''
  ) );
#17932 = PCURVE('',#17757,#17933);
#17933 = DEFINITIONAL_REPRESENTATION('',(#17934),#17942);
#17934 = ( BOUNDED_CURVE() B_SPLINE_CURVE(2,(#17935,#17936,#17937,#17938
    ,#17939,#17940,#17941),.UNSPECIFIED.,.T.,.F.) 
B_SPLINE_CURVE_WITH_KNOTS((1,2,2,2,2,1),(-2.094395102393,0.,
    2.094395102393,4.188790204786,6.28318530718,8.377580409573),
.UNSPECIFIED.) CURVE() GEOMETRIC_REPRESENTATION_ITEM() 
RATIONAL_B_SPLINE_CURVE((1.,0.5,1.,0.5,1.,0.5,1.)) REPRESENTATION_ITEM(
  '') );
#17935 = CARTESIAN_POINT('',(8.5,3.));
#17936 = CARTESIAN_POINT('',(8.5,2.133974596216));
#17937 = CARTESIAN_POINT('',(7.75,2.566987298108));
#17938 = CARTESIAN_POINT('',(7.,3.));
#17939 = CARTESIAN_POINT('',(7.75,3.433012701892));
#17940 = CARTESIAN_POINT('',(8.5,3.866025403784));
#17941 = CARTESIAN_POINT('',(8.5,3.));
#17942 = ( GEOMETRIC_REPRESENTATION_CONTEXT(2) 
PARAMETRIC_REPRESENTATION_CONTEXT() REPRESENTATION_CONTEXT('2D SPACE',''
  ) );
#17943 = ADVANCED_FACE('',(#17944),#15125,.F.);
#17944 = FACE_BOUND('',#17945,.T.);
#17945 = EDGE_LOOP('',(#17946,#17968,#17989,#17990));
#17946 = ORIENTED_EDGE('',*,*,#17947,.T.);
#17947 = EDGE_CURVE('',#15110,#17948,#17950,.T.);
#17948 = VERTEX_POINT('',#17949);
#17949 = CARTESIAN_POINT('',(-21.4,5.5,1.2));
#17950 = SURFACE_CURVE('',#17951,(#17956,#17962),.PCURVE_S1.);
#17951 = CIRCLE('',#17952,2.5);
#17952 = AXIS2_PLACEMENT_3D('',#17953,#17954,#17955);
#17953 = CARTESIAN_POINT('',(-21.4,5.5,3.7));
#17954 = DIRECTION('',(2.34827133276E-16,1.,0.));
#17955 = DIRECTION('',(1.,-2.34827133276E-16,0.));
#17956 = PCURVE('',#15125,#17957);
#17957 = DEFINITIONAL_REPRESENTATION('',(#17958),#17961);
#17958 = B_SPLINE_CURVE_WITH_KNOTS('',1,(#17959,#17960),.UNSPECIFIED.,
  .F.,.F.,(2,2),(0.,1.570796326795),.PIECEWISE_BEZIER_KNOTS.);
#17959 = CARTESIAN_POINT('',(0.,0.));
#17960 = CARTESIAN_POINT('',(-1.570796326795,0.));
#17961 = ( GEOMETRIC_REPRESENTATION_CONTEXT(2) 
PARAMETRIC_REPRESENTATION_CONTEXT() REPRESENTATION_CONTEXT('2D SPACE',''
  ) );
#17962 = PCURVE('',#15180,#17963);
#17963 = DEFINITIONAL_REPRESENTATION('',(#17964),#17967);
#17964 = B_SPLINE_CURVE_WITH_KNOTS('',1,(#17965,#17966),.UNSPECIFIED.,
  .F.,.F.,(2,2),(0.,1.570796326795),.PIECEWISE_BEZIER_KNOTS.);
#17965 = CARTESIAN_POINT('',(1.570796326795,0.));
#17966 = CARTESIAN_POINT('',(1.570796326795,1.570796326795));
#17967 = ( GEOMETRIC_REPRESENTATION_CONTEXT(2) 
PARAMETRIC_REPRESENTATION_CONTEXT() REPRESENTATION_CONTEXT('2D SPACE',''
  ) );
#17968 = ORIENTED_EDGE('',*,*,#17969,.T.);
#17969 = EDGE_CURVE('',#17948,#17895,#17970,.T.);
#17970 = SURFACE_CURVE('',#17971,(#17975,#17982),.PCURVE_S1.);
#17971 = LINE('',#17972,#17973);
#17972 = CARTESIAN_POINT('',(-21.4,5.5,1.2));
#17973 = VECTOR('',#17974,1.);
#17974 = DIRECTION('',(0.,-1.,-0.));
#17975 = PCURVE('',#15125,#17976);
#17976 = DEFINITIONAL_REPRESENTATION('',(#17977),#17981);
#17977 = LINE('',#17978,#17979);
#17978 = CARTESIAN_POINT('',(-1.570796326795,0.));
#17979 = VECTOR('',#17980,1.);
#17980 = DIRECTION('',(-0.,1.));
#17981 = ( GEOMETRIC_REPRESENTATION_CONTEXT(2) 
PARAMETRIC_REPRESENTATION_CONTEXT() REPRESENTATION_CONTEXT('2D SPACE',''
  ) );
#17982 = PCURVE('',#17757,#17983);
#17983 = DEFINITIONAL_REPRESENTATION('',(#17984),#17988);
#17984 = LINE('',#17985,#17986);
#17985 = CARTESIAN_POINT('',(8.5,14.));
#17986 = VECTOR('',#17987,1.);
#17987 = DIRECTION('',(0.,-1.));
#17988 = ( GEOMETRIC_REPRESENTATION_CONTEXT(2) 
PARAMETRIC_REPRESENTATION_CONTEXT() REPRESENTATION_CONTEXT('2D SPACE',''
  ) );
#17989 = ORIENTED_EDGE('',*,*,#17894,.F.);
#17990 = ORIENTED_EDGE('',*,*,#15109,.F.);
#17991 = ADVANCED_FACE('',(#17992),#15180,.F.);
#17992 = FACE_BOUND('',#17993,.F.);
#17993 = EDGE_LOOP('',(#17994,#18016,#18017,#18018));
#17994 = ORIENTED_EDGE('',*,*,#17995,.F.);
#17995 = EDGE_CURVE('',#15164,#17996,#17998,.T.);
#17996 = VERTEX_POINT('',#17997);
#17997 = CARTESIAN_POINT('',(-21.9,6.,1.2));
#17998 = SURFACE_CURVE('',#17999,(#18004,#18010),.PCURVE_S1.);
#17999 = CIRCLE('',#18000,2.5);
#18000 = AXIS2_PLACEMENT_3D('',#18001,#18002,#18003);
#18001 = CARTESIAN_POINT('',(-21.9,6.,3.7));
#18002 = DIRECTION('',(-1.,0.,0.));
#18003 = DIRECTION('',(0.,1.,0.));
#18004 = PCURVE('',#15180,#18005);
#18005 = DEFINITIONAL_REPRESENTATION('',(#18006),#18009);
#18006 = B_SPLINE_CURVE_WITH_KNOTS('',1,(#18007,#18008),.UNSPECIFIED.,
  .F.,.F.,(2,2),(0.,1.570796326795),.PIECEWISE_BEZIER_KNOTS.);
#18007 = CARTESIAN_POINT('',(0.,0.));
#18008 = CARTESIAN_POINT('',(0.,1.570796326795));
#18009 = ( GEOMETRIC_REPRESENTATION_CONTEXT(2) 
PARAMETRIC_REPRESENTATION_CONTEXT() REPRESENTATION_CONTEXT('2D SPACE',''
  ) );
#18010 = PCURVE('',#15245,#18011);
#18011 = DEFINITIONAL_REPRESENTATION('',(#18012),#18015);
#18012 = B_SPLINE_CURVE_WITH_KNOTS('',1,(#18013,#18014),.UNSPECIFIED.,
  .F.,.F.,(2,2),(0.,1.570796326795),.PIECEWISE_BEZIER_KNOTS.);
#18013 = CARTESIAN_POINT('',(0.,5.));
#18014 = CARTESIAN_POINT('',(-1.570796326795,5.));
#18015 = ( GEOMETRIC_REPRESENTATION_CONTEXT(2) 
PARAMETRIC_REPRESENTATION_CONTEXT() REPRESENTATION_CONTEXT('2D SPACE',''
  ) );
#18016 = ORIENTED_EDGE('',*,*,#15163,.T.);
#18017 = ORIENTED_EDGE('',*,*,#17947,.T.);
#18018 = ORIENTED_EDGE('',*,*,#18019,.F.);
#18019 = EDGE_CURVE('',#17996,#17948,#18020,.T.);
#18020 = SURFACE_CURVE('',#18021,(#18026,#18033),.PCURVE_S1.);
#18021 = CIRCLE('',#18022,0.5);
#18022 = AXIS2_PLACEMENT_3D('',#18023,#18024,#18025);
#18023 = CARTESIAN_POINT('',(-21.9,5.5,1.2));
#18024 = DIRECTION('',(0.,-0.,-1.));
#18025 = DIRECTION('',(2.960594732334E-16,1.,-0.));
#18026 = PCURVE('',#15180,#18027);
#18027 = DEFINITIONAL_REPRESENTATION('',(#18028),#18032);
#18028 = LINE('',#18029,#18030);
#18029 = CARTESIAN_POINT('',(0.,1.570796326795));
#18030 = VECTOR('',#18031,1.);
#18031 = DIRECTION('',(1.,0.));
#18032 = ( GEOMETRIC_REPRESENTATION_CONTEXT(2) 
PARAMETRIC_REPRESENTATION_CONTEXT() REPRESENTATION_CONTEXT('2D SPACE',''
  ) );
#18033 = PCURVE('',#17757,#18034);
#18034 = DEFINITIONAL_REPRESENTATION('',(#18035),#18043);
#18035 = ( BOUNDED_CURVE() B_SPLINE_CURVE(2,(#18036,#18037,#18038,#18039
    ,#18040,#18041,#18042),.UNSPECIFIED.,.T.,.F.) 
B_SPLINE_CURVE_WITH_KNOTS((1,2,2,2,2,1),(-2.094395102393,0.,
    2.094395102393,4.188790204786,6.28318530718,8.377580409573),
.UNSPECIFIED.) CURVE() GEOMETRIC_REPRESENTATION_ITEM() 
RATIONAL_B_SPLINE_CURVE((1.,0.5,1.,0.5,1.,0.5,1.)) REPRESENTATION_ITEM(
  '') );
#18036 = CARTESIAN_POINT('',(8.,14.5));
#18037 = CARTESIAN_POINT('',(8.866025403784,14.5));
#18038 = CARTESIAN_POINT('',(8.433012701892,13.75));
#18039 = CARTESIAN_POINT('',(8.,13.));
#18040 = CARTESIAN_POINT('',(7.566987298108,13.75));
#18041 = CARTESIAN_POINT('',(7.133974596216,14.5));
#18042 = CARTESIAN_POINT('',(8.,14.5));
#18043 = ( GEOMETRIC_REPRESENTATION_CONTEXT(2) 
PARAMETRIC_REPRESENTATION_CONTEXT() REPRESENTATION_CONTEXT('2D SPACE',''
  ) );
#18044 = ADVANCED_FACE('',(#18045),#15245,.F.);
#18045 = FACE_BOUND('',#18046,.T.);
#18046 = EDGE_LOOP('',(#18047,#18069,#18090,#18091));
#18047 = ORIENTED_EDGE('',*,*,#18048,.T.);
#18048 = EDGE_CURVE('',#15230,#18049,#18051,.T.);
#18049 = VERTEX_POINT('',#18050);
#18050 = CARTESIAN_POINT('',(-26.9,6.,1.2));
#18051 = SURFACE_CURVE('',#18052,(#18057,#18063),.PCURVE_S1.);
#18052 = CIRCLE('',#18053,2.5);
#18053 = AXIS2_PLACEMENT_3D('',#18054,#18055,#18056);
#18054 = CARTESIAN_POINT('',(-26.9,6.,3.7));
#18055 = DIRECTION('',(-1.,2.34827133276E-16,0.));
#18056 = DIRECTION('',(2.34827133276E-16,1.,0.));
#18057 = PCURVE('',#15245,#18058);
#18058 = DEFINITIONAL_REPRESENTATION('',(#18059),#18062);
#18059 = B_SPLINE_CURVE_WITH_KNOTS('',1,(#18060,#18061),.UNSPECIFIED.,
  .F.,.F.,(2,2),(0.,1.570796326795),.PIECEWISE_BEZIER_KNOTS.);
#18060 = CARTESIAN_POINT('',(0.,0.));
#18061 = CARTESIAN_POINT('',(-1.570796326795,0.));
#18062 = ( GEOMETRIC_REPRESENTATION_CONTEXT(2) 
PARAMETRIC_REPRESENTATION_CONTEXT() REPRESENTATION_CONTEXT('2D SPACE',''
  ) );
#18063 = PCURVE('',#15299,#18064);
#18064 = DEFINITIONAL_REPRESENTATION('',(#18065),#18068);
#18065 = B_SPLINE_CURVE_WITH_KNOTS('',1,(#18066,#18067),.UNSPECIFIED.,
  .F.,.F.,(2,2),(0.,1.570796326795),.PIECEWISE_BEZIER_KNOTS.);
#18066 = CARTESIAN_POINT('',(1.570796326795,0.));
#18067 = CARTESIAN_POINT('',(1.570796326795,1.570796326795));
#18068 = ( GEOMETRIC_REPRESENTATION_CONTEXT(2) 
PARAMETRIC_REPRESENTATION_CONTEXT() REPRESENTATION_CONTEXT('2D SPACE',''
  ) );
#18069 = ORIENTED_EDGE('',*,*,#18070,.T.);
#18070 = EDGE_CURVE('',#18049,#17996,#18071,.T.);
#18071 = SURFACE_CURVE('',#18072,(#18076,#18083),.PCURVE_S1.);
#18072 = LINE('',#18073,#18074);
#18073 = CARTESIAN_POINT('',(-26.9,6.,1.2));
#18074 = VECTOR('',#18075,1.);
#18075 = DIRECTION('',(1.,0.,-0.));
#18076 = PCURVE('',#15245,#18077);
#18077 = DEFINITIONAL_REPRESENTATION('',(#18078),#18082);
#18078 = LINE('',#18079,#18080);
#18079 = CARTESIAN_POINT('',(-1.570796326795,0.));
#18080 = VECTOR('',#18081,1.);
#18081 = DIRECTION('',(-0.,1.));
#18082 = ( GEOMETRIC_REPRESENTATION_CONTEXT(2) 
PARAMETRIC_REPRESENTATION_CONTEXT() REPRESENTATION_CONTEXT('2D SPACE',''
  ) );
#18083 = PCURVE('',#17757,#18084);
#18084 = DEFINITIONAL_REPRESENTATION('',(#18085),#18089);
#18085 = LINE('',#18086,#18087);
#18086 = CARTESIAN_POINT('',(3.,14.5));
#18087 = VECTOR('',#18088,1.);
#18088 = DIRECTION('',(1.,0.));
#18089 = ( GEOMETRIC_REPRESENTATION_CONTEXT(2) 
PARAMETRIC_REPRESENTATION_CONTEXT() REPRESENTATION_CONTEXT('2D SPACE',''
  ) );
#18090 = ORIENTED_EDGE('',*,*,#17995,.F.);
#18091 = ORIENTED_EDGE('',*,*,#15229,.F.);
#18092 = ADVANCED_FACE('',(#18093),#15299,.F.);
#18093 = FACE_BOUND('',#18094,.F.);
#18094 = EDGE_LOOP('',(#18095,#18096,#18097,#18098));
#18095 = ORIENTED_EDGE('',*,*,#17769,.F.);
#18096 = ORIENTED_EDGE('',*,*,#15284,.T.);
#18097 = ORIENTED_EDGE('',*,*,#18048,.T.);
#18098 = ORIENTED_EDGE('',*,*,#18099,.F.);
#18099 = EDGE_CURVE('',#17742,#18049,#18100,.T.);
#18100 = SURFACE_CURVE('',#18101,(#18106,#18113),.PCURVE_S1.);
#18101 = CIRCLE('',#18102,0.5);
#18102 = AXIS2_PLACEMENT_3D('',#18103,#18104,#18105);
#18103 = CARTESIAN_POINT('',(-26.9,5.5,1.2));
#18104 = DIRECTION('',(-0.,0.,-1.));
#18105 = DIRECTION('',(-1.,2.960594732334E-16,0.));
#18106 = PCURVE('',#15299,#18107);
#18107 = DEFINITIONAL_REPRESENTATION('',(#18108),#18112);
#18108 = LINE('',#18109,#18110);
#18109 = CARTESIAN_POINT('',(0.,1.570796326795));
#18110 = VECTOR('',#18111,1.);
#18111 = DIRECTION('',(1.,0.));
#18112 = ( GEOMETRIC_REPRESENTATION_CONTEXT(2) 
PARAMETRIC_REPRESENTATION_CONTEXT() REPRESENTATION_CONTEXT('2D SPACE',''
  ) );
#18113 = PCURVE('',#17757,#18114);
#18114 = DEFINITIONAL_REPRESENTATION('',(#18115),#18123);
#18115 = ( BOUNDED_CURVE() B_SPLINE_CURVE(2,(#18116,#18117,#18118,#18119
    ,#18120,#18121,#18122),.UNSPECIFIED.,.T.,.F.) 
B_SPLINE_CURVE_WITH_KNOTS((1,2,2,2,2,1),(-2.094395102393,0.,
    2.094395102393,4.188790204786,6.28318530718,8.377580409573),
.UNSPECIFIED.) CURVE() GEOMETRIC_REPRESENTATION_ITEM() 
RATIONAL_B_SPLINE_CURVE((1.,0.5,1.,0.5,1.,0.5,1.)) REPRESENTATION_ITEM(
  '') );
#18116 = CARTESIAN_POINT('',(2.5,14.));
#18117 = CARTESIAN_POINT('',(2.5,14.866025403784));
#18118 = CARTESIAN_POINT('',(3.25,14.433012701892));
#18119 = CARTESIAN_POINT('',(4.,14.));
#18120 = CARTESIAN_POINT('',(3.25,13.566987298108));
#18121 = CARTESIAN_POINT('',(2.5,13.133974596216));
#18122 = CARTESIAN_POINT('',(2.5,14.));
#18123 = ( GEOMETRIC_REPRESENTATION_CONTEXT(2) 
PARAMETRIC_REPRESENTATION_CONTEXT() REPRESENTATION_CONTEXT('2D SPACE',''
  ) );
#18124 = ADVANCED_FACE('',(#18125),#15712,.T.);
#18125 = FACE_BOUND('',#18126,.T.);
#18126 = EDGE_LOOP('',(#18127,#18128,#18129,#18130,#18131,#18132,#18133,
    #18134));
#18127 = ORIENTED_EDGE('',*,*,#15696,.F.);
#18128 = ORIENTED_EDGE('',*,*,#15772,.F.);
#18129 = ORIENTED_EDGE('',*,*,#15823,.F.);
#18130 = ORIENTED_EDGE('',*,*,#15873,.F.);
#18131 = ORIENTED_EDGE('',*,*,#15924,.F.);
#18132 = ORIENTED_EDGE('',*,*,#15974,.F.);
#18133 = ORIENTED_EDGE('',*,*,#16025,.F.);
#18134 = ORIENTED_EDGE('',*,*,#16054,.F.);
#18135 = ADVANCED_FACE('',(#18136),#16121,.T.);
#18136 = FACE_BOUND('',#18137,.T.);
#18137 = EDGE_LOOP('',(#18138,#18139,#18140,#18141,#18142,#18143,#18144,
    #18145));
#18138 = ORIENTED_EDGE('',*,*,#16105,.F.);
#18139 = ORIENTED_EDGE('',*,*,#16181,.F.);
#18140 = ORIENTED_EDGE('',*,*,#16232,.F.);
#18141 = ORIENTED_EDGE('',*,*,#16282,.F.);
#18142 = ORIENTED_EDGE('',*,*,#16333,.F.);
#18143 = ORIENTED_EDGE('',*,*,#16383,.F.);
#18144 = ORIENTED_EDGE('',*,*,#16434,.F.);
#18145 = ORIENTED_EDGE('',*,*,#16463,.F.);
#18146 = ADVANCED_FACE('',(#18147),#16530,.T.);
#18147 = FACE_BOUND('',#18148,.T.);
#18148 = EDGE_LOOP('',(#18149,#18150,#18151,#18152,#18153,#18154,#18155,
    #18156));
#18149 = ORIENTED_EDGE('',*,*,#16514,.F.);
#18150 = ORIENTED_EDGE('',*,*,#16590,.F.);
#18151 = ORIENTED_EDGE('',*,*,#16641,.F.);
#18152 = ORIENTED_EDGE('',*,*,#16691,.F.);
#18153 = ORIENTED_EDGE('',*,*,#16742,.F.);
#18154 = ORIENTED_EDGE('',*,*,#16792,.F.);
#18155 = ORIENTED_EDGE('',*,*,#16843,.F.);
#18156 = ORIENTED_EDGE('',*,*,#16872,.F.);
#18157 = ADVANCED_FACE('',(#18158),#16939,.T.);
#18158 = FACE_BOUND('',#18159,.T.);
#18159 = EDGE_LOOP('',(#18160,#18161,#18162,#18163,#18164,#18165,#18166,
    #18167));
#18160 = ORIENTED_EDGE('',*,*,#16923,.F.);
#18161 = ORIENTED_EDGE('',*,*,#16999,.F.);
#18162 = ORIENTED_EDGE('',*,*,#17050,.F.);
#18163 = ORIENTED_EDGE('',*,*,#17100,.F.);
#18164 = ORIENTED_EDGE('',*,*,#17151,.F.);
#18165 = ORIENTED_EDGE('',*,*,#17201,.F.);
#18166 = ORIENTED_EDGE('',*,*,#17252,.F.);
#18167 = ORIENTED_EDGE('',*,*,#17281,.F.);
#18168 = ADVANCED_FACE('',(#18169),#17348,.T.);
#18169 = FACE_BOUND('',#18170,.T.);
#18170 = EDGE_LOOP('',(#18171,#18172,#18173,#18174,#18175,#18176,#18177,
    #18178));
#18171 = ORIENTED_EDGE('',*,*,#17332,.F.);
#18172 = ORIENTED_EDGE('',*,*,#17408,.F.);
#18173 = ORIENTED_EDGE('',*,*,#17459,.F.);
#18174 = ORIENTED_EDGE('',*,*,#17509,.F.);
#18175 = ORIENTED_EDGE('',*,*,#17560,.F.);
#18176 = ORIENTED_EDGE('',*,*,#17610,.F.);
#18177 = ORIENTED_EDGE('',*,*,#17661,.F.);
#18178 = ORIENTED_EDGE('',*,*,#17690,.F.);
#18179 = ADVANCED_FACE('',(#18180),#17757,.T.);
#18180 = FACE_BOUND('',#18181,.T.);
#18181 = EDGE_LOOP('',(#18182,#18183,#18184,#18185,#18186,#18187,#18188,
    #18189));
#18182 = ORIENTED_EDGE('',*,*,#17741,.F.);
#18183 = ORIENTED_EDGE('',*,*,#17817,.F.);
#18184 = ORIENTED_EDGE('',*,*,#17868,.F.);
#18185 = ORIENTED_EDGE('',*,*,#17918,.F.);
#18186 = ORIENTED_EDGE('',*,*,#17969,.F.);
#18187 = ORIENTED_EDGE('',*,*,#18019,.F.);
#18188 = ORIENTED_EDGE('',*,*,#18070,.F.);
#18189 = ORIENTED_EDGE('',*,*,#18099,.F.);
#18190 = ( GEOMETRIC_REPRESENTATION_CONTEXT(3) 
GLOBAL_UNCERTAINTY_ASSIGNED_CONTEXT((#18194)) 
GLOBAL_UNIT_ASSIGNED_CONTEXT((#18191,#18192,#18193)) 
REPRESENTATION_CONTEXT('Context #1',
  '3D Context with UNIT and UNCERTAINTY') );
#18191 = ( LENGTH_UNIT() NAMED_UNIT(*) SI_UNIT(.MILLI.,.METRE.) );
#18192 = ( NAMED_UNIT(*) PLANE_ANGLE_UNIT() SI_UNIT($,.RADIAN.) );
#18193 = ( NAMED_UNIT(*) SI_UNIT($,.STERADIAN.) SOLID_ANGLE_UNIT() );
#18194 = UNCERTAINTY_MEASURE_WITH_UNIT(LENGTH_MEASURE(1.E-07),#18191,
  'distance_accuracy_value','confusion accuracy');
#18195 = PRODUCT_RELATED_PRODUCT_CATEGORY('part',$,(#7));
ENDSEC;
END-ISO-10303-21;
